,leiden,cell_type,rna_umi
AAACAGCCAAGGAATC-1,0,T_CD4,8380.0
AAACAGCCAATCCCTT-1,2,T_CD4,3771.0
AAACAGCCAATGCGCT-1,0,T_CD4,6876.0
AAACAGCCACACTAAT-1,1,T_CD8,1733.0
AAACAGCCACCAACCG-1,1,T_CD8,5415.0
AAACAGCCAGGATAAC-1,0,T_CD4,2759.0
AAACAGCCAGTAGGTG-1,1,T_CD8,7614.0
AAACAGCCAGTTTACG-1,2,T_CD4,3633.0
AAACAGCCATCCAGGT-1,4,Mono_CD16,7782.0
AAACATGCAAGGTCCT-1,1,T_CD8,3255.0
AAACATGCACCGGCTA-1,5,NK,2749.0
AAACATGCACTTGTTC-1,0,T_CD4,2078.0
AAACATGCAGCAAGTG-1,0,T_CD4,2125.0
AAACATGCAGGGAGCT-1,5,NK,2986.0
AAACCAACACAATGCC-1,6,Mono_CD14,5849.0
AAACCAACACTAAGAA-1,0,T_CD4,10628.0
AAACCAACAGGAACTG-1,6,Mono_CD14,5901.0
AAACCAACAGGATGGC-1,2,T_CD4,3861.0
AAACCAACATAATCCG-1,8,dropped,7975.0
AAACCAACATTGTGCA-1,6,Mono_CD14,5525.0
AAACCGAAGCTGGACC-1,4,Mono_CD16,6621.0
AAACCGAAGTGAGCAA-1,5,NK,1301.0
AAACCGAAGTTGCGTG-1,1,T_CD8,2389.0
AAACCGCGTACTTCAC-1,9,dropped,10327.0
AAACCGCGTATGGTGC-1,0,T_CD4,2791.0
AAACCGCGTCTAACCT-1,4,Mono_CD16,8622.0
AAACCGGCACATTAAC-1,10,NK,10243.0
AAACCGGCATAATCAC-1,11,DC,7237.0
AAACCGGCATTAGCCA-1,0,T_CD4,4839.0
AAACGCGCACCTACTT-1,0,T_CD4,2462.0
AAACGCGCAGCAAGAT-1,6,Mono_CD14,6340.0
AAACGGATCATGGCTG-1,1,T_CD8,4382.0
AAACGGATCATTCATC-1,0,T_CD4,2552.0
AAACGGATCCACCCTG-1,0,T_CD4,2771.0
AAACGGATCCCATAGG-1,6,Mono_CD14,3076.0
AAACGGATCGGTAACT-1,0,T_CD4,435.0
AAACGGATCGTTTCTG-1,0,T_CD4,2468.0
AAACGTACAAGTGTTT-1,1,T_CD8,3026.0
AAACGTACACAACAGG-1,2,T_CD4,2708.0
AAACGTACACAAGCCT-1,0,T_CD4,3278.0
AAACGTACAGCTAATT-1,1,T_CD8,3420.0
AAACGTACAGGGAGGA-1,0,T_CD4,3282.0
AAAGCAAGTCCTTTAA-1,2,T_CD4,12348.0
AAAGCAAGTGCTAGCG-1,7,Mono_CD14,1822.0
AAAGCAAGTGTAATAC-1,2,T_CD4,3661.0
AAAGCAAGTTAACGGC-1,12,dropped,4662.0
AAAGCACCAAATGCCC-1,1,T_CD8,5437.0
AAAGCACCACAATTAC-1,7,Mono_CD14,16062.0
AAAGCACCAGCCTTGG-1,13,B,4519.0
AAAGCACCATGGCCCA-1,0,T_CD4,4039.0
AAAGCACCATTGTGGC-1,11,DC,7581.0
AAAGCCCGTATTGAGT-1,1,T_CD8,4459.0
AAAGCCCGTCACAGAC-1,12,dropped,11811.0
AAAGCCCGTCCTTTAA-1,6,Mono_CD14,4164.0
AAAGCCCGTGAGAAAC-1,1,T_CD8,2172.0
AAAGCCCGTGCTAGAC-1,2,T_CD4,7398.0
AAAGCCCGTGGAAGGC-1,0,T_CD4,3908.0
AAAGCCCGTGTTGCTT-1,5,NK,2642.0
AAAGCCCGTTATCCTA-1,6,Mono_CD14,3060.0
AAAGCCCGTTGGTTGA-1,6,Mono_CD14,2425.0
AAAGCCGCACATAACT-1,9,dropped,9647.0
AAAGCCGCACTGACTA-1,1,T_CD8,2543.0
AAAGCCGCACTGGCTG-1,1,T_CD8,3401.0
AAAGCCGCAGGAACTG-1,4,Mono_CD16,7160.0
AAAGCCGCAGTTAAAG-1,6,Mono_CD14,3450.0
AAAGCCGCATAGACTT-1,0,T_CD4,1941.0
AAAGCCGCATAGCTTG-1,0,T_CD4,2224.0
AAAGCCGCATGCAACC-1,2,T_CD4,3879.0
AAAGCCGCATTAAGCT-1,6,Mono_CD14,5138.0
AAAGCCGCATTGTTGG-1,1,T_CD8,3795.0
AAAGCGGGTAAGGTCC-1,8,dropped,7166.0
AAAGCGGGTAGCCTCC-1,1,T_CD8,3615.0
AAAGCGGGTCATCCTG-1,14,dropped,8569.0
AAAGCGGGTGATCAGC-1,1,T_CD8,2435.0
AAAGCGGGTTAACACG-1,2,T_CD4,3166.0
AAAGCGGGTTCCGGGA-1,6,Mono_CD14,3444.0
AAAGCGGGTTGAATCG-1,1,T_CD8,2587.0
AAAGCGGGTTGCACAA-1,2,T_CD4,5169.0
AAAGCGGGTTTACCGT-1,1,T_CD8,3964.0
AAAGCTTGTCAATACG-1,10,NK,3594.0
AAAGCTTGTCGACTAA-1,2,T_CD4,4096.0
AAAGCTTGTTAGAGGG-1,10,NK,2412.0
AAAGGACGTCAATAGT-1,7,Mono_CD14,7126.0
AAAGGACGTCCTTCTC-1,7,Mono_CD14,4099.0
AAAGGACGTTGGATCA-1,2,T_CD4,2480.0
AAAGGAGCACAGAAAC-1,13,B,4538.0
AAAGGAGCACCTGTAA-1,2,T_CD4,3710.0
AAAGGAGCAGGTTAAA-1,15,T_CD8,3418.0
AAAGGAGCATTAAGTC-1,3,Mono_CD14,449.0
AAAGGAGCATTGTCCT-1,1,T_CD8,3290.0
AAAGGAGCATTGTGAT-1,8,dropped,5274.0
AAAGGCTCAATCCTAG-1,6,Mono_CD14,3317.0
AAAGGCTCAATGCCCG-1,5,NK,2049.0
AAAGGCTCACAACAAA-1,5,NK,3198.0
AAAGGCTCACAGCCAT-1,2,T_CD4,5003.0
AAAGGCTCACCTACGG-1,7,Mono_CD14,5130.0
AAAGGCTCACTAGGTC-1,4,Mono_CD16,6483.0
AAAGGCTCACTTCACT-1,1,T_CD8,5852.0
AAAGGCTCAGGACACA-1,13,B,3243.0
AAAGGCTCAGGATAAC-1,1,T_CD8,3925.0
AAAGGTTAGCGATAAG-1,0,T_CD4,2345.0
AAAGGTTAGGACGTAA-1,2,T_CD4,4301.0
AAAGGTTAGGCGAAAC-1,13,B,2605.0
AAAGGTTAGGTGAAAT-1,7,Mono_CD14,6216.0
AAAGGTTAGGTTACGT-1,12,dropped,6738.0
AAAGGTTAGTTAGCCG-1,4,Mono_CD16,5686.0
AAATCCGGTAAACAAG-1,7,Mono_CD14,4602.0
AAATCCGGTCAGGCAT-1,4,Mono_CD16,6798.0
AAATCCGGTCATAACG-1,8,dropped,10496.0
AAATCCGGTCTAGCTT-1,13,B,2394.0
AAATCCGGTCTCAGCC-1,0,T_CD4,1913.0
AAATCCGGTGAGACTC-1,6,Mono_CD14,3957.0
AAATCCGGTGTTGTGA-1,2,T_CD4,2750.0
AAATCCGGTTATCGAG-1,15,T_CD8,2417.0
AAATGCCTCAAGCTTA-1,6,Mono_CD14,4367.0
AAATGCCTCCTAGTCC-1,1,T_CD8,5727.0
AAATGCCTCCTCACAC-1,1,T_CD8,4327.0
AAATGCCTCGATTTAG-1,6,Mono_CD14,3672.0
AAATGCCTCGATTTGA-1,2,T_CD4,3468.0
AAATGCCTCTAGCTTT-1,0,T_CD4,3186.0
AAATGGCCAAGGTACG-1,4,Mono_CD16,6969.0
AAATGGCCACATAGCC-1,0,T_CD4,3360.0
AAATGGCCACGAACAG-1,0,T_CD4,3069.0
AAATGGCCAGAGAGCC-1,15,T_CD8,6794.0
AAATGGCCAGCCTTGG-1,13,B,4732.0
AAATGGCCAGTTATGT-1,15,T_CD8,2697.0
AAATGGCCATCACTTC-1,4,Mono_CD16,7566.0
AACAAAGGTACTTCAC-1,1,T_CD8,3194.0
AACAAAGGTAGCTGGT-1,0,T_CD4,3148.0
AACAAAGGTCCTAAGA-1,8,dropped,9030.0
AACAAAGGTGTCCTGC-1,13,B,2705.0
AACAAAGGTTAATCGG-1,5,NK,3858.0
AACAAAGGTTATAGCG-1,7,Mono_CD14,5609.0
AACAAGCCAAATATCC-1,1,T_CD8,3637.0
AACAAGCCAACCGCCA-1,0,T_CD4,2434.0
AACAAGCCAACCTAAT-1,8,dropped,8851.0
AACAAGCCACAGACTC-1,6,Mono_CD14,4029.0
AACAAGCCATCAGTAT-1,6,Mono_CD14,2772.0
AACAAGCCATCTTGAG-1,1,T_CD8,5193.0
AACAAGCCATTAAACC-1,6,Mono_CD14,4922.0
AACAGATAGACTAAGG-1,1,T_CD8,3739.0
AACAGATAGCCGCTAA-1,1,T_CD8,3641.0
AACAGATAGCTATTGA-1,15,T_CD8,4773.0
AACAGATAGCTTAGTA-1,7,Mono_CD14,6337.0
AACAGATAGGAACGCG-1,6,Mono_CD14,4133.0
AACAGATAGGTCCTAG-1,6,Mono_CD14,5731.0
AACAGATAGTAACCCG-1,16,pDC,4361.0
AACAGATAGTCAGGCC-1,7,Mono_CD14,6460.0
AACAGATAGTGACCTG-1,15,T_CD8,3239.0
AACAGCAAGCGCAATT-1,13,B,2790.0
AACAGCAAGGAACACA-1,0,T_CD4,3281.0
AACAGCAAGTAAACCC-1,0,T_CD4,2290.0
AACAGGATCAACAAGG-1,8,dropped,8686.0
AACAGGATCATGCAAC-1,4,Mono_CD16,8804.0
AACAGGATCATGCGTG-1,13,B,3569.0
AACAGGATCCTAATAG-1,0,T_CD4,2553.0
AACAGGATCGAAGTAG-1,6,Mono_CD14,5611.0
AACAGGATCGTTAGCG-1,7,Mono_CD14,4488.0
AACAGGATCTGTGAGT-1,6,Mono_CD14,5358.0
AACATAGCAACTAACT-1,13,B,1924.0
AACATAGCAATAATGG-1,2,T_CD4,3369.0
AACATAGCAATGAGGT-1,2,T_CD4,3512.0
AACATAGCACCAAAGG-1,8,dropped,10879.0
AACATAGCACCATATG-1,7,Mono_CD14,6682.0
AACATAGCAGGCTAAG-1,0,T_CD4,3891.0
AACATAGCAGTCTAAT-1,2,T_CD4,2823.0
AACATAGCATGAATAG-1,6,Mono_CD14,4226.0
AACATAGCATGTGGGA-1,1,T_CD8,3666.0
AACATCATCAGCATTA-1,13,B,2579.0
AACATCATCAGTGAAG-1,2,T_CD4,3145.0
AACATCATCCGTGACA-1,10,NK,3337.0
AACATCATCGCTAAGT-1,0,T_CD4,5841.0
AACATCATCTCAATGA-1,6,Mono_CD14,2062.0
AACATCATCTTGATGA-1,1,T_CD8,3106.0
AACATTGTCCCTGACT-1,6,Mono_CD14,2487.0
AACATTGTCGCTAGAT-1,6,Mono_CD14,4594.0
AACATTGTCTCGCCTG-1,1,T_CD8,3129.0
AACCCGCAGCCAAATC-1,2,T_CD4,2063.0
AACCCGCAGCCTAACG-1,5,NK,4565.0
AACCCGCAGCGGATTT-1,6,Mono_CD14,3837.0
AACCCGCAGGACAACA-1,7,Mono_CD14,3456.0
AACCCGCAGGCGGATG-1,16,pDC,10373.0
AACCCGCAGGTAGCTT-1,15,T_CD8,7589.0
AACCCGCAGGTCATTA-1,5,NK,3092.0
AACCCGCAGGTGTCCA-1,4,Mono_CD16,6901.0
AACCCGCAGTATTGGC-1,1,T_CD8,4373.0
AACCCGCAGTGGACAA-1,2,T_CD4,3280.0
AACCGCTCACCTCAGG-1,10,NK,10093.0
AACCGCTCACTAAATC-1,1,T_CD8,7034.0
AACCGCTCACTTAACG-1,7,Mono_CD14,7106.0
AACCGCTCAGCATGAG-1,15,T_CD8,3355.0
AACCGCTCAGCTTACA-1,11,DC,2841.0
AACCGCTCAGGTATTT-1,7,Mono_CD14,2273.0
AACCGCTCATATAACC-1,12,dropped,8961.0
AACCGCTCATCTAGCA-1,0,T_CD4,3472.0
AACCGCTCATGTCAGC-1,12,dropped,13183.0
AACCGGCTCAGGCCTA-1,9,dropped,9570.0
AACCGGCTCATAACTG-1,1,T_CD8,4580.0
AACCGGCTCCGCAACA-1,2,T_CD4,5016.0
AACCGGCTCTCCATGC-1,0,T_CD4,3225.0
AACCGGCTCTTAGCCC-1,6,Mono_CD14,4780.0
AACCGGCTCTTGAGCG-1,0,T_CD4,4224.0
AACCTAATCATTGTTC-1,1,T_CD8,3697.0
AACCTAATCCTGCGAA-1,1,T_CD8,3504.0
AACCTAATCCTTGCAC-1,1,T_CD8,3810.0
AACCTAATCGCAACAT-1,1,T_CD8,3118.0
AACCTCACAACACCTA-1,1,T_CD8,3437.0
AACCTCACACAAAGCG-1,7,Mono_CD14,4499.0
AACCTCACAGTATGTT-1,5,NK,4870.0
AACCTCACAGTCTAAT-1,0,T_CD4,2559.0
AACCTCACATACTCCT-1,1,T_CD8,4899.0
AACCTCACATAGACTT-1,0,T_CD4,6351.0
AACCTCACATGACTAT-1,6,Mono_CD14,4888.0
AACCTCACATTTGCTC-1,15,T_CD8,3413.0
AACCTCCTCATTACGA-1,2,T_CD4,4790.0
AACCTCCTCCGCCAAA-1,2,T_CD4,4858.0
AACCTCCTCCTCAGTC-1,0,T_CD4,7000.0
AACCTCCTCCTCGATC-1,15,T_CD8,4978.0
AACCTCCTCGCAAACT-1,0,T_CD4,1690.0
AACCTCCTCGCAATCG-1,13,B,4354.0
AACCTCCTCGCGCTAA-1,2,T_CD4,3702.0
AACCTCCTCTCATCAT-1,13,B,2727.0
AACCTTAAGAGGAAGG-1,15,T_CD8,3082.0
AACCTTAAGCAAGGGT-1,6,Mono_CD14,4396.0
AACCTTAAGCCTTAAA-1,10,NK,9395.0
AACCTTAAGCGGCTGT-1,11,DC,6180.0
AACCTTAAGTTATGTG-1,7,Mono_CD14,4504.0
AACCTTGCAAACTGTT-1,6,Mono_CD14,8025.0
AACCTTGCAAAGCGGC-1,7,Mono_CD14,2994.0
AACCTTGCAAGGAATC-1,1,T_CD8,3579.0
AACCTTGCACCTATAG-1,1,T_CD8,3884.0
AACCTTGCAGTTTGTG-1,13,B,2281.0
AACCTTGCATCCCTCA-1,0,T_CD4,3041.0
AACGACAAGCAAGGGT-1,10,NK,9312.0
AACGACAAGCCGGTAC-1,1,T_CD8,5757.0
AACGACAAGCTGGCTA-1,4,Mono_CD16,7111.0
AACGACAAGGACACTT-1,4,Mono_CD16,7736.0
AACGACAAGGGTCCAC-1,6,Mono_CD14,5322.0
AACGACAAGGTGAAGC-1,6,Mono_CD14,2947.0
AACGACAAGTAAGTCC-1,0,T_CD4,1864.0
AACGCCCAGAGGAAGG-1,1,T_CD8,4192.0
AACGCCCAGCCTGAGC-1,6,Mono_CD14,5169.0
AACGCCCAGCTTTGGG-1,0,T_CD4,2401.0
AACGCCCAGTAGCCAT-1,4,Mono_CD16,5790.0
AACGCCCAGTAGGATG-1,2,T_CD4,2937.0
AACGCCCAGTCATTAG-1,4,Mono_CD16,6441.0
AACGCTAGTAATAACC-1,11,DC,8683.0
AACGCTAGTACGGGTT-1,1,T_CD8,4284.0
AACGCTAGTCACAAAT-1,15,T_CD8,3115.0
AACGCTAGTCCTGATT-1,6,Mono_CD14,3869.0
AACGCTAGTGTTGCTT-1,6,Mono_CD14,5306.0
AACGCTAGTTTGTCTA-1,7,Mono_CD14,3497.0
AACGGTAAGCTAAAGG-1,8,dropped,8233.0
AACGGTAAGGACCTCA-1,6,Mono_CD14,3779.0
AACGGTAAGGCCATCA-1,3,Mono_CD14,2938.0
AACTACTCAACCGCCA-1,6,Mono_CD14,6025.0
AACTACTCAATAGCAA-1,2,T_CD4,3286.0
AACTACTCACAATGTT-1,15,T_CD8,3189.0
AACTACTCACTTCACT-1,15,T_CD8,3829.0
AACTACTCATAACGGG-1,2,T_CD4,7099.0
AACTACTCATAATCGT-1,2,T_CD4,6513.0
AACTACTCATTAAGCT-1,6,Mono_CD14,8302.0
AACTACTCATTCCTCG-1,7,Mono_CD14,5225.0
AACTAGCTCAGGCCTA-1,1,T_CD8,3633.0
AACTAGCTCGGTTAGT-1,2,T_CD4,4676.0
AACTAGCTCTTGCTAT-1,6,Mono_CD14,5645.0
AACTAGTGTAAAGCGG-1,7,Mono_CD14,4006.0
AACTAGTGTAATTAGC-1,13,B,2491.0
AACTAGTGTCAATAGT-1,15,T_CD8,4496.0
AACTAGTGTGGACCTG-1,11,DC,5349.0
AACTAGTGTGTTAGCA-1,7,Mono_CD14,3182.0
AACTAGTGTGTTTCAC-1,7,Mono_CD14,3710.0
AACTAGTGTTACGCAA-1,13,B,1790.0
AACTAGTGTTCTTTAG-1,6,Mono_CD14,2712.0
AACTAGTGTTGTTGTC-1,3,Mono_CD14,462.0
AACTCACAGAGAGGCT-1,1,T_CD8,2025.0
AACTCACAGCAACATC-1,15,T_CD8,2880.0
AACTCACAGCACAGAA-1,1,T_CD8,4197.0
AACTGTTCAACAGCCT-1,0,T_CD4,9747.0
AACTGTTCAATAATCC-1,1,T_CD8,2944.0
AACTGTTCACAAACTT-1,7,Mono_CD14,6245.0
AACTGTTCAGCAACCT-1,6,Mono_CD14,4243.0
AACTGTTCATCCCTCA-1,13,B,3101.0
AACTTAGTCCCGTTAC-1,5,NK,2673.0
AACTTAGTCCCTGACT-1,15,T_CD8,2421.0
AACTTAGTCCGGTTAG-1,7,Mono_CD14,5091.0
AACTTAGTCGCATTAA-1,15,T_CD8,2896.0
AACTTAGTCGGTAACT-1,1,T_CD8,2606.0
AACTTAGTCGTACCGA-1,2,T_CD4,2967.0
AACTTAGTCGTCATTT-1,7,Mono_CD14,6713.0
AAGAACAGTAGGTTGC-1,2,T_CD4,4226.0
AAGAACAGTATTCGTC-1,0,T_CD4,5833.0
AAGAACAGTCTTTATG-1,6,Mono_CD14,2988.0
AAGAACAGTGGACCTG-1,0,T_CD4,2453.0
AAGAACAGTGTTTGCT-1,13,B,2531.0
AAGAACAGTTAAGCTG-1,1,T_CD8,2827.0
AAGAATCAGAAGCTAG-1,0,T_CD4,2619.0
AAGAATCAGAGCCGGA-1,13,B,2254.0
AAGAATCAGCCTAATA-1,6,Mono_CD14,5250.0
AAGAATCAGCTAGAAG-1,6,Mono_CD14,3057.0
AAGAATCAGCTATATG-1,2,T_CD4,4620.0
AAGAATCAGCTCCTTA-1,7,Mono_CD14,6050.0
AAGAATCAGCTTAGCG-1,2,T_CD4,4069.0
AAGAATCAGGAGGGTT-1,2,T_CD4,3100.0
AAGAATCAGTCCTTCA-1,6,Mono_CD14,3993.0
AAGAATCAGTGACCTG-1,7,Mono_CD14,2241.0
AAGAATCAGTGAGCGG-1,8,dropped,6611.0
AAGAATCAGTTCCCGT-1,0,T_CD4,688.0
AAGACAAGTCCTTTAA-1,0,T_CD4,2422.0
AAGACAAGTGGACCTG-1,7,Mono_CD14,4798.0
AAGACAAGTTAGAGCC-1,2,T_CD4,5301.0
AAGACAAGTTCAAGCA-1,0,T_CD4,1759.0
AAGACAAGTTGGCGTG-1,0,T_CD4,2036.0
AAGACAAGTTGTTGTC-1,6,Mono_CD14,2606.0
AAGACATAGAGAAGGG-1,6,Mono_CD14,4145.0
AAGACATAGCGGATAA-1,1,T_CD8,3491.0
AAGACATAGGACAACA-1,5,NK,2819.0
AAGACATAGGAGGTTA-1,15,T_CD8,2662.0
AAGACATAGGATTTGC-1,15,T_CD8,3535.0
AAGACATAGGGCCATC-1,8,dropped,6562.0
AAGACATAGGTGCTGC-1,3,Mono_CD14,154.0
AAGACATAGTAGGATG-1,15,T_CD8,3056.0
AAGACATAGTTACCGG-1,15,T_CD8,4084.0
AAGACATAGTTATGTG-1,1,T_CD8,1727.0
AAGACCAAGTCGCAAT-1,8,dropped,12449.0
AAGACCAAGTGTTGCG-1,2,T_CD4,7092.0
AAGACCAAGTTAGACC-1,15,T_CD8,2895.0
AAGACCAAGTTCCCAC-1,5,NK,7723.0
AAGACCAAGTTTGGGT-1,0,T_CD4,5247.0
AAGCAAGTCACGCCAA-1,2,T_CD4,3276.0
AAGCAAGTCATGCTTT-1,6,Mono_CD14,5416.0
AAGCAAGTCCCTCACG-1,2,T_CD4,4571.0
AAGCATGAGAGAGCCG-1,2,T_CD4,5277.0
AAGCATGAGGAACACA-1,6,Mono_CD14,5188.0
AAGCATGAGGCCTAAT-1,2,T_CD4,2986.0
AAGCATGAGGGTTAGA-1,6,Mono_CD14,3239.0
AAGCATGAGGTAGCTT-1,1,T_CD8,3409.0
AAGCCACGTCATAACG-1,13,B,3381.0
AAGCCACGTTTCAGGA-1,13,B,12133.0
AAGCCACGTTTGGGCG-1,15,T_CD8,3515.0
AAGCCTCCAAACCTTG-1,1,T_CD8,3730.0
AAGCCTCCAAGTGAAC-1,5,NK,3375.0
AAGCCTCCACAGGAAT-1,1,T_CD8,2626.0
AAGCCTCCAGAATGAC-1,0,T_CD4,1171.0
AAGCCTCCAGTATGTT-1,2,T_CD4,2604.0
AAGCCTCCAGTTAAAG-1,7,Mono_CD14,4858.0
AAGCCTCCATGCTTAG-1,6,Mono_CD14,2845.0
AAGCCTCCATTGTGTG-1,0,T_CD4,3464.0
AAGCCTGTCATGACCG-1,1,T_CD8,2944.0
AAGCCTGTCATTACTC-1,13,B,5428.0
AAGCCTGTCCGCAACA-1,0,T_CD4,3386.0
AAGCCTGTCCTCAGTC-1,0,T_CD4,1303.0
AAGCCTGTCGCAAACT-1,11,DC,19257.0
AAGCCTGTCGCGACAC-1,1,T_CD8,2929.0
AAGCCTGTCTACCTCA-1,7,Mono_CD14,7040.0
AAGCCTGTCTAGCGAT-1,2,T_CD4,4499.0
AAGCCTGTCTAGCTAA-1,4,Mono_CD16,7681.0
AAGCCTGTCTTAGCCC-1,13,B,2889.0
AAGCCTTAGGCAACAA-1,6,Mono_CD14,4270.0
AAGCCTTAGGCCTTAG-1,12,dropped,6159.0
AAGCCTTAGTAAACCC-1,0,T_CD4,2805.0
AAGCCTTAGTAACAGG-1,6,Mono_CD14,2362.0
AAGCGAATCAGCAAGA-1,6,Mono_CD14,2663.0
AAGCGAATCCCGCATT-1,1,T_CD8,3051.0
AAGCGAATCCCTCAAC-1,6,Mono_CD14,3991.0
AAGCGAATCTAATCCT-1,13,B,3776.0
AAGCGAGGTAACCTAG-1,0,T_CD4,1630.0
AAGCGAGGTAAGCTCA-1,15,T_CD8,2514.0
AAGCGAGGTAAGCTTG-1,2,T_CD4,2125.0
AAGCGAGGTAGTAAGA-1,8,dropped,7708.0
AAGCGAGGTCATCCTG-1,0,T_CD4,2245.0
AAGCGAGGTGTCCTGC-1,6,Mono_CD14,4329.0
AAGCGAGGTGTGCAAC-1,6,Mono_CD14,2729.0
AAGCGAGGTTCAAGAT-1,7,Mono_CD14,4555.0
AAGCGAGGTTTAGCGA-1,6,Mono_CD14,3419.0
AAGCGCTGTAAGCACC-1,7,Mono_CD14,3427.0
AAGCGCTGTAGCTGCG-1,0,T_CD4,2887.0
AAGCGCTGTATGTGGC-1,6,Mono_CD14,2838.0
AAGCGCTGTCATAAGT-1,2,T_CD4,4062.0
AAGCGCTGTGCGCATG-1,6,Mono_CD14,4742.0
AAGCGCTGTGGACCTG-1,2,T_CD4,3023.0
AAGCGCTGTGTGCACG-1,2,T_CD4,2614.0
AAGCGCTGTGTTGCAA-1,4,Mono_CD16,5168.0
AAGCGCTGTTAAGCCA-1,0,T_CD4,3445.0
AAGCGCTGTTATAGCG-1,15,T_CD8,2871.0
AAGCGGGTCAATGTCA-1,13,B,2090.0
AAGCGGGTCATGCTTT-1,7,Mono_CD14,4525.0
AAGCGGGTCCGTCCAT-1,4,Mono_CD16,6778.0
AAGCGGGTCCTCACAC-1,0,T_CD4,2224.0
AAGCGGGTCCTTGTTG-1,2,T_CD4,1300.0
AAGCGGGTCGAGGAGT-1,6,Mono_CD14,2189.0
AAGCGGGTCGCCTAAG-1,2,T_CD4,3787.0
AAGCGGGTCGCGCTAA-1,13,B,2479.0
AAGCGGGTCGTTACAA-1,0,T_CD4,2781.0
AAGCGGGTCTATCGCC-1,3,Mono_CD14,1730.0
AAGCGGGTCTGCAAGT-1,4,Mono_CD16,5445.0
AAGCGGGTCTTCAATC-1,6,Mono_CD14,4071.0
AAGCGTTTCACAGGAA-1,0,T_CD4,2799.0
AAGCGTTTCGTTTCTG-1,2,T_CD4,2163.0
AAGCTAGAGGAGGTTA-1,6,Mono_CD14,5180.0
AAGCTAGAGGATCACT-1,0,T_CD4,1902.0
AAGCTAGAGGCACAGG-1,2,T_CD4,1208.0
AAGCTAGAGGCCTGGT-1,6,Mono_CD14,2582.0
AAGCTAGAGTTAACCA-1,10,NK,2253.0
AAGCTAGAGTTCCTGC-1,2,T_CD4,2976.0
AAGCTAGAGTTGTCAA-1,1,T_CD8,3598.0
AAGCTATGTATTACCC-1,0,T_CD4,4367.0
AAGCTATGTGAGGTGA-1,2,T_CD4,5325.0
AAGCTATGTGCTGGTG-1,0,T_CD4,3040.0
AAGCTATGTGGAAACG-1,1,T_CD8,2922.0
AAGCTATGTGTTGTGA-1,16,pDC,4528.0
AAGCTATGTTAACACG-1,6,Mono_CD14,5261.0
AAGCTATGTTGCTTCG-1,6,Mono_CD14,5941.0
AAGCTATGTTTAACGG-1,11,DC,7827.0
AAGCTATGTTTACTTG-1,0,T_CD4,2833.0
AAGCTCCCAACACCTA-1,4,Mono_CD16,7880.0
AAGCTCCCAATACTGT-1,2,T_CD4,3133.0
AAGCTCCCACAACAAA-1,12,dropped,6394.0
AAGCTCCCAGATAGAC-1,2,T_CD4,3040.0
AAGCTCCCATGCTTAG-1,4,Mono_CD16,4302.0
AAGCTCCCATTAAGCT-1,1,T_CD8,1973.0
AAGCTTGGTGTTAAAC-1,6,Mono_CD14,3301.0
AAGCTTGGTTAGTGAT-1,0,T_CD4,2332.0
AAGGAAGCAAACCTTG-1,16,pDC,5731.0
AAGGAAGCACTGGCTG-1,7,Mono_CD14,3890.0
AAGGAAGCAGTTATCG-1,13,B,3217.0
AAGGAAGCATTATGAC-1,6,Mono_CD14,5570.0
AAGGATCCACCTACTT-1,10,NK,7497.0
AAGGATCCAGCAAGAT-1,6,Mono_CD14,3862.0
AAGGATCCAGGCAAGC-1,5,NK,2727.0
AAGGATCCATACTCCT-1,2,T_CD4,3658.0
AAGGATCCATCAGTAT-1,1,T_CD8,3355.0
AAGGATCCATTAAACC-1,7,Mono_CD14,4931.0
AAGGATGTCCAGCACA-1,4,Mono_CD16,8209.0
AAGGATGTCGCATTAA-1,6,Mono_CD14,8428.0
AAGGATGTCGGTAACT-1,0,T_CD4,3317.0
AAGGATGTCGTTAGCG-1,11,DC,3725.0
AAGGATGTCTTGAGCG-1,0,T_CD4,2098.0
AAGGATTAGAGGGACT-1,6,Mono_CD14,4051.0
AAGGATTAGATAAAGC-1,6,Mono_CD14,5201.0
AAGGATTAGCAATAGG-1,10,NK,2613.0
AAGGATTAGCTAAGTC-1,7,Mono_CD14,3650.0
AAGGATTAGGAGGGTT-1,5,NK,3433.0
AAGGATTAGGCTTAGT-1,16,pDC,3551.0
AAGGATTAGTAGCTTA-1,2,T_CD4,3613.0
AAGGATTAGTCATTTC-1,6,Mono_CD14,5776.0
AAGGATTAGTCTTGAA-1,1,T_CD8,3199.0
AAGGCCCTCGCATTAA-1,15,T_CD8,7517.0
AAGGTATAGGAGCAAC-1,1,T_CD8,1986.0
AAGGTATAGTTGGCCA-1,6,Mono_CD14,4257.0
AAGGTCAAGCCTAACG-1,2,T_CD4,2939.0
AAGGTCAAGCTAAGTC-1,0,T_CD4,2221.0
AAGGTCAAGCTTAGCG-1,4,Mono_CD16,5136.0
AAGGTCAAGGAAGTAT-1,2,T_CD4,3191.0
AAGGTCAAGGGTCTAT-1,0,T_CD4,2586.0
AAGGTCAAGGTCGATT-1,1,T_CD8,4823.0
AAGGTCAAGTAAGTGG-1,2,T_CD4,4852.0
AAGGTCAAGTCACCAG-1,1,T_CD8,3371.0
AAGGTGCAGACTAAGG-1,2,T_CD4,2121.0
AAGGTGCAGCCACATG-1,2,T_CD4,2502.0
AAGGTGCAGCTAATCA-1,2,T_CD4,4100.0
AAGGTGCAGCTAGAAG-1,15,T_CD8,3262.0
AAGGTGCAGCTATGAC-1,2,T_CD4,6904.0
AAGGTGCAGTATCGCG-1,7,Mono_CD14,4056.0
AAGGTGCAGTGCACGC-1,2,T_CD4,4095.0
AAGGTGCAGTTATCCT-1,15,T_CD8,4211.0
AAGTAGCCAAGTGAAC-1,13,B,3628.0
AAGTAGCCAGCTCATA-1,6,Mono_CD14,3337.0
AAGTAGCCAGGAACCA-1,11,DC,8598.0
AAGTAGCCATATAACC-1,0,T_CD4,2481.0
AAGTAGCCATTCAGCA-1,1,T_CD8,3447.0
AAGTCTATCCATAAGC-1,6,Mono_CD14,5961.0
AAGTCTATCCCTGGTT-1,7,Mono_CD14,5006.0
AAGTCTATCCCTTGCG-1,0,T_CD4,3015.0
AAGTGAAGTACCGTAA-1,0,T_CD4,3368.0
AAGTGAAGTATTCGCT-1,2,T_CD4,3600.0
AAGTGAAGTCACCAAA-1,11,DC,6957.0
AAGTGAAGTCGCGCAA-1,2,T_CD4,3179.0
AAGTGAAGTGAGGTAG-1,7,Mono_CD14,3861.0
AAGTGAAGTTCTTTAG-1,6,Mono_CD14,5564.0
AAGTGAAGTTTACCGT-1,3,Mono_CD14,391.0
AAGTGCAAGACAAGTG-1,2,T_CD4,3522.0
AAGTGCAAGAGAGCCG-1,13,B,2063.0
AAGTGCAAGCCAAATC-1,0,T_CD4,3398.0
AAGTGCAAGGGTGGAT-1,0,T_CD4,2044.0
AAGTGTTGTAATCCCT-1,0,T_CD4,3142.0
AAGTGTTGTCACAAAT-1,1,T_CD8,2733.0
AAGTGTTGTGTTTGAG-1,6,Mono_CD14,3043.0
AAGTGTTGTTGCACGG-1,1,T_CD8,3201.0
AAGTGTTGTTTGTGGA-1,6,Mono_CD14,4690.0
AAGTTACGTAAGCACC-1,7,Mono_CD14,4637.0
AAGTTACGTAATGACT-1,2,T_CD4,4209.0
AAGTTACGTACTGAAT-1,10,NK,2624.0
AAGTTACGTTAGTGAT-1,2,T_CD4,3590.0
AAGTTACGTTCATTTG-1,7,Mono_CD14,4352.0
AAGTTAGCAACAGCCT-1,0,T_CD4,5205.0
AAGTTAGCAAGGTGGC-1,2,T_CD4,4665.0
AAGTTAGCACATAGCC-1,1,T_CD8,3811.0
AAGTTAGCACTAGCGT-1,0,T_CD4,8133.0
AAGTTAGCACTGGCCA-1,0,T_CD4,2763.0
AAGTTAGCAGGCGAGT-1,1,T_CD8,2375.0
AAGTTAGCAGTTTACG-1,1,T_CD8,3135.0
AAGTTAGCATAGACTT-1,6,Mono_CD14,5672.0
AAGTTAGCATTGTGAT-1,1,T_CD8,2860.0
AAGTTTGTCACATTGA-1,1,T_CD8,6814.0
AAGTTTGTCAGCACCA-1,3,Mono_CD14,163.0
AAGTTTGTCATTGACA-1,7,Mono_CD14,3017.0
AAGTTTGTCCACCCTG-1,1,T_CD8,1048.0
AAGTTTGTCCAGGTTG-1,7,Mono_CD14,3497.0
AAGTTTGTCGCTAGAT-1,6,Mono_CD14,5417.0
AAGTTTGTCGGTTAGT-1,2,T_CD4,6944.0
AAGTTTGTCGTTATCT-1,1,T_CD8,2418.0
AATAACCGTAATAGCT-1,2,T_CD4,2421.0
AATAACCGTCACCAAA-1,15,T_CD8,2772.0
AATAACCGTGGAAGGC-1,6,Mono_CD14,3718.0
AATAACCGTTACGCAA-1,0,T_CD4,3635.0
AATAACCGTTCACCAT-1,1,T_CD8,3621.0
AATACCGGTGGACCTG-1,2,T_CD4,8874.0
AATAGAGGTAAGCTTG-1,0,T_CD4,2301.0
AATAGAGGTAAGGTTT-1,2,T_CD4,3628.0
AATAGAGGTAGGATCC-1,0,T_CD4,3327.0
AATAGAGGTATCTGGA-1,2,T_CD4,3280.0
AATAGAGGTCGACTCC-1,15,T_CD8,3315.0
AATAGAGGTGCTCACC-1,11,DC,9175.0
AATAGAGGTGGTTATG-1,1,T_CD8,4128.0
AATAGAGGTTAACGAT-1,2,T_CD4,2979.0
AATAGAGGTTAATCGG-1,0,T_CD4,2213.0
AATAGAGGTTTCAGGA-1,0,T_CD4,5193.0
AATAGCTGTCACACCC-1,15,T_CD8,3404.0
AATAGCTGTCCTAAGA-1,1,T_CD8,2315.0
AATAGCTGTCGCGCAA-1,8,dropped,5928.0
AATAGCTGTGGAAGGC-1,12,dropped,6827.0
AATAGCTGTTTACCGT-1,8,dropped,10321.0
AATATCCCAGCAAATA-1,7,Mono_CD14,5663.0
AATATCCCATAGCTGC-1,0,T_CD4,1952.0
AATCAGGAGCTAAAGG-1,1,T_CD8,6248.0
AATCAGGAGGCATGTT-1,2,T_CD4,4235.0
AATCAGGAGGTAAGGC-1,2,T_CD4,3735.0
AATCAGGAGTATTGCA-1,0,T_CD4,2905.0
AATCATCCAAACTAAG-1,13,B,1985.0
AATCATCCAAATATCC-1,7,Mono_CD14,5033.0
AATCATCCACATTGCA-1,2,T_CD4,4272.0
AATCATCCACCAAAGG-1,13,B,1816.0
AATCATCCACGTAAGG-1,8,dropped,9802.0
AATCATCCAGCACGAA-1,13,B,2685.0
AATCATCCAGCATGGA-1,1,T_CD8,3255.0
AATCATCCAGGCCTTG-1,1,T_CD8,3624.0
AATCATCCAGTTTGTG-1,7,Mono_CD14,4649.0
AATCATCCATTAAGCT-1,13,B,2782.0
AATCATGTCCAATAGC-1,6,Mono_CD14,5890.0
AATCATGTCTAATCAG-1,15,T_CD8,2752.0
AATCATGTCTCCATAT-1,2,T_CD4,3834.0
AATCATGTCTTTGACT-1,13,B,2469.0
AATCCATCAACGTGCT-1,6,Mono_CD14,4708.0
AATCCATCACAGGAAT-1,1,T_CD8,4300.0
AATCCATCACGAACAG-1,6,Mono_CD14,6434.0
AATCCATCACTTAACG-1,0,T_CD4,4794.0
AATCCCTGTAATGGCC-1,7,Mono_CD14,8324.0
AATCCCTGTAGGTGTC-1,7,Mono_CD14,4006.0
AATCCCTGTATGGTGC-1,4,Mono_CD16,8575.0
AATCCCTGTCGTAATG-1,10,NK,3987.0
AATCCCTGTGAGCGAA-1,5,NK,3765.0
AATCCCTGTGCGCAAT-1,10,NK,4794.0
AATCCCTGTGCGCGTA-1,6,Mono_CD14,3651.0
AATCCCTGTTAACAGT-1,2,T_CD4,4795.0
AATCCGTAGACAGGCG-1,8,dropped,9425.0
AATCCGTAGCACTAAC-1,1,T_CD8,4235.0
AATCCGTAGCCATCAG-1,1,T_CD8,4064.0
AATCCGTAGCTGGAAA-1,0,T_CD4,3081.0
AATCCGTAGGGCTAAA-1,0,T_CD4,2188.0
AATCCGTAGGTTAGCT-1,0,T_CD4,1182.0
AATCCGTAGTAGGATG-1,7,Mono_CD14,4070.0
AATCCTAAGCACGTTG-1,6,Mono_CD14,3144.0
AATCCTAAGCGAGTAA-1,4,Mono_CD16,4465.0
AATCCTAAGCTAATTG-1,6,Mono_CD14,5723.0
AATCCTAAGCTTCCCG-1,7,Mono_CD14,5918.0
AATCCTAAGGTTAGCT-1,6,Mono_CD14,5896.0
AATCGCCCAAGGTCCT-1,7,Mono_CD14,5506.0
AATCGCCCAGGTTAAA-1,6,Mono_CD14,5250.0
AATCGCCCATATTGAC-1,1,T_CD8,3731.0
AATCTCAAGAAACTGG-1,11,DC,10177.0
AATCTCAAGACAACGA-1,11,DC,1875.0
AATCTCAAGATGGACA-1,15,T_CD8,3318.0
AATCTCAAGCAGCTCA-1,0,T_CD4,2452.0
AATCTCAAGCTATATG-1,13,B,3728.0
AATCTCAAGGCCTAAT-1,2,T_CD4,2507.0
AATCTCAAGGCTTAGT-1,2,T_CD4,4370.0
AATCTCAAGGTTTACA-1,6,Mono_CD14,5101.0
AATCTCAAGTAACGGA-1,15,T_CD8,3049.0
AATCTCAAGTTAGTTG-1,0,T_CD4,3017.0
AATCTTGAGAGAGGCT-1,13,B,2945.0
AATCTTGAGCTCGCTT-1,13,B,2649.0
AATCTTGAGTCACCAG-1,1,T_CD8,2381.0
AATCTTGAGTCGCTAG-1,6,Mono_CD14,3750.0
AATGAAGGTACTTCAC-1,11,DC,3797.0
AATGAAGGTCATGCCC-1,13,B,4114.0
AATGAAGGTGATCATG-1,13,B,3087.0
AATGAAGGTGCAATGC-1,2,T_CD4,1559.0
AATGAAGGTTAAGGTT-1,7,Mono_CD14,6642.0
AATGAAGGTTAGTGAT-1,2,T_CD4,3035.0
AATGAAGGTTCACTGT-1,2,T_CD4,3276.0
AATGAAGGTTTACCGT-1,5,NK,3939.0
AATGCAACAATGAATG-1,4,Mono_CD16,9059.0
AATGCAACATGTCAGC-1,0,T_CD4,3219.0
AATGCAACATTGTGTG-1,2,T_CD4,3436.0
AATGCATGTAAAGCGG-1,0,T_CD4,1674.0
AATGCATGTAGGATCC-1,13,B,3663.0
AATGCATGTATTGCAG-1,0,T_CD4,2782.0
AATGCATGTCAAGTAT-1,2,T_CD4,3311.0
AATGCATGTCAGGCAT-1,1,T_CD8,2927.0
AATGCATGTCCGCTGT-1,1,T_CD8,4025.0
AATGCATGTGTCCAAA-1,6,Mono_CD14,5244.0
AATGCATGTTACTAGG-1,4,Mono_CD16,5201.0
AATGCATGTTCGGGAT-1,13,B,2519.0
AATGCGCGTACCGTAA-1,6,Mono_CD14,2945.0
AATGCGCGTACGGGTT-1,5,NK,3720.0
AATGCGCGTCGTAATG-1,5,NK,1263.0
AATGCGCGTTAGGCTA-1,1,T_CD8,3704.0
AATGCGCGTTCATCTA-1,1,T_CD8,2352.0
AATGCGCGTTTGAGGC-1,6,Mono_CD14,5769.0
AATGGCGCAATTAGGA-1,2,T_CD4,6988.0
AATGGCGCAGCAACCT-1,2,T_CD4,3671.0
AATGGCGCAGTATGTT-1,17,dropped,8655.0
AATGTCATCAATGACC-1,4,Mono_CD16,6751.0
AATGTCATCCAAACAC-1,6,Mono_CD14,4221.0
AATGTCATCCGCAACA-1,15,T_CD8,4036.0
AATGTCATCCTCATGC-1,1,T_CD8,3533.0
AATGTCATCGCTCACT-1,0,T_CD4,2294.0
AATGTCCAGCCTGAGC-1,1,T_CD8,3129.0
AATGTCCAGCGCCTTT-1,5,NK,3076.0
AATGTCCAGCGGTTAT-1,0,T_CD4,7623.0
AATGTCCAGCTTAGTA-1,7,Mono_CD14,3371.0
AATGTCCAGGCATGAA-1,15,T_CD8,4907.0
AATGTCCAGGTCATTA-1,8,dropped,10701.0
AATGTCCAGTTAGAGG-1,0,T_CD4,3828.0
AATTACCCAAAGCTAA-1,2,T_CD4,4619.0
AATTACCCAACACTTG-1,6,Mono_CD14,8353.0
AATTACCCACCTGTAA-1,7,Mono_CD14,8233.0
AATTACCCACGAACAG-1,0,T_CD4,2475.0
AATTACCCACTAGCGT-1,3,Mono_CD14,1182.0
AATTACCCATCCTGAA-1,6,Mono_CD14,6175.0
AATTAGCGTACCGGAT-1,0,T_CD4,6013.0
AATTAGCGTATTCGCT-1,2,T_CD4,3751.0
AATTAGCGTCACAGCG-1,0,T_CD4,3172.0
AATTAGCGTCATCCTG-1,13,B,2662.0
AATTAGCGTGGACATC-1,2,T_CD4,3029.0
AATTAGCGTGTTGTAG-1,7,Mono_CD14,4796.0
AATTAGCGTTAACGGC-1,6,Mono_CD14,3578.0
AATTAGCGTTAGCAGC-1,13,B,1986.0
AATTAGGCACTGACCG-1,7,Mono_CD14,7938.0
AATTAGGCAGATAGAC-1,0,T_CD4,2418.0
AATTAGGCAGTAAGTA-1,6,Mono_CD14,4836.0
AATTAGGCAGTAATAG-1,1,T_CD8,2767.0
AATTAGGCATACTCCT-1,7,Mono_CD14,4942.0
AATTAGGCATGTGGGA-1,7,Mono_CD14,5108.0
AATTCGTCACCGTTCC-1,0,T_CD4,4095.0
AATTCGTCAGCTCATA-1,6,Mono_CD14,4308.0
AATTCGTCATCGCTTT-1,0,T_CD4,3603.0
AATTCGTCATTAGCGC-1,6,Mono_CD14,5653.0
AATTCGTCATTATGCG-1,6,Mono_CD14,1056.0
AATTCGTCATTGCAGC-1,7,Mono_CD14,6855.0
AATTGACGTCACGAAC-1,8,dropped,9175.0
AATTGACGTGCATCGG-1,8,dropped,7482.0
AATTGACGTGCTAGAC-1,1,T_CD8,3454.0
AATTGACGTTAGGATT-1,4,Mono_CD16,6599.0
AATTGCCAGCTGTAAC-1,8,dropped,9359.0
AATTGCCAGGATGATG-1,6,Mono_CD14,2358.0
AATTGCCAGTATTGCA-1,2,T_CD4,3700.0
AATTGCTCAAACTCAT-1,2,T_CD4,6611.0
AATTGCTCAACCGCCA-1,6,Mono_CD14,2179.0
AATTGCTCAAGATTCT-1,13,B,4373.0
AATTGCTCAATTAGCT-1,6,Mono_CD14,5671.0
AATTGCTCACAGACTC-1,13,B,2336.0
AATTGCTCACCTGTAA-1,2,T_CD4,3520.0
AATTGCTCACTAAATC-1,11,DC,9167.0
AATTGCTCAGCGCTTG-1,0,T_CD4,5229.0
AATTGCTCATAATTGC-1,0,T_CD4,4081.0
AATTGCTCATTAAAGG-1,8,dropped,4571.0
AATTGGACAACCTGGT-1,2,T_CD4,6973.0
AATTGGACAATCGCAC-1,6,Mono_CD14,5321.0
AATTGGACAGTAGGTG-1,0,T_CD4,2500.0
AATTGGACATAGACCC-1,1,T_CD8,4056.0
AATTGGACATCTTGAG-1,2,T_CD4,3140.0
AATTGGACATGCTTAG-1,2,T_CD4,2275.0
AATTGGGAGAGAGGCT-1,2,T_CD4,3020.0
AATTGGGAGGACCGCT-1,2,T_CD4,2906.0
AATTGGGAGTCACTAA-1,15,T_CD8,2404.0
AATTGGGAGTTACTTC-1,15,T_CD8,1320.0
AATTGTGTCCAACTGG-1,16,pDC,6035.0
AATTGTGTCCCTCACG-1,2,T_CD4,4404.0
AATTGTGTCCTAAGGT-1,1,T_CD8,2673.0
AATTGTGTCCTCATCA-1,1,T_CD8,3711.0
AATTGTGTCCTTCGTA-1,0,T_CD4,2763.0
AATTGTGTCGCCTAAG-1,0,T_CD4,1632.0
AATTGTGTCGTAATCA-1,6,Mono_CD14,3515.0
AATTGTGTCGTCATTT-1,0,T_CD4,1983.0
AATTGTGTCGTTTCCA-1,6,Mono_CD14,3169.0
AATTTCCTCATGAGCT-1,12,dropped,6367.0
AATTTCCTCATGGCTG-1,5,NK,3698.0
AATTTCCTCCCGTTAC-1,10,NK,3132.0
AATTTCCTCGGTCAAT-1,0,T_CD4,3007.0
AATTTCCTCGTGCCTT-1,2,T_CD4,1739.0
AATTTCCTCTCGACCT-1,6,Mono_CD14,6658.0
AATTTGCCAAGTTATC-1,13,B,2228.0
AATTTGCCAATAATGG-1,1,T_CD8,2786.0
AATTTGCCAATACTGT-1,0,T_CD4,3751.0
AATTTGCCAATTGCGC-1,2,T_CD4,5180.0
AATTTGCCAGAGGGAG-1,1,T_CD8,3852.0
AATTTGCCAGGGAGGA-1,6,Mono_CD14,4562.0
AATTTGCCAGGTTATT-1,4,Mono_CD16,10050.0
AATTTGCCAGTTAGCC-1,7,Mono_CD14,4098.0
AATTTGCCATTATCCC-1,13,B,2910.0
AATTTGGTCAATGTCA-1,6,Mono_CD14,3334.0
AATTTGGTCACATTGA-1,1,T_CD8,3354.0
AATTTGGTCAGGAAGC-1,0,T_CD4,2332.0
AATTTGGTCCCAGTAG-1,7,Mono_CD14,5357.0
AATTTGGTCCCTGTTA-1,15,T_CD8,3715.0
AATTTGGTCCTTGAGG-1,0,T_CD4,2889.0
AATTTGGTCGCACACA-1,2,T_CD4,4434.0
AATTTGGTCTTGGACG-1,0,T_CD4,1838.0
ACAAACTGTAACGAGG-1,11,DC,5563.0
ACAAACTGTAGGTTGC-1,13,B,8479.0
ACAAACTGTCCAAATG-1,7,Mono_CD14,5255.0
ACAAACTGTCCGTAGG-1,1,T_CD8,3214.0
ACAAACTGTCTAGCTT-1,1,T_CD8,3722.0
ACAAAGGTCAGCACCA-1,7,Mono_CD14,2872.0
ACAAAGGTCAGTTCCC-1,0,T_CD4,2063.0
ACAAAGGTCATAACCA-1,15,T_CD8,3349.0
ACAAAGGTCCCGAACA-1,2,T_CD4,2827.0
ACAAAGGTCCCTCACG-1,13,B,2813.0
ACAAAGGTCCTCCATA-1,4,Mono_CD16,5815.0
ACAAAGGTCGGTTCCT-1,13,B,2315.0
ACAACAACAACAACAA-1,2,T_CD4,4304.0
ACAACAACAACAGGTG-1,7,Mono_CD14,6086.0
ACAACAACAGCCAGAA-1,4,Mono_CD16,7304.0
ACAACAACAGTAGCCT-1,1,T_CD8,2006.0
ACAACAACATAAGTTC-1,2,T_CD4,4436.0
ACAACAACATAATGTC-1,0,T_CD4,3012.0
ACAACAACATAGCGAG-1,6,Mono_CD14,4362.0
ACAACAACATGGCCTG-1,7,Mono_CD14,5232.0
ACAACACTCCTAAATG-1,6,Mono_CD14,7283.0
ACAACACTCGCATTAA-1,6,Mono_CD14,4793.0
ACAACACTCTACCTAT-1,6,Mono_CD14,6364.0
ACAACACTCTGTGAGT-1,7,Mono_CD14,3250.0
ACAACACTCTTGGATA-1,15,T_CD8,3652.0
ACAACAGAGCGCTCAA-1,13,B,2647.0
ACAACAGAGCTATTAG-1,3,Mono_CD14,1781.0
ACAACAGAGGAGGGTT-1,2,T_CD4,5068.0
ACAACAGAGGCGCTTA-1,7,Mono_CD14,4351.0
ACAACAGAGTAACCAC-1,4,Mono_CD16,8717.0
ACAACATGTATTACCC-1,13,B,4091.0
ACAACATGTCATTAGG-1,6,Mono_CD14,4626.0
ACAACATGTTTAACCC-1,2,T_CD4,11934.0
ACACAATGTCAAGTAT-1,0,T_CD4,2184.0
ACACAATGTCCAAGAC-1,6,Mono_CD14,4528.0
ACACAATGTGATTTGG-1,1,T_CD8,4030.0
ACACAATGTGGTGAGA-1,1,T_CD8,3378.0
ACACAATGTTGAAGCC-1,13,B,2617.0
ACACAATGTTTACGTC-1,7,Mono_CD14,4721.0
ACACCTTGTAACCAGC-1,1,T_CD8,4015.0
ACACCTTGTAGACAAA-1,5,NK,3128.0
ACACCTTGTCATGCCC-1,5,NK,4058.0
ACACCTTGTCGCAAAC-1,13,B,2517.0
ACACCTTGTGACATGC-1,2,T_CD4,4425.0
ACACGGACAATTAGGA-1,1,T_CD8,3232.0
ACACGGACACCCACAG-1,6,Mono_CD14,4738.0
ACACGGACAGTACCGT-1,0,T_CD4,3248.0
ACACGGACAGTTTGGC-1,7,Mono_CD14,2288.0
ACACGGACATGTTGGC-1,3,Mono_CD14,718.0
ACACGGACATTGCAGC-1,6,Mono_CD14,3696.0
ACACTAATCCAACTGG-1,1,T_CD8,3931.0
ACACTAATCCTAAGGT-1,15,T_CD8,4118.0
ACACTAATCTTGCTAT-1,1,T_CD8,5392.0
ACACTAGGTACCTTAC-1,7,Mono_CD14,6847.0
ACACTAGGTAGTAAGA-1,0,T_CD4,2030.0
ACACTAGGTCCACAAA-1,13,B,8729.0
ACACTAGGTGAACAAA-1,8,dropped,12717.0
ACACTAGGTGTAACCA-1,13,B,2797.0
ACACTTAAGACAGGCG-1,4,Mono_CD16,8356.0
ACACTTAAGAGCAAGC-1,2,T_CD4,2670.0
ACACTTAAGATAACCC-1,2,T_CD4,4150.0
ACACTTAAGATGCCTG-1,2,T_CD4,3924.0
ACACTTAAGCAGGTGG-1,2,T_CD4,3720.0
ACACTTAAGCTATATG-1,1,T_CD8,2826.0
ACACTTAAGCTCCTTA-1,9,dropped,12854.0
ACACTTGCAAATTCGT-1,3,Mono_CD14,199.0
ACACTTGCAAGCCAGA-1,3,Mono_CD14,1048.0
ACACTTGCACAATGTT-1,4,Mono_CD16,6576.0
ACACTTGCAGCAAGTG-1,0,T_CD4,2624.0
ACACTTGCAGCGCTTG-1,3,Mono_CD14,207.0
ACACTTGCAGGCTAAG-1,12,dropped,8295.0
ACACTTGCATAATCCG-1,15,T_CD8,1792.0
ACACTTGCATACCCGG-1,0,T_CD4,3342.0
ACACTTGCATGAAATG-1,6,Mono_CD14,5768.0
ACAGCCGGTCATCAAG-1,6,Mono_CD14,6677.0
ACAGCCGGTGTCCAAA-1,13,B,2357.0
ACAGCCGGTTGCGGAT-1,6,Mono_CD14,7016.0
ACAGCCGGTTGGCCGA-1,10,NK,6846.0
ACAGCCGGTTGTTGTC-1,1,T_CD8,2891.0
ACAGCGCTCCTAGTTT-1,2,T_CD4,3959.0
ACAGCGCTCCTGTTCA-1,1,T_CD8,3511.0
ACAGCGCTCTGTGAGT-1,2,T_CD4,4235.0
ACAGGAATCATTACAG-1,2,T_CD4,8293.0
ACAGGAATCCCGTTTA-1,6,Mono_CD14,4608.0
ACAGGAATCGGCCAGT-1,2,T_CD4,6378.0
ACAGGAATCGGGATTT-1,15,T_CD8,2071.0
ACAGGAATCTAAGGTC-1,2,T_CD4,6583.0
ACAGGATCAACTAACT-1,7,Mono_CD14,4954.0
ACAGGATCAATATAGG-1,7,Mono_CD14,4904.0
ACAGGATCAATGAAGC-1,6,Mono_CD14,4087.0
ACAGGATCACAAAGCG-1,15,T_CD8,2514.0
ACAGGATCACATAGCC-1,15,T_CD8,3280.0
ACAGGATCACTGGCCA-1,5,NK,5032.0
ACAGGATCAGTAGGTG-1,8,dropped,7060.0
ACAGGATCATTGACAT-1,6,Mono_CD14,3721.0
ACAGGCTGTAGCTAAT-1,15,T_CD8,3492.0
ACAGGCTGTCAAACTG-1,15,T_CD8,3407.0
ACAGGCTGTCAAGACC-1,8,dropped,9310.0
ACAGGCTGTTAATCGG-1,1,T_CD8,850.0
ACAGGCTGTTAGTACG-1,1,T_CD8,4643.0
ACAGGTAAGGACGTAA-1,0,T_CD4,3737.0
ACAGGTAAGGAGGACT-1,7,Mono_CD14,5659.0
ACAGGTAAGTAACTCA-1,0,T_CD4,3244.0
ACAGGTAAGTCACTCC-1,1,T_CD8,3109.0
ACAGGTAAGTTCCCAC-1,4,Mono_CD16,7372.0
ACAGTATGTAATCGTG-1,1,T_CD8,3906.0
ACAGTATGTACTGAAT-1,6,Mono_CD14,5425.0
ACAGTATGTCACACCC-1,2,T_CD4,3310.0
ACAGTATGTCGCAAAC-1,6,Mono_CD14,3501.0
ACAGTATGTGGAAGGC-1,0,T_CD4,2287.0
ACAGTATGTTACAACG-1,6,Mono_CD14,4421.0
ACAGTATGTTATAGCG-1,5,NK,2689.0
ACAGTATGTTTCAGGA-1,1,T_CD8,2597.0
ACATAGCTCCAAGTGT-1,2,T_CD4,4037.0
ACATAGCTCCCTGACT-1,13,B,3757.0
ACATAGCTCCTAAGAC-1,12,dropped,7140.0
ACATAGCTCGTTAAGC-1,0,T_CD4,5769.0
ACATCAATCATGCTCC-1,6,Mono_CD14,4775.0
ACATCAATCATTTGTC-1,5,NK,2671.0
ACATCAATCCAAATCA-1,1,T_CD8,3155.0
ACATCAATCCAATTAG-1,15,T_CD8,2975.0
ACATCAATCCTCAGTC-1,0,T_CD4,1535.0
ACATCAATCCTTAATC-1,6,Mono_CD14,1752.0
ACATCAATCGCTAAAC-1,15,T_CD8,3146.0
ACATCAATCTGTGCCT-1,7,Mono_CD14,5577.0
ACATCATCAAACCTAT-1,6,Mono_CD14,6884.0
ACATCATCAAGGCCAA-1,6,Mono_CD14,3924.0
ACATCATCAATAGCCC-1,13,B,6579.0
ACATCATCAATTAGCT-1,8,dropped,9701.0
ACATCATCAGCATGTC-1,6,Mono_CD14,6111.0
ACATCATCATTAAAGG-1,2,T_CD4,3650.0
ACATTAGTCGACCTGA-1,2,T_CD4,2869.0
ACATTAGTCTTGGATA-1,1,T_CD8,4165.0
ACATTAGTCTTGTTCG-1,4,Mono_CD16,6460.0
ACATTGCAGACAGGTA-1,3,Mono_CD14,9461.0
ACATTGCAGCACTAAC-1,2,T_CD4,3662.0
ACATTGCAGCCTGTTC-1,4,Mono_CD16,8416.0
ACATTGCAGGCAAGTA-1,12,dropped,8967.0
ACATTGCAGGGTTAGA-1,0,T_CD4,3055.0
ACATTGCAGGGTTATC-1,6,Mono_CD14,3581.0
ACATTGCAGGTTAGAG-1,6,Mono_CD14,3747.0
ACATTGCAGTAGGATG-1,4,Mono_CD16,5246.0
ACATTGCAGTCGCAAT-1,0,T_CD4,2514.0
ACATTGCAGTTAGCTA-1,8,dropped,8609.0
ACCAAACTCAAGCCTG-1,6,Mono_CD14,5407.0
ACCAAACTCACTCGCT-1,0,T_CD4,2385.0
ACCAAACTCAGCAAGA-1,0,T_CD4,2611.0
ACCAAACTCATGCGTG-1,6,Mono_CD14,3314.0
ACCAAACTCATTATGG-1,15,T_CD8,4636.0
ACCAAACTCCCATAGG-1,7,Mono_CD14,2922.0
ACCAAACTCCCGTTTA-1,1,T_CD8,4367.0
ACCAAACTCGCTCACT-1,15,T_CD8,1057.0
ACCAAACTCTCCTCAA-1,6,Mono_CD14,9137.0
ACCAAGCGTAATCGCA-1,6,Mono_CD14,3761.0
ACCAAGCGTAATCGGC-1,1,T_CD8,3409.0
ACCAAGCGTAGCTAGC-1,3,Mono_CD14,2269.0
ACCAAGCGTAGGTTGC-1,3,Mono_CD14,673.0
ACCAAGCGTCAGGCAT-1,6,Mono_CD14,4428.0
ACCAAGCGTCATAAGT-1,4,Mono_CD16,6009.0
ACCAAGCGTGGGTGAA-1,6,Mono_CD14,2257.0
ACCAAGCGTGTAATAC-1,8,dropped,10516.0
ACCAAGCGTTGTTGGA-1,1,T_CD8,2541.0
ACCAAGTTCAGGTCCA-1,8,dropped,10383.0
ACCAAGTTCATGCGTG-1,13,B,2759.0
ACCAAGTTCCACCCTG-1,2,T_CD4,3737.0
ACCAAGTTCTCACACC-1,2,T_CD4,1796.0
ACCAAGTTCTCGCCTG-1,0,T_CD4,3533.0
ACCAAGTTCTTACTCG-1,3,Mono_CD14,1052.0
ACCAAGTTCTTTGTAC-1,5,NK,4408.0
ACCAATATCACAGACT-1,6,Mono_CD14,4779.0
ACCAATATCACATTGA-1,7,Mono_CD14,5424.0
ACCAATATCAGGTTTA-1,13,B,5004.0
ACCAATATCGAAGTGA-1,1,T_CD8,2909.0
ACCAATATCGCATTAA-1,10,NK,3322.0
ACCACACCAACTGGCT-1,2,T_CD4,6488.0
ACCACACCACATGCTA-1,15,T_CD8,1274.0
ACCACACCACCACAAC-1,2,T_CD4,11468.0
ACCACACCACGAATTT-1,16,pDC,6194.0
ACCACACCAGTTATGT-1,2,T_CD4,4508.0
ACCACATAGCTAAGTC-1,2,T_CD4,5018.0
ACCACATAGGAGGCAT-1,0,T_CD4,2457.0
ACCACATAGGGACTAA-1,1,T_CD8,2716.0
ACCACATAGTCAATTG-1,2,T_CD4,4462.0
ACCACATAGTGCACGC-1,6,Mono_CD14,6488.0
ACCAGCTCAAAGGTAC-1,15,T_CD8,3119.0
ACCAGCTCAACAGCCT-1,2,T_CD4,4179.0
ACCAGCTCAACGTGCT-1,7,Mono_CD14,5106.0
ACCAGGACAACTGGGA-1,15,T_CD8,3919.0
ACCAGGACATAAGCAA-1,7,Mono_CD14,5284.0
ACCAGGCTCCGTTATT-1,5,NK,4237.0
ACCAGGCTCCTCCTAA-1,2,T_CD4,4692.0
ACCAGGCTCCTTGCGT-1,15,T_CD8,3395.0
ACCAGGCTCGAAGTAG-1,2,T_CD4,3447.0
ACCAGGCTCGCTAAAC-1,6,Mono_CD14,11517.0
ACCAGGCTCTTAGCGG-1,4,Mono_CD16,5876.0
ACCAGGCTCTTGTTCG-1,6,Mono_CD14,3904.0
ACCAGGGAGAAAGGAA-1,2,T_CD4,4084.0
ACCAGGGAGACCATAC-1,3,Mono_CD14,503.0
ACCAGGGAGACTAAGG-1,6,Mono_CD14,3330.0
ACCAGGGAGCGAAGTA-1,2,T_CD4,4152.0
ACCAGGGAGCGCCTTT-1,15,T_CD8,3280.0
ACCAGGGAGGATTGCT-1,4,Mono_CD16,6469.0
ACCAGGGAGTGAGCGG-1,1,T_CD8,3666.0
ACCATAATCAAACTCA-1,7,Mono_CD14,7614.0
ACCATAATCAATCATG-1,7,Mono_CD14,4920.0
ACCATAATCCCGAAGC-1,6,Mono_CD14,4524.0
ACCATTAAGCGAAGTA-1,13,B,2966.0
ACCATTAAGCGGGCAA-1,6,Mono_CD14,8237.0
ACCATTAAGCTAAGTC-1,6,Mono_CD14,4141.0
ACCATTAAGCTGAGGG-1,2,T_CD4,2284.0
ACCATTAAGGACTTAC-1,0,T_CD4,2498.0
ACCATTAAGGCGCATC-1,0,T_CD4,3144.0
ACCCAACCACATAACT-1,1,T_CD8,3591.0
ACCCAACCACCTACTT-1,0,T_CD4,2273.0
ACCCAACCAGCATGGA-1,6,Mono_CD14,3669.0
ACCCAACCATAATGAG-1,12,dropped,6774.0
ACCCAGGGTAGCCATA-1,0,T_CD4,2105.0
ACCCAGGGTATTGCAG-1,0,T_CD4,1047.0
ACCCAGGGTCGACTAA-1,8,dropped,5563.0
ACCCGCTGTAACCAGC-1,1,T_CD8,3748.0
ACCCGCTGTAATGGCC-1,1,T_CD8,5255.0
ACCCGCTGTGGACATC-1,1,T_CD8,5408.0
ACCCGCTGTGGGAACA-1,1,T_CD8,3370.0
ACCCGCTGTGTTTCAC-1,6,Mono_CD14,5545.0
ACCCGCTGTTAGAGCC-1,11,DC,8340.0
ACCCGCTGTTAGGATT-1,7,Mono_CD14,5764.0
ACCCGCTGTTTGAGGC-1,2,T_CD4,4937.0
ACCCGGTAGCATGTTA-1,3,Mono_CD14,1834.0
ACCCGGTAGCCTGATG-1,1,T_CD8,2788.0
ACCCGGTAGCTCCCTG-1,5,NK,2513.0
ACCCGGTAGCTTAGTA-1,2,T_CD4,3113.0
ACCCGGTAGTACTGGT-1,1,T_CD8,3143.0
ACCCGGTAGTAGGATG-1,6,Mono_CD14,3211.0
ACCCGGTAGTTCCTCA-1,4,Mono_CD16,6062.0
ACCCGTAAGAGCCGGA-1,1,T_CD8,3219.0
ACCCGTAAGAGGAGTC-1,1,T_CD8,2970.0
ACCCGTAAGCATGTTA-1,2,T_CD4,6164.0
ACCCGTAAGGATTGAG-1,2,T_CD4,2931.0
ACCCGTAAGGCGTAAA-1,1,T_CD8,3592.0
ACCCGTAAGGCTTAAC-1,1,T_CD8,4210.0
ACCCGTAAGGTGAAGC-1,13,B,4867.0
ACCCGTAAGTGAGGGT-1,0,T_CD4,1297.0
ACCCTCCCAAGCTACC-1,7,Mono_CD14,6837.0
ACCCTCCCACCCTCAC-1,15,T_CD8,3562.0
ACCCTCCCACCGGTAT-1,13,B,2950.0
ACCCTCCCAGGAACTG-1,1,T_CD8,4151.0
ACCCTCCCAGTAGGTG-1,5,NK,3405.0
ACCCTCCCATAAGTTC-1,3,Mono_CD14,938.0
ACCCTGTTCAAACCGT-1,7,Mono_CD14,4078.0
ACCCTGTTCATGCTCC-1,2,T_CD4,6583.0
ACCCTGTTCCTCCCTC-1,0,T_CD4,1963.0
ACCCTGTTCTGGCAAT-1,4,Mono_CD16,7490.0
ACCGAAGCACAGGGAC-1,2,T_CD4,3367.0
ACCGAAGCATAATTGC-1,0,T_CD4,2762.0
ACCGAAGCATCCTGAA-1,1,T_CD8,3650.0
ACCGCAATCAAGGACA-1,7,Mono_CD14,4387.0
ACCGCAATCATTACAG-1,0,T_CD4,3107.0
ACCGCAATCCCGAACA-1,2,T_CD4,3513.0
ACCGCAATCGGCCAGT-1,0,T_CD4,3354.0
ACCGCAATCGTTTCCA-1,2,T_CD4,2553.0
ACCGCAATCTAATCAG-1,6,Mono_CD14,3864.0
ACCGCAATCTCAATTC-1,2,T_CD4,4818.0
ACCGGCTAGAGGCTAA-1,7,Mono_CD14,5754.0
ACCGGCTAGGAATAAC-1,0,T_CD4,6076.0
ACCGGCTAGGACCTGC-1,13,B,3192.0
ACCGGCTAGTAGCGGG-1,6,Mono_CD14,4689.0
ACCGGCTAGTGAGCAA-1,4,Mono_CD16,5480.0
ACCGGTTCAGCAACAG-1,2,T_CD4,3046.0
ACCTAAATCATTCATC-1,15,T_CD8,3063.0
ACCTAAATCCTGAGTG-1,1,T_CD8,3421.0
ACCTAAATCGTTTCTG-1,2,T_CD4,2389.0
ACCTAAATCTCCATAT-1,6,Mono_CD14,4937.0
ACCTAAATCTGCAAAC-1,2,T_CD4,3843.0
ACCTAAGGTCCCGAAG-1,0,T_CD4,3820.0
ACCTAAGGTTCGGGAT-1,13,B,1998.0
ACCTACCTCAATGAGG-1,8,dropped,10522.0
ACCTACCTCAGGTTTA-1,7,Mono_CD14,5493.0
ACCTACCTCGCTCACT-1,1,T_CD8,3582.0
ACCTACCTCTAGCTTT-1,0,T_CD4,2421.0
ACCTACCTCTTTAAGG-1,7,Mono_CD14,7754.0
ACCTCACTCATGGCTG-1,13,B,3788.0
ACCTCACTCCCATAGG-1,7,Mono_CD14,2461.0
ACCTCACTCGGCCATA-1,6,Mono_CD14,5933.0
ACCTCACTCGTGCTTC-1,7,Mono_CD14,6544.0
ACCTCACTCTTGTCCA-1,6,Mono_CD14,6692.0
ACCTGGATCAGGCCTA-1,1,T_CD8,2769.0
ACCTGGATCCCTGTTA-1,1,T_CD8,4125.0
ACCTGGATCCTCAGTC-1,6,Mono_CD14,5335.0
ACCTGGATCGCGCTAA-1,2,T_CD4,3895.0
ACCTGGATCGGCTAGC-1,1,T_CD8,2759.0
ACCTGGATCTTGTCCA-1,6,Mono_CD14,5707.0
ACCTGGTCAAGGTCCT-1,7,Mono_CD14,5089.0
ACCTGGTCAATAGCAA-1,8,dropped,7285.0
ACCTGGTCACGTAATT-1,6,Mono_CD14,6837.0
ACCTGGTCAGCAGGTA-1,4,Mono_CD16,5824.0
ACCTGGTCAGGTTCAC-1,1,T_CD8,4031.0
ACCTGGTCAGTAATAG-1,7,Mono_CD14,5040.0
ACCTGGTCAGTGAACG-1,2,T_CD4,6845.0
ACCTGGTCATAATCAC-1,0,T_CD4,3176.0
ACCTGGTCATACTCCT-1,5,NK,7394.0
ACCTGGTCATGAAATG-1,7,Mono_CD14,2376.0
ACCTGTTGTCAAGTAT-1,6,Mono_CD14,3012.0
ACCTGTTGTCATGCCC-1,2,T_CD4,3725.0
ACCTGTTGTCGCAAAC-1,13,B,3562.0
ACCTGTTGTGACCTGG-1,3,Mono_CD14,307.0
ACCTGTTGTGCAATGC-1,0,T_CD4,2526.0
ACCTGTTGTTAACGGC-1,16,pDC,5780.0
ACCTGTTGTTTGAGGC-1,2,T_CD4,4002.0
ACCTTCCAGCCTGTGA-1,2,T_CD4,4627.0
ACCTTCCAGGAACGCG-1,6,Mono_CD14,2958.0
ACCTTCCAGGACCGCT-1,0,T_CD4,7184.0
ACCTTCCAGGACCTCA-1,2,T_CD4,1533.0
ACCTTCCAGGACGTAA-1,2,T_CD4,2813.0
ACCTTCCAGGCCAATT-1,3,Mono_CD14,3218.0
ACCTTCCAGGTCCGTA-1,1,T_CD8,2368.0
ACCTTCCAGTTAGCCG-1,0,T_CD4,2612.0
ACCTTGCTCAATGACC-1,2,T_CD4,4275.0
ACCTTGCTCACGTTAA-1,2,T_CD4,3392.0
ACCTTGCTCACTAGGT-1,0,T_CD4,941.0
ACCTTGCTCCCATAAA-1,0,T_CD4,2281.0
ACCTTGCTCCGGTATG-1,6,Mono_CD14,5129.0
ACCTTGCTCCTAATGA-1,1,T_CD8,4343.0
ACCTTGCTCGCTCACT-1,6,Mono_CD14,6420.0
ACCTTGCTCGTTAGCG-1,1,T_CD8,1634.0
ACCTTGCTCTAAGTGC-1,2,T_CD4,3138.0
ACCTTGCTCTGCAAGT-1,2,T_CD4,3710.0
ACCTTGTGTCGCGCAA-1,15,T_CD8,3660.0
ACCTTGTGTGTTTCAC-1,9,dropped,12778.0
ACCTTGTGTTGCCTCA-1,1,T_CD8,7732.0
ACGAACAAGAATGACG-1,8,dropped,6708.0
ACGAACAAGACACTTA-1,10,NK,19727.0
ACGAACAAGCAATAGG-1,2,T_CD4,3757.0
ACGAACAAGCACTTGG-1,2,T_CD4,3292.0
ACGAACAAGCCACAAT-1,0,T_CD4,3527.0
ACGAACAAGCTATATG-1,8,dropped,8556.0
ACGAACAAGGCGCATC-1,6,Mono_CD14,3308.0
ACGAACAAGGCTACTG-1,3,Mono_CD14,229.0
ACGAACAAGTAACAGG-1,5,NK,3783.0
ACGAACAAGTAAGTGG-1,6,Mono_CD14,3310.0
ACGAACAAGTCACTCC-1,6,Mono_CD14,3473.0
ACGAAGTCAAATTGCT-1,8,dropped,4794.0
ACGAAGTCAACCCTCC-1,0,T_CD4,2308.0
ACGAAGTCAAGGAATC-1,1,T_CD8,3149.0
ACGAAGTCACTGGCTG-1,2,T_CD4,2642.0
ACGAAGTCAGGAACAT-1,0,T_CD4,3271.0
ACGAAGTCATGCAACC-1,7,Mono_CD14,5975.0
ACGAATCTCATTTGCT-1,6,Mono_CD14,4997.0
ACGAATCTCCTCGATC-1,1,T_CD8,5877.0
ACGACAAAGTCACCTC-1,2,T_CD4,5448.0
ACGACAAAGTGAACGA-1,6,Mono_CD14,11668.0
ACGACAAAGTTTCCGC-1,2,T_CD4,3860.0
ACGACTTAGCAAGGTA-1,8,dropped,6210.0
ACGACTTAGCGGGCAA-1,7,Mono_CD14,5558.0
ACGACTTAGGACCTCA-1,2,T_CD4,2720.0
ACGACTTAGGTAAGCA-1,6,Mono_CD14,5106.0
ACGACTTAGGTGTCCA-1,7,Mono_CD14,4662.0
ACGACTTAGTTAGTGC-1,13,B,2955.0
ACGAGTAAGGCTACAT-1,2,T_CD4,3452.0
ACGAGTAAGTAAGGGC-1,6,Mono_CD14,2720.0
ACGAGTAAGTCAGGCC-1,6,Mono_CD14,4241.0
ACGAGTAAGTCATGCG-1,7,Mono_CD14,4496.0
ACGAGTAAGTGGCGGA-1,1,T_CD8,3224.0
ACGAGTAAGTTACCGG-1,4,Mono_CD16,7925.0
ACGATTCAGAAAGGAA-1,2,T_CD4,3328.0
ACGATTCAGAATCTCA-1,2,T_CD4,3387.0
ACGATTCAGACTATTG-1,6,Mono_CD14,3720.0
ACGATTCAGCTAATTG-1,4,Mono_CD16,7608.0
ACGATTCAGTATGTGC-1,6,Mono_CD14,4088.0
ACGATTCAGTTATCTC-1,4,Mono_CD16,7264.0
ACGCAAGCACCGGTAT-1,0,T_CD4,2118.0
ACGCAAGCACGAACAG-1,0,T_CD4,1913.0
ACGCAAGCACTGACTA-1,0,T_CD4,3293.0
ACGCAAGCAGCTCATA-1,11,DC,7551.0
ACGCAAGCATAATTGC-1,6,Mono_CD14,5862.0
ACGCAAGCATTGTGTG-1,6,Mono_CD14,4431.0
ACGCACGGTTAGCGTA-1,1,T_CD8,3018.0
ACGCACGGTTGTAACG-1,0,T_CD4,3201.0
ACGCCACAGGCGCACT-1,6,Mono_CD14,3132.0
ACGCCACAGGCTGTGC-1,5,NK,4514.0
ACGCCACAGTAGCTTA-1,13,B,3958.0
ACGCCACAGTTAGAGG-1,8,dropped,7540.0
ACGCCACAGTTATCTC-1,4,Mono_CD16,6522.0
ACGCCTAAGAGGCTAA-1,0,T_CD4,2667.0
ACGCCTAAGCTAGAAG-1,1,T_CD8,2828.0
ACGCCTAAGCTATTAG-1,11,DC,10803.0
ACGCCTAAGCTCGCTT-1,7,Mono_CD14,3949.0
ACGCCTAAGCTGAGGG-1,0,T_CD4,3499.0
ACGCCTAAGGACCTGC-1,0,T_CD4,1852.0
ACGCCTAAGGATCCGC-1,8,dropped,12776.0
ACGCCTAAGGGTGAAC-1,0,T_CD4,4949.0
ACGCCTAAGGTAGCTT-1,6,Mono_CD14,6033.0
ACGCCTAAGTAAAGGT-1,0,T_CD4,3320.0
ACGCCTTTCACAGCCA-1,1,T_CD8,7605.0
ACGCCTTTCAGCATTA-1,8,dropped,9712.0
ACGCCTTTCATGAAGG-1,4,Mono_CD16,6859.0
ACGCCTTTCCGGGACT-1,7,Mono_CD14,5678.0
ACGCCTTTCCGGTATG-1,2,T_CD4,6655.0
ACGCCTTTCCTAGTAA-1,12,dropped,6871.0
ACGCCTTTCCTCGATC-1,1,T_CD8,4795.0
ACGCCTTTCGTGCTTC-1,1,T_CD8,4524.0
ACGCTTGAGCATGTCG-1,4,Mono_CD16,7151.0
ACGCTTGAGCGATAAG-1,6,Mono_CD14,3714.0
ACGCTTGAGCGATACT-1,2,T_CD4,4293.0
ACGCTTGAGCTCGCTT-1,7,Mono_CD14,5232.0
ACGCTTGAGGACGTAA-1,7,Mono_CD14,5072.0
ACGCTTGAGGCTACAT-1,0,T_CD4,2330.0
ACGCTTGAGGTCCTGA-1,7,Mono_CD14,5103.0
ACGCTTGAGTATCGCG-1,7,Mono_CD14,5647.0
ACGCTTGAGTGAGCAA-1,1,T_CD8,2922.0
ACGCTTGAGTTAGGCT-1,13,B,2734.0
ACGCTTGAGTTATCTC-1,10,NK,3529.0
ACGCTTGAGTTCCTCA-1,5,NK,3501.0
ACGCTTGAGTTGTCCC-1,7,Mono_CD14,4702.0
ACGGGAAGTGTTAGCA-1,1,T_CD8,3342.0
ACGGTACGTATTGGTG-1,13,B,4808.0
ACGGTACGTGAATCGC-1,2,T_CD4,3174.0
ACGGTACGTTACATCC-1,15,T_CD8,3457.0
ACGGTACGTTACTAGG-1,6,Mono_CD14,3794.0
ACGGTACGTTCCTCCT-1,6,Mono_CD14,3201.0
ACGGTACGTTGCAGTA-1,4,Mono_CD16,7546.0
ACGGTACGTTGTTGCT-1,7,Mono_CD14,3632.0
ACGGTTAGTACGCGCA-1,15,T_CD8,2301.0
ACGGTTAGTCTTACTA-1,8,dropped,9100.0
ACGGTTAGTGTCACGG-1,13,B,3592.0
ACGGTTAGTTAACGAT-1,0,T_CD4,3982.0
ACGGTTAGTTAATCGG-1,10,NK,10264.0
ACGGTTAGTTGTAAAC-1,0,T_CD4,2892.0
ACGGTTTAGATGGACA-1,13,B,4505.0
ACGGTTTAGCAAGGTA-1,3,Mono_CD14,1081.0
ACGGTTTAGCCTGAGC-1,7,Mono_CD14,6965.0
ACGGTTTAGTTATCTC-1,15,T_CD8,2948.0
ACGTACCCAAACTGTT-1,8,dropped,10207.0
ACGTACCCAACAACAA-1,4,Mono_CD16,8672.0
ACGTACCCAAGGCCAA-1,2,T_CD4,2465.0
ACGTACCCACTCGCTC-1,1,T_CD8,2986.0
ACGTACCCAGAGGCTA-1,1,T_CD8,3935.0
ACGTACCCAGCATGAG-1,8,dropped,6352.0
ACGTACCCAGGCGATA-1,2,T_CD4,3266.0
ACGTACCCAGGGAGCT-1,10,NK,5704.0
ACGTACCCAGTTTGGC-1,1,T_CD8,2892.0
ACGTACCCATGAAATG-1,1,T_CD8,4772.0
ACGTACCCATGAGCAG-1,0,T_CD4,3519.0
ACGTACCCATGCTTAG-1,0,T_CD4,1785.0
ACGTACCCATTAGGCC-1,13,B,3018.0
ACGTCAAGTCACCAAA-1,7,Mono_CD14,6797.0
ACGTCAAGTGCTCCAC-1,15,T_CD8,2745.0
ACGTCAAGTTCCTGAT-1,2,T_CD4,2278.0
ACGTCCAAGCGATAAG-1,15,T_CD8,2753.0
ACGTCCAAGCTATGAC-1,0,T_CD4,3308.0
ACGTCCAAGCTCCTTA-1,8,dropped,5627.0
ACGTCCAAGCTTTGGG-1,6,Mono_CD14,3709.0
ACGTCCAAGTAACCCG-1,0,T_CD4,3373.0
ACGTCCAAGTGATTCA-1,3,Mono_CD14,383.0
ACGTCCAAGTTACCGG-1,1,T_CD8,2639.0
ACGTCCTTCACCTGCT-1,0,T_CD4,3424.0
ACGTCCTTCCAAATCA-1,6,Mono_CD14,4780.0
ACGTCCTTCCACCTGT-1,6,Mono_CD14,5471.0
ACGTCCTTCCTTGTTG-1,0,T_CD4,2137.0
ACGTCCTTCGACCTGA-1,2,T_CD4,5037.0
ACGTCCTTCGGTTACG-1,2,T_CD4,4379.0
ACGTCCTTCGGTTTCC-1,1,T_CD8,3842.0
ACGTCCTTCTCAATAG-1,7,Mono_CD14,3502.0
ACGTCCTTCTTAGTCT-1,7,Mono_CD14,5410.0
ACGTTACAGCCACATG-1,0,T_CD4,2547.0
ACGTTACAGCCATCAG-1,2,T_CD4,8203.0
ACGTTACAGTAAACCC-1,2,T_CD4,4778.0
ACGTTACAGTTCCTGC-1,5,NK,2800.0
ACGTTGTAGAACCTGT-1,6,Mono_CD14,4859.0
ACGTTGTAGGACCGCT-1,13,B,3481.0
ACGTTGTAGGCAGGTG-1,0,T_CD4,2896.0
ACGTTGTAGGCCTGGT-1,7,Mono_CD14,2248.0
ACGTTGTAGGGCCATC-1,6,Mono_CD14,3810.0
ACGTTGTAGTCACTCC-1,6,Mono_CD14,4603.0
ACGTTGTAGTTATGTG-1,7,Mono_CD14,3447.0
ACGTTGTAGTTTGCGG-1,8,dropped,4819.0
ACTAAAGCAATTAGCT-1,2,T_CD4,4747.0
ACTAAAGCAATTGCGC-1,1,T_CD8,2657.0
ACTAAAGCACACCAAC-1,0,T_CD4,3460.0
ACTAAAGCAGGACACA-1,4,Mono_CD16,7960.0
ACTAAAGCAGTAGCCT-1,7,Mono_CD14,5294.0
ACTAACCAGACAAGTG-1,4,Mono_CD16,6234.0
ACTAACCAGCATGTCG-1,2,T_CD4,4008.0
ACTAACGGTACAAAGA-1,7,Mono_CD14,5896.0
ACTAACGGTCAGGCCA-1,2,T_CD4,4741.0
ACTAACGGTCCGGTTC-1,0,T_CD4,5758.0
ACTAACGGTCCTTTAA-1,15,T_CD8,3374.0
ACTAACGGTGAAACAA-1,1,T_CD8,2365.0
ACTAACGGTGTTGTGA-1,6,Mono_CD14,2663.0
ACTAACGGTTAAATGC-1,7,Mono_CD14,6219.0
ACTAACGGTTCAAGCA-1,6,Mono_CD14,1167.0
ACTAACGGTTGGCGTG-1,2,T_CD4,2749.0
ACTAACGGTTTAAAGC-1,2,T_CD4,4262.0
ACTAACTCAAACAACA-1,8,dropped,10355.0
ACTAACTCAAACCTTG-1,7,Mono_CD14,4497.0
ACTAACTCAAGGCCAA-1,0,T_CD4,2909.0
ACTAACTCAAGGTATA-1,4,Mono_CD16,8171.0
ACTAACTCAATTTGGT-1,0,T_CD4,3616.0
ACTAACTCACCTAAGC-1,0,T_CD4,2554.0
ACTAACTCAGGAACAT-1,0,T_CD4,3573.0
ACTAACTCAGGAACCA-1,8,dropped,14017.0
ACTAACTCATTGTCCT-1,7,Mono_CD14,6809.0
ACTAATCCAAGGAATC-1,6,Mono_CD14,4982.0
ACTAATCCAAGTAAGC-1,0,T_CD4,2366.0
ACTAATCCAATAAGCA-1,13,B,3001.0
ACTAATCCAATAGCCC-1,1,T_CD8,3472.0
ACTAATCCACTCGCTC-1,8,dropped,5901.0
ACTAATCCAGGAACTG-1,1,T_CD8,7181.0
ACTAATCCATAATTGC-1,0,T_CD4,1962.0
ACTAATCCATGAATCT-1,0,T_CD4,2443.0
ACTAGGCGTACTGAAT-1,15,T_CD8,3133.0
ACTAGGCGTCCCGAAG-1,1,T_CD8,1693.0
ACTAGGCGTTAGACCA-1,7,Mono_CD14,2558.0
ACTAGGCGTTATCCTA-1,7,Mono_CD14,3837.0
ACTAGGCGTTTGGCGG-1,2,T_CD4,3111.0
ACTATCCGTACAAAGA-1,0,T_CD4,2291.0
ACTATCCGTATTGGTG-1,0,T_CD4,2134.0
ACTATCCGTGAGACTC-1,2,T_CD4,3818.0
ACTATCCGTGATCATG-1,7,Mono_CD14,4938.0
ACTATCCGTGTTAGCA-1,16,pDC,5632.0
ACTATGTCAATAGCAA-1,11,DC,10290.0
ACTATGTCATTATCCC-1,2,T_CD4,4253.0
ACTATGTCATTGGGAG-1,10,NK,5465.0
ACTCACCTCAAGTGAG-1,13,B,3416.0
ACTCACCTCATGCTCC-1,1,T_CD8,2982.0
ACTCACCTCCTGCGAA-1,7,Mono_CD14,5889.0
ACTCACCTCGATCAGT-1,1,T_CD8,2573.0
ACTCACTGTCAAGTAT-1,10,NK,2880.0
ACTCACTGTCCCGAAG-1,7,Mono_CD14,4172.0
ACTCACTGTCCGTGAG-1,15,T_CD8,2581.0
ACTCACTGTTACCTGT-1,1,T_CD8,4913.0
ACTCACTGTTACTAGG-1,5,NK,3218.0
ACTCACTGTTTCAGGA-1,6,Mono_CD14,4932.0
ACTCACTGTTTGGCGG-1,2,T_CD4,2446.0
ACTCACTGTTTGGTTC-1,5,NK,7330.0
ACTCAGTAGCGAGTAA-1,6,Mono_CD14,4075.0
ACTCAGTAGGACCGCT-1,1,T_CD8,2621.0
ACTCAGTAGGATTGAG-1,7,Mono_CD14,3898.0
ACTCAGTAGGCACAGG-1,1,T_CD8,3929.0
ACTCAGTAGTAGGATG-1,1,T_CD8,3342.0
ACTCCTCAGCAGCTCA-1,6,Mono_CD14,4110.0
ACTCCTCAGCTTACTT-1,4,Mono_CD16,8938.0
ACTCCTCAGGCATTAC-1,1,T_CD8,3321.0
ACTCCTCAGGCGGGTA-1,12,dropped,4813.0
ACTCGCGCAATCCTGA-1,0,T_CD4,1657.0
ACTCGCGCAATGCGCT-1,0,T_CD4,2792.0
ACTCGCGCAATTAGCT-1,6,Mono_CD14,2321.0
ACTCGCGCACGTTACA-1,6,Mono_CD14,4616.0
ACTCGCGCACTGACTA-1,13,B,2258.0
ACTCGCGCAGCAAGTG-1,7,Mono_CD14,4595.0
ACTCGCGCAGGCCAAA-1,2,T_CD4,2645.0
ACTCGCGCAGGTTTGC-1,0,T_CD4,2055.0
ACTCGCGCAGTTTACG-1,15,T_CD8,2801.0
ACTCGCGCATAGACTT-1,13,B,4635.0
ACTCGCGCATAGGCGA-1,1,T_CD8,3589.0
ACTCGCGCATTGTTGG-1,10,NK,5675.0
ACTCGCTTCAGCAAGA-1,6,Mono_CD14,4296.0
ACTCGCTTCCAAACAC-1,1,T_CD8,2793.0
ACTCGCTTCCCATAGG-1,6,Mono_CD14,2565.0
ACTCGCTTCGATTTGA-1,13,B,6195.0
ACTCGCTTCGGTTCCT-1,7,Mono_CD14,5072.0
ACTCGCTTCGTGCCTT-1,15,T_CD8,1795.0
ACTCGCTTCTATCGCC-1,9,dropped,6945.0
ACTGAAACAAACGGGC-1,2,T_CD4,3156.0
ACTGAAACAACCCTAA-1,6,Mono_CD14,3361.0
ACTGAAACAACTAGCC-1,13,B,3025.0
ACTGAAACAATCATGT-1,6,Mono_CD14,4085.0
ACTGAAACATGACTAT-1,1,T_CD8,3601.0
ACTGAAACATGATTGT-1,1,T_CD8,2748.0
ACTGAAACATGCAACC-1,7,Mono_CD14,7800.0
ACTGAATGTACCGTAA-1,0,T_CD4,2714.0
ACTGAATGTCACCAAA-1,11,DC,7602.0
ACTGAATGTGAGCAAG-1,7,Mono_CD14,5242.0
ACTGAATGTGGATGTC-1,8,dropped,8259.0
ACTGAATGTTACGCAA-1,2,T_CD4,4221.0
ACTGAATGTTAGCGTA-1,2,T_CD4,3783.0
ACTGAATGTTTGAGGC-1,0,T_CD4,2224.0
ACTTACAAGCAAGATG-1,5,NK,6066.0
ACTTACAAGGAGCACG-1,2,T_CD4,3637.0
ACTTACAAGGATTTGC-1,2,T_CD4,3628.0
ACTTACAAGGGATTAG-1,7,Mono_CD14,6962.0
ACTTACAAGTTCCTGC-1,1,T_CD8,3485.0
ACTTACTTCACAAGCT-1,7,Mono_CD14,11754.0
ACTTACTTCCATAAGC-1,13,B,2392.0
ACTTACTTCGCTTCTA-1,7,Mono_CD14,6132.0
ACTTACTTCGGTCAAT-1,8,dropped,4269.0
ACTTACTTCTGTGAGT-1,1,T_CD8,2541.0
ACTTAGGGTATACTGG-1,4,Mono_CD16,8385.0
ACTTAGGGTTCCTGTG-1,2,T_CD4,3108.0
ACTTAGTCAAACTGCC-1,6,Mono_CD14,3756.0
ACTTAGTCAACCGCCA-1,13,B,3223.0
ACTTAGTCAATCTCTC-1,15,T_CD8,2174.0
ACTTAGTCAATTGCGC-1,1,T_CD8,4446.0
ACTTAGTCACGTAAGG-1,7,Mono_CD14,3978.0
ACTTAGTCAGCATTAT-1,0,T_CD4,7573.0
ACTTAGTCAGGAACTG-1,1,T_CD8,3013.0
ACTTAGTCAGGGAGCT-1,2,T_CD4,2920.0
ACTTAGTCAGTTAGCC-1,0,T_CD4,2548.0
ACTTAGTCATCCTAGA-1,15,T_CD8,3069.0
ACTTAGTCATTATGGT-1,7,Mono_CD14,6285.0
ACTTATCTCAGGAAGC-1,3,Mono_CD14,437.0
ACTTATCTCATAATCG-1,10,NK,3565.0
ACTTATCTCCGTCCAT-1,6,Mono_CD14,4460.0
ACTTATCTCCTGAATA-1,6,Mono_CD14,3959.0
ACTTATCTCGAAGTAG-1,0,T_CD4,1393.0
ACTTATCTCGGTTTGG-1,7,Mono_CD14,4334.0
ACTTATCTCTTTGAGA-1,1,T_CD8,2050.0
ACTTATGAGCATGTCG-1,7,Mono_CD14,5779.0
ACTTATGAGCTTAGCG-1,1,T_CD8,2104.0
ACTTATGAGTTCCCGT-1,0,T_CD4,3341.0
ACTTCGCTCAAACACC-1,1,T_CD8,3478.0
ACTTCGCTCAAGCGCC-1,0,T_CD4,2421.0
ACTTCGCTCCAATAGC-1,2,T_CD4,8188.0
ACTTCGCTCCAGGTTG-1,15,T_CD8,2383.0
ACTTCGCTCCCAGTAG-1,6,Mono_CD14,8564.0
ACTTCGCTCCGCCTCA-1,6,Mono_CD14,6094.0
ACTTCGCTCCGGTTGA-1,3,Mono_CD14,1175.0
ACTTGAATCCCGCCTA-1,6,Mono_CD14,5249.0
ACTTGAATCCTCCTAA-1,2,T_CD4,5468.0
ACTTGAATCTTTGAGA-1,0,T_CD4,2711.0
ACTTGCACAATGAAGC-1,13,B,4916.0
ACTTGCACAATTGAAG-1,1,T_CD8,5980.0
ACTTGCACAATTTAGC-1,2,T_CD4,3828.0
ACTTGCACACAGGAAT-1,6,Mono_CD14,5675.0
ACTTGCACACGAATTT-1,0,T_CD4,4395.0
ACTTGCACAGGCTTGT-1,13,B,1734.0
ACTTGCACAGGTTAAA-1,13,B,2533.0
ACTTGCACATGAATCT-1,13,B,3747.0
ACTTGCACATTAGGCC-1,1,T_CD8,2517.0
ACTTGTAAGAACCTGT-1,4,Mono_CD16,5684.0
ACTTGTAAGACAAACG-1,6,Mono_CD14,3437.0
ACTTGTAAGGATCACT-1,6,Mono_CD14,7873.0
ACTTGTAAGGCGGGTA-1,6,Mono_CD14,3707.0
ACTTGTCGTCTAACCT-1,15,T_CD8,3659.0
ACTTGTCGTGCTTAGA-1,4,Mono_CD16,6126.0
ACTTGTCGTGTGCACG-1,1,T_CD8,2771.0
ACTTGTCGTTAAGCTG-1,11,DC,12300.0
ACTTGTCGTTTATGGG-1,2,T_CD4,2563.0
ACTTGTCGTTTCAGGA-1,1,T_CD8,3804.0
ACTTTGTTCAGGCCTA-1,15,T_CD8,3627.0
ACTTTGTTCATGACCG-1,10,NK,5742.0
ACTTTGTTCCAGCACA-1,1,T_CD8,3734.0
ACTTTGTTCCGCCAAA-1,15,T_CD8,3323.0
ACTTTGTTCTAAGGAG-1,0,T_CD4,2688.0
AGAAACCCAAAGGTAC-1,5,NK,2583.0
AGAAACCCAACTAACT-1,11,DC,12309.0
AGAAACCCAACTGGGA-1,3,Mono_CD14,1061.0
AGAAACCCACGTGCTG-1,0,T_CD4,2042.0
AGAAACCCACTTGTTC-1,2,T_CD4,11360.0
AGAAACCCAGTATGTT-1,0,T_CD4,915.0
AGAAACCCATGCTTAG-1,2,T_CD4,4535.0
AGAAACTAGCCTGGTA-1,2,T_CD4,5264.0
AGAAACTAGCGCTCAA-1,1,T_CD8,1571.0
AGAAACTAGGTCCGTA-1,6,Mono_CD14,3927.0
AGAAACTAGTCACGAT-1,2,T_CD4,2906.0
AGAAACTAGTTCCTCA-1,5,NK,3121.0
AGAAAGGCAAAGCGCA-1,7,Mono_CD14,4105.0
AGAAAGGCAATAATGG-1,7,Mono_CD14,4578.0
AGAAAGGCAATCCCTT-1,0,T_CD4,1981.0
AGAAAGGCACAGAACG-1,0,T_CD4,4047.0
AGAAAGGCAGCTTAAT-1,7,Mono_CD14,7743.0
AGAAAGGCATCCAGGT-1,15,T_CD8,2950.0
AGAAAGGCATTGTCAG-1,4,Mono_CD16,5590.0
AGAACAAGTAGCTGGT-1,1,T_CD8,3423.0
AGAACAAGTCAATACG-1,15,T_CD8,2631.0
AGAACAAGTCCTTCTC-1,6,Mono_CD14,6094.0
AGAACAAGTTAGTGAT-1,15,T_CD8,3022.0
AGAACAAGTTCCTCCT-1,1,T_CD8,4030.0
AGAACAAGTTGCAATG-1,0,T_CD4,5662.0
AGAACAAGTTGGTTCT-1,7,Mono_CD14,4234.0
AGAACAAGTTTATGGG-1,11,DC,4105.0
AGAACCAAGCTGTAAC-1,15,T_CD8,3356.0
AGAACCAAGCTTACTT-1,2,T_CD4,5370.0
AGAACCAAGGCTACAT-1,5,NK,2935.0
AGAACCAAGGTCCTGA-1,6,Mono_CD14,3419.0
AGAACCAAGTCGCTAG-1,2,T_CD4,3287.0
AGAACCGCAAGTCGCT-1,2,T_CD4,4422.0
AGAACCGCACATTAAC-1,2,T_CD4,3101.0
AGAACCGCAGAAATGC-1,6,Mono_CD14,5368.0
AGAACCGCAGGCGATA-1,13,B,4381.0
AGAACCGCAGGCTAAG-1,2,T_CD4,4340.0
AGAACCGCATAATCGT-1,3,Mono_CD14,772.0
AGAAGGTGTAGGTTGC-1,16,pDC,4323.0
AGAAGGTGTCGCGCAA-1,15,T_CD8,2626.0
AGAAGGTGTGATCAGC-1,2,T_CD4,3766.0
AGAAGGTGTTAGGCGT-1,0,T_CD4,554.0
AGAAGGTGTTGTCCAT-1,11,DC,2420.0
AGAATCGAGACAAGTG-1,4,Mono_CD16,4703.0
AGAATCGAGTAATCCA-1,7,Mono_CD14,3511.0
AGAATCGAGTCTTGAA-1,0,T_CD4,2060.0
AGAATCTGTCAACAAT-1,6,Mono_CD14,5533.0
AGAATCTGTGAGGTAG-1,0,T_CD4,3511.0
AGAATCTGTGCGCGTA-1,9,dropped,6912.0
AGAATCTGTGTGAGGA-1,6,Mono_CD14,3949.0
AGAATCTGTTCAAGAT-1,7,Mono_CD14,7299.0
AGACAATAGCTAAAGG-1,6,Mono_CD14,2914.0
AGACAATAGGATCACT-1,5,NK,6068.0
AGACAATAGGTGCTGC-1,0,T_CD4,2933.0
AGACAATAGTCATTGA-1,4,Mono_CD16,6312.0
AGACAATAGTGACCTG-1,1,T_CD8,4822.0
AGACACGCAGACAAAC-1,6,Mono_CD14,4793.0
AGACACGCAGGATAAC-1,15,T_CD8,2868.0
AGACACGCATGTCAAT-1,0,T_CD4,2498.0
AGACCCGGTAAGGTCC-1,0,T_CD4,3433.0
AGACCCGGTATTGTCC-1,13,B,3836.0
AGACCCGGTCTAACCT-1,2,T_CD4,5094.0
AGACCCGGTTAATGAC-1,5,NK,1824.0
AGACCCGGTTAATGCG-1,13,B,1202.0
AGACCCGGTTACTAGG-1,2,T_CD4,2258.0
AGACTATGTAATCGCA-1,0,T_CD4,3003.0
AGACTATGTACCCACC-1,1,T_CD8,2716.0
AGACTATGTGTGTCCC-1,0,T_CD4,1514.0
AGACTATGTTTAGCTC-1,0,T_CD4,3073.0
AGAGAAGCAACTAGCC-1,2,T_CD4,6155.0
AGAGAAGCAAGGGTTG-1,7,Mono_CD14,4024.0
AGAGAAGCACAACAAA-1,6,Mono_CD14,4847.0
AGAGAAGCACTTGTTC-1,6,Mono_CD14,4534.0
AGAGAAGCAGCTTAGC-1,7,Mono_CD14,3930.0
AGAGAAGCAGTACCGT-1,7,Mono_CD14,4700.0
AGAGAAGCAGTAGCCT-1,2,T_CD4,4672.0
AGAGAAGCATCCCGCT-1,6,Mono_CD14,4350.0
AGAGAAGCATGGCCTG-1,7,Mono_CD14,5242.0
AGAGAAGCATGTCAAT-1,10,NK,5382.0
AGAGAGGAGAGCCGCT-1,16,pDC,4571.0
AGAGAGGAGTTCCCGT-1,1,T_CD8,3423.0
AGAGATTAGCATGGTT-1,2,T_CD4,2787.0
AGAGATTAGGATCACT-1,15,T_CD8,2703.0
AGAGATTAGGCTGTCA-1,2,T_CD4,3136.0
AGAGATTAGGCTTAAC-1,6,Mono_CD14,4740.0
AGAGATTAGGGATGCG-1,6,Mono_CD14,3645.0
AGAGATTAGGTAACGA-1,2,T_CD4,2980.0
AGAGATTAGTACTGGT-1,1,T_CD8,3029.0
AGAGGAACAGGCATCT-1,7,Mono_CD14,5699.0
AGAGGAACATTGTGAT-1,6,Mono_CD14,1800.0
AGAGGATGTCATCCTG-1,0,T_CD4,2018.0
AGAGGATGTGAAACAA-1,0,T_CD4,2619.0
AGAGGATGTGAGGTAG-1,11,DC,7898.0
AGAGGATGTGGGAACA-1,0,T_CD4,2484.0
AGAGGATGTGTGCACG-1,9,dropped,6509.0
AGAGGATGTTACTTCA-1,5,NK,2691.0
AGAGGATGTTGCACAA-1,0,T_CD4,3510.0
AGAGGATGTTGGCCGA-1,3,Mono_CD14,582.0
AGATGAAGTCACTCGC-1,0,T_CD4,2719.0
AGATGAAGTGGATTCA-1,6,Mono_CD14,4822.0
AGATGAAGTTTAACCC-1,13,B,3078.0
AGATGCTTCCGGTTGA-1,0,T_CD4,2678.0
AGATGCTTCGTCATTT-1,2,T_CD4,3691.0
AGATGCTTCGTTACTT-1,8,dropped,8621.0
AGATGCTTCTCCATAT-1,2,T_CD4,3712.0
AGATGCTTCTTCAATC-1,2,T_CD4,3561.0
AGCAAATAGCGAGGTG-1,4,Mono_CD16,5753.0
AGCAAATAGGACCTGC-1,0,T_CD4,2264.0
AGCAAATAGGCGCACT-1,8,dropped,12454.0
AGCAAATAGTACTGGT-1,6,Mono_CD14,4032.0
AGCAACAAGACAACGA-1,15,T_CD8,3067.0
AGCAACAAGACAGGTA-1,15,T_CD8,9200.0
AGCAACAAGCCGCTAA-1,11,DC,7355.0
AGCAACAAGGCTACTG-1,0,T_CD4,2571.0
AGCAACAAGGTAACGA-1,2,T_CD4,9783.0
AGCAAGGGTAATCACG-1,0,T_CD4,7698.0
AGCAAGGGTCTAACAG-1,2,T_CD4,10615.0
AGCAAGGGTGAAACAA-1,8,dropped,4463.0
AGCAAGGGTGCATTTC-1,2,T_CD4,2983.0
AGCAAGGGTTATCGAG-1,6,Mono_CD14,4624.0
AGCAAGGGTTATGTGG-1,1,T_CD8,3066.0
AGCAAGGGTTCCATTA-1,2,T_CD4,7587.0
AGCAAGGGTTTGAGGC-1,15,T_CD8,1923.0
AGCAATACAACTGGCT-1,10,NK,3736.0
AGCAATACAATATACC-1,13,B,3469.0
AGCAATACAATCGCAC-1,2,T_CD4,5102.0
AGCAATACAGTACCGT-1,1,T_CD8,2763.0
AGCAATACAGTCTATG-1,2,T_CD4,3186.0
AGCAATACATAGACCC-1,2,T_CD4,3378.0
AGCAATTGTAATCACG-1,1,T_CD8,4598.0
AGCAATTGTACAAAGA-1,11,DC,9304.0
AGCAATTGTCTAACCT-1,2,T_CD4,3656.0
AGCAATTGTGCAATGC-1,15,T_CD8,3042.0
AGCAATTGTTCCATTA-1,2,T_CD4,2377.0
AGCAATTGTTTGCAGA-1,7,Mono_CD14,6254.0
AGCACAGCACGAACAG-1,7,Mono_CD14,5539.0
AGCACAGCACGAATCC-1,4,Mono_CD16,4724.0
AGCACAGCACTGGCTG-1,6,Mono_CD14,3305.0
AGCACAGCAGGTTATT-1,6,Mono_CD14,4957.0
AGCACAGCATTGTTGG-1,1,T_CD8,4036.0
AGCACTAGTACTGATG-1,0,T_CD4,2495.0
AGCACTAGTCACCTAT-1,1,T_CD8,4117.0
AGCACTAGTGGACATC-1,0,T_CD4,3921.0
AGCACTAGTGTCACGG-1,2,T_CD4,1733.0
AGCACTAGTGTGTCCC-1,0,T_CD4,2278.0
AGCACTAGTTAACACG-1,6,Mono_CD14,2148.0
AGCACTAGTTAAGCGC-1,0,T_CD4,2695.0
AGCACTAGTTAATGCG-1,1,T_CD8,3322.0
AGCACTAGTTACGCGG-1,2,T_CD4,2765.0
AGCACTAGTTAGCAGC-1,9,dropped,8593.0
AGCACTTAGCACTAAC-1,1,T_CD8,2770.0
AGCACTTAGCGATAAG-1,7,Mono_CD14,2740.0
AGCACTTAGCTTAGTA-1,1,T_CD8,5003.0
AGCACTTAGGTGAGAC-1,2,T_CD4,4120.0
AGCACTTAGTAATCCA-1,7,Mono_CD14,5910.0
AGCAGGTAGCGAGGTG-1,15,T_CD8,3221.0
AGCAGGTAGCTCGCTT-1,0,T_CD4,2697.0
AGCAGGTAGGACAACA-1,8,dropped,9680.0
AGCAGGTAGGCATGTT-1,0,T_CD4,2721.0
AGCAGGTAGGGACCTC-1,6,Mono_CD14,3328.0
AGCAGGTAGGTAAGGC-1,11,DC,13897.0
AGCAGGTAGTCACTAA-1,13,B,2614.0
AGCAGGTAGTTCCCGT-1,7,Mono_CD14,3793.0
AGCATCCCAATAACCT-1,16,pDC,4386.0
AGCATCCCACAGCCTG-1,7,Mono_CD14,4691.0
AGCATCCCAGATTCAT-1,0,T_CD4,4122.0
AGCATCCCAGTAGCCT-1,7,Mono_CD14,8815.0
AGCATCCCATCGTTCT-1,7,Mono_CD14,6407.0
AGCATTTCAATGAATG-1,7,Mono_CD14,4236.0
AGCATTTCACCGGTAT-1,6,Mono_CD14,4247.0
AGCATTTCACGAACAG-1,1,T_CD8,2643.0
AGCATTTCATGGTTAT-1,2,T_CD4,12584.0
AGCCAGTGTAGCAGCT-1,4,Mono_CD16,7364.0
AGCCAGTGTCATAACG-1,0,T_CD4,2524.0
AGCCAGTGTGCTCCAC-1,6,Mono_CD14,5206.0
AGCCAGTGTGTTTGCT-1,6,Mono_CD14,3236.0
AGCCAGTGTTACATCC-1,7,Mono_CD14,4803.0
AGCCAGTGTTAGGATT-1,2,T_CD4,5117.0
AGCCAGTGTTATAGCG-1,0,T_CD4,1573.0
AGCCAGTGTTCCGCAC-1,0,T_CD4,858.0
AGCCAGTGTTCCTCCT-1,0,T_CD4,3000.0
AGCCAGTGTTCGCGCT-1,7,Mono_CD14,4986.0
AGCCAGTGTTTAGCGA-1,13,B,3445.0
AGCCGCTAGCCGCAGT-1,2,T_CD4,3775.0
AGCCGCTAGGAGGACT-1,4,Mono_CD16,5404.0
AGCCGCTAGGATGATG-1,7,Mono_CD14,3954.0
AGCCGCTAGGCGCTAC-1,1,T_CD8,2577.0
AGCCGCTAGTTCCTGC-1,0,T_CD4,2064.0
AGCCGGTTCAAGTGTC-1,0,T_CD4,2296.0
AGCCGGTTCAATGTGC-1,1,T_CD8,2989.0
AGCCGGTTCAGGAAGC-1,1,T_CD8,5607.0
AGCCGGTTCAGGTTTA-1,16,pDC,9310.0
AGCCGGTTCTGTTGCC-1,2,T_CD4,3227.0
AGCCTAAGTACGTTTC-1,2,T_CD4,4414.0
AGCCTAAGTATTACCC-1,7,Mono_CD14,3929.0
AGCCTAAGTGCTTACT-1,8,dropped,7791.0
AGCCTAAGTTGGTTAG-1,15,T_CD8,2926.0
AGCCTAAGTTTGCGAA-1,15,T_CD8,2880.0
AGCCTAGTCAAAGGCA-1,15,T_CD8,2503.0
AGCCTAGTCATGCTTT-1,8,dropped,6368.0
AGCCTAGTCATTACGA-1,7,Mono_CD14,6574.0
AGCCTAGTCCATTACT-1,1,T_CD8,2960.0
AGCCTAGTCCTAAATG-1,7,Mono_CD14,6853.0
AGCCTAGTCTAAGGAG-1,2,T_CD4,4924.0
AGCCTAGTCTGGCAAT-1,7,Mono_CD14,5249.0
AGCCTCCGTAGCTGGT-1,12,dropped,5209.0
AGCCTCCGTCGCAAAC-1,13,B,3183.0
AGCCTCCGTCTTACTA-1,5,NK,4311.0
AGCCTCCGTGGACATC-1,2,T_CD4,5053.0
AGCCTCCGTGTGAGAG-1,6,Mono_CD14,4413.0
AGCCTCCGTTAATGCG-1,1,T_CD8,3967.0
AGCCTCCGTTACATCC-1,13,B,2229.0
AGCCTCCGTTGAAGCC-1,4,Mono_CD16,7472.0
AGCCTGGGTGAGCGAA-1,4,Mono_CD16,3912.0
AGCCTGGGTGCCGCAA-1,0,T_CD4,2873.0
AGCCTGGGTGCTCCAC-1,0,T_CD4,2207.0
AGCCTGGGTGGTGAGA-1,5,NK,3274.0
AGCCTGGGTGTTGTGA-1,1,T_CD8,2027.0
AGCCTGGGTTAAATGC-1,2,T_CD4,5486.0
AGCCTGGGTTAGAGCC-1,6,Mono_CD14,5267.0
AGCCTGGGTTAGGATT-1,15,T_CD8,3384.0
AGCCTGGGTTCCGCAC-1,0,T_CD4,2834.0
AGCCTGGGTTCCTGAT-1,11,DC,9728.0
AGCCTGGGTTGGCGTG-1,1,T_CD8,2820.0
AGCGATTTCCAGGAAA-1,1,T_CD8,3345.0
AGCGATTTCCGCAAGC-1,13,B,1332.0
AGCGATTTCGCTAAGT-1,1,T_CD8,4204.0
AGCGATTTCGCTAGTG-1,15,T_CD8,3729.0
AGCGATTTCGCTCCAT-1,6,Mono_CD14,10547.0
AGCGATTTCGGTTTCC-1,1,T_CD8,3334.0
AGCGCCTAGAGGGACT-1,1,T_CD8,5037.0
AGCGCCTAGCATGCAT-1,0,T_CD4,2784.0
AGCGCCTAGCTTCTCA-1,7,Mono_CD14,9056.0
AGCGCCTAGGACAACA-1,1,T_CD8,2844.0
AGCGCCTAGGTAACGA-1,16,pDC,5766.0
AGCGCCTAGTAGCGCC-1,3,Mono_CD14,679.0
AGCGCCTAGTCATTTC-1,6,Mono_CD14,5267.0
AGCGCTCAGAGGCTAA-1,1,T_CD8,3575.0
AGCGCTCAGCATGCAT-1,4,Mono_CD16,8358.0
AGCGCTCAGCCTGTGA-1,0,T_CD4,2348.0
AGCGCTCAGCTAAAGG-1,0,T_CD4,1913.0
AGCGCTCAGCTACTGG-1,2,T_CD4,3379.0
AGCGCTCAGGACAACA-1,1,T_CD8,2784.0
AGCGCTCAGGACTTAC-1,7,Mono_CD14,5821.0
AGCGCTCAGGCTACAT-1,2,T_CD4,3987.0
AGCGCTCAGGTGCTGC-1,6,Mono_CD14,4591.0
AGCGCTCAGTCAATCA-1,2,T_CD4,3408.0
AGCGGACCAAGGGTTG-1,1,T_CD8,2210.0
AGCGGACCAATGAAGC-1,6,Mono_CD14,6004.0
AGCGGACCACAACAGG-1,2,T_CD4,3623.0
AGCGGATAGAAAGCAT-1,2,T_CD4,3222.0
AGCGGATAGACTAAGG-1,5,NK,3230.0
AGCGGATAGCAAGGAC-1,2,T_CD4,3745.0
AGCGGATAGCCGCAAC-1,2,T_CD4,1683.0
AGCGGATAGCCGCAGT-1,4,Mono_CD16,3677.0
AGCGGATAGCCTGGTA-1,13,B,1150.0
AGCGGATAGCTGTCAG-1,4,Mono_CD16,4332.0
AGCGGATAGGAACCAA-1,6,Mono_CD14,4868.0
AGCGGATAGGAGGCAT-1,11,DC,9500.0
AGCGGATAGGAGTCGG-1,6,Mono_CD14,4130.0
AGCGGATAGGATGATG-1,6,Mono_CD14,4492.0
AGCGGATAGGGTGAGT-1,15,T_CD8,1362.0
AGCGGATAGGTTACAC-1,8,dropped,6244.0
AGCGGATAGTCACTCC-1,2,T_CD4,4331.0
AGCGGATAGTTATGTG-1,1,T_CD8,4843.0
AGCGTGCTCATGTCAA-1,0,T_CD4,2048.0
AGCGTGCTCCGGTATG-1,2,T_CD4,3555.0
AGCGTGCTCCGGTTGA-1,2,T_CD4,3353.0
AGCGTGCTCCGTTATT-1,6,Mono_CD14,5618.0
AGCGTGCTCGACAAAG-1,1,T_CD8,3262.0
AGCGTGCTCGCTAGCA-1,2,T_CD4,2754.0
AGCGTGCTCTACTAAG-1,1,T_CD8,3541.0
AGCGTGCTCTCAATGA-1,0,T_CD4,1976.0
AGCGTGCTCTCATCAT-1,6,Mono_CD14,4678.0
AGCGTGCTCTCTAGCC-1,4,Mono_CD16,5968.0
AGCGTGCTCTTCAATC-1,8,dropped,9189.0
AGCTAAACAAGACTCC-1,0,T_CD4,2855.0
AGCTAAACACCTCAGG-1,7,Mono_CD14,3599.0
AGCTAAACACTAAGCC-1,0,T_CD4,2194.0
AGCTAAACACTATGGC-1,2,T_CD4,3186.0
AGCTAAACACTTACAG-1,7,Mono_CD14,5907.0
AGCTAAACAGTCTATG-1,15,T_CD8,2631.0
AGCTAAACAGTTATGT-1,2,T_CD4,2471.0
AGCTAAACATTAAGTC-1,0,T_CD4,2553.0
AGCTAACTCTGTGCCT-1,10,NK,10712.0
AGCTACGTCAATGAGG-1,1,T_CD8,7866.0
AGCTACGTCATAGACC-1,2,T_CD4,4024.0
AGCTACGTCCCGAAGC-1,2,T_CD4,3867.0
AGCTACGTCTAAGGAG-1,6,Mono_CD14,1521.0
AGCTACGTCTAATCCT-1,2,T_CD4,3361.0
AGCTACGTCTCCTCTT-1,1,T_CD8,4692.0
AGCTACTAGAAGGTGC-1,0,T_CD4,3144.0
AGCTACTAGACTCGCA-1,2,T_CD4,4593.0
AGCTACTAGCAATAGG-1,10,NK,4700.0
AGCTACTAGGAAGCTA-1,16,pDC,6434.0
AGCTACTAGTGCTGTG-1,0,T_CD4,1689.0
AGCTACTAGTTATGTG-1,15,T_CD8,1803.0
AGCTAGTTCGCTAGCA-1,2,T_CD4,2902.0
AGCTAGTTCGCTTCTA-1,8,dropped,8574.0
AGCTATATCAACCAAC-1,0,T_CD4,2849.0
AGCTATATCAGAAACG-1,11,DC,8911.0
AGCTATATCCCTCAGT-1,1,T_CD8,4665.0
AGCTATATCCTCCTAA-1,1,T_CD8,3244.0
AGCTATATCCTTCGTA-1,6,Mono_CD14,3780.0
AGCTATATCGTTTCTG-1,1,T_CD8,3605.0
AGCTATATCTAAGTGC-1,7,Mono_CD14,5672.0
AGCTCATAGACAGGCG-1,15,T_CD8,3335.0
AGCTCATAGACTCGCA-1,13,B,5473.0
AGCTCATAGGCCGGAA-1,6,Mono_CD14,5043.0
AGCTCATAGGCTACTG-1,4,Mono_CD16,6211.0
AGCTCATAGGCTGTGC-1,2,T_CD4,3257.0
AGCTCATAGGGTTAGA-1,2,T_CD4,3369.0
AGCTCATAGGTCCACA-1,0,T_CD4,2929.0
AGCTCATAGTGAGAGC-1,6,Mono_CD14,4975.0
AGCTGCTCACAGCCTG-1,12,dropped,7973.0
AGCTGCTCACATTAAC-1,12,dropped,6565.0
AGCTGCTCAGTAGGAT-1,0,T_CD4,1816.0
AGCTGCTCAGTCTAGC-1,6,Mono_CD14,4351.0
AGCTGCTCATGAATAG-1,6,Mono_CD14,5175.0
AGCTTAATCACCGGTA-1,16,pDC,5857.0
AGCTTAATCATGCCTC-1,1,T_CD8,4541.0
AGCTTAATCCATAATG-1,6,Mono_CD14,4441.0
AGCTTAATCCCGAAGC-1,7,Mono_CD14,5872.0
AGCTTAATCCCTGATC-1,0,T_CD4,2411.0
AGCTTAATCGATATTG-1,0,T_CD4,2423.0
AGCTTAATCGGTTTGG-1,11,DC,11865.0
AGCTTAATCGTCATTT-1,2,T_CD4,3842.0
AGCTTCCTCACTAAGC-1,13,B,3387.0
AGCTTCCTCAGTATTG-1,2,T_CD4,3840.0
AGCTTCCTCATGAAGG-1,1,T_CD8,3070.0
AGCTTCCTCATTACGA-1,6,Mono_CD14,3748.0
AGCTTCCTCCCTGATC-1,0,T_CD4,4246.0
AGCTTCCTCGAGGTGG-1,6,Mono_CD14,4525.0
AGCTTCCTCGTGCTTC-1,0,T_CD4,3407.0
AGCTTCCTCTAGCGTG-1,10,NK,4088.0
AGCTTGGTCAACCAAC-1,1,T_CD8,2187.0
AGCTTGGTCCTGTTCA-1,2,T_CD4,3333.0
AGCTTGGTCCTTCTAG-1,2,T_CD4,8498.0
AGCTTGGTCGACCTGA-1,12,dropped,6083.0
AGCTTGGTCGATAACC-1,1,T_CD8,1798.0
AGCTTGGTCGCTAGTG-1,1,T_CD8,2676.0
AGCTTGGTCTAACCTT-1,2,T_CD4,2966.0
AGCTTGGTCTCACAAA-1,10,NK,9224.0
AGCTTGGTCTCCTCAA-1,7,Mono_CD14,6579.0
AGCTTTAAGAAGCTAG-1,8,dropped,9713.0
AGCTTTAAGCGATAGA-1,1,T_CD8,1296.0
AGCTTTAAGCTGGACC-1,0,T_CD4,2907.0
AGCTTTAAGGAGGACT-1,6,Mono_CD14,8916.0
AGCTTTAAGGCCTAAT-1,13,B,1594.0
AGCTTTAAGGCTACTG-1,0,T_CD4,2673.0
AGCTTTAAGTGGCGGA-1,2,T_CD4,4135.0
AGGAAACGTAATTAGC-1,2,T_CD4,4289.0
AGGAAACGTGCTGTAA-1,0,T_CD4,3361.0
AGGAAACGTGGGTACT-1,2,T_CD4,5380.0
AGGAAACGTGGTTATG-1,1,T_CD8,5671.0
AGGAAACGTTGTAACG-1,8,dropped,6579.0
AGGAAACGTTGTGATG-1,6,Mono_CD14,4758.0
AGGAAACGTTTGCAGA-1,4,Mono_CD16,5408.0
AGGAACCAGCAACAAG-1,6,Mono_CD14,2283.0
AGGAACCAGGCAAGTA-1,6,Mono_CD14,3732.0
AGGAACCAGGCATTAC-1,0,T_CD4,2151.0
AGGAACCAGGCCATCA-1,0,T_CD4,2532.0
AGGAACCAGGGTTATC-1,0,T_CD4,2155.0
AGGAACCAGTAACCAC-1,1,T_CD8,3791.0
AGGAACCAGTTGTCAA-1,2,T_CD4,3661.0
AGGAACGGTAAGCTTG-1,15,T_CD8,3798.0
AGGAACGGTACTGATG-1,6,Mono_CD14,3426.0
AGGAACGGTGGAAACG-1,0,T_CD4,2471.0
AGGAACGGTGTTAAAC-1,2,T_CD4,4110.0
AGGAACGGTTTAAAGC-1,5,NK,3654.0
AGGAACGGTTTAACGG-1,1,T_CD8,3285.0
AGGACGTAGACTAAGG-1,4,Mono_CD16,8227.0
AGGACGTAGATAACCC-1,2,T_CD4,11847.0
AGGACGTAGATAGACG-1,2,T_CD4,4000.0
AGGACGTAGCGATAGA-1,0,T_CD4,2582.0
AGGACGTAGGAATAAC-1,6,Mono_CD14,7119.0
AGGACGTAGGCACAGG-1,2,T_CD4,4087.0
AGGACGTAGGCCTAAT-1,1,T_CD8,4093.0
AGGACGTAGTCAGGCC-1,7,Mono_CD14,3324.0
AGGACGTAGTCATGCG-1,5,NK,3074.0
AGGACTAAGACTTATG-1,6,Mono_CD14,5013.0
AGGACTAAGCTGTAAC-1,6,Mono_CD14,4150.0
AGGACTAAGTAGGATG-1,2,T_CD4,2385.0
AGGAGCTAGCAAGATG-1,11,DC,7162.0
AGGAGCTAGCCTGAGC-1,2,T_CD4,2497.0
AGGAGCTAGCCTGGTA-1,7,Mono_CD14,6092.0
AGGAGCTAGGAAACTG-1,4,Mono_CD16,3957.0
AGGAGCTAGGACCTGC-1,4,Mono_CD16,7085.0
AGGAGCTAGGGCCATC-1,15,T_CD8,2035.0
AGGAGCTAGTATTGCA-1,1,T_CD8,2653.0
AGGAGCTAGTATTGTG-1,10,NK,5488.0
AGGAGCTAGTGAGGGT-1,7,Mono_CD14,2584.0
AGGAGCTAGTTAGACC-1,6,Mono_CD14,4521.0
AGGATATAGCCGCTAA-1,6,Mono_CD14,6531.0
AGGATATAGGCATGTT-1,11,DC,15322.0
AGGATATAGGCTTAGT-1,6,Mono_CD14,4736.0
AGGATATAGGTAAGGC-1,3,Mono_CD14,172.0
AGGATATAGTGCTGTG-1,3,Mono_CD14,790.0
AGGATCCGTACCCACC-1,7,Mono_CD14,4485.0
AGGATCCGTAGGTGTC-1,0,T_CD4,2384.0
AGGATCCGTCACGAAC-1,0,T_CD4,3275.0
AGGATCCGTGAATCGC-1,13,B,3287.0
AGGATCCGTGTTGCAA-1,15,T_CD8,3279.0
AGGATCCGTTAACAGT-1,8,dropped,7608.0
AGGATGCAGAACCTGT-1,13,B,2662.0
AGGATGCAGAGGCTAA-1,10,NK,1946.0
AGGATGCAGGATGATG-1,2,T_CD4,3114.0
AGGATGCAGGGTTATC-1,0,T_CD4,3201.0
AGGATGTCACAAAGAC-1,11,DC,4033.0
AGGATGTCACAACCTA-1,15,T_CD8,3202.0
AGGATGTCACCCTCAC-1,6,Mono_CD14,6329.0
AGGATGTCACGTGCTG-1,1,T_CD8,3249.0
AGGATGTCAGGAACCA-1,2,T_CD4,2506.0
AGGATGTCATGTTTGG-1,16,pDC,10761.0
AGGATTGAGACAAGTG-1,2,T_CD4,2570.0
AGGATTGAGCACCACA-1,0,T_CD4,3472.0
AGGATTGAGGCGCACT-1,7,Mono_CD14,3590.0
AGGATTGAGGTGCGGA-1,0,T_CD4,2807.0
AGGATTGAGTCTTGAA-1,7,Mono_CD14,5234.0
AGGATTGAGTGATTCA-1,7,Mono_CD14,4176.0
AGGATTGAGTTATCTC-1,2,T_CD4,3732.0
AGGCAATCAAACCCTA-1,16,pDC,4145.0
AGGCAATCAAATTGCT-1,0,T_CD4,2566.0
AGGCAATCAGCAAGTG-1,2,T_CD4,3588.0
AGGCAATCATGAATCT-1,2,T_CD4,3983.0
AGGCAATCATGAGCAG-1,0,T_CD4,2711.0
AGGCAATCATTGACAT-1,13,B,2397.0
AGGCAGGTCACAAGCT-1,8,dropped,12613.0
AGGCAGGTCCCAGTAG-1,1,T_CD8,3594.0
AGGCAGGTCCCGCATT-1,1,T_CD8,3680.0
AGGCAGGTCCTAAGTA-1,11,DC,8456.0
AGGCAGGTCTACTAAG-1,6,Mono_CD14,6281.0
AGGCCCAGTACCCACC-1,12,dropped,5758.0
AGGCCCAGTCTCAGCC-1,0,T_CD4,3230.0
AGGCCCAGTCTTGCTG-1,6,Mono_CD14,6745.0
AGGCCCAGTGCAACTA-1,10,NK,10624.0
AGGCCCAGTTACAACG-1,1,T_CD8,4169.0
AGGCCCAGTTATCCTA-1,5,NK,5706.0
AGGCGGATCAATTGGC-1,15,T_CD8,2861.0
AGGCGGATCAGTATTG-1,2,T_CD4,5330.0
AGGCTAAAGAGAGCCG-1,6,Mono_CD14,2808.0
AGGCTAAAGCATCCAG-1,6,Mono_CD14,4842.0
AGGCTAAAGCGCCTTT-1,1,T_CD8,2713.0
AGGCTAAAGGCCTTAG-1,0,T_CD4,1860.0
AGGCTAAAGGGTCTAT-1,13,B,3836.0
AGGCTAAAGTAACAGG-1,0,T_CD4,3744.0
AGGCTAAAGTCATGCG-1,12,dropped,11253.0
AGGCTAAAGTTGCGTG-1,13,B,2125.0
AGGCTAGCAAACTAAG-1,12,dropped,7998.0
AGGCTAGCACAATGCC-1,1,T_CD8,3083.0
AGGCTAGCACCTCACC-1,2,T_CD4,3747.0
AGGCTAGCAGCTTACA-1,6,Mono_CD14,6234.0
AGGCTAGCAGGTTATT-1,6,Mono_CD14,2903.0
AGGCTAGCAGTTGCGT-1,6,Mono_CD14,4985.0
AGGCTAGCATCCTGAA-1,6,Mono_CD14,4115.0
AGGCTAGCATGGCCTG-1,13,B,2629.0
AGGCTAGCATTAAACC-1,1,T_CD8,3389.0
AGGCTAGCATTGTGAT-1,10,NK,3957.0
AGGGCCTTCAAACCGT-1,1,T_CD8,1473.0
AGGGCCTTCACGCATG-1,5,NK,3552.0
AGGGCCTTCAGCTAAC-1,2,T_CD4,4447.0
AGGGCCTTCATGCTAA-1,0,T_CD4,2467.0
AGGGCCTTCCTCAGTC-1,6,Mono_CD14,5140.0
AGGGCCTTCGAGGAAC-1,15,T_CD8,3593.0
AGGGCCTTCTAACTGA-1,5,NK,2260.0
AGGGCCTTCTCACATT-1,0,T_CD4,2188.0
AGGGCCTTCTTTAAGG-1,3,Mono_CD14,1582.0
AGGGCTACACAACCTA-1,6,Mono_CD14,3543.0
AGGGCTACAGCATTAT-1,0,T_CD4,1980.0
AGGGCTACAGTTTACG-1,0,T_CD4,4408.0
AGGGCTACATTATGAC-1,8,dropped,9295.0
AGGGCTACATTGCGAC-1,4,Mono_CD16,6072.0
AGGGTTGCAAGCTTAT-1,1,T_CD8,3558.0
AGGGTTGCAAGGACCA-1,7,Mono_CD14,5606.0
AGGGTTGCAATATGGA-1,15,T_CD8,3929.0
AGGGTTGCACCTCACC-1,6,Mono_CD14,4272.0
AGGGTTGCACGTAAGG-1,0,T_CD4,3042.0
AGGGTTGCAGCAACAG-1,11,DC,9883.0
AGGGTTGCAGTTATGT-1,6,Mono_CD14,4393.0
AGGTAACCACATTGCA-1,0,T_CD4,2940.0
AGGTAACCAGAAATGC-1,7,Mono_CD14,5351.0
AGGTAACCAGCCTTGG-1,1,T_CD8,2376.0
AGGTACGCAAATTCGT-1,6,Mono_CD14,4470.0
AGGTACGCAAGCTTTG-1,15,T_CD8,2496.0
AGGTACGCACCGGCTA-1,2,T_CD4,4901.0
AGGTACGCAGCCTTGG-1,2,T_CD4,3878.0
AGGTACGCATAGCAGG-1,2,T_CD4,4584.0
AGGTATTGTGTTTGTC-1,2,T_CD4,3412.0
AGGTATTGTTAGTTGG-1,13,B,2699.0
AGGTATTGTTGCAGTA-1,7,Mono_CD14,4278.0
AGGTATTGTTGCTTCG-1,4,Mono_CD16,5028.0
AGGTATTGTTTAAAGC-1,6,Mono_CD14,5328.0
AGGTATTGTTTCCACG-1,7,Mono_CD14,4734.0
AGGTCAAAGAACAAGT-1,13,B,1563.0
AGGTCAAAGCGATAAG-1,7,Mono_CD14,6513.0
AGGTCAAAGGATCCGC-1,5,NK,3082.0
AGGTCAAAGGCCAATT-1,11,DC,10282.0
AGGTCAAAGGCTGGCT-1,1,T_CD8,2286.0
AGGTCAAAGTCGCTAG-1,2,T_CD4,2786.0
AGGTCAAAGTCTTGAA-1,2,T_CD4,2965.0
AGGTCAAAGTTACTTC-1,7,Mono_CD14,6161.0
AGGTCATTCCACCCTG-1,0,T_CD4,3636.0
AGGTCATTCCACCTTA-1,13,B,4580.0
AGGTCATTCCAGGTCA-1,1,T_CD8,3744.0
AGGTCATTCCGCAAGC-1,2,T_CD4,3962.0
AGGTCATTCCTAATAG-1,2,T_CD4,5914.0
AGGTCATTCCTCAGCT-1,7,Mono_CD14,6996.0
AGGTCATTCGCCTGTT-1,1,T_CD8,4145.0
AGGTCATTCGCTTGCT-1,15,T_CD8,3322.0
AGGTCATTCTAACCAA-1,7,Mono_CD14,4240.0
AGGTCATTCTGCAAGT-1,0,T_CD4,2611.0
AGGTCCGGTAAAGCGG-1,0,T_CD4,2558.0
AGGTCCGGTATCTGGA-1,2,T_CD4,3163.0
AGGTCCGGTCCAAATG-1,6,Mono_CD14,4160.0
AGGTCCGGTCTTTATG-1,7,Mono_CD14,5048.0
AGGTCCGGTTAAGCCA-1,6,Mono_CD14,3883.0
AGGTCCGGTTCACCAT-1,11,DC,9231.0
AGGTCTTAGCGAGCGA-1,13,B,2440.0
AGGTCTTAGCTCAAAC-1,1,T_CD8,3857.0
AGGTCTTAGGCAGGTG-1,7,Mono_CD14,3561.0
AGGTCTTAGGCTGTGC-1,2,T_CD4,2834.0
AGGTCTTAGGGACGCA-1,5,NK,3192.0
AGGTCTTAGTCACTCC-1,8,dropped,12600.0
AGGTCTTAGTCAGTAC-1,5,NK,2688.0
AGGTGAATCAAGCTAC-1,2,T_CD4,4593.0
AGGTGAATCACTCAAA-1,6,Mono_CD14,9547.0
AGGTGAATCATTGTCT-1,10,NK,3684.0
AGGTGAATCCAGGTTG-1,0,T_CD4,2487.0
AGGTGAATCCTTCGTA-1,7,Mono_CD14,8076.0
AGGTGAATCGCTATGG-1,10,NK,3824.0
AGGTGAATCTGGTCCT-1,6,Mono_CD14,7981.0
AGGTGAATCTTGCAAA-1,0,T_CD4,3188.0
AGGTGAGGTACGTTTC-1,0,T_CD4,2153.0
AGGTGAGGTCACGGAT-1,2,T_CD4,2783.0
AGGTGAGGTCGCATAA-1,0,T_CD4,2695.0
AGGTGAGGTGCATCGG-1,8,dropped,6304.0
AGGTGAGGTGGATTCA-1,11,DC,9207.0
AGGTGAGGTGGTTCCC-1,10,NK,6775.0
AGGTGAGGTTCACCAT-1,11,DC,8010.0
AGGTTAACAACCGCCA-1,7,Mono_CD14,5599.0
AGGTTAACACAATACT-1,6,Mono_CD14,3968.0
AGGTTAACACTTCACT-1,4,Mono_CD16,6401.0
AGGTTAACAGCATGGA-1,2,T_CD4,2266.0
AGGTTACTCCCTCACG-1,0,T_CD4,4219.0
AGGTTACTCCTAAGTA-1,15,T_CD8,3198.0
AGGTTACTCCTTAAGA-1,6,Mono_CD14,4959.0
AGGTTACTCGAAGCGG-1,1,T_CD8,3004.0
AGGTTACTCGAAGTAG-1,0,T_CD4,3783.0
AGGTTACTCGGTCATG-1,11,DC,8180.0
AGGTTAGAGCAGGTTT-1,0,T_CD4,2185.0
AGGTTAGAGCATGTCG-1,1,T_CD8,3006.0
AGGTTAGAGGACCGCT-1,2,T_CD4,3969.0
AGGTTAGAGGAGTAAT-1,2,T_CD4,4200.0
AGGTTAGAGGCGGGTA-1,16,pDC,3243.0
AGGTTAGAGTTAGCCG-1,1,T_CD8,3479.0
AGGTTGCGTACCCACC-1,0,T_CD4,2043.0
AGGTTGCGTACTTCAC-1,0,T_CD4,2086.0
AGGTTGCGTGCAATGC-1,2,T_CD4,2536.0
AGGTTGCGTGGGAACA-1,13,B,4098.0
AGGTTGCGTTCCTCCT-1,6,Mono_CD14,3602.0
AGGTTGCGTTCTTTAG-1,0,T_CD4,2864.0
AGGTTGCGTTTAGTCC-1,15,T_CD8,3562.0
AGGTTTATCACAGACT-1,2,T_CD4,5742.0
AGGTTTATCATTAGTG-1,15,T_CD8,3245.0
AGGTTTATCATTTGCT-1,8,dropped,6765.0
AGGTTTATCCGCCTAT-1,6,Mono_CD14,3311.0
AGGTTTATCCTAAGGT-1,2,T_CD4,8502.0
AGGTTTATCCTTCAAT-1,7,Mono_CD14,4604.0
AGGTTTATCGCTTCTA-1,1,T_CD8,9044.0
AGGTTTATCTTGGATA-1,0,T_CD4,1882.0
AGGTTTGGTAATCCCT-1,6,Mono_CD14,3589.0
AGGTTTGGTCAAGACC-1,6,Mono_CD14,5083.0
AGGTTTGGTCAATAGT-1,6,Mono_CD14,4407.0
AGGTTTGGTGTTGCAA-1,5,NK,3354.0
AGTAAACAGACTTATG-1,6,Mono_CD14,4656.0
AGTAAACAGAGGAGTC-1,1,T_CD8,5323.0
AGTAAACAGCCGGTAC-1,1,T_CD8,3240.0
AGTAAACAGCCTGTTC-1,16,pDC,4645.0
AGTAAACAGCTGTCAG-1,6,Mono_CD14,3619.0
AGTAAACAGGACCGCT-1,6,Mono_CD14,7466.0
AGTAAACAGGGTTATC-1,6,Mono_CD14,4857.0
AGTAAACAGTCCTGAG-1,0,T_CD4,2461.0
AGTAAACAGTTATGTG-1,0,T_CD4,1821.0
AGTAAACAGTTGCCTC-1,6,Mono_CD14,4026.0
AGTAACACAAGCTTTG-1,13,B,7699.0
AGTAACACAATGCCCG-1,7,Mono_CD14,5868.0
AGTAACACAATTAACC-1,2,T_CD4,2387.0
AGTAACACAGCTAACC-1,2,T_CD4,1327.0
AGTAACACAGGCGAGT-1,3,Mono_CD14,261.0
AGTAACACATAGGCGA-1,5,NK,2428.0
AGTAACCTCAATCTAG-1,11,DC,9299.0
AGTAACCTCACCGGTA-1,1,T_CD8,3813.0
AGTAACCTCATTAGCA-1,2,T_CD4,2876.0
AGTAACCTCATTAGGC-1,2,T_CD4,4085.0
AGTAACCTCATTGTCT-1,1,T_CD8,2480.0
AGTAACCTCCGGTTGA-1,2,T_CD4,3280.0
AGTAACCTCCTAATAG-1,7,Mono_CD14,3213.0
AGTAACCTCGGCCATA-1,15,T_CD8,3075.0
AGTAACGAGAGAGGCT-1,0,T_CD4,2806.0
AGTAACGAGAGCCGCT-1,2,T_CD4,8223.0
AGTAACGAGGCGCTAC-1,2,T_CD4,7343.0
AGTAACGAGTTATTCC-1,2,T_CD4,3474.0
AGTAACGAGTTGTCAA-1,6,Mono_CD14,5239.0
AGTAAGTAGCTTAACA-1,0,T_CD4,6247.0
AGTAAGTAGGATGATG-1,1,T_CD8,2187.0
AGTAAGTAGTAACGAG-1,1,T_CD8,5956.0
AGTAAGTAGTATCGCG-1,0,T_CD4,1276.0
AGTAAGTAGTCACTAA-1,4,Mono_CD16,7733.0
AGTAAGTAGTCACTCC-1,6,Mono_CD14,4976.0
AGTAAGTAGTTAGGCT-1,6,Mono_CD14,5905.0
AGTAAGTAGTTGTCTT-1,6,Mono_CD14,4125.0
AGTAATCGTCATGCCC-1,7,Mono_CD14,3400.0
AGTAATCGTTGCGCGA-1,6,Mono_CD14,4672.0
AGTAATGCAAACGCGA-1,15,T_CD8,2297.0
AGTAATGCAAGTTATC-1,1,T_CD8,3941.0
AGTAATGCACCAGGTT-1,2,T_CD4,389.0
AGTAATGCACCTACTT-1,6,Mono_CD14,2726.0
AGTAATGCATAAGTTC-1,0,T_CD4,2262.0
AGTACGCGTAGTTACG-1,7,Mono_CD14,6130.0
AGTACGCGTCGACTCC-1,15,T_CD8,4956.0
AGTACGCGTGAGACTC-1,16,pDC,5947.0
AGTACGCGTGCTCCGT-1,2,T_CD4,9988.0
AGTACGCGTTAGTGAT-1,10,NK,4507.0
AGTACGCGTTTGCGAA-1,7,Mono_CD14,2784.0
AGTAGCTTCAGGTCCA-1,13,B,2863.0
AGTAGCTTCGGGATTT-1,8,dropped,8274.0
AGTAGCTTCTCACACC-1,1,T_CD8,1499.0
AGTAGGATCAAACCGT-1,2,T_CD4,4319.0
AGTAGGATCAATCATG-1,0,T_CD4,2539.0
AGTAGGATCAATTGGC-1,2,T_CD4,2895.0
AGTAGGATCATTGCAA-1,0,T_CD4,4504.0
AGTAGGATCGCCTGTT-1,6,Mono_CD14,3227.0
AGTAGGATCGCTAAGT-1,7,Mono_CD14,5823.0
AGTAGGATCGTAATCA-1,1,T_CD8,3559.0
AGTATAGCAAACTAAG-1,13,B,2966.0
AGTATAGCAAACTCAT-1,0,T_CD4,1258.0
AGTATAGCAAATACCT-1,2,T_CD4,5437.0
AGTATAGCAAATTCGT-1,2,T_CD4,5466.0
AGTATAGCAACAACAA-1,10,NK,4892.0
AGTATAGCAACTAACT-1,6,Mono_CD14,5820.0
AGTATAGCACACTAAT-1,13,B,3025.0
AGTATAGCAGAGAGCC-1,1,T_CD8,2464.0
AGTATAGCAGGAACCA-1,0,T_CD4,2970.0
AGTATAGCATAGCTTG-1,6,Mono_CD14,4378.0
AGTATAGCATCCATCT-1,1,T_CD8,3092.0
AGTATAGCATTGCAGC-1,7,Mono_CD14,4551.0
AGTCAAGAGAACCTGT-1,7,Mono_CD14,4906.0
AGTCAAGAGCTTATGA-1,1,T_CD8,3457.0
AGTCAAGAGGAAACTG-1,2,T_CD4,2952.0
AGTCAATGTAATCACG-1,2,T_CD4,3888.0
AGTCAATGTAGGATTT-1,6,Mono_CD14,5908.0
AGTCAATGTCAGGCAT-1,1,T_CD8,6928.0
AGTCAATGTGACATGC-1,6,Mono_CD14,3326.0
AGTCAATGTGAGACTC-1,1,T_CD8,3933.0
AGTCAATGTGATGAGG-1,8,dropped,10390.0
AGTCAATGTGCCTCAC-1,11,DC,11248.0
AGTCAATGTGTTGCAA-1,13,B,7312.0
AGTCAGGCACTCAACA-1,7,Mono_CD14,6110.0
AGTCAGGCATAGCGGA-1,13,B,2065.0
AGTCAGGCATGAAATG-1,6,Mono_CD14,4755.0
AGTCAGGCATGGCCTG-1,2,T_CD4,3703.0
AGTCAGGCATGGTTAT-1,6,Mono_CD14,5481.0
AGTCCTGAGACAACAG-1,15,T_CD8,1859.0
AGTCCTGAGCCATCAG-1,2,T_CD4,3368.0
AGTCCTGAGCCTGTTC-1,8,dropped,11061.0
AGTCCTGAGCTAATTG-1,6,Mono_CD14,3214.0
AGTCCTGAGGCTACTG-1,14,dropped,15099.0
AGTCCTGAGGGATGAC-1,2,T_CD4,2573.0
AGTCCTGAGTCCTTCA-1,7,Mono_CD14,6293.0
AGTCCTGAGTTACCGG-1,0,T_CD4,3397.0
AGTCCTTGTAAGCACC-1,7,Mono_CD14,5701.0
AGTCCTTGTCAAGTGC-1,1,T_CD8,3299.0
AGTCCTTGTGCTTACT-1,4,Mono_CD16,8117.0
AGTCCTTGTTTACGTC-1,15,T_CD8,3244.0
AGTCGCATCAAACCGT-1,1,T_CD8,3543.0
AGTCGCATCAAGTGTC-1,6,Mono_CD14,3674.0
AGTCGCATCCAAACAC-1,15,T_CD8,2918.0
AGTCGCATCCGCACAA-1,0,T_CD4,2118.0
AGTCGCATCTATCGCC-1,2,T_CD4,4503.0
AGTCTTGCAATAACCT-1,6,Mono_CD14,5650.0
AGTCTTGCACCGGCTA-1,9,dropped,4103.0
AGTCTTGCACCTGGTG-1,11,DC,6371.0
AGTCTTGCACTAAGCC-1,12,dropped,4915.0
AGTCTTGCACTTAGGC-1,0,T_CD4,2157.0
AGTCTTGCAGAAACGT-1,0,T_CD4,2998.0
AGTCTTGCATAAACCT-1,4,Mono_CD16,8273.0
AGTCTTGCATAGCTTG-1,1,T_CD8,3017.0
AGTCTTGCATTGTCCT-1,7,Mono_CD14,4730.0
AGTGAACCAAGGTCGA-1,1,T_CD8,2452.0
AGTGAACCAATTAGGA-1,5,NK,3259.0
AGTGAACCACCTACGG-1,5,NK,1341.0
AGTGAACCACCTCAGG-1,1,T_CD8,3063.0
AGTGAACCACTGGCTG-1,2,T_CD4,4461.0
AGTGAGTCAACAACAA-1,11,DC,10650.0
AGTGAGTCAATAGCCC-1,2,T_CD4,3176.0
AGTGAGTCAATATACC-1,2,T_CD4,3770.0
AGTGAGTCAGCAAGAT-1,0,T_CD4,2902.0
AGTGAGTCAGCTACGT-1,2,T_CD4,4172.0
AGTGAGTCAGGATAAC-1,16,pDC,4841.0
AGTGAGTCATAGGCGA-1,15,T_CD8,3214.0
AGTGATGAGATGGACA-1,6,Mono_CD14,5272.0
AGTGATGAGGCATGTT-1,10,NK,8113.0
AGTGATGAGTCACCTC-1,0,T_CD4,2554.0
AGTGCACGTCAAAGGG-1,6,Mono_CD14,3830.0
AGTGCACGTCAATGTG-1,13,B,2442.0
AGTGCACGTCACACCC-1,0,T_CD4,2784.0
AGTGCACGTCCTAACT-1,7,Mono_CD14,3612.0
AGTGCACGTGCGCGTA-1,13,B,2097.0
AGTGCACGTTACAACG-1,6,Mono_CD14,4422.0
AGTGCACGTTCCGCAC-1,7,Mono_CD14,4428.0
AGTGCACGTTGCACAA-1,13,B,2710.0
AGTGCACGTTTGGGCG-1,0,T_CD4,3601.0
AGTGCCGGTATGGTGC-1,13,B,3431.0
AGTGCCGGTCATCAAG-1,6,Mono_CD14,4216.0
AGTGCCGGTGCGCATG-1,13,B,3137.0
AGTGCCGGTGTTGCAA-1,6,Mono_CD14,2808.0
AGTGCCGGTTACCTGT-1,2,T_CD4,2348.0
AGTGCCGGTTATCCTA-1,2,T_CD4,1121.0
AGTGCGGAGAAAGCAT-1,0,T_CD4,2245.0
AGTGCGGAGAGCAAGC-1,13,B,2706.0
AGTGCGGAGCACAGCC-1,13,B,2648.0
AGTGCGGAGCACCACA-1,0,T_CD4,2809.0
AGTGCGGAGCTAATTG-1,4,Mono_CD16,6059.0
AGTGCGGAGGCTGTGC-1,2,T_CD4,1647.0
AGTGCGGAGTAACGAG-1,7,Mono_CD14,3617.0
AGTGCGGAGTACTGGT-1,2,T_CD4,8442.0
AGTGCGGAGTGAGGTA-1,1,T_CD8,3670.0
AGTGCGGAGTTGCGTG-1,3,Mono_CD14,1680.0
AGTGGACAGAGGAGGA-1,7,Mono_CD14,3113.0
AGTGGACAGGCCGGAA-1,2,T_CD4,2513.0
AGTGGACAGGGTCCAC-1,13,B,5444.0
AGTGTGGCAAGCCAGA-1,3,Mono_CD14,1063.0
AGTGTGGCAATAGTCT-1,1,T_CD8,3181.0
AGTGTGGCAATGAAGC-1,0,T_CD4,2912.0
AGTGTGGCACGTGCTG-1,2,T_CD4,2326.0
AGTGTGGCAGCACGAA-1,6,Mono_CD14,2138.0
AGTGTGGCATAAAGCA-1,7,Mono_CD14,4577.0
AGTGTGGCATAAGGAC-1,2,T_CD4,4458.0
AGTGTGGCATCGTTCT-1,2,T_CD4,3470.0
AGTGTGGCATTGTGCA-1,6,Mono_CD14,2608.0
AGTGTTTCAAGGTACG-1,2,T_CD4,3028.0
AGTGTTTCAATTATGC-1,6,Mono_CD14,4536.0
AGTGTTTCACTTGTTC-1,15,T_CD8,2814.0
AGTGTTTCAGCACCAT-1,10,NK,5860.0
AGTGTTTCAGGACCTT-1,15,T_CD8,2615.0
AGTGTTTCATAGCTGC-1,11,DC,7217.0
AGTGTTTCATTAAAGG-1,0,T_CD4,2977.0
AGTGTTTCATTGTGTG-1,9,dropped,12034.0
AGTTACATCCAATAGC-1,3,Mono_CD14,214.0
AGTTACATCCAGGTCA-1,2,T_CD4,3557.0
AGTTACATCCTGGTCT-1,2,T_CD4,3540.0
AGTTACATCGCACAAT-1,6,Mono_CD14,5247.0
AGTTACATCTAGCGTG-1,0,T_CD4,3471.0
AGTTACTCAAATTCGT-1,1,T_CD8,5161.0
AGTTACTCAGCTTACA-1,6,Mono_CD14,5828.0
AGTTACTCAGGCAAGC-1,1,T_CD8,3726.0
AGTTACTCATTGCAGC-1,2,T_CD4,3402.0
AGTTATGTCATCCTGC-1,6,Mono_CD14,3997.0
AGTTATGTCATGTGGT-1,6,Mono_CD14,4613.0
AGTTATGTCCAATAGC-1,2,T_CD4,3355.0
AGTTATGTCCCGCAAA-1,8,dropped,11854.0
AGTTATGTCTAACCTT-1,0,T_CD4,2467.0
AGTTGCAGTCTTTGAC-1,0,T_CD4,5910.0
AGTTGCGTCATGGCCA-1,13,B,1659.0
AGTTGCGTCATGGTTA-1,4,Mono_CD16,2339.0
AGTTGCGTCCCATAAA-1,0,T_CD4,3084.0
AGTTGCGTCCGCCTCA-1,1,T_CD8,2782.0
AGTTGCGTCCTGGTCT-1,7,Mono_CD14,8821.0
AGTTGCGTCTGCAAAC-1,0,T_CD4,1995.0
AGTTGGCGTCCTAACT-1,6,Mono_CD14,5224.0
AGTTGGCGTCGCAATA-1,7,Mono_CD14,4441.0
AGTTGGCGTGGACCTG-1,2,T_CD4,1816.0
AGTTGGCGTTAAGCCA-1,15,T_CD8,2650.0
AGTTGGCGTTGCCTCA-1,2,T_CD4,2536.0
AGTTGGCGTTTGTGGA-1,1,T_CD8,2721.0
AGTTGTCAGAACCTGT-1,1,T_CD8,3599.0
AGTTGTCAGCAAGGAC-1,6,Mono_CD14,7197.0
AGTTGTCAGCAGCTCA-1,8,dropped,9930.0
AGTTGTCAGGAACGGT-1,3,Mono_CD14,36.0
AGTTGTCAGGCATTAC-1,0,T_CD4,2609.0
AGTTGTCAGTCAATTG-1,2,T_CD4,3262.0
AGTTGTCAGTTGTCCC-1,7,Mono_CD14,5846.0
AGTTTGATCCCGCCTA-1,11,DC,8590.0
AGTTTGATCCTAAGTA-1,8,dropped,5074.0
AGTTTGATCTAAGGAG-1,6,Mono_CD14,4950.0
AGTTTGATCTCGCCTG-1,1,T_CD8,4148.0
AGTTTGCAGATAGACG-1,12,dropped,9555.0
AGTTTGCAGGAACCAA-1,7,Mono_CD14,5858.0
AGTTTGCAGGCCCAGT-1,2,T_CD4,2813.0
AGTTTGCAGGCCTGGT-1,2,T_CD4,4082.0
AGTTTGCAGGCCTTAG-1,15,T_CD8,3254.0
AGTTTGCAGGTATTGC-1,2,T_CD4,3622.0
ATAACGACAATGAGGT-1,2,T_CD4,3324.0
ATAACGACACACCAAC-1,2,T_CD4,1073.0
ATAACGACACTAAGTT-1,1,T_CD8,7384.0
ATAACGACATAGTCAT-1,13,B,3384.0
ATAACGACATTAAACC-1,6,Mono_CD14,3266.0
ATAAGCCTCTTAGGGT-1,13,B,4167.0
ATAAGTCGTAACTACG-1,6,Mono_CD14,5143.0
ATAAGTCGTAAGCTTG-1,2,T_CD4,3644.0
ATAAGTCGTAGCCTCC-1,13,B,2640.0
ATAAGTCGTCTCACTG-1,7,Mono_CD14,6331.0
ATAAGTCGTGAAACAA-1,6,Mono_CD14,3806.0
ATAAGTCGTTCATTTG-1,1,T_CD8,2584.0
ATAAGTCGTTGGATAT-1,1,T_CD8,3669.0
ATAAGTCGTTGGCCGA-1,2,T_CD4,3462.0
ATAAGTCGTTGGTTGA-1,16,pDC,4366.0
ATAATGGCAATTAAGG-1,7,Mono_CD14,7158.0
ATAATGGCACAACCTA-1,7,Mono_CD14,4413.0
ATAATGGCACAATGTT-1,2,T_CD4,4422.0
ATAATGGCAGAAACGT-1,7,Mono_CD14,4696.0
ATAATGGCAGTACCGT-1,13,B,3030.0
ATAATGGCAGTCTATG-1,1,T_CD8,2814.0
ATAATGGCATTAAGTC-1,4,Mono_CD16,6151.0
ATAATGGCATTGCGTA-1,5,NK,2768.0
ATACCGGTCAATGACC-1,0,T_CD4,1939.0
ATACCGGTCAGCCAAT-1,15,T_CD8,4597.0
ATACCGGTCAGGCCTA-1,1,T_CD8,5410.0
ATACCGGTCATTTGTC-1,6,Mono_CD14,3385.0
ATACCGGTCCTCAGCT-1,13,B,4435.0
ATACCGGTCGGTTACG-1,13,B,2767.0
ATACCGGTCTAAGTGC-1,15,T_CD8,2891.0
ATACCTGCAACTAGGG-1,4,Mono_CD16,6454.0
ATACCTGCACTAAGCC-1,0,T_CD4,3049.0
ATACCTGCACTGACCG-1,0,T_CD4,3740.0
ATACCTGCAGCCAGTT-1,2,T_CD4,3890.0
ATACCTGCAGCCTTGG-1,5,NK,2887.0
ATACCTGCAGCTAATT-1,6,Mono_CD14,6033.0
ATACCTGCATCGCTCC-1,5,NK,2012.0
ATACCTGCATGGAGGC-1,1,T_CD8,3557.0
ATACCTGCATGGCCTG-1,11,DC,9472.0
ATACCTGCATTTAAGC-1,0,T_CD4,5189.0
ATAGATGCAAACCTTG-1,0,T_CD4,3842.0
ATAGATGCAAGATTCT-1,7,Mono_CD14,5685.0
ATAGATGCACACTAAT-1,6,Mono_CD14,6960.0
ATAGATGCAGGCATGA-1,1,T_CD8,3120.0
ATAGATGCAGGTTAAA-1,2,T_CD4,6642.0
ATAGATGCATCGCTTT-1,1,T_CD8,2718.0
ATAGATGCATGATTGT-1,7,Mono_CD14,7510.0
ATAGATGCATTGTGGC-1,2,T_CD4,3547.0
ATAGCATGTAAGCACC-1,4,Mono_CD16,10976.0
ATAGCATGTAATGACT-1,1,T_CD8,3191.0
ATAGCATGTCAGGAAG-1,2,T_CD4,3553.0
ATAGCATGTCCCGAAG-1,8,dropped,9047.0
ATAGCATGTGACCTGG-1,6,Mono_CD14,4003.0
ATAGCATGTGAGACTC-1,4,Mono_CD16,5443.0
ATAGCATGTTATCCGT-1,1,T_CD8,3285.0
ATAGGTACAAACGCGA-1,1,T_CD8,2873.0
ATAGGTACAAAGCCTC-1,9,dropped,12102.0
ATAGGTACACTGACCG-1,1,T_CD8,3181.0
ATAGGTACAGGTCCTG-1,6,Mono_CD14,4211.0
ATAGGTACATCCAGGT-1,1,T_CD8,3162.0
ATATAGGCAATTGACT-1,2,T_CD4,3454.0
ATATAGGCAATTTAGC-1,7,Mono_CD14,4457.0
ATATAGGCACCACAAC-1,5,NK,4002.0
ATATAGGCATAAACCT-1,7,Mono_CD14,3339.0
ATATGCATCAAATCGC-1,2,T_CD4,2761.0
ATATGCATCAACAAGG-1,15,T_CD8,3381.0
ATATGCATCAATACGC-1,2,T_CD4,3741.0
ATATGCATCACTTCAT-1,7,Mono_CD14,4338.0
ATATGCATCCCTGACT-1,5,NK,6289.0
ATATGCATCCTAGTCC-1,6,Mono_CD14,4187.0
ATATGCATCCTTCTAG-1,2,T_CD4,2178.0
ATATGCATCTCTAGCC-1,15,T_CD8,3847.0
ATATGCATCTTGGACG-1,6,Mono_CD14,4965.0
ATATGCTCAAACTCAT-1,5,NK,3046.0
ATATGCTCAAGCGAGC-1,0,T_CD4,2189.0
ATATGCTCAAGCTAAA-1,2,T_CD4,5487.0
ATATGCTCAATGAAGC-1,13,B,4957.0
ATATGCTCAGGATTAA-1,12,dropped,6549.0
ATATGCTCATAAACCT-1,5,NK,3509.0
ATATGCTCATCACTTC-1,1,T_CD8,2855.0
ATATGCTCATCGCTTT-1,1,T_CD8,3123.0
ATATGCTCATTAGGTT-1,15,T_CD8,1395.0
ATATGCTCATTTGCTC-1,6,Mono_CD14,4750.0
ATATGGTGTAAGCTCA-1,2,T_CD4,4258.0
ATATGGTGTCAGGAAG-1,0,T_CD4,2125.0
ATATGGTGTGAGCACT-1,1,T_CD8,2802.0
ATATGGTGTTATTGCC-1,0,T_CD4,2764.0
ATATGGTGTTGCATCT-1,4,Mono_CD16,6973.0
ATATGGTGTTGCGCGA-1,0,T_CD4,3184.0
ATATGGTGTTGTGACA-1,15,T_CD8,2453.0
ATATGTCCAAACTGCC-1,4,Mono_CD16,6998.0
ATATGTCCAAGGTATA-1,7,Mono_CD14,6002.0
ATATGTCCACAAAGAC-1,13,B,4366.0
ATATGTCCAGCATGTC-1,1,T_CD8,3210.0
ATATGTCCATGAAATG-1,1,T_CD8,3588.0
ATATGTCCATGAGCAG-1,7,Mono_CD14,4912.0
ATATGTCCATGTCGCG-1,1,T_CD8,4363.0
ATCAAGACAATGCCCG-1,1,T_CD8,4120.0
ATCAAGACACAGAACG-1,1,T_CD8,4173.0
ATCAAGACATCTAGCA-1,0,T_CD4,3439.0
ATCAAGACATTGTGCA-1,6,Mono_CD14,4820.0
ATCAAGCTCACACAGT-1,2,T_CD4,6499.0
ATCAAGCTCATGCAAC-1,10,NK,3241.0
ATCAAGCTCCCTTGCG-1,1,T_CD8,3332.0
ATCAAGCTCGGGATTT-1,2,T_CD4,4427.0
ATCAAGCTCGGTTTCC-1,7,Mono_CD14,5556.0
ATCAAGCTCTGCAAGT-1,15,T_CD8,2774.0
ATCAAGCTCTTAGGGT-1,6,Mono_CD14,6809.0
ATCAATCCAAGGGTTG-1,6,Mono_CD14,2534.0
ATCAATCCACTTCATC-1,6,Mono_CD14,2189.0
ATCAATCCAGGAACAT-1,13,B,3962.0
ATCAATCCATGAATCT-1,0,T_CD4,2619.0
ATCAATCCATTAAGTC-1,6,Mono_CD14,5074.0
ATCACAATCACCTGCT-1,1,T_CD8,4019.0
ATCACAATCCGCCTCA-1,3,Mono_CD14,164.0
ATCACAATCCTTCAAT-1,1,T_CD8,7176.0
ATCACAATCGCTATAA-1,13,B,3434.0
ATCACAATCGTTCACC-1,6,Mono_CD14,8163.0
ATCACACAGCGCTAAT-1,1,T_CD8,4505.0
ATCACACAGTAACTCA-1,11,DC,9272.0
ATCACACAGTTGTCCC-1,2,T_CD4,2917.0
ATCACCCTCAGGCTAT-1,7,Mono_CD14,8021.0
ATCACCCTCAGTTCCC-1,2,T_CD4,2592.0
ATCACCCTCCGCCTCA-1,7,Mono_CD14,5954.0
ATCACCCTCGAGGAGT-1,1,T_CD8,3442.0
ATCACCCTCGATTTGA-1,13,B,3114.0
ATCACCCTCGCCTGTT-1,1,T_CD8,4382.0
ATCACCCTCTGTGCCT-1,5,NK,3712.0
ATCACTAAGAAAGCAT-1,2,T_CD4,1649.0
ATCACTAAGTAAGTGG-1,7,Mono_CD14,4486.0
ATCAGGTTCAAGCTAC-1,0,T_CD4,1305.0
ATCAGGTTCCCAGTAG-1,2,T_CD4,4517.0
ATCAGGTTCCCGTTGT-1,15,T_CD8,5443.0
ATCAGGTTCCGCAACA-1,2,T_CD4,3950.0
ATCAGGTTCCGCCTCA-1,13,B,2873.0
ATCAGGTTCCTTGAGG-1,0,T_CD4,7523.0
ATCAGGTTCCTTGCGT-1,7,Mono_CD14,3203.0
ATCAGGTTCGGCCAGT-1,7,Mono_CD14,5368.0
ATCAGGTTCTGGCAAT-1,6,Mono_CD14,5418.0
ATCATCAAGACTTACA-1,13,B,3422.0
ATCATCAAGATAACCC-1,6,Mono_CD14,3949.0
ATCATCAAGCAGGTTT-1,6,Mono_CD14,4583.0
ATCATCAAGCCTGACA-1,0,T_CD4,3373.0
ATCATCAAGCGAAGTA-1,11,DC,6200.0
ATCATCAAGGACAACA-1,0,T_CD4,3342.0
ATCATCAAGGCATTAC-1,1,T_CD8,3954.0
ATCATCAAGGCCTAAT-1,4,Mono_CD16,7493.0
ATCATCAAGGCGAATA-1,16,pDC,8283.0
ATCATCAAGTAACGAG-1,13,B,2392.0
ATCATCAAGTCGCTAG-1,14,dropped,11641.0
ATCATGTCAACTGGGA-1,13,B,2521.0
ATCATGTCAATAGCAA-1,7,Mono_CD14,6175.0
ATCATGTCAATGCGCT-1,2,T_CD4,3878.0
ATCATGTCACTAAGCC-1,2,T_CD4,2726.0
ATCATGTCAGCTTAGC-1,10,NK,4314.0
ATCATGTCATAAGTCT-1,2,T_CD4,3313.0
ATCATGTCATCCATCT-1,0,T_CD4,2614.0
ATCATGTCATCGCTTT-1,1,T_CD8,3880.0
ATCATGTCATGGTTAT-1,11,DC,12134.0
ATCCAACAGACCATAC-1,6,Mono_CD14,5628.0
ATCCAACAGCTATATG-1,7,Mono_CD14,6924.0
ATCCAACAGGAAACTG-1,2,T_CD4,3295.0
ATCCAACAGGAACGCG-1,6,Mono_CD14,4029.0
ATCCAACAGGTGTCCA-1,7,Mono_CD14,4338.0
ATCCACCTCACTCGCT-1,5,NK,4120.0
ATCCACCTCAGGTTTA-1,0,T_CD4,6345.0
ATCCACCTCGTGCTAG-1,13,B,3880.0
ATCCATAAGCAGCTCA-1,8,dropped,8090.0
ATCCATAAGCATGCAT-1,0,T_CD4,2827.0
ATCCATAAGCCTGTTC-1,8,dropped,9371.0
ATCCATAAGGCGCTAC-1,2,T_CD4,3230.0
ATCCATAAGGTCCACA-1,2,T_CD4,2833.0
ATCCATAAGTATTGCA-1,2,T_CD4,9547.0
ATCCATAAGTGAACGA-1,0,T_CD4,3124.0
ATCCCGCGTAACCAGC-1,0,T_CD4,2274.0
ATCCCGCGTAGGATCC-1,7,Mono_CD14,3772.0
ATCCCGCGTCAAGACC-1,2,T_CD4,3992.0
ATCCCGCGTGATCATG-1,6,Mono_CD14,5381.0
ATCCCGCGTGTTGTAG-1,0,T_CD4,1754.0
ATCCCGCGTTATAGCG-1,1,T_CD8,3709.0
ATCCCGCGTTGCAATG-1,0,T_CD4,1809.0
ATCCCGCGTTGCCTCA-1,2,T_CD4,3284.0
ATCCCGCGTTTGTTGC-1,0,T_CD4,3701.0
ATCCGTGAGAGGAGTC-1,5,NK,3171.0
ATCCGTGAGCGGCTGT-1,0,T_CD4,2897.0
ATCCGTGAGCTAAGTC-1,1,T_CD8,2697.0
ATCCGTGAGGACTAAG-1,7,Mono_CD14,5401.0
ATCCGTGAGGCAACAA-1,2,T_CD4,3461.0
ATCCGTGAGGGTTATC-1,2,T_CD4,7081.0
ATCCGTGAGTTGGCCA-1,8,dropped,6469.0
ATCCTCATCAGCAAGA-1,15,T_CD8,2760.0
ATCCTCATCATGCGTG-1,15,T_CD8,11271.0
ATCCTCATCCCTGATC-1,12,dropped,8879.0
ATCCTCATCCTTGAGG-1,0,T_CD4,2163.0
ATCCTGACAAACCTTG-1,6,Mono_CD14,5181.0
ATCCTGACAAATACCT-1,1,T_CD8,4993.0
ATCCTGACAAGGTCCT-1,3,Mono_CD14,305.0
ATCCTGACAATGCCTA-1,9,dropped,9107.0
ATCCTGACAGTAAAGC-1,5,NK,2902.0
ATCCTTAGTAAATTGC-1,2,T_CD4,4700.0
ATCCTTAGTACAAAGA-1,5,NK,4685.0
ATCCTTAGTATTCGCT-1,0,T_CD4,3075.0
ATCCTTAGTCTTGCAT-1,0,T_CD4,2975.0
ATCCTTAGTGAAACAA-1,2,T_CD4,5017.0
ATCCTTAGTGAGAAAC-1,1,T_CD8,4972.0
ATCCTTAGTGAGACTC-1,8,dropped,14505.0
ATCCTTAGTGCAATGC-1,0,T_CD4,2583.0
ATCCTTAGTGCTAGCG-1,2,T_CD4,3547.0
ATCCTTAGTGCTTACT-1,0,T_CD4,7423.0
ATCCTTAGTGTGCACG-1,6,Mono_CD14,4411.0
ATCCTTAGTGTTGTAG-1,1,T_CD8,2843.0
ATCCTTAGTTTATTCG-1,13,B,4509.0
ATCGAGGCAAACATAG-1,1,T_CD8,2628.0
ATCGAGGCAAAGCGGC-1,1,T_CD8,4429.0
ATCGAGGCAACAGCCT-1,6,Mono_CD14,2440.0
ATCGAGGCAATCTCTC-1,0,T_CD4,3388.0
ATCGAGGCAATTTAGC-1,2,T_CD4,4733.0
ATCGAGGCACGTTACA-1,2,T_CD4,3590.0
ATCGAGGCACTAAGCC-1,2,T_CD4,4002.0
ATCGAGGCACTGGCTG-1,2,T_CD4,3777.0
ATCGAGGCATAATGTC-1,1,T_CD8,3363.0
ATCGAGGCATCGCTCC-1,5,NK,3107.0
ATCGAGGCATTTAAGC-1,13,B,2270.0
ATCGCCCGTAACGGGA-1,0,T_CD4,2996.0
ATCGCCCGTCCTCCAA-1,13,B,1458.0
ATCGCCCGTGAGCAAG-1,5,NK,1689.0
ATCGCCCGTGTTGTAG-1,8,dropped,9072.0
ATCGCCCGTTAGACCA-1,1,T_CD8,3550.0
ATCGCCCGTTCAAGAT-1,6,Mono_CD14,4081.0
ATCGCCCGTTCGCTCA-1,15,T_CD8,4129.0
ATCGCTTGTAAATTGC-1,6,Mono_CD14,6114.0
ATCGCTTGTAATGACT-1,1,T_CD8,3586.0
ATCGCTTGTACCGTAA-1,0,T_CD4,3135.0
ATCGCTTGTCAGGCCA-1,0,T_CD4,3564.0
ATCGCTTGTGGATTGC-1,7,Mono_CD14,4162.0
ATCGCTTGTTTATTCG-1,6,Mono_CD14,6276.0
ATCGGCCAGAAGGTGC-1,6,Mono_CD14,3599.0
ATCGGCCAGACAGGCG-1,0,T_CD4,3476.0
ATCGGCCAGAGGCTAA-1,0,T_CD4,2064.0
ATCGGCCAGGGTTAGA-1,4,Mono_CD16,7110.0
ATCGGCCAGGTCATTA-1,7,Mono_CD14,4470.0
ATCGGCCAGTCGCTAG-1,6,Mono_CD14,4091.0
ATCGGCCAGTCTATGA-1,6,Mono_CD14,4445.0
ATCGGCCAGTTACTTC-1,5,NK,3617.0
ATCGGCCAGTTATTCC-1,2,T_CD4,3517.0
ATCTATGAGACAAGTG-1,2,T_CD4,3782.0
ATCTATGAGAGGGACT-1,5,NK,2895.0
ATCTATGAGCTAAGTC-1,1,T_CD8,4095.0
ATCTATGAGGTTAGCT-1,1,T_CD8,2813.0
ATCTATGAGTCAGTAC-1,6,Mono_CD14,5433.0
ATCTTTGGTAAGCTTG-1,4,Mono_CD16,6121.0
ATCTTTGGTACTTCAC-1,6,Mono_CD14,4471.0
ATCTTTGGTAGTCAAT-1,1,T_CD8,4841.0
ATCTTTGGTGTTAAAC-1,5,NK,3575.0
ATCTTTGGTTCACCCA-1,8,dropped,6631.0
ATGAAGCCAATGCCTA-1,7,Mono_CD14,6949.0
ATGAAGCCAATTATGC-1,6,Mono_CD14,4239.0
ATGAAGCCACCATATG-1,1,T_CD8,4114.0
ATGAAGCCACGGTTTA-1,6,Mono_CD14,4230.0
ATGAAGCCACGTAAGG-1,6,Mono_CD14,3642.0
ATGAAGCCAGAGGCTA-1,2,T_CD4,3655.0
ATGAAGCCATAAGGAC-1,4,Mono_CD16,6867.0
ATGAAGCCATAGTCAT-1,1,T_CD8,2843.0
ATGAAGTAGATAGACG-1,6,Mono_CD14,4172.0
ATGAAGTAGGATTGCT-1,7,Mono_CD14,7341.0
ATGAAGTAGGATTTGC-1,7,Mono_CD14,6293.0
ATGAAGTAGGGATGCG-1,0,T_CD4,3241.0
ATGAAGTAGTAACCAC-1,10,NK,5892.0
ATGAAGTAGTCCTTCA-1,0,T_CD4,1624.0
ATGAAGTAGTGCACGC-1,4,Mono_CD16,3113.0
ATGAATGCAAATTGCT-1,3,Mono_CD14,323.0
ATGAATGCAACATAAG-1,0,T_CD4,2190.0
ATGAATGCAAGGACCA-1,4,Mono_CD16,6150.0
ATGAATGCAATCCTGA-1,0,T_CD4,3443.0
ATGAATGCAATCTCTC-1,1,T_CD8,5829.0
ATGAATGCACTGGCCA-1,8,dropped,6509.0
ATGAATGCACTTACAG-1,6,Mono_CD14,4516.0
ATGAATGCAGGCCATT-1,7,Mono_CD14,4614.0
ATGAATGCAGGTTACC-1,5,NK,4269.0
ATGAATGCATAAGTTC-1,6,Mono_CD14,4192.0
ATGAATGCATAGCTTG-1,0,T_CD4,2883.0
ATGAATGCATTGTCAG-1,7,Mono_CD14,14990.0
ATGACAACAACAGGTG-1,6,Mono_CD14,4071.0
ATGACAACAAGGCCAA-1,2,T_CD4,4966.0
ATGACAACAAGTTATC-1,8,dropped,6770.0
ATGACAACAATAGTCT-1,2,T_CD4,4540.0
ATGACAACAATTGACT-1,13,B,3763.0
ATGACAACACGCAACT-1,1,T_CD8,3352.0
ATGACCAGTAGTCAAT-1,11,DC,7806.0
ATGACCAGTCGCAATA-1,0,T_CD4,2230.0
ATGACCAGTGCCGCAA-1,0,T_CD4,1699.0
ATGACCAGTGTGAGAG-1,6,Mono_CD14,4481.0
ATGACCAGTTAGACCA-1,6,Mono_CD14,5442.0
ATGACGAAGGAGGGTT-1,0,T_CD4,3250.0
ATGACGAAGGCAACAA-1,10,NK,3199.0
ATGACGAAGTAACAGG-1,2,T_CD4,2872.0
ATGACGAAGTCACCAG-1,2,T_CD4,3748.0
ATGACGAAGTTTGAGC-1,2,T_CD4,2428.0
ATGACTCAGCTCCTAC-1,2,T_CD4,3672.0
ATGACTCAGGATTGAG-1,1,T_CD8,2962.0
ATGACTCAGGCATTAC-1,2,T_CD4,4589.0
ATGACTCAGGCCTGGT-1,13,B,4000.0
ATGACTCAGGCGCACT-1,6,Mono_CD14,3024.0
ATGACTCAGGCGCATC-1,1,T_CD8,3845.0
ATGACTCAGGCTAATC-1,7,Mono_CD14,6266.0
ATGACTCAGTAGAGGC-1,6,Mono_CD14,3755.0
ATGACTCAGTGAAGTG-1,15,T_CD8,4147.0
ATGACTCAGTGAGCGG-1,1,T_CD8,3794.0
ATGAGCCGTCAGTAAT-1,2,T_CD4,3666.0
ATGAGCCGTCTTTGAC-1,4,Mono_CD16,5396.0
ATGAGCCGTGCTCCGT-1,15,T_CD8,2642.0
ATGAGCCGTGTCACGG-1,6,Mono_CD14,3733.0
ATGATGACAGGCTTGT-1,0,T_CD4,2244.0
ATGATGACAGTTTGTG-1,8,dropped,8059.0
ATGATGACATAAGGAC-1,2,T_CD4,3744.0
ATGATGACATGGTTAT-1,10,NK,7176.0
ATGATGGAGCAAGATG-1,1,T_CD8,2843.0
ATGATGGAGCAGGTTT-1,2,T_CD4,3131.0
ATGATGGAGCGATAAG-1,5,NK,3152.0
ATGATGGAGGTGAGAC-1,5,NK,3656.0
ATGATGGAGTAAGGGC-1,2,T_CD4,2874.0
ATGATGGAGTTGGATC-1,1,T_CD8,2477.0
ATGCAAACAACCGCCA-1,6,Mono_CD14,6566.0
ATGCAAACATTAAAGG-1,6,Mono_CD14,4964.0
ATGCAAACATTTAAGC-1,2,T_CD4,4249.0
ATGCAGGCAAGCTAAA-1,2,T_CD4,3797.0
ATGCAGGCACCTCAGG-1,15,T_CD8,3758.0
ATGCAGGCAGGGAGCT-1,7,Mono_CD14,6338.0
ATGCAGGCAGGTTATT-1,7,Mono_CD14,4813.0
ATGCAGGCATTAGGCC-1,7,Mono_CD14,4418.0
ATGCAGGCATTGCAGC-1,6,Mono_CD14,4256.0
ATGCAGGCATTGCGTA-1,1,T_CD8,2613.0
ATGCATTCAACAGCCT-1,1,T_CD8,3840.0
ATGCATTCAATCCTGA-1,0,T_CD4,3809.0
ATGCATTCAATCTCTC-1,0,T_CD4,4378.0
ATGCATTCAGCAACAG-1,0,T_CD4,2419.0
ATGCATTCAGCATGAG-1,2,T_CD4,3184.0
ATGCATTCATCATGTG-1,0,T_CD4,2497.0
ATGCCTGAGATAGACG-1,15,T_CD8,4434.0
ATGCCTGAGCACAGCC-1,13,B,2145.0
ATGCCTGAGCTCGCTT-1,0,T_CD4,4195.0
ATGCCTGAGGATCACT-1,0,T_CD4,2460.0
ATGCCTGAGGCCTGGT-1,2,T_CD4,5031.0
ATGCCTGAGTCACCAG-1,16,pDC,5515.0
ATGCCTGAGTGAACGA-1,0,T_CD4,3395.0
ATGCCTGAGTTAGACC-1,10,NK,3987.0
ATGCCTGAGTTATTCC-1,8,dropped,7037.0
ATGCGATTCCTCAGCT-1,6,Mono_CD14,6579.0
ATGCGATTCCTTAAGA-1,1,T_CD8,1725.0
ATGCGATTCGATTCTT-1,2,T_CD4,8223.0
ATGCGATTCGCCTGTT-1,0,T_CD4,3247.0
ATGCGATTCGGTTAGT-1,2,T_CD4,3690.0
ATGCGATTCGTCAAGT-1,1,T_CD8,4198.0
ATGCGATTCTAATCCT-1,2,T_CD4,398.0
ATGCGATTCTTGATGA-1,0,T_CD4,2857.0
ATGCTTAAGCACTAAC-1,6,Mono_CD14,5648.0
ATGCTTAAGCCTGATG-1,4,Mono_CD16,6518.0
ATGCTTAAGCTGTAAC-1,10,NK,4800.0
ATGCTTAAGGTCATTA-1,1,T_CD8,4011.0
ATGCTTAAGGTGTTAC-1,10,NK,7884.0
ATGCTTAAGTAAGAAC-1,2,T_CD4,3843.0
ATGCTTAAGTATTGCA-1,0,T_CD4,2852.0
ATGCTTAAGTTCCCAC-1,2,T_CD4,4830.0
ATGGACAAGCGATACT-1,12,dropped,16537.0
ATGGACAAGGCCCAGT-1,15,T_CD8,3100.0
ATGGACAAGGTGAAAT-1,8,dropped,11908.0
ATGGACAAGTCACCAG-1,5,NK,3525.0
ATGGACAAGTCGCTAG-1,12,dropped,5630.0
ATGGCCCAGAGGAGTC-1,6,Mono_CD14,3917.0
ATGGCCCAGCTAGAAG-1,6,Mono_CD14,3377.0
ATGGCCCAGGAAGCAC-1,6,Mono_CD14,4906.0
ATGGCCCAGGAGCACG-1,2,T_CD4,3922.0
ATGGCCCAGGAGGCAT-1,1,T_CD8,3049.0
ATGGCCCAGTCAGGCC-1,9,dropped,10223.0
ATGGCCCAGTTTCCTG-1,1,T_CD8,5037.0
ATGGCCGGTAACAGGG-1,12,dropped,8014.0
ATGGCCGGTAAGCTCA-1,2,T_CD4,3942.0
ATGGCCGGTACCCACC-1,11,DC,11193.0
ATGGCCGGTAGGATTT-1,8,dropped,6453.0
ATGGCCGGTCTCAGCC-1,1,T_CD8,1908.0
ATGGCCGGTGGTGAGA-1,13,B,2195.0
ATGGCCGGTGTTAAAC-1,0,T_CD4,1840.0
ATGGCCGGTGTTGCAA-1,4,Mono_CD16,9941.0
ATGGCTAGTAATAACC-1,1,T_CD8,2317.0
ATGGCTAGTGAGCAAG-1,6,Mono_CD14,4139.0
ATGGCTAGTGATGATT-1,1,T_CD8,2346.0
ATGGCTAGTGATTACG-1,5,NK,2487.0
ATGGCTAGTGATTTGG-1,2,T_CD4,2832.0
ATGGCTAGTTAATCGG-1,4,Mono_CD16,5770.0
ATGGCTAGTTTATTCG-1,15,T_CD8,2243.0
ATGGCTGTCCATCAGG-1,4,Mono_CD16,5677.0
ATGGCTGTCTAGCTTT-1,0,T_CD4,1976.0
ATGGCTGTCTTGAGCG-1,13,B,3253.0
ATGGCTTAGCATGTTA-1,7,Mono_CD14,4216.0
ATGGCTTAGCTGAGGG-1,11,DC,8629.0
ATGGCTTAGGGTGGAT-1,6,Mono_CD14,5127.0
ATGGCTTAGTGAACGA-1,2,T_CD4,2544.0
ATGGTCTAGACAAAGT-1,0,T_CD4,2521.0
ATGGTCTAGCGTGCAC-1,7,Mono_CD14,6154.0
ATGGTCTAGGAGGACT-1,2,T_CD4,2340.0
ATGGTCTAGGCTTAAC-1,5,NK,4054.0
ATGGTCTAGGCTTAGT-1,7,Mono_CD14,6821.0
ATGGTCTAGTCACCAG-1,15,T_CD8,3227.0
ATGGTGCGTAACCTAG-1,0,T_CD4,2744.0
ATGGTGCGTATTGTCC-1,13,B,5788.0
ATGGTGCGTGCGCATG-1,1,T_CD8,2826.0
ATGGTGCGTGTCCAAA-1,1,T_CD8,1254.0
ATGGTGCGTTATCGAG-1,2,T_CD4,3146.0
ATGGTGCGTTTCCACG-1,13,B,4112.0
ATGGTTATCCGCACAA-1,8,dropped,14908.0
ATGGTTATCCTAAGGT-1,7,Mono_CD14,5328.0
ATGGTTATCCTAATTC-1,6,Mono_CD14,4979.0
ATGGTTATCGGGCCAT-1,6,Mono_CD14,3617.0
ATGGTTATCTAATTGG-1,2,T_CD4,3231.0
ATGGTTATCTTCAATC-1,4,Mono_CD16,5185.0
ATGTAACGTAGGTTTG-1,6,Mono_CD14,3981.0
ATGTAACGTAGTTAAC-1,8,dropped,10852.0
ATGTAACGTCGCGCAA-1,5,NK,2216.0
ATGTAACGTGAGCACT-1,2,T_CD4,3479.0
ATGTAACGTGGACCTG-1,7,Mono_CD14,5988.0
ATGTAACGTTGCGGAT-1,6,Mono_CD14,5117.0
ATGTAACGTTTGCTGT-1,1,T_CD8,4265.0
ATGTAACGTTTGGGTA-1,2,T_CD4,1693.0
ATGTAAGCAACACTTG-1,0,T_CD4,3559.0
ATGTAAGCACATACTG-1,1,T_CD8,3090.0
ATGTAAGCACATGCTA-1,6,Mono_CD14,4950.0
ATGTAAGCACCAAAGG-1,1,T_CD8,3194.0
ATGTAAGCACTCAACA-1,0,T_CD4,2396.0
ATGTAAGCAGCAAGGC-1,8,dropped,10475.0
ATGTAAGCAGTAGGAT-1,6,Mono_CD14,4257.0
ATGTAAGCATGGCCTG-1,13,B,2220.0
ATGTAAGCATTAGGTT-1,7,Mono_CD14,6015.0
ATGTCAATCATCCTAT-1,1,T_CD8,6725.0
ATGTCAATCGAGGAAC-1,2,T_CD4,4442.0
ATGTCAATCGATAACC-1,4,Mono_CD16,7157.0
ATGTCAATCGCGACAC-1,2,T_CD4,3260.0
ATGTCAATCGGTTACG-1,6,Mono_CD14,3116.0
ATGTCAATCGTAATCA-1,0,T_CD4,3720.0
ATGTCAATCGTTAGCG-1,0,T_CD4,1441.0
ATGTCAATCTAAGGAG-1,1,T_CD8,4457.0
ATGTCAATCTCAATTC-1,15,T_CD8,3285.0
ATGTCAATCTTAATGG-1,7,Mono_CD14,6995.0
ATGTCATCAAGGTGGC-1,2,T_CD4,2410.0
ATGTCATCAATAGTCT-1,6,Mono_CD14,3773.0
ATGTCATCAATTAAGG-1,13,B,3967.0
ATGTCATCACAATGCC-1,1,T_CD8,3003.0
ATGTCATCACGTTACA-1,15,T_CD8,3552.0
ATGTCATCAGCCTGCA-1,6,Mono_CD14,5717.0
ATGTCATCATAACGGG-1,7,Mono_CD14,4013.0
ATGTCATCATAATCGT-1,7,Mono_CD14,7267.0
ATGTCATCATCCATCT-1,1,T_CD8,2960.0
ATGTCATCATGCTTAG-1,1,T_CD8,2324.0
ATGTCATCATTATGAC-1,2,T_CD4,3851.0
ATGTCCACACAATTAC-1,2,T_CD4,3084.0
ATGTCCACACTTCATC-1,7,Mono_CD14,6062.0
ATGTCCACAGCAGGTA-1,13,B,4212.0
ATGTCCACAGGACCAA-1,8,dropped,7222.0
ATGTCCACAGGTTCAC-1,2,T_CD4,3675.0
ATGTCCACATTTGCTC-1,7,Mono_CD14,3879.0
ATGTGAGAGACAAGTG-1,0,T_CD4,2901.0
ATGTGAGAGAGAAGGG-1,11,DC,10309.0
ATGTGAGAGCTAATCA-1,6,Mono_CD14,3520.0
ATGTGAGAGGCGAATA-1,1,T_CD8,3094.0
ATGTGAGAGGCGCACT-1,8,dropped,7877.0
ATGTTCAAGAGCCGCT-1,15,T_CD8,3702.0
ATGTTCAAGCAGGCCT-1,8,dropped,9666.0
ATGTTCAAGCCTGATG-1,6,Mono_CD14,3209.0
ATGTTCAAGGCTTAAC-1,2,T_CD4,2601.0
ATGTTGTCAACCGCCA-1,7,Mono_CD14,6767.0
ATGTTGTCAAGGAATC-1,8,dropped,18945.0
ATGTTGTCACAAAGCG-1,6,Mono_CD14,4124.0
ATGTTGTCACAGCCTG-1,6,Mono_CD14,3002.0
ATGTTGTCACTTACAG-1,1,T_CD8,4705.0
ATGTTGTCATCAATCG-1,1,T_CD8,5418.0
ATGTTGTCATTAAGTC-1,1,T_CD8,3034.0
ATGTTTGAGCAAGGGT-1,4,Mono_CD16,5881.0
ATGTTTGAGCGATACT-1,7,Mono_CD14,4039.0
ATGTTTGAGCTAGAAG-1,2,T_CD4,2573.0
ATGTTTGAGGACAACA-1,6,Mono_CD14,3027.0
ATGTTTGAGTATTGTG-1,7,Mono_CD14,4389.0
ATGTTTGAGTTGTCTT-1,16,pDC,3428.0
ATTAACCCAACCTGGT-1,13,B,3647.0
ATTAACCCAACTAGGG-1,2,T_CD4,3216.0
ATTAACCCACATAGCC-1,13,B,4304.0
ATTAACCCACGTGCTG-1,1,T_CD8,5247.0
ATTAACCCAGAAATGC-1,15,T_CD8,4254.0
ATTAACCCAGAACCGA-1,10,NK,3956.0
ATTAACCCATAGCGGA-1,1,T_CD8,2943.0
ATTAACCCATGGCCTG-1,0,T_CD4,2533.0
ATTACCCGTAACGAGG-1,1,T_CD8,7373.0
ATTACCCGTACTGATG-1,15,T_CD8,3900.0
ATTACCCGTAGGTTAT-1,11,DC,11902.0
ATTACCCGTCAGGCCA-1,15,T_CD8,1976.0
ATTACCCGTCCTTCTC-1,2,T_CD4,4549.0
ATTACCCGTCTAGCTT-1,5,NK,2917.0
ATTACCCGTGCTCCAC-1,6,Mono_CD14,3242.0
ATTACCCGTGTTGTAG-1,11,DC,12997.0
ATTACCCGTTACCGGG-1,6,Mono_CD14,5345.0
ATTACCCGTTGCTGGG-1,15,T_CD8,2629.0
ATTACCCGTTTCAGGA-1,0,T_CD4,2745.0
ATTACCGCAAATACCT-1,13,B,2918.0
ATTACCGCAAGACTCC-1,6,Mono_CD14,4388.0
ATTACCGCAAGCTTTG-1,7,Mono_CD14,4755.0
ATTACCGCAAGTGAAC-1,8,dropped,14542.0
ATTACCGCAATAAGCA-1,2,T_CD4,5181.0
ATTACCGCAATGCCCG-1,6,Mono_CD14,9110.0
ATTACCGCAGCGCTTG-1,13,B,4265.0
ATTACCGCAGCTTAGC-1,2,T_CD4,3929.0
ATTACCGCAGGACACA-1,10,NK,3363.0
ATTACGTCAACAGCCT-1,2,T_CD4,4970.0
ATTACGTCACAAGCCT-1,2,T_CD4,3513.0
ATTACGTCACCTGTAA-1,14,dropped,19907.0
ATTACGTCAGCAAGAT-1,7,Mono_CD14,4822.0
ATTACGTCAGGCTAAG-1,2,T_CD4,4938.0
ATTACGTCATAATCCG-1,13,B,3279.0
ATTACGTCATGAATCT-1,2,T_CD4,3452.0
ATTACGTCATTAGGTT-1,7,Mono_CD14,7733.0
ATTACGTCATTATGAC-1,2,T_CD4,4597.0
ATTACGTCATTATGCG-1,2,T_CD4,4777.0
ATTACTGAGAGGCTAA-1,7,Mono_CD14,4689.0
ATTACTGAGCCGGTAC-1,5,NK,3273.0
ATTACTGAGCTGAGGG-1,16,pDC,4086.0
ATTACTGAGGAACACA-1,0,T_CD4,2389.0
ATTACTGAGGATGATG-1,1,T_CD8,2804.0
ATTACTGAGGCTACTG-1,2,T_CD4,5584.0
ATTACTGAGTAACTCA-1,7,Mono_CD14,5631.0
ATTACTGAGTTAGTGC-1,6,Mono_CD14,2933.0
ATTACTGAGTTTCCTG-1,6,Mono_CD14,4707.0
ATTAGCGGTAGCCTAA-1,16,pDC,4683.0
ATTAGCGGTAGCTGGT-1,15,T_CD8,2427.0
ATTAGCGGTCATCAAG-1,0,T_CD4,2906.0
ATTAGCGGTCGTTATC-1,2,T_CD4,3823.0
ATTAGCGGTGATGAAA-1,1,T_CD8,2180.0
ATTAGCGGTGTCCAGG-1,13,B,3073.0
ATTAGCGGTTACTTCA-1,0,T_CD4,5219.0
ATTAGCGGTTAGCGTA-1,0,T_CD4,1957.0
ATTAGCTCAACTAGGG-1,2,T_CD4,3300.0
ATTAGCTCAAGGCCAA-1,13,B,4108.0
ATTAGCTCAATATGGA-1,1,T_CD8,4946.0
ATTAGCTCACCTAAGC-1,5,NK,2528.0
ATTAGCTCAGCAACCT-1,15,T_CD8,2872.0
ATTAGCTCATTATGGT-1,12,dropped,6084.0
ATTAGCTCATTGTCCT-1,7,Mono_CD14,7540.0
ATTAGGTGTGTGAGGA-1,7,Mono_CD14,4199.0
ATTAGGTGTTACCGGG-1,2,T_CD4,3444.0
ATTAGGTGTTGGTTAG-1,2,T_CD4,5840.0
ATTAGGTGTTTGCAGA-1,4,Mono_CD16,6247.0
ATTAGGTGTTTGGCGG-1,6,Mono_CD14,2503.0
ATTAGGTGTTTGGCTT-1,0,T_CD4,3045.0
ATTAGTCCAGTAAAGC-1,6,Mono_CD14,3470.0
ATTATCCTCAATCTCT-1,0,T_CD4,5523.0
ATTATCCTCAGAAACG-1,1,T_CD8,3784.0
ATTATCCTCAGCTAAC-1,4,Mono_CD16,7067.0
ATTATCCTCATTAGTG-1,13,B,2966.0
ATTATCCTCCTTGCGT-1,6,Mono_CD14,5189.0
ATTATGGTCAAGCTAC-1,1,T_CD8,2597.0
ATTATGGTCATAGCCG-1,15,T_CD8,2898.0
ATTATGGTCATGCTAA-1,2,T_CD4,3244.0
ATTATGGTCCAGGTTG-1,15,T_CD8,4151.0
ATTATGGTCCTTGAGG-1,15,T_CD8,3696.0
ATTATGGTCGGCCAGT-1,6,Mono_CD14,4500.0
ATTCAACCAAGACTCC-1,8,dropped,9736.0
ATTCAACCAATGAAGC-1,2,T_CD4,8444.0
ATTCAACCACACAATT-1,1,T_CD8,3647.0
ATTCAACCACGCAACT-1,0,T_CD4,2798.0
ATTCAACCAGGAACAT-1,2,T_CD4,4796.0
ATTCAACCAGGCGAGT-1,1,T_CD8,4417.0
ATTCAACCAGGCGATA-1,3,Mono_CD14,753.0
ATTCAACCAGTTAGCC-1,8,dropped,17887.0
ATTCAACCATGGCCTG-1,1,T_CD8,1534.0
ATTCACTTCAAACTCA-1,1,T_CD8,2139.0
ATTCACTTCCTCATGC-1,1,T_CD8,6517.0
ATTCACTTCGGTACGC-1,2,T_CD4,4042.0
ATTCACTTCTAGCTTT-1,3,Mono_CD14,5551.0
ATTCACTTCTCACATT-1,1,T_CD8,5952.0
ATTCACTTCTTCAATC-1,15,T_CD8,3924.0
ATTCACTTCTTGACCC-1,15,T_CD8,3325.0
ATTCATGAGCAAGGAC-1,6,Mono_CD14,2219.0
ATTCATGAGCCGCTTT-1,2,T_CD4,2584.0
ATTCATGAGCCTCTGT-1,6,Mono_CD14,4986.0
ATTCATGAGCTAATCA-1,2,T_CD4,6787.0
ATTCATGAGCTCATAA-1,1,T_CD8,3474.0
ATTCATGAGCTTTGGG-1,7,Mono_CD14,4642.0
ATTCATGAGGATCACT-1,7,Mono_CD14,4240.0
ATTCATGAGGCCATCA-1,1,T_CD8,3523.0
ATTCATGAGTTAGACC-1,0,T_CD4,1552.0
ATTCATGAGTTATCTC-1,7,Mono_CD14,4797.0
ATTCCGGAGAACCTGT-1,6,Mono_CD14,2546.0
ATTCCGGAGCTAAGTC-1,0,T_CD4,2293.0
ATTCCGGAGCTATTAG-1,1,T_CD8,2093.0
ATTCCGGAGGCTTAAC-1,6,Mono_CD14,6067.0
ATTCCTAGTGCGCATG-1,5,NK,2108.0
ATTCCTAGTGTGTGGT-1,6,Mono_CD14,2956.0
ATTCCTAGTTGCAATG-1,6,Mono_CD14,4801.0
ATTCCTAGTTTGCTGT-1,6,Mono_CD14,5671.0
ATTCCTAGTTTGTCTA-1,0,T_CD4,3257.0
ATTCCTCCAAGGTGCA-1,13,B,2874.0
ATTCCTCCACCTACGG-1,2,T_CD4,4513.0
ATTCCTCCAGCAATAA-1,15,T_CD8,3560.0
ATTCCTCCAGGTTCAC-1,1,T_CD8,3348.0
ATTCCTCCAGTTTACG-1,2,T_CD4,3712.0
ATTCCTCCATTCCTGT-1,13,B,2964.0
ATTCGTTTCAAACCTA-1,0,T_CD4,2876.0
ATTCGTTTCAGGTTTA-1,4,Mono_CD16,5835.0
ATTCGTTTCATAACTG-1,5,NK,3447.0
ATTCGTTTCATGCCTC-1,3,Mono_CD14,577.0
ATTCGTTTCCGGTTAG-1,6,Mono_CD14,3887.0
ATTCGTTTCGTTTCGC-1,13,B,3724.0
ATTCGTTTCTAATCCT-1,4,Mono_CD16,8142.0
ATTCGTTTCTACCTAT-1,4,Mono_CD16,7417.0
ATTCGTTTCTCACACC-1,15,T_CD8,3182.0
ATTCGTTTCTCGCCCA-1,13,B,1421.0
ATTCGTTTCTTGCAAA-1,1,T_CD8,3162.0
ATTGAAGCAAAGCGCA-1,15,T_CD8,2445.0
ATTGAAGCAACCCTAA-1,8,dropped,7907.0
ATTGAAGCAAGACTCC-1,3,Mono_CD14,656.0
ATTGAAGCAAGTCGCT-1,5,NK,2946.0
ATTGAAGCACTTACAG-1,0,T_CD4,2680.0
ATTGAAGCAGCCAGAA-1,7,Mono_CD14,4614.0
ATTGAAGCAGGTTACC-1,0,T_CD4,3345.0
ATTGAAGCATAAGGAC-1,0,T_CD4,2290.0
ATTGAAGCATTATGAC-1,16,pDC,5388.0
ATTGACTCAATGCCCG-1,9,dropped,7314.0
ATTGACTCACGTAAGG-1,13,B,3432.0
ATTGACTCATTAGCGC-1,0,T_CD4,2546.0
ATTGCACAGCCATCAG-1,12,dropped,6371.0
ATTGCACAGGATTTGC-1,15,T_CD8,2988.0
ATTGCACAGTTATGTG-1,7,Mono_CD14,6051.0
ATTGCAGGTCCTTCAG-1,2,T_CD4,4330.0
ATTGCAGGTGTCCTGC-1,2,T_CD4,4897.0
ATTGCAGGTGTTGTGA-1,2,T_CD4,6994.0
ATTGCAGGTTAACAGT-1,7,Mono_CD14,7286.0
ATTGCAGGTTATCCTA-1,6,Mono_CD14,860.0
ATTGCGCCAAATTGCT-1,6,Mono_CD14,5954.0
ATTGCGCCAACGTGCT-1,13,B,3104.0
ATTGCGCCAATGCCCG-1,2,T_CD4,3149.0
ATTGCGCCACCACAAC-1,15,T_CD8,3331.0
ATTGCGCCACTAGCGT-1,1,T_CD8,1885.0
ATTGCGCCAGCTACGT-1,2,T_CD4,3807.0
ATTGCGCCAGGCGATA-1,1,T_CD8,2858.0
ATTGCGCCAGTAGGAT-1,3,Mono_CD14,608.0
ATTGCGCCAGTTTGGC-1,2,T_CD4,4694.0
ATTGCGCCATCGCTTT-1,13,B,4200.0
ATTGCGCCATCGTTCT-1,10,NK,3162.0
ATTGCTCGTAATCGCA-1,0,T_CD4,10009.0
ATTGCTCGTATCTGGA-1,6,Mono_CD14,4079.0
ATTGCTCGTCCAAGAC-1,0,T_CD4,3548.0
ATTGCTCGTCCTTCAG-1,0,T_CD4,5410.0
ATTGCTCGTCTTACTA-1,2,T_CD4,887.0
ATTGCTCGTGAGAAAC-1,4,Mono_CD16,6826.0
ATTGCTCGTGTTTCAC-1,15,T_CD8,2675.0
ATTGCTCGTTGCAATG-1,4,Mono_CD16,4981.0
ATTGGCTAGCGCAATT-1,1,T_CD8,3281.0
ATTGGCTAGCTGAGGG-1,3,Mono_CD14,443.0
ATTGGCTAGGGATGAC-1,6,Mono_CD14,4974.0
ATTGGCTAGGGCCACT-1,6,Mono_CD14,3555.0
ATTGGCTAGGTAAGCA-1,7,Mono_CD14,5535.0
ATTGGCTAGTCACCAG-1,6,Mono_CD14,10404.0
ATTGGCTAGTGAGGGT-1,8,dropped,8124.0
ATTGGCTAGTTGCCTC-1,4,Mono_CD16,6433.0
ATTGGTTCAAAGCCTC-1,7,Mono_CD14,4767.0
ATTGGTTCACATTAAC-1,6,Mono_CD14,2806.0
ATTGGTTCACCTCACC-1,9,dropped,8581.0
ATTGGTTCACCTGCTC-1,1,T_CD8,4132.0
ATTGGTTCACGAATCC-1,1,T_CD8,1396.0
ATTGGTTCACTGGCTG-1,4,Mono_CD16,6922.0
ATTGGTTCATTGCAGC-1,13,B,7940.0
ATTGTCCGTAGCTGGT-1,15,T_CD8,2694.0
ATTGTCCGTATTGGAT-1,1,T_CD8,3781.0
ATTGTCCGTCAGTAAT-1,7,Mono_CD14,5872.0
ATTGTCCGTCCGTAGG-1,4,Mono_CD16,7770.0
ATTGTCCGTCGCGCAA-1,6,Mono_CD14,5077.0
ATTGTCCGTGATGATT-1,1,T_CD8,3013.0
ATTGTCCGTGTGCAAC-1,13,B,2653.0
ATTGTCCGTTATGTGG-1,6,Mono_CD14,4243.0
ATTGTCCGTTGCTGGG-1,6,Mono_CD14,3366.0
ATTGTGATCATGCTCC-1,1,T_CD8,4604.0
ATTGTGATCATTGCAA-1,2,T_CD4,3176.0
ATTGTGATCCGGTTAG-1,2,T_CD4,3381.0
ATTGTGATCGAGGTGG-1,11,DC,8729.0
ATTGTGATCGATTATG-1,1,T_CD8,3511.0
ATTGTGATCGCACAAT-1,15,T_CD8,2549.0
ATTGTGATCGCATTAA-1,7,Mono_CD14,6080.0
ATTGTGATCGGTCAGC-1,4,Mono_CD16,4780.0
ATTGTGATCGTTACTT-1,13,B,1976.0
ATTGTGATCTAACTGA-1,5,NK,3308.0
ATTGTGATCTAAGGAG-1,1,T_CD8,4161.0
ATTTAGCCAAATGCCC-1,0,T_CD4,5301.0
ATTTAGCCAAGCTTAT-1,0,T_CD4,2369.0
ATTTAGCCAAGGTACG-1,15,T_CD8,3375.0
ATTTAGCCAAGTTATC-1,2,T_CD4,6866.0
ATTTAGCCACCTCGCT-1,4,Mono_CD16,6379.0
ATTTAGCCAGCTTACA-1,3,Mono_CD14,469.0
ATTTAGCCAGGTATTT-1,1,T_CD8,2982.0
ATTTAGCCAGTAATAG-1,2,T_CD4,4611.0
ATTTAGCCATAACGGG-1,4,Mono_CD16,6125.0
ATTTAGCCATGACTAT-1,2,T_CD4,4205.0
ATTTAGCCATTGGGAG-1,5,NK,4006.0
ATTTAGCCATTTGCTC-1,0,T_CD4,2745.0
ATTTAGGTCAGCACGC-1,2,T_CD4,5280.0
ATTTAGGTCATGCAAC-1,0,T_CD4,1953.0
ATTTAGGTCGGCTATG-1,0,T_CD4,2726.0
ATTTAGGTCTCACTAT-1,6,Mono_CD14,4103.0
ATTTGCAAGCACTTGG-1,1,T_CD8,2662.0
ATTTGCAAGCCGCAAC-1,9,dropped,18790.0
ATTTGCAAGCCTGTGA-1,6,Mono_CD14,4418.0
ATTTGCAAGGACTAAG-1,7,Mono_CD14,6090.0
ATTTGCAAGGCAATAG-1,7,Mono_CD14,5626.0
ATTTGCAAGGCTGTGC-1,5,NK,3356.0
ATTTGCAAGTGCACGC-1,6,Mono_CD14,4102.0
ATTTGCAAGTTGGATC-1,4,Mono_CD16,5638.0
ATTTGCGCAAGATTCT-1,2,T_CD4,5259.0
ATTTGCGCAATTAGGA-1,0,T_CD4,1847.0
ATTTGCGCACATAGCC-1,6,Mono_CD14,5098.0
ATTTGCGCACTTAACG-1,0,T_CD4,1888.0
ATTTGCGCAGGCTTGT-1,5,NK,3965.0
ATTTGCGCAGTAGCCT-1,7,Mono_CD14,8918.0
ATTTGCGCAGTCTATG-1,6,Mono_CD14,2093.0
ATTTGCGCATAGACCC-1,8,dropped,7804.0
ATTTGTGAGCAAGATG-1,2,T_CD4,3408.0
ATTTGTGAGCGCTCAA-1,1,T_CD8,3585.0
ATTTGTGAGCTAGAAG-1,0,T_CD4,2151.0
ATTTGTGAGGACAACA-1,13,B,3053.0
ATTTGTGAGGCAATAG-1,1,T_CD8,3905.0
ATTTGTGAGTCGCAAT-1,15,T_CD8,2782.0
ATTTGTGAGTGAACCT-1,1,T_CD8,2853.0
CAAACAACAGGCTACT-1,1,T_CD8,4378.0
CAAACAACAGTCTAAT-1,1,T_CD8,3985.0
CAAACAACATAAAGCA-1,15,T_CD8,3298.0
CAAACAACATCCATCT-1,5,NK,1806.0
CAAACAACATGACTAT-1,2,T_CD4,6515.0
CAAACACTCCATCAGG-1,4,Mono_CD16,3823.0
CAAACACTCCCTCATA-1,6,Mono_CD14,4727.0
CAAACATGTACCGTAA-1,13,B,4574.0
CAAACATGTGGTTATG-1,2,T_CD4,3833.0
CAAACATGTGTTTGTC-1,5,NK,3155.0
CAAACATGTTTAACCC-1,2,T_CD4,2426.0
CAAACATGTTTGCGCC-1,7,Mono_CD14,3038.0
CAAACCGTCACTTTAC-1,2,T_CD4,9485.0
CAAACCGTCAGCATTA-1,0,T_CD4,2111.0
CAAACCGTCATCACTT-1,0,T_CD4,4715.0
CAAACCGTCATCCTGC-1,2,T_CD4,4218.0
CAAACCGTCATTTGTC-1,6,Mono_CD14,1962.0
CAAACCGTCCCGTTAC-1,2,T_CD4,4440.0
CAAACCGTCCCTGATC-1,2,T_CD4,1864.0
CAAACCGTCCGCAAAT-1,2,T_CD4,3813.0
CAAACCGTCGATTATG-1,0,T_CD4,2264.0
CAAACCGTCTTAGTGA-1,13,B,2425.0
CAAACGCGTATTACCC-1,0,T_CD4,3053.0
CAAACGCGTCAAGACC-1,1,T_CD8,6739.0
CAAACGCGTCCCGGAA-1,7,Mono_CD14,4961.0
CAAACGCGTGCTCCGT-1,8,dropped,10576.0
CAAACGCGTGGTTCCC-1,0,T_CD4,2972.0
CAAACGCGTTACATCC-1,2,T_CD4,3888.0
CAAACGCGTTGGATCA-1,0,T_CD4,1611.0
CAAACGCGTTTCGCGC-1,13,B,3294.0
CAAACTGGTACCTTAC-1,6,Mono_CD14,11298.0
CAAACTGGTGATTACG-1,7,Mono_CD14,6577.0
CAAACTGGTTATTGCC-1,2,T_CD4,3188.0
CAAACTGGTTGGCCGA-1,1,T_CD8,3039.0
CAAAGCGCAAGCGAGC-1,6,Mono_CD14,1991.0
CAAAGCGCACAACCTA-1,7,Mono_CD14,5954.0
CAAAGCGCACACCAAC-1,2,T_CD4,4960.0
CAAAGCGCACCCACCT-1,13,B,4126.0
CAAAGCGCACCTCGCT-1,0,T_CD4,2805.0
CAAAGCGCACGAACAG-1,14,dropped,16657.0
CAAAGGATCACTCAAA-1,3,Mono_CD14,852.0
CAAAGGATCATCCACC-1,1,T_CD8,4627.0
CAAAGGATCATGAGCT-1,6,Mono_CD14,6813.0
CAAAGGATCCACCTTA-1,6,Mono_CD14,4073.0
CAAAGGATCGTTAAGC-1,2,T_CD4,4607.0
CAAAGTGAGATGGAGC-1,13,B,3308.0
CAAAGTGAGCCGGTAC-1,1,T_CD8,3531.0
CAAATCATCAAGCGCC-1,2,T_CD4,4084.0
CAAATCATCACATTGA-1,7,Mono_CD14,4510.0
CAAATCATCACTTTAC-1,1,T_CD8,2042.0
CAAATCATCCATTACT-1,15,T_CD8,3574.0
CAAATCATCCGCTAGA-1,0,T_CD4,2027.0
CAAATCATCCTGTTCA-1,2,T_CD4,5107.0
CAAATCATCCTTAGGG-1,1,T_CD8,4376.0
CAAATCATCTCACTAT-1,2,T_CD4,3698.0
CAAATCATCTTAGTCT-1,0,T_CD4,2800.0
CAACAATGTAAACAAG-1,6,Mono_CD14,3970.0
CAACAATGTACTAAAC-1,8,dropped,7902.0
CAACAATGTCACAAAT-1,13,B,7454.0
CAACAATGTCATCCTG-1,8,dropped,10028.0
CAACAATGTCCAAGAC-1,1,T_CD8,3338.0
CAACAATGTGGACCTG-1,0,T_CD4,5367.0
CAACAATGTGTGAGAG-1,6,Mono_CD14,5781.0
CAACAATGTTGCGCGA-1,0,T_CD4,2057.0
CAACAGGCAAACTGCC-1,10,NK,3985.0
CAACAGGCAAAGGCCA-1,6,Mono_CD14,3680.0
CAACAGGCAAGACTCC-1,4,Mono_CD16,7595.0
CAACAGGCAAGGTACG-1,0,T_CD4,3362.0
CAACAGGCAATAATGG-1,15,T_CD8,1784.0
CAACAGGCAATAGTCT-1,6,Mono_CD14,5169.0
CAACAGGCACAAAGGT-1,0,T_CD4,3361.0
CAACAGGCACGAACAG-1,6,Mono_CD14,5737.0
CAACAGGCAGGCCAAA-1,0,T_CD4,1824.0
CAACAGGCAGTAAAGC-1,2,T_CD4,3564.0
CAACAGGCAGTCTATG-1,6,Mono_CD14,4074.0
CAACAGGCATACTCCT-1,6,Mono_CD14,6843.0
CAACCCGCAACTGGGA-1,11,DC,7759.0
CAACCCGCACAGGGAC-1,2,T_CD4,5722.0
CAACCCGCAGAAATGC-1,11,DC,10225.0
CAACCCGCAGCATTAT-1,4,Mono_CD16,6450.0
CAACCCGCAGTATGTT-1,7,Mono_CD14,7772.0
CAACCCGCATAATGTC-1,0,T_CD4,2525.0
CAACCCGCATATAACC-1,13,B,3739.0
CAACCCTTCAAGCTAC-1,6,Mono_CD14,3169.0
CAACCCTTCAGCCAAT-1,6,Mono_CD14,4807.0
CAACCCTTCCCATAAA-1,10,NK,3114.0
CAACCCTTCCGGTTGA-1,0,T_CD4,3632.0
CAACCCTTCTCAATTC-1,5,NK,3936.0
CAACCCTTCTCGACCT-1,0,T_CD4,2561.0
CAACCCTTCTGGCTTC-1,2,T_CD4,6667.0
CAACCCTTCTTGAGCG-1,1,T_CD8,2127.0
CAACCCTTCTTGGACG-1,2,T_CD4,3207.0
CAACCGGGTAGGTGTC-1,8,dropped,6841.0
CAACCGGGTCAAGTGC-1,0,T_CD4,2467.0
CAACCGGGTGTGCAAC-1,4,Mono_CD16,3993.0
CAACCGGGTTTAAAGC-1,8,dropped,5330.0
CAACTAATCCCTGGAA-1,0,T_CD4,2808.0
CAACTAATCGTTTCGC-1,6,Mono_CD14,6500.0
CAACTAGGTAACCAGC-1,7,Mono_CD14,4457.0
CAACTAGGTCAAAGAA-1,7,Mono_CD14,5827.0
CAACTAGGTGCGCGTA-1,6,Mono_CD14,4443.0
CAACTAGGTGGATTGC-1,0,T_CD4,2412.0
CAACTAGGTTTAGCTC-1,7,Mono_CD14,7737.0
CAACTAGGTTTGGGTA-1,2,T_CD4,5187.0
CAAGAACCAGAAACGT-1,0,T_CD4,6658.0
CAAGAACCAGTAGCCT-1,2,T_CD4,2987.0
CAAGAACCATCATGTG-1,1,T_CD8,2407.0
CAAGAACCATCCTGAA-1,15,T_CD8,2462.0
CAAGACAAGACAGGTA-1,1,T_CD8,4458.0
CAAGACAAGATTGAGG-1,7,Mono_CD14,5687.0
CAAGACAAGGATAAAC-1,0,T_CD4,2637.0
CAAGACAAGGGCTTTG-1,13,B,4619.0
CAAGACAAGTAGGCGG-1,2,T_CD4,3461.0
CAAGACAAGTGAACAG-1,7,Mono_CD14,4116.0
CAAGACAAGTTACCGG-1,2,T_CD4,3250.0
CAAGCTAGTGTGCACG-1,7,Mono_CD14,6988.0
CAAGCTAGTTAAGGCC-1,13,B,3412.0
CAAGCTAGTTGTGACA-1,7,Mono_CD14,3371.0
CAAGGCCTCCGCCTAT-1,2,T_CD4,6768.0
CAAGGCCTCCTAATTC-1,13,B,3358.0
CAAGGCCTCCTGATTT-1,1,T_CD8,2536.0
CAAGGCCTCCTTTACG-1,6,Mono_CD14,4901.0
CAAGGCCTCTAGCGTG-1,13,B,3006.0
CAAGGCTGTGCGCATG-1,1,T_CD8,4234.0
CAAGGCTGTGTTTGCT-1,2,T_CD4,3428.0
CAAGGCTGTTTAGCGA-1,13,B,2745.0
CAAGGGAGTAATCCCT-1,6,Mono_CD14,6443.0
CAAGGGAGTGGTTCCC-1,13,B,5879.0
CAAGGGAGTTAGTACG-1,11,DC,1780.0
CAAGGGAGTTCGCTCA-1,0,T_CD4,2999.0
CAAGGGAGTTGTAAAC-1,7,Mono_CD14,2982.0
CAAGGGAGTTGTGATG-1,6,Mono_CD14,1816.0
CAAGGTAAGCATGCAT-1,5,NK,3047.0
CAAGGTAAGCCACATG-1,1,T_CD8,2518.0
CAAGGTAAGCTTTGTT-1,2,T_CD4,2428.0
CAAGGTAAGGCGCACT-1,0,T_CD4,2923.0
CAAGGTAAGTAAGTGG-1,6,Mono_CD14,4785.0
CAAGGTAAGTCATTTC-1,2,T_CD4,4499.0
CAAGGTAAGTTGTCAA-1,6,Mono_CD14,4758.0
CAAGGTTTCAAGCGCC-1,1,T_CD8,2975.0
CAAGGTTTCAGAAACG-1,5,NK,3062.0
CAAGGTTTCCCGCCTA-1,7,Mono_CD14,4669.0
CAAGGTTTCCTTGCGT-1,7,Mono_CD14,5488.0
CAAGGTTTCTACTAAG-1,2,T_CD4,5763.0
CAAGTAACAACAGGAT-1,11,DC,9627.0
CAAGTAACAAGTGTCC-1,6,Mono_CD14,3397.0
CAAGTAACAATCCTGA-1,2,T_CD4,3080.0
CAAGTAACACAACAGG-1,2,T_CD4,3782.0
CAAGTAACACATGCTA-1,8,dropped,8355.0
CAAGTAACACTGGCTG-1,7,Mono_CD14,6057.0
CAAGTAACAGAGGCTA-1,7,Mono_CD14,3284.0
CAAGTAACAGGAACAT-1,6,Mono_CD14,3171.0
CAAGTAACAGTATGTT-1,6,Mono_CD14,4565.0
CAAGTAACAGTTTGTG-1,2,T_CD4,5275.0
CAAGTAACATACTCCT-1,7,Mono_CD14,3217.0
CAAGTAACATGTCAAT-1,6,Mono_CD14,4971.0
CAAGTAACATTGTGTG-1,13,B,5251.0
CAAGTATGTATTGTGG-1,2,T_CD4,4481.0
CAAGTATGTCTTTATG-1,6,Mono_CD14,3393.0
CAAGTATGTGCTGTAA-1,10,NK,3034.0
CAAGTATGTGGACCTG-1,6,Mono_CD14,4604.0
CAAGTATGTGGAGCAA-1,13,B,2732.0
CAAGTATGTTCATTTG-1,6,Mono_CD14,4368.0
CAAGTATGTTTGGCGG-1,1,T_CD8,4032.0
CAAGTGAAGAAGCTAG-1,2,T_CD4,8051.0
CAAGTGAAGATGGACA-1,3,Mono_CD14,1013.0
CAAGTGAAGCACCACA-1,2,T_CD4,2398.0
CAAGTGAAGCACTTGG-1,1,T_CD8,4599.0
CAAGTGAAGCGTGCAC-1,0,T_CD4,3160.0
CAAGTGAAGCTGTCAG-1,15,T_CD8,4240.0
CAAGTGAAGGCTACTG-1,15,T_CD8,2223.0
CAAGTGAAGGGCCACT-1,12,dropped,6043.0
CAAGTGAAGGTGCTGC-1,0,T_CD4,2819.0
CAAGTGAAGTTGTCTT-1,1,T_CD8,3362.0
CAAGTTATCCAGGTTG-1,1,T_CD8,1534.0
CAAGTTATCCGCACAA-1,6,Mono_CD14,3725.0
CAAGTTATCCGGCTAA-1,4,Mono_CD16,8374.0
CAAGTTATCTGTGCAG-1,2,T_CD4,5432.0
CAATAAGCAAGCCAGA-1,0,T_CD4,4167.0
CAATAAGCAATAGCCC-1,2,T_CD4,4948.0
CAATAAGCAATGAAGC-1,2,T_CD4,3817.0
CAATAAGCACCAACCG-1,0,T_CD4,3518.0
CAATAAGCACCTAATG-1,4,Mono_CD16,10275.0
CAATAAGCACGAACAG-1,1,T_CD8,4701.0
CAATAAGCACGTGCTG-1,7,Mono_CD14,4393.0
CAATAAGCAGCTTAGC-1,13,B,2734.0
CAATAAGCATAGACCC-1,6,Mono_CD14,6707.0
CAATAAGCATCAGTAT-1,4,Mono_CD16,8189.0
CAATAAGCATTAGGTT-1,4,Mono_CD16,6228.0
CAATAGCTCATGCTCC-1,0,T_CD4,567.0
CAATAGCTCCTAAATG-1,15,T_CD8,2978.0
CAATAGCTCCTGGTGA-1,0,T_CD4,3290.0
CAATATGTCAAACACC-1,6,Mono_CD14,4870.0
CAATATGTCACAGGAA-1,10,NK,7102.0
CAATATGTCAGTTCCC-1,4,Mono_CD16,12829.0
CAATATGTCCAGGAAA-1,6,Mono_CD14,3819.0
CAATATGTCCGCATGA-1,11,DC,8262.0
CAATATGTCCGCCAAA-1,13,B,4055.0
CAATATGTCGCTTCTA-1,1,T_CD8,4475.0
CAATCCCTCACTCAAA-1,0,T_CD4,1677.0
CAATCCCTCATCCTAT-1,6,Mono_CD14,6278.0
CAATCCCTCATGACCG-1,13,B,3617.0
CAATCCCTCATGCCTC-1,2,T_CD4,3007.0
CAATCCCTCCTTAAGA-1,6,Mono_CD14,8993.0
CAATCCCTCTAACCTT-1,4,Mono_CD16,9105.0
CAATCCCTCTAGCGAT-1,0,T_CD4,2628.0
CAATCCTGTATTGCAG-1,1,T_CD8,3941.0
CAATCCTGTATTGTCC-1,2,T_CD4,4476.0
CAATCCTGTCACCTAT-1,15,T_CD8,3481.0
CAATCCTGTCATAACG-1,5,NK,7406.0
CAATCCTGTCGTTACT-1,5,NK,3384.0
CAATCGCCAATAACCT-1,15,T_CD8,3401.0
CAATCGCCACAGCCAT-1,1,T_CD8,4753.0
CAATCGCCACCATATG-1,7,Mono_CD14,8292.0
CAATCGCCAGTAGCCT-1,1,T_CD8,3100.0
CAATCGCCATTCCTCG-1,2,T_CD4,3792.0
CAATCTAAGCTAAGTC-1,0,T_CD4,2773.0
CAATCTAAGGAACCGG-1,7,Mono_CD14,4289.0
CAATCTAAGGTGTTAC-1,0,T_CD4,2234.0
CAATCTAAGTCACCTC-1,1,T_CD8,3321.0
CAATCTAAGTCGCTAG-1,5,NK,3834.0
CAATGAACAAAGCTCC-1,13,B,2634.0
CAATGAACAAGTTATC-1,1,T_CD8,3740.0
CAATGAACACCCTCAC-1,2,T_CD4,4821.0
CAATGAACATAAGGAC-1,2,T_CD4,3528.0
CAATGAACATAATCGT-1,7,Mono_CD14,5167.0
CAATGAACATAATTGC-1,6,Mono_CD14,2257.0
CAATGACTCAAACCGT-1,13,B,2674.0
CAATGACTCACCAATA-1,2,T_CD4,6835.0
CAATGACTCCCTGGAA-1,0,T_CD4,1320.0
CAATGACTCCTAGTTT-1,6,Mono_CD14,10005.0
CAATGACTCGGTCATG-1,13,B,2939.0
CAATGACTCGGTTCCT-1,7,Mono_CD14,5646.0
CAATGACTCTAAGTCA-1,0,T_CD4,2094.0
CAATGACTCTACTAAG-1,7,Mono_CD14,4456.0
CAATGACTCTCGCCCA-1,11,DC,8986.0
CAATGACTCTGTAAGC-1,0,T_CD4,3261.0
CAATGACTCTTGGATA-1,0,T_CD4,2854.0
CAATGCCCAAACTCAT-1,1,T_CD8,6234.0
CAATGCCCAAACTGCC-1,1,T_CD8,3569.0
CAATGCCCAAAGCCTC-1,2,T_CD4,4244.0
CAATGCCCAGAAATGC-1,1,T_CD8,3223.0
CAATGCCCAGGATTAA-1,7,Mono_CD14,10560.0
CAATGCCCATGTTTGG-1,6,Mono_CD14,4586.0
CAATGCCCATTAGGTT-1,6,Mono_CD14,5411.0
CAATGTCAGTTAGGCT-1,13,B,2550.0
CAATGTGGTAACTACG-1,11,DC,8220.0
CAATGTGGTAAGGTCC-1,7,Mono_CD14,4386.0
CAATGTGGTGTGAGAG-1,6,Mono_CD14,4179.0
CAATGTGGTTTAACGG-1,15,T_CD8,3230.0
CACAAGCGTAAACAAG-1,7,Mono_CD14,4280.0
CACAAGCGTCGACTCC-1,6,Mono_CD14,2200.0
CACAAGCGTCTAACAG-1,12,dropped,12037.0
CACAAGCGTGAATCGC-1,1,T_CD8,2775.0
CACAAGCGTGACATAT-1,2,T_CD4,2838.0
CACAAGCGTGCCTCAC-1,15,T_CD8,3381.0
CACAAGCGTTACAAAC-1,1,T_CD8,3265.0
CACAAGCGTTACGCGG-1,6,Mono_CD14,5736.0
CACAAGCGTTCAAGAT-1,6,Mono_CD14,5282.0
CACAAGCGTTGCTGGG-1,4,Mono_CD16,6167.0
CACAATATCCCTGTTA-1,2,T_CD4,6013.0
CACAATATCGTCAAGT-1,5,NK,3779.0
CACAATATCTAGCGTG-1,2,T_CD4,3297.0
CACAATATCTCAATAG-1,0,T_CD4,3349.0
CACAATATCTTCAATC-1,2,T_CD4,4286.0
CACAGGCTCATGTCAA-1,15,T_CD8,3708.0
CACAGGCTCCTGGTCT-1,6,Mono_CD14,5908.0
CACAGGCTCGGCCAGT-1,10,NK,2986.0
CACAGGGAGCCAGTAT-1,1,T_CD8,2794.0
CACAGGGAGGTAAGCA-1,1,T_CD8,1890.0
CACAGGGAGTAAGTCC-1,10,NK,8191.0
CACAGGGAGTACTGGT-1,2,T_CD4,1993.0
CACAGGGAGTAGGCGG-1,6,Mono_CD14,7852.0
CACAGGGAGTCCTTCA-1,2,T_CD4,3301.0
CACATAATCAAGCTAC-1,9,dropped,20596.0
CACATAATCAATAGCC-1,13,B,3895.0
CACATAATCATTGTTC-1,0,T_CD4,1951.0
CACATAATCGTCCTTA-1,2,T_CD4,5061.0
CACATAATCTCACTAT-1,7,Mono_CD14,9160.0
CACATACAGAAAGGAA-1,2,T_CD4,2269.0
CACATACAGAACCTGT-1,0,T_CD4,4202.0
CACATACAGCTATATG-1,1,T_CD8,4759.0
CACATACAGGCATGAA-1,15,T_CD8,1846.0
CACATACAGGGACTAA-1,6,Mono_CD14,5740.0
CACATACAGTAACCAC-1,2,T_CD4,3521.0
CACATACAGTATCGCG-1,6,Mono_CD14,4479.0
CACATACAGTGTGATC-1,6,Mono_CD14,2985.0
CACATGCCAAGCTTTG-1,7,Mono_CD14,5117.0
CACATGCCACCTCGCT-1,6,Mono_CD14,5861.0
CACATGCCAGTACCGT-1,7,Mono_CD14,2877.0
CACATTAAGCATCCAG-1,7,Mono_CD14,4251.0
CACATTAAGCTAAAGG-1,7,Mono_CD14,6969.0
CACATTAAGCTTAACA-1,1,T_CD8,4853.0
CACATTAAGGATTGCT-1,6,Mono_CD14,3004.0
CACATTAAGGCGCACT-1,2,T_CD4,1955.0
CACATTAAGGCGCATC-1,6,Mono_CD14,3618.0
CACATTAAGTCCTGAG-1,2,T_CD4,3600.0
CACATTAAGTCGCAAT-1,0,T_CD4,3110.0
CACATTAAGTTAGAGG-1,6,Mono_CD14,5580.0
CACATTAAGTTAGCTA-1,6,Mono_CD14,5010.0
CACCAACCAAGCTAAA-1,2,T_CD4,3664.0
CACCAACCACAACAAA-1,4,Mono_CD16,6405.0
CACCAACCACTGGCTG-1,15,T_CD8,4279.0
CACCGGTAGACTTACA-1,6,Mono_CD14,4880.0
CACCGGTAGCATCCAG-1,3,Mono_CD14,1032.0
CACCGGTAGCCAGTAT-1,7,Mono_CD14,5479.0
CACCGGTAGGACCAGG-1,4,Mono_CD16,8641.0
CACCGGTAGTAACGAG-1,1,T_CD8,2858.0
CACCGGTAGTCATGCG-1,2,T_CD4,2653.0
CACCGGTAGTTAGTTG-1,6,Mono_CD14,2738.0
CACCTCAGTAGGATTT-1,4,Mono_CD16,8077.0
CACCTCAGTATTGTGG-1,0,T_CD4,2089.0
CACCTCAGTCACAGCG-1,10,NK,2742.0
CACCTCAGTGTGCAAC-1,2,T_CD4,3325.0
CACCTCAGTTCGGGAT-1,2,T_CD4,3064.0
CACCTCAGTTTGCGAA-1,12,dropped,6418.0
CACCTGTTCAATACGC-1,7,Mono_CD14,7373.0
CACCTGTTCACACAGT-1,2,T_CD4,2615.0
CACCTGTTCAGCACGC-1,15,T_CD8,3923.0
CACCTGTTCCAGGTTG-1,4,Mono_CD16,6119.0
CACCTGTTCCTCCATA-1,15,T_CD8,5363.0
CACCTGTTCCTTCAAT-1,7,Mono_CD14,8516.0
CACCTGTTCGGTTACG-1,6,Mono_CD14,2949.0
CACCTGTTCGTTTCTG-1,2,T_CD4,3928.0
CACGCAATCAAAGGCA-1,15,T_CD8,3126.0
CACGCAATCAGTATTG-1,2,T_CD4,4261.0
CACGCAATCGGTTTGG-1,5,NK,2779.0
CACGCAATCGTAACGT-1,6,Mono_CD14,4027.0
CACGCAATCTCACTAT-1,1,T_CD8,4137.0
CACGCAATCTGGCAAT-1,5,NK,1643.0
CACGCAATCTGTGCCT-1,2,T_CD4,4689.0
CACGCTAAGACAACAG-1,1,T_CD8,5153.0
CACGCTAAGCGATAAG-1,15,T_CD8,4081.0
CACGCTAAGGAGGTTA-1,3,Mono_CD14,1244.0
CACGCTAAGTTACCGG-1,6,Mono_CD14,4379.0
CACGCTAAGTTAGCCG-1,6,Mono_CD14,6006.0
CACTAAGGTCCGCTGT-1,0,T_CD4,2799.0
CACTAAGGTCTAACAG-1,6,Mono_CD14,4957.0
CACTAAGGTGAAACAA-1,9,dropped,9243.0
CACTAAGGTTGGGTTA-1,3,Mono_CD14,927.0
CACTAGCCAATAATGG-1,1,T_CD8,3993.0
CACTAGCCACAGAACG-1,7,Mono_CD14,5546.0
CACTAGCCACTAGCGT-1,8,dropped,8457.0
CACTAGCCAGCAACCT-1,0,T_CD4,4836.0
CACTAGCCATTGCGGT-1,7,Mono_CD14,3829.0
CACTGACCAACTAGGG-1,1,T_CD8,3667.0
CACTGACCACGTAATT-1,2,T_CD4,5016.0
CACTGACCACTGGCCA-1,1,T_CD8,4025.0
CACTGACCACTTAGGC-1,8,dropped,5757.0
CACTGACCACTTGTTC-1,8,dropped,7970.0
CACTGACCAGGACCAA-1,7,Mono_CD14,8159.0
CACTGACCATCAATCG-1,6,Mono_CD14,3314.0
CACTGACCATTAGCCA-1,10,NK,9356.0
CACTTAAAGCACAGAA-1,0,T_CD4,4158.0
CACTTAAAGGTGAAAT-1,2,T_CD4,4842.0
CACTTTGTCACACAGT-1,4,Mono_CD16,7754.0
CACTTTGTCACTAAGC-1,8,dropped,12005.0
CACTTTGTCCTTCTAG-1,2,T_CD4,11867.0
CAGAACCGTATTACCC-1,7,Mono_CD14,9069.0
CAGAACCGTCAATGTG-1,8,dropped,11166.0
CAGAACCGTGCAATAT-1,0,T_CD4,2378.0
CAGAACCGTTAGCCAA-1,2,T_CD4,2774.0
CAGAATCTCAGAAACG-1,1,T_CD8,3625.0
CAGAATCTCAGCCAAT-1,5,NK,3932.0
CAGAATCTCAGGAAGC-1,0,T_CD4,2680.0
CAGAATCTCATTACAG-1,8,dropped,7987.0
CAGAATCTCGTTCACC-1,2,T_CD4,4645.0
CAGAATCTCTCCATGC-1,0,T_CD4,2224.0
CAGAATCTCTTAGTGA-1,7,Mono_CD14,9386.0
CAGATTCAGATGGACA-1,6,Mono_CD14,3594.0
CAGCAAGCAATCCTAG-1,1,T_CD8,2772.0
CAGCAAGCAATTAAGG-1,10,NK,7427.0
CAGCAAGCACTGACCG-1,8,dropped,7478.0
CAGCATGTCAAGCTAC-1,10,NK,8435.0
CAGCATGTCACGCATG-1,1,T_CD8,4420.0
CAGCATGTCATAACCA-1,0,T_CD4,3404.0
CAGCATGTCCTCATGC-1,7,Mono_CD14,14913.0
CAGCATTAGACACTTA-1,9,dropped,8233.0
CAGCATTAGCCTTAAA-1,13,B,3190.0
CAGCATTAGCGAGCGA-1,7,Mono_CD14,4132.0
CAGCATTAGTCGCAAT-1,15,T_CD8,3002.0
CAGCATTAGTGAACCT-1,0,T_CD4,1731.0
CAGCCAATCCCATAGG-1,2,T_CD4,1794.0
CAGCCAATCGTTAGTA-1,4,Mono_CD16,8169.0
CAGCCAATCTGCAACG-1,1,T_CD8,3935.0
CAGCCAATCTTTGACT-1,2,T_CD4,3949.0
CAGCCTAAGCTATGAC-1,2,T_CD4,3513.0
CAGCCTAAGCTCCTTA-1,7,Mono_CD14,5110.0
CAGCCTAAGGCCTGGT-1,6,Mono_CD14,4160.0
CAGCCTAAGGTTTGAC-1,13,B,2709.0
CAGCCTAAGTTTAACG-1,13,B,3088.0
CAGCCTTTCAAACCTA-1,6,Mono_CD14,4228.0
CAGCCTTTCATGAGCT-1,0,T_CD4,2598.0
CAGCCTTTCTCACAAA-1,6,Mono_CD14,6088.0
CAGCTAAGTGACATGC-1,1,T_CD8,1403.0
CAGCTAAGTGACCTGG-1,6,Mono_CD14,3031.0
CAGCTAAGTGTGCACG-1,6,Mono_CD14,3458.0
CAGCTAAGTTGCTGGG-1,2,T_CD4,4631.0
CAGCTAAGTTGCTTCG-1,1,T_CD8,2042.0
CAGCTAAGTTGTAACG-1,7,Mono_CD14,4780.0
CAGCTATAGCCAGTAT-1,6,Mono_CD14,3858.0
CAGCTATAGCTCCCTG-1,1,T_CD8,2943.0
CAGCTATAGCTGGCTA-1,6,Mono_CD14,5340.0
CAGCTATAGCTTAGTA-1,6,Mono_CD14,5854.0
CAGCTATAGGCAACAA-1,6,Mono_CD14,5600.0
CAGCTATAGGGTTATC-1,2,T_CD4,2579.0
CAGCTATAGTACTGGT-1,4,Mono_CD16,7853.0
CAGCTATAGTAGCTTA-1,2,T_CD4,3984.0
CAGCTATAGTGAGCAA-1,1,T_CD8,2518.0
CAGCTATAGTGATTCA-1,7,Mono_CD14,4233.0
CAGCTATAGTTGGCCA-1,7,Mono_CD14,5514.0
CAGCTATAGTTGTCCC-1,4,Mono_CD16,10934.0
CAGCTCAAGAACCTAC-1,6,Mono_CD14,1813.0
CAGCTCAAGCCTGGTA-1,1,T_CD8,4058.0
CAGCTCAAGGGTGAAC-1,7,Mono_CD14,4600.0
CAGCTCAAGTAGGCGG-1,10,NK,5241.0
CAGCTCAAGTGAACCT-1,2,T_CD4,5832.0
CAGGAAGGTAACGTGC-1,5,NK,1400.0
CAGGAAGGTAATGACT-1,13,B,3286.0
CAGGAAGGTACCCACC-1,13,B,3634.0
CAGGAAGGTCATCAAG-1,0,T_CD4,2775.0
CAGGAAGGTCCAAGAC-1,10,NK,5919.0
CAGGAAGGTGAACAAA-1,13,B,4834.0
CAGGAAGGTTAATCGG-1,7,Mono_CD14,4362.0
CAGGAAGGTTATCCTA-1,2,T_CD4,4668.0
CAGGAAGGTTCTTTAG-1,2,T_CD4,3948.0
CAGGAAGGTTGCACAA-1,13,B,2524.0
CAGGAAGGTTGTAACG-1,2,T_CD4,4852.0
CAGGACACAACAGGAT-1,5,NK,3107.0
CAGGACACAACCCTAA-1,1,T_CD8,3700.0
CAGGACACAATTTAGC-1,6,Mono_CD14,4955.0
CAGGACACACTAAATC-1,6,Mono_CD14,3664.0
CAGGACACACTTAGGC-1,6,Mono_CD14,4155.0
CAGGACACAGGCCTTG-1,6,Mono_CD14,2944.0
CAGGACACAGGGAGGA-1,0,T_CD4,3322.0
CAGGACACAGTTTCTC-1,3,Mono_CD14,1577.0
CAGGACACATGAATCT-1,7,Mono_CD14,3451.0
CAGGACACATTGACAT-1,6,Mono_CD14,6722.0
CAGGACACATTTGCTC-1,7,Mono_CD14,8065.0
CAGGACCTCACGTTAA-1,0,T_CD4,3347.0
CAGGACCTCATAACTG-1,13,B,3966.0
CAGGACCTCCAAGTTA-1,5,NK,2622.0
CAGGACCTCCCGTTTA-1,7,Mono_CD14,5815.0
CAGGACCTCCTGAGTG-1,12,dropped,5057.0
CAGGACCTCGCAGGCT-1,5,NK,1997.0
CAGGACCTCGCTCACT-1,2,T_CD4,3136.0
CAGGACCTCTCACACC-1,7,Mono_CD14,5663.0
CAGGATGCACATACTG-1,2,T_CD4,3438.0
CAGGATGCAGAAATTG-1,0,T_CD4,2414.0
CAGGATGCATCCTGAA-1,6,Mono_CD14,4893.0
CAGGCTATCACCGGTA-1,6,Mono_CD14,3369.0
CAGGCTATCAGGAACA-1,0,T_CD4,3130.0
CAGGCTATCCCGCCTA-1,7,Mono_CD14,6072.0
CAGGCTATCCTGGTCT-1,2,T_CD4,3088.0
CAGGCTATCGAAGTAG-1,2,T_CD4,2389.0
CAGGCTATCGTACCGA-1,6,Mono_CD14,3787.0
CAGGCTATCGTTAAGC-1,0,T_CD4,2678.0
CAGGCTATCTTACTCG-1,13,B,2712.0
CAGGCTGGTAACCAGC-1,6,Mono_CD14,5369.0
CAGGCTGGTAATGACT-1,6,Mono_CD14,4042.0
CAGGCTGGTACGCGCA-1,13,B,3386.0
CAGGCTGGTCACAAAT-1,15,T_CD8,3600.0
CAGGCTGGTCGCAAAC-1,7,Mono_CD14,5866.0
CAGGCTGGTGCTTACT-1,8,dropped,9128.0
CAGGCTGGTTAGCAGC-1,2,T_CD4,3134.0
CAGGCTGGTTCACTGT-1,6,Mono_CD14,8575.0
CAGGCTGGTTTGTCTA-1,0,T_CD4,4223.0
CAGGGCTTCAAGACTC-1,2,T_CD4,3446.0
CAGGGCTTCAATGACC-1,1,T_CD8,5315.0
CAGGGCTTCAATTGGC-1,6,Mono_CD14,5057.0
CAGGGCTTCACGCGGT-1,13,B,4402.0
CAGGGCTTCCAATTAG-1,0,T_CD4,2747.0
CAGGGCTTCCCATAGG-1,1,T_CD8,1636.0
CAGGGCTTCCCGAACA-1,6,Mono_CD14,4507.0
CAGGGCTTCGCTTCTA-1,1,T_CD8,2298.0
CAGGGCTTCGGGACTC-1,15,T_CD8,2693.0
CAGGGCTTCGTTATAG-1,1,T_CD8,2638.0
CAGGGCTTCTGTGCCT-1,2,T_CD4,6291.0
CAGGGTGAGGCGGGTA-1,15,T_CD8,3100.0
CAGGGTGAGTTGCCTC-1,6,Mono_CD14,2584.0
CAGGTCCAGCACAGGG-1,6,Mono_CD14,3936.0
CAGGTCCAGCTAATTG-1,13,B,2513.0
CAGGTCCAGCTTAACA-1,0,T_CD4,2185.0
CAGGTCCAGGATTGCT-1,2,T_CD4,1932.0
CAGGTCCAGGCAATAG-1,6,Mono_CD14,2928.0
CAGGTCCAGTTGGATC-1,2,T_CD4,4048.0
CAGGTCCAGTTTGGGT-1,15,T_CD8,3272.0
CAGGTGGAGCTTAGTA-1,6,Mono_CD14,3992.0
CAGGTGGAGCTTATGA-1,1,T_CD8,3204.0
CAGGTGGAGGACAACA-1,0,T_CD4,2353.0
CAGGTGGAGGAGCAAC-1,1,T_CD8,3414.0
CAGGTGGAGGAGCACG-1,17,dropped,8214.0
CAGGTGGAGGCGCACT-1,4,Mono_CD16,6503.0
CAGGTGGAGGCGCATC-1,8,dropped,8076.0
CAGGTGGAGTTAGACC-1,5,NK,3137.0
CAGGTTAGTACCCACC-1,6,Mono_CD14,3052.0
CAGGTTAGTAGGATTT-1,2,T_CD4,4081.0
CAGGTTAGTATTGAGT-1,4,Mono_CD16,8173.0
CAGGTTAGTCCAAATG-1,1,T_CD8,2958.0
CAGGTTAGTCCCGAAG-1,2,T_CD4,4087.0
CAGGTTAGTTCCTCCT-1,7,Mono_CD14,7773.0
CAGGTTAGTTTAACGG-1,8,dropped,10136.0
CAGGTTTAGAATCGCT-1,7,Mono_CD14,4402.0
CAGGTTTAGCCAAATC-1,1,T_CD8,4660.0
CAGGTTTAGCTTAGTA-1,5,NK,5184.0
CAGGTTTAGTCGCAAT-1,1,T_CD8,3277.0
CAGGTTTAGTTGTCCC-1,0,T_CD4,3127.0
CAGTACCCAAAGCGGC-1,8,dropped,6267.0
CAGTACCCAAGGTACG-1,6,Mono_CD14,6045.0
CAGTACCCACTCAACA-1,7,Mono_CD14,4652.0
CAGTATGGTATGTGGC-1,2,T_CD4,4565.0
CAGTATGGTATTTGGG-1,6,Mono_CD14,5417.0
CAGTATGGTCATGAGC-1,15,T_CD8,4164.0
CAGTATGGTCCGTAGG-1,13,B,3760.0
CAGTATGGTCTTTATG-1,7,Mono_CD14,4272.0
CAGTATGGTGCCGCAA-1,4,Mono_CD16,8417.0
CATAACGGTCGCATAA-1,10,NK,5542.0
CATAACGGTGGACATC-1,10,NK,7124.0
CATAAGCTCAAAGGCA-1,6,Mono_CD14,4557.0
CATAAGCTCAGCACCA-1,2,T_CD4,2143.0
CATAAGCTCGTCATTT-1,1,T_CD8,6336.0
CATAAGCTCTAGCGTG-1,0,T_CD4,3085.0
CATAAGCTCTCGCCTG-1,0,T_CD4,1500.0
CATAAGCTCTGTAATG-1,1,T_CD8,3500.0
CATAAGCTCTTAATGG-1,0,T_CD4,3290.0
CATAAGCTCTTGGACG-1,0,T_CD4,2527.0
CATAATCCAATCGCAC-1,10,NK,4340.0
CATAATCCAATTATGC-1,0,T_CD4,2174.0
CATAATCCAGTTAAAG-1,15,T_CD8,3200.0
CATAATGTCAGGTTTA-1,7,Mono_CD14,4778.0
CATAATGTCCTTCAAT-1,2,T_CD4,3438.0
CATAATGTCGCAGGCT-1,3,Mono_CD14,224.0
CATAATGTCTAAGGAG-1,7,Mono_CD14,7188.0
CATAATGTCTAAGGTC-1,5,NK,2998.0
CATAGACTCAGCACCA-1,15,T_CD8,3329.0
CATAGACTCAGCACGC-1,7,Mono_CD14,6239.0
CATAGACTCCCTGGAA-1,8,dropped,17237.0
CATAGACTCCGCAACA-1,7,Mono_CD14,6070.0
CATAGACTCCTCACTA-1,13,B,3593.0
CATAGACTCGTGCTTC-1,6,Mono_CD14,4096.0
CATAGACTCTAAGGAG-1,2,T_CD4,2641.0
CATAGACTCTCACTCA-1,2,T_CD4,3746.0
CATAGACTCTTGAGGT-1,2,T_CD4,3050.0
CATAGACTCTTGTCCA-1,15,T_CD8,4190.0
CATAGCTAGCAAGACA-1,2,T_CD4,3310.0
CATAGCTAGCCATCAG-1,2,T_CD4,2972.0
CATAGCTAGCCTGGTA-1,2,T_CD4,3858.0
CATAGCTAGCGTGCGT-1,8,dropped,7763.0
CATAGCTAGGTCGAGG-1,2,T_CD4,1498.0
CATAGCTAGGTCTTGG-1,8,dropped,8935.0
CATAGCTAGTATCGCG-1,0,T_CD4,2592.0
CATAGCTAGTATGTGC-1,6,Mono_CD14,6418.0
CATAGCTAGTCACTAA-1,8,dropped,8551.0
CATAGCTAGTGGCGGA-1,5,NK,4634.0
CATAGGCGTAATCCCT-1,8,dropped,9056.0
CATAGGCGTATTGTGG-1,0,T_CD4,2785.0
CATAGGCGTGATGATT-1,0,T_CD4,2949.0
CATAGGCGTTAGGATT-1,4,Mono_CD16,7310.0
CATAGGCGTTCCGGGA-1,2,T_CD4,3379.0
CATAGGCGTTCGGTAA-1,1,T_CD8,3254.0
CATAGGCGTTTATCGC-1,1,T_CD8,4756.0
CATAGGCGTTTGTTGC-1,2,T_CD4,2645.0
CATAGGTTCAGAAACG-1,6,Mono_CD14,3244.0
CATAGGTTCAGGAAGC-1,5,NK,3235.0
CATAGGTTCATTACAG-1,1,T_CD8,3208.0
CATAGGTTCCCTGATC-1,1,T_CD8,3493.0
CATAGGTTCCTTTACG-1,1,T_CD8,5145.0
CATAGGTTCGAGGAAC-1,6,Mono_CD14,8790.0
CATAGGTTCGCAACAT-1,15,T_CD8,3070.0
CATAGGTTCGCTATAA-1,7,Mono_CD14,6875.0
CATAGGTTCGGGACTC-1,3,Mono_CD14,508.0
CATAGGTTCTGTGAGT-1,2,T_CD4,3083.0
CATAGGTTCTTAGGGT-1,15,T_CD8,3503.0
CATAGTCAGGTCCAAT-1,7,Mono_CD14,4959.0
CATATCGCAAACTCAT-1,1,T_CD8,2362.0
CATATCGCAACAGGAT-1,15,T_CD8,3097.0
CATATCGCAATAGTCT-1,6,Mono_CD14,4975.0
CATATCGCACAAGCCT-1,16,pDC,6244.0
CATATCGCATAGCTTG-1,4,Mono_CD16,6613.0
CATATCGCATCCAGGT-1,10,NK,14851.0
CATATCGCATCCATCT-1,1,T_CD8,3042.0
CATATCGCATGCTCCC-1,0,T_CD4,2753.0
CATATCGCATGTTGGC-1,1,T_CD8,3174.0
CATATCGCATTGACAT-1,6,Mono_CD14,4542.0
CATATCGCATTGCAGC-1,11,DC,8168.0
CATATCGCATTGTTGG-1,2,T_CD4,4397.0
CATCAATCAATGAATG-1,0,T_CD4,2523.0
CATCAATCACTAAATC-1,0,T_CD4,5083.0
CATCAATCATAATCAC-1,2,T_CD4,3587.0
CATCAATCATGCTCCC-1,2,T_CD4,4206.0
CATCACACAAGGTAAC-1,8,dropped,12362.0
CATCACACACAAAGCG-1,7,Mono_CD14,6420.0
CATCACACATTAAACC-1,15,T_CD8,3563.0
CATCAGCCAACTAACT-1,2,T_CD4,3077.0
CATCAGCCAAGACTCC-1,2,T_CD4,7150.0
CATCAGCCACTCAACA-1,6,Mono_CD14,6449.0
CATCAGCCAGGTATTT-1,2,T_CD4,3513.0
CATCAGCCAGGTTACC-1,7,Mono_CD14,5969.0
CATCAGCCATTAAGTC-1,2,T_CD4,2830.0
CATCATAAGACACTTA-1,15,T_CD8,2377.0
CATCATAAGCATTTCT-1,0,T_CD4,2274.0
CATCATAAGCTAATCA-1,15,T_CD8,4571.0
CATCATAAGGATCACT-1,2,T_CD4,5173.0
CATCATGCAAACGCGA-1,13,B,4006.0
CATCATGCAAGCTTTG-1,0,T_CD4,2324.0
CATCATGCAATGCCCG-1,6,Mono_CD14,5140.0
CATCATGCACCCACAG-1,15,T_CD8,3777.0
CATCATGCACTTGTTC-1,7,Mono_CD14,5701.0
CATCCCAGTAAGTCGC-1,0,T_CD4,3206.0
CATCCCAGTCAATAGT-1,1,T_CD8,4706.0
CATCCCAGTCTCAGCC-1,13,B,3782.0
CATCCCAGTGCTCCGT-1,6,Mono_CD14,2684.0
CATCCCAGTGTTAGCA-1,0,T_CD4,2498.0
CATCCTCAGGACCGCT-1,7,Mono_CD14,3168.0
CATCCTCAGGAGCAAC-1,13,B,3881.0
CATCCTCAGGAGCACG-1,1,T_CD8,3414.0
CATCCTCAGGTGTTAC-1,2,T_CD4,6920.0
CATCCTGGTAGTTAAC-1,1,T_CD8,3401.0
CATCCTGGTCCGCTGT-1,10,NK,3392.0
CATCCTGGTTGGATAT-1,6,Mono_CD14,4541.0
CATCCTGGTTGGCGTG-1,7,Mono_CD14,4434.0
CATCCTGGTTTAGTCC-1,11,DC,8096.0
CATCCTTCAAATACCT-1,0,T_CD4,2539.0
CATCCTTCAAATTCGT-1,13,B,4147.0
CATCCTTCAGCAACCT-1,7,Mono_CD14,12591.0
CATCCTTCATCCAGGT-1,2,T_CD4,7400.0
CATCCTTCATGTCGCG-1,6,Mono_CD14,4477.0
CATCGCTTCATAATCG-1,8,dropped,3787.0
CATCGCTTCCTCAGTC-1,2,T_CD4,4801.0
CATCGCTTCCTTAAGA-1,4,Mono_CD16,7650.0
CATCGCTTCGCAAACT-1,15,T_CD8,3758.0
CATCGCTTCGGCTATG-1,15,T_CD8,3401.0
CATCGCTTCGTAACGT-1,0,T_CD4,2517.0
CATCGCTTCTTGAGCG-1,7,Mono_CD14,3892.0
CATCGCTTCTTGTCCA-1,6,Mono_CD14,5722.0
CATGAGGCAACAGCCT-1,15,T_CD8,3388.0
CATGAGGCAACTAGCC-1,6,Mono_CD14,3289.0
CATGAGGCAAGCTTAT-1,2,T_CD4,2501.0
CATGAGGCAAGGGTTG-1,4,Mono_CD16,7482.0
CATGAGGCATAACGGG-1,10,NK,3384.0
CATGAGGCATAGACTT-1,7,Mono_CD14,4816.0
CATGAGGCATGTTGCA-1,2,T_CD4,3123.0
CATGAGGCATTGTGCA-1,0,T_CD4,2608.0
CATGCAAGTTTATCTG-1,0,T_CD4,3430.0
CATGCAAGTTTGGGTA-1,6,Mono_CD14,3732.0
CATGCATAGCGAGTAA-1,2,T_CD4,3718.0
CATGCATAGCTTAGCG-1,7,Mono_CD14,4859.0
CATGCATAGCTTCCCG-1,13,B,2684.0
CATGCATAGGGCCATC-1,8,dropped,9314.0
CATGCATAGGGCTTTG-1,0,T_CD4,2723.0
CATGCATAGGTGAAAT-1,0,T_CD4,2391.0
CATGCATAGTCATTGA-1,0,T_CD4,2478.0
CATGCATAGTGGACAA-1,6,Mono_CD14,4565.0
CATGCATAGTGGCGGA-1,0,T_CD4,4605.0
CATGCATAGTTTGGGT-1,2,T_CD4,3701.0
CATGCGCAGATGGACA-1,6,Mono_CD14,2598.0
CATGCGCAGCGTGCGT-1,0,T_CD4,1843.0
CATGCGCAGGGACTAA-1,8,dropped,8372.0
CATGCGCAGGTCCGTA-1,13,B,2939.0
CATGCGCAGGTGAAGC-1,1,T_CD8,2013.0
CATGCGCAGTCATGCG-1,5,NK,7472.0
CATGCGCAGTCTTGAA-1,13,B,3425.0
CATGCGGGTAGCTGGT-1,4,Mono_CD16,7227.0
CATGCGGGTAGGATTT-1,7,Mono_CD14,6566.0
CATGCGGGTAGGTTAT-1,4,Mono_CD16,6737.0
CATGCGGGTCATGAGC-1,7,Mono_CD14,4118.0
CATGCGGGTGCTGGTG-1,0,T_CD4,2760.0
CATGCGGGTGGGAACA-1,13,B,2314.0
CATGCGGGTTAAGTGT-1,6,Mono_CD14,3956.0
CATGGCGGTAGTCAAT-1,7,Mono_CD14,5751.0
CATGGCGGTAGTTACG-1,0,T_CD4,2810.0
CATGGCGGTCATCCTG-1,2,T_CD4,6345.0
CATGGCGGTCGTAATG-1,1,T_CD8,3409.0
CATGGCGGTGTTGTGA-1,6,Mono_CD14,3682.0
CATGGCGGTTACAACG-1,0,T_CD4,2680.0
CATTATCTCAATCTCT-1,0,T_CD4,3063.0
CATTATCTCAATGAGG-1,1,T_CD8,3829.0
CATTATCTCACAAGCT-1,2,T_CD4,3472.0
CATTATCTCAGGTTTA-1,1,T_CD8,3192.0
CATTATCTCATTATGG-1,6,Mono_CD14,5467.0
CATTATCTCCTGCGAA-1,6,Mono_CD14,6432.0
CATTATCTCGCACAAT-1,5,NK,3603.0
CATTATCTCGCCTAAG-1,3,Mono_CD14,347.0
CATTATGAGCAAGACA-1,2,T_CD4,2652.0
CATTATGAGCCGCAGT-1,1,T_CD8,2768.0
CATTATGAGGCTACAT-1,13,B,4296.0
CATTATGAGGGACCTC-1,2,T_CD4,5179.0
CATTATGAGTGCACGC-1,2,T_CD4,3113.0
CATTATGAGTTCCCAC-1,7,Mono_CD14,5861.0
CATTCATTCAAACACC-1,7,Mono_CD14,6510.0
CATTCATTCAATACGC-1,8,dropped,11190.0
CATTCATTCAGGCTAT-1,7,Mono_CD14,6567.0
CATTCATTCCGCAAAT-1,6,Mono_CD14,3297.0
CATTCATTCGTAATCA-1,7,Mono_CD14,4880.0
CATTCATTCTCACTCA-1,7,Mono_CD14,6109.0
CATTCCTCAACAGGTG-1,0,T_CD4,2981.0
CATTCCTCAATAACCT-1,4,Mono_CD16,7066.0
CATTCCTCACCTCAGG-1,6,Mono_CD14,4355.0
CATTCCTCACCTGGTG-1,2,T_CD4,4019.0
CATTCCTCAGAAATTG-1,7,Mono_CD14,5820.0
CATTCCTCAGCTAATT-1,0,T_CD4,3402.0
CATTCCTCATCACTTC-1,1,T_CD8,5411.0
CATTCCTCATCGCTCC-1,0,T_CD4,1101.0
CATTGCGAGACTTATG-1,0,T_CD4,2512.0
CATTGCGAGCACAGCC-1,13,B,3540.0
CATTGCGAGCACTTGG-1,13,B,3166.0
CATTGCGAGCATGGTT-1,2,T_CD4,3603.0
CATTGCGAGGAACACA-1,8,dropped,9790.0
CATTGCGAGGCGAAAC-1,0,T_CD4,3036.0
CATTGCGAGTAAGAAC-1,6,Mono_CD14,3862.0
CATTGCGAGTCATTTC-1,11,DC,7915.0
CATTGCGAGTGGCGGA-1,1,T_CD8,3307.0
CATTGTAAGAGGAAGG-1,2,T_CD4,3261.0
CATTGTAAGCCAGTAT-1,0,T_CD4,3669.0
CATTGTAAGCGCATTG-1,1,T_CD8,4082.0
CATTGTAAGTAACCCG-1,13,B,973.0
CATTGTAAGTCAGGCC-1,4,Mono_CD16,6536.0
CATTGTGCAAGGTCCT-1,6,Mono_CD14,5108.0
CATTGTGCAGGTTAAA-1,9,dropped,11775.0
CATTGTGCAGTCTAAT-1,0,T_CD4,2188.0
CATTGTGCATTAGCCA-1,11,DC,8115.0
CATTTGTTCAAGTGAG-1,1,T_CD8,3153.0
CATTTGTTCACTCAAA-1,2,T_CD4,3760.0
CATTTGTTCATGCTAA-1,8,dropped,7446.0
CATTTGTTCCCGCAAA-1,1,T_CD8,3534.0
CATTTGTTCCTAATGA-1,8,dropped,6640.0
CATTTGTTCGAGGAGT-1,7,Mono_CD14,12571.0
CATTTGTTCGCACACA-1,0,T_CD4,3328.0
CATTTGTTCGGGACCT-1,0,T_CD4,2304.0
CATTTGTTCTAAATCG-1,13,B,3921.0
CATTTGTTCTTAGGAC-1,6,Mono_CD14,6562.0
CATTTGTTCTTGAGGT-1,0,T_CD4,2632.0
CATTTGTTCTTGTCCA-1,0,T_CD4,3417.0
CCAAACCCAAGGTGCA-1,7,Mono_CD14,6738.0
CCAAACCCAATTTAGC-1,6,Mono_CD14,3002.0
CCAAACCCACCCACAG-1,0,T_CD4,3314.0
CCAAACCCACTGGCTG-1,1,T_CD8,7362.0
CCAAACCCACTTAACG-1,15,T_CD8,3423.0
CCAAACCCAGGCGATA-1,5,NK,1737.0
CCAAACCCAGGCTAAG-1,0,T_CD4,3448.0
CCAAACCCAGTCTAAT-1,6,Mono_CD14,3881.0
CCAAACCCAGTTAAAG-1,11,DC,7410.0
CCAAACTAGAAACTGG-1,15,T_CD8,5507.0
CCAAACTAGATAAAGC-1,2,T_CD4,4658.0
CCAAACTAGCTCAATA-1,7,Mono_CD14,9965.0
CCAAACTAGCTCATAA-1,6,Mono_CD14,6276.0
CCAAACTAGCTTAGCG-1,1,T_CD8,3223.0
CCAAACTAGGACCTCA-1,1,T_CD8,2977.0
CCAAACTAGGTCATTA-1,0,T_CD4,3570.0
CCAAATCAGACCATAC-1,12,dropped,14194.0
CCAAATCAGATGCCTG-1,2,T_CD4,2858.0
CCAAATCAGCCGCTTT-1,0,T_CD4,2126.0
CCAAATCAGCGGTTAT-1,7,Mono_CD14,5467.0
CCAAATCAGGTCTTGG-1,1,T_CD8,4083.0
CCAACATAGACAGGCG-1,2,T_CD4,1790.0
CCAACATAGAGGCTAA-1,2,T_CD4,4169.0
CCAACATAGGTCTTGG-1,1,T_CD8,3059.0
CCAACATAGTACCGCA-1,6,Mono_CD14,1516.0
CCAACATAGTCAATTG-1,6,Mono_CD14,5233.0
CCAACATAGTTATCTC-1,16,pDC,9826.0
CCAACATAGTTTAACG-1,0,T_CD4,3205.0
CCAACCAAGACACCGC-1,6,Mono_CD14,3150.0
CCAACCAAGAGGGACT-1,1,T_CD8,2417.0
CCAACCAAGCAAGACA-1,13,B,3529.0
CCAACCAAGCGGTTAT-1,6,Mono_CD14,3575.0
CCAACCAAGCTATTGA-1,13,B,3954.0
CCAACCCGTAGCTAGC-1,13,B,4666.0
CCAACCCGTAGGATTT-1,6,Mono_CD14,2794.0
CCAACCCGTAGGTTTG-1,8,dropped,9211.0
CCAACCCGTAGTTACG-1,13,B,4812.0
CCAACCCGTATTGGAT-1,2,T_CD4,1795.0
CCAACCCGTCTTGCTG-1,5,NK,3681.0
CCAACCCGTGATCAGC-1,2,T_CD4,3645.0
CCAACCCGTGGAAGGC-1,7,Mono_CD14,4619.0
CCAACCCGTTAGGCGT-1,17,dropped,13967.0
CCAACCCGTTGCCTCA-1,6,Mono_CD14,13633.0
CCAACCCGTTGTAAAC-1,0,T_CD4,2743.0
CCAACCCGTTGTGACA-1,13,B,2999.0
CCAAGGCTCAATGTCA-1,2,T_CD4,2755.0
CCAAGGCTCAGCACCA-1,4,Mono_CD16,8264.0
CCAAGGCTCATAACGC-1,0,T_CD4,1788.0
CCAAGGCTCCAAATCA-1,15,T_CD8,2524.0
CCAAGGCTCCAGGGAG-1,6,Mono_CD14,4457.0
CCAAGGCTCGCAACAT-1,16,pDC,4830.0
CCAAGGCTCGCGCTAA-1,7,Mono_CD14,5014.0
CCAAGGCTCGTCAAGT-1,15,T_CD8,1580.0
CCAAGGCTCTCACACC-1,6,Mono_CD14,5159.0
CCAAGTTAGACAGGCG-1,13,B,1997.0
CCAAGTTAGACCATAC-1,7,Mono_CD14,6201.0
CCAAGTTAGCCTAACG-1,6,Mono_CD14,15755.0
CCAAGTTAGGTAAGCA-1,6,Mono_CD14,2695.0
CCAAGTTAGTTCCTGC-1,0,T_CD4,2001.0
CCAATATCAGGCGAGT-1,7,Mono_CD14,11803.0
CCAATATCATGTTGCA-1,7,Mono_CD14,3958.0
CCAATATCATTATGAC-1,0,T_CD4,2168.0
CCACAATAGCGAGCGA-1,8,dropped,10685.0
CCACAATAGGCCTAAT-1,6,Mono_CD14,3736.0
CCACAATAGGCTATGT-1,6,Mono_CD14,9791.0
CCACAATAGGGTGAGT-1,2,T_CD4,3463.0
CCACACAAGCATGGTT-1,7,Mono_CD14,2190.0
CCACACAAGGTCCGTA-1,1,T_CD8,3032.0
CCACACAAGTAACTCA-1,7,Mono_CD14,8493.0
CCACACAAGTTATCCT-1,13,B,8731.0
CCACACAAGTTGGGCC-1,1,T_CD8,3533.0
CCACAGGGTAACGAGG-1,2,T_CD4,3970.0
CCACAGGGTATTGTCC-1,0,T_CD4,3809.0
CCACAGGGTCACACCC-1,15,T_CD8,3439.0
CCACAGGGTCGCAAAC-1,7,Mono_CD14,5421.0
CCACAGGGTGAACAAA-1,2,T_CD4,3565.0
CCACAGGGTGTGTGGT-1,0,T_CD4,4631.0
CCACAGGGTTCGCTTG-1,2,T_CD4,3226.0
CCACATTGTATTTGGG-1,3,Mono_CD14,1128.0
CCACATTGTGAGGTGA-1,10,NK,6127.0
CCACATTGTGCTAGAC-1,2,T_CD4,6139.0
CCACATTGTTAATGCG-1,2,T_CD4,3389.0
CCACATTGTTCGGGAT-1,2,T_CD4,4747.0
CCACTTGGTCACAGAC-1,6,Mono_CD14,5242.0
CCACTTGGTTCCAGGG-1,6,Mono_CD14,3896.0
CCACTTGGTTGCCTCA-1,2,T_CD4,3981.0
CCAGACTCAAGGACCA-1,9,dropped,13860.0
CCAGACTCACCTGCTC-1,14,dropped,9878.0
CCAGACTCACTCAACA-1,1,T_CD8,4011.0
CCAGACTCAGGAACAT-1,8,dropped,10155.0
CCAGACTCAGGAACTG-1,3,Mono_CD14,132.0
CCAGACTCAGGCTACT-1,6,Mono_CD14,4475.0
CCAGACTCATACCCGG-1,4,Mono_CD16,6118.0
CCAGACTCATGAATCT-1,6,Mono_CD14,3273.0
CCAGACTCATGTCAAT-1,13,B,6286.0
CCAGACTCATTGACAT-1,2,T_CD4,4161.0
CCAGCCTGTACTTCAC-1,6,Mono_CD14,3294.0
CCAGCCTGTGATGATT-1,4,Mono_CD16,6939.0
CCAGCCTGTTAACGAT-1,5,NK,3293.0
CCAGCCTGTTGTGATG-1,0,T_CD4,4708.0
CCAGCTAAGAGGAGGA-1,1,T_CD8,1522.0
CCAGCTAAGGCTGTGC-1,0,T_CD4,1472.0
CCAGCTAAGTTCCCGT-1,2,T_CD4,3240.0
CCAGCTAAGTTCCTCA-1,6,Mono_CD14,3991.0
CCAGCTAAGTTTCCTG-1,3,Mono_CD14,171.0
CCAGCTGCAAGGTAAC-1,16,pDC,5286.0
CCAGCTGCAGCTCATA-1,13,B,2595.0
CCAGCTGCATAAGCAA-1,2,T_CD4,4924.0
CCAGCTGCATTAAAGG-1,6,Mono_CD14,2763.0
CCAGGAACAATCCCTT-1,2,T_CD4,5226.0
CCAGGAACACACAATT-1,1,T_CD8,6263.0
CCAGGAACAGCCAGAA-1,13,B,3052.0
CCAGGAACATAAGTCT-1,10,NK,6484.0
CCAGGATGTCCGTAGG-1,0,T_CD4,3959.0
CCAGGATGTGCTTACT-1,1,T_CD8,3159.0
CCAGGATGTTAACACG-1,0,T_CD4,2810.0
CCAGGATGTTAGGCGT-1,1,T_CD8,4231.0
CCAGGATGTTTGGGCG-1,6,Mono_CD14,4736.0
CCAGTTTGTACTGATG-1,13,B,5846.0
CCAGTTTGTGAGAAAC-1,12,dropped,9062.0
CCAGTTTGTGCATTAG-1,1,T_CD8,3224.0
CCAGTTTGTGTTTGTC-1,5,NK,3764.0
CCATAAATCAATCTCT-1,2,T_CD4,3110.0
CCATAAATCACAGGAA-1,1,T_CD8,2337.0
CCATAAATCACTTCAT-1,2,T_CD4,2782.0
CCATAAATCATCAGTA-1,1,T_CD8,2348.0
CCATAAATCCCTCAAC-1,13,B,2277.0
CCATAAATCGGGACTC-1,2,T_CD4,3310.0
CCATAAATCTGCAAAC-1,6,Mono_CD14,3221.0
CCATAAATCTGTGAGT-1,13,B,3474.0
CCATAAGGTAACCAGC-1,13,B,2097.0
CCATAAGGTAACGTGC-1,16,pDC,9645.0
CCATAAGGTCCGTGAG-1,6,Mono_CD14,5297.0
CCATAAGGTCTATCGT-1,13,B,2822.0
CCATAAGGTTAGTACG-1,1,T_CD8,3947.0
CCATAAGGTTTAACGG-1,1,T_CD8,2661.0
CCATAAGGTTTGCTGT-1,2,T_CD4,4374.0
CCATAATCAAACCTAT-1,0,T_CD4,2722.0
CCATAATCAATTTGGT-1,2,T_CD4,5459.0
CCATAATCAGCCAGTT-1,7,Mono_CD14,5595.0
CCATAATCATAATTGC-1,1,T_CD8,3710.0
CCATAATCATGCTATG-1,7,Mono_CD14,3347.0
CCATAGCCAAACTGTT-1,9,dropped,10181.0
CCATAGCCAAAGCTCC-1,7,Mono_CD14,4009.0
CCATAGCCAAGGTGCA-1,0,T_CD4,1980.0
CCATAGCCACTGACTA-1,5,NK,3750.0
CCATAGCCAGACAAAC-1,13,B,9484.0
CCATAGCCAGTAGGAT-1,6,Mono_CD14,11024.0
CCATAGCCATGGCCTG-1,0,T_CD4,3311.0
CCATAGCCATGGTTAT-1,1,T_CD8,3265.0
CCATAGCCATTAGGTT-1,6,Mono_CD14,4359.0
CCATATTTCATGTTTC-1,2,T_CD4,5831.0
CCATATTTCTCCATGC-1,0,T_CD4,1909.0
CCATCACTCGAGGAGT-1,7,Mono_CD14,12622.0
CCATCATGTAACCAGC-1,1,T_CD8,3754.0
CCATCATGTATCTGGA-1,6,Mono_CD14,5076.0
CCATCATGTCCGTAGG-1,1,T_CD8,3929.0
CCATCATGTGATTTGG-1,7,Mono_CD14,2081.0
CCATCATGTGGTTCCC-1,2,T_CD4,2073.0
CCATCATGTTACCGGG-1,1,T_CD8,3162.0
CCATCATGTTCAAGAT-1,5,NK,4756.0
CCATTATTCATGGCTG-1,2,T_CD4,4256.0
CCATTATTCCTTAGTT-1,6,Mono_CD14,7727.0
CCATTATTCGCTATAA-1,0,T_CD4,2205.0
CCATTGTGTAATCACG-1,15,T_CD8,15793.0
CCATTGTGTACTTAGG-1,2,T_CD4,5541.0
CCATTGTGTCGCAATA-1,6,Mono_CD14,4436.0
CCATTGTGTGCACGCA-1,7,Mono_CD14,4753.0
CCATTGTGTGCTTAGA-1,0,T_CD4,6234.0
CCATTGTGTTAAGTGT-1,0,T_CD4,2695.0
CCATTGTGTTACCGGG-1,15,T_CD8,3109.0
CCATTGTGTTACGCAA-1,6,Mono_CD14,5541.0
CCATTGTGTTCCGGGA-1,6,Mono_CD14,3550.0
CCATTGTGTTTCGCCA-1,0,T_CD4,2194.0
CCCAAACCAAAGGCCA-1,1,T_CD8,4133.0
CCCAAACCAATCCTAG-1,13,B,3445.0
CCCAAACCAATCTCTC-1,13,B,4011.0
CCCAAACCACGTAATT-1,2,T_CD4,3750.0
CCCAAACCAGCTACGT-1,2,T_CD4,4046.0
CCCAAACCAGTCTAAT-1,2,T_CD4,4321.0
CCCAAACCAGTCTAGC-1,15,T_CD8,3904.0
CCCAAACCATCCATCT-1,1,T_CD8,3775.0
CCCAAATAGCACAGCC-1,8,dropped,11142.0
CCCAAATAGCCTGTTC-1,6,Mono_CD14,7230.0
CCCAAATAGGATAAAC-1,2,T_CD4,3344.0
CCCAAATAGTCCTTCA-1,7,Mono_CD14,6488.0
CCCAAATAGTTAGTTG-1,0,T_CD4,2483.0
CCCAAATAGTTATTCC-1,1,T_CD8,4557.0
CCCAACCGTAGCTGCG-1,6,Mono_CD14,5079.0
CCCAACCGTATACTGG-1,7,Mono_CD14,4822.0
CCCAACCGTCGAAGTC-1,6,Mono_CD14,4431.0
CCCAACCGTCGCGCAA-1,6,Mono_CD14,6191.0
CCCAACCGTGAGCACT-1,13,B,2891.0
CCCAACCGTGGAGCAA-1,2,T_CD4,3554.0
CCCAACCGTTAGTTGG-1,6,Mono_CD14,10598.0
CCCAATTGTGGAAGGC-1,0,T_CD4,2601.0
CCCAATTGTGGGAACA-1,9,dropped,10870.0
CCCAATTGTGGTTATG-1,7,Mono_CD14,5924.0
CCCAATTGTGTGCAAC-1,8,dropped,10952.0
CCCAATTGTTAGCATG-1,2,T_CD4,5748.0
CCCAATTGTTAGTACG-1,5,NK,2451.0
CCCAATTGTTCACTGT-1,0,T_CD4,2868.0
CCCAGCACAAACTAAG-1,9,dropped,11925.0
CCCAGCACAATGCCTA-1,6,Mono_CD14,6801.0
CCCAGCACACCTAAGC-1,2,T_CD4,4114.0
CCCAGCACAGGGAGCT-1,5,NK,3909.0
CCCAGCACATTGTCCT-1,2,T_CD4,4979.0
CCCAGTTTCATTCATC-1,13,B,4552.0
CCCAGTTTCCTTCTAG-1,16,pDC,9494.0
CCCAGTTTCGCTCCAT-1,6,Mono_CD14,5302.0
CCCAGTTTCTAATCCT-1,8,dropped,5163.0
CCCAGTTTCTTGGACG-1,15,T_CD8,4978.0
CCCATAACAACAGCCT-1,0,T_CD4,3640.0
CCCATAACAATGAATG-1,2,T_CD4,5468.0
CCCATAACACGTTACA-1,1,T_CD8,2993.0
CCCATAACAGCATGAG-1,0,T_CD4,2335.0
CCCGCAACAAACCCTA-1,8,dropped,9010.0
CCCGCAACAAATTGCT-1,0,T_CD4,4261.0
CCCGCAACAATCCTAG-1,2,T_CD4,4767.0
CCCGCAACACAATGTT-1,8,dropped,9259.0
CCCGCAACACCGGCTA-1,1,T_CD8,3827.0
CCCGCAACACCTGTAA-1,6,Mono_CD14,4915.0
CCCGCAACAGCTAACC-1,1,T_CD8,3410.0
CCCGCTTCAAACCCTA-1,13,B,2616.0
CCCGCTTCAAACTCAT-1,1,T_CD8,3577.0
CCCGCTTCAAGTTATC-1,6,Mono_CD14,5732.0
CCCGCTTCAGCTAATT-1,6,Mono_CD14,4875.0
CCCGCTTCAGGTATTT-1,1,T_CD8,3722.0
CCCGCTTCAGTTATGT-1,7,Mono_CD14,3505.0
CCCGCTTCATCAGTAT-1,13,B,2751.0
CCCGCTTCATTAGCCA-1,10,NK,8475.0
CCCGCTTCATTGCGGT-1,4,Mono_CD16,8473.0
CCCGCTTCATTGTGGC-1,8,dropped,7729.0
CCCGTAAAGGACCGCT-1,7,Mono_CD14,2907.0
CCCGTAAAGGGCTTTG-1,13,B,3173.0
CCCGTAAAGTTAGAGG-1,1,T_CD8,3521.0
CCCGTAAAGTTGTCCC-1,3,Mono_CD14,1342.0
CCCGTTGTCAATGAGG-1,7,Mono_CD14,5060.0
CCCGTTGTCATAACTG-1,10,NK,7074.0
CCCGTTGTCCAAGTGT-1,2,T_CD4,4026.0
CCCGTTGTCCCTGACT-1,6,Mono_CD14,7133.0
CCCGTTGTCGATCAGT-1,6,Mono_CD14,3521.0
CCCTAATGTCAATGTG-1,2,T_CD4,4276.0
CCCTAATGTCCTTCTC-1,0,T_CD4,3401.0
CCCTAATGTTAGGCTA-1,7,Mono_CD14,8203.0
CCCTAATGTTGGTTAG-1,6,Mono_CD14,6057.0
CCCTCACCAACTAGCC-1,1,T_CD8,3101.0
CCCTCACCACAATACT-1,13,B,9118.0
CCCTCACCACTAAGCC-1,0,T_CD4,2526.0
CCCTCACCAGAATGAC-1,8,dropped,6467.0
CCCTCACCAGGTTCAC-1,15,T_CD8,3064.0
CCCTCAGTCAATGTCA-1,15,T_CD8,4641.0
CCCTCAGTCACATTGA-1,2,T_CD4,5645.0
CCCTCAGTCCATAAGC-1,2,T_CD4,3195.0
CCCTCAGTCCCGCATT-1,6,Mono_CD14,4591.0
CCCTCAGTCCTAAATG-1,2,T_CD4,2503.0
CCCTCAGTCCTTAATC-1,5,NK,3847.0
CCCTCAGTCGAGGAGT-1,6,Mono_CD14,6299.0
CCCTCAGTCGCACACA-1,13,B,2169.0
CCCTCAGTCTCACTCA-1,1,T_CD8,4738.0
CCCTCAGTCTGGCAAT-1,0,T_CD4,2711.0
CCCTCATAGCATTAGC-1,1,T_CD8,3182.0
CCCTCATAGCTGTAAC-1,2,T_CD4,3700.0
CCCTCATAGGAAGCAC-1,2,T_CD4,2744.0
CCCTCATAGTTCCCAC-1,13,B,2625.0
CCCTCATAGTTGGGCC-1,7,Mono_CD14,3657.0
CCCTGGACACAGCCAT-1,1,T_CD8,4301.0
CCCTGGACACCTCACC-1,1,T_CD8,3422.0
CCCTGGACAGCTAATT-1,2,T_CD4,5461.0
CCCTGGACAGGATTAA-1,6,Mono_CD14,2894.0
CCCTGGACAGGCGAGT-1,1,T_CD8,3536.0
CCCTGTTAGAGGGACT-1,13,B,2859.0
CCCTGTTAGCACAGAA-1,16,pDC,6679.0
CCCTGTTAGCACTTGG-1,7,Mono_CD14,3954.0
CCCTGTTAGCTTCCCG-1,2,T_CD4,5772.0
CCCTGTTAGGACCTCA-1,3,Mono_CD14,251.0
CCCTGTTAGGTTACGT-1,0,T_CD4,2683.0
CCCTGTTAGTTGCGTG-1,11,DC,8454.0
CCCTTAATCAATGACC-1,1,T_CD8,2251.0
CCCTTAATCATTGTTC-1,2,T_CD4,6107.0
CCCTTAATCCCGTTAC-1,1,T_CD8,4250.0
CCCTTAATCCCTCAGT-1,7,Mono_CD14,6963.0
CCCTTAATCGCAGGCT-1,2,T_CD4,3417.0
CCCTTAATCGCCTGTT-1,1,T_CD8,5393.0
CCGACAGGTACTTAGG-1,15,T_CD8,3843.0
CCGACAGGTCATCATC-1,8,dropped,8568.0
CCGACAGGTCCTTAGT-1,7,Mono_CD14,6835.0
CCGACAGGTCCTTCAG-1,0,T_CD4,9215.0
CCGACAGGTCGTAATG-1,6,Mono_CD14,4971.0
CCGACAGGTTCAAGAT-1,0,T_CD4,2123.0
CCGATGCAGACAGGCG-1,0,T_CD4,5753.0
CCGATGCAGCAACATC-1,1,T_CD8,2633.0
CCGATGCAGCCTGTGA-1,1,T_CD8,3114.0
CCGATGCAGCGATAGA-1,13,B,2571.0
CCGATGCAGCTAAGTC-1,2,T_CD4,3863.0
CCGATGCAGGATTGAG-1,13,B,6254.0
CCGATGCAGGCCATCA-1,0,T_CD4,3085.0
CCGATGCAGGTCAAAG-1,7,Mono_CD14,5098.0
CCGATGCAGTAATCCA-1,1,T_CD8,2107.0
CCGCAAATCAAGCCTG-1,2,T_CD4,4137.0
CCGCAAATCAGCACGC-1,6,Mono_CD14,5537.0
CCGCAAATCATTTGTC-1,6,Mono_CD14,3443.0
CCGCAAATCCCATAGG-1,13,B,1962.0
CCGCAAATCCTAATGA-1,0,T_CD4,3442.0
CCGCAAATCGCATTAA-1,7,Mono_CD14,6203.0
CCGCAAATCGTTACAA-1,6,Mono_CD14,7289.0
CCGCAAATCTCCTCAA-1,10,NK,2942.0
CCGCAAGGTAGCTGCG-1,4,Mono_CD16,6325.0
CCGCAAGGTCACGGAT-1,6,Mono_CD14,3486.0
CCGCAAGGTCCAAATG-1,0,T_CD4,1810.0
CCGCAAGGTGCAATAT-1,6,Mono_CD14,3164.0
CCGCAAGGTGGACATC-1,6,Mono_CD14,4564.0
CCGCAAGGTGGTGAGA-1,0,T_CD4,2211.0
CCGCAAGGTTAGAGGG-1,2,T_CD4,4918.0
CCGCAAGGTTGCACGG-1,2,T_CD4,2792.0
CCGCACACAACCCTAA-1,1,T_CD8,4268.0
CCGCACACACAATGTT-1,2,T_CD4,5034.0
CCGCACACACCCTCAC-1,6,Mono_CD14,6290.0
CCGCACACAGGACACA-1,15,T_CD8,7971.0
CCGCACACAGGCCATT-1,2,T_CD4,3001.0
CCGCACACAGGTTAAA-1,6,Mono_CD14,3596.0
CCGCACACATACCCGG-1,16,pDC,5789.0
CCGCACACATGAATAG-1,6,Mono_CD14,5289.0
CCGCACACATGAGTTT-1,13,B,2726.0
CCGCACACATGTCAAT-1,15,T_CD8,3428.0
CCGCCAACAAACTGCC-1,2,T_CD4,4830.0
CCGCCAACAATCCTGA-1,6,Mono_CD14,4097.0
CCGCCAACAGAATGAC-1,2,T_CD4,3353.0
CCGCCAACAGTGAACG-1,0,T_CD4,2132.0
CCGCCAACATAAGGAC-1,1,T_CD8,7172.0
CCGCCAACATTGACAT-1,2,T_CD4,4435.0
CCGCTAAAGCAATAGG-1,0,T_CD4,3323.0
CCGCTAAAGCAGGCCT-1,0,T_CD4,2947.0
CCGCTAAAGCATGTCG-1,6,Mono_CD14,1989.0
CCGCTAAAGCGAGCGA-1,2,T_CD4,3707.0
CCGCTAAAGCGATAAG-1,10,NK,3296.0
CCGCTAAAGCTAAGTC-1,6,Mono_CD14,6250.0
CCGCTAAAGGCCAATT-1,9,dropped,8696.0
CCGCTAAAGGGCCACT-1,2,T_CD4,2996.0
CCGCTAAAGTGGCGGA-1,2,T_CD4,2888.0
CCGCTAGCAAACGCGA-1,6,Mono_CD14,3940.0
CCGCTAGCAACGTGCT-1,2,T_CD4,3361.0
CCGCTAGCAAGTTATC-1,2,T_CD4,2726.0
CCGCTAGCACAAAGCG-1,2,T_CD4,4004.0
CCGCTAGCACCGGTAT-1,0,T_CD4,2714.0
CCGCTAGCAGTTATCG-1,10,NK,4144.0
CCGCTTAGTTACAAAC-1,6,Mono_CD14,6950.0
CCGCTTAGTTACAACG-1,0,T_CD4,12195.0
CCGCTTAGTTGCATCT-1,0,T_CD4,5852.0
CCGGTAGGTGCAATGC-1,7,Mono_CD14,11894.0
CCGGTAGGTGCACGCA-1,0,T_CD4,2095.0
CCGGTAGGTGCATCGG-1,2,T_CD4,2382.0
CCGGTAGGTGGAGCAA-1,2,T_CD4,3929.0
CCGGTAGGTGGCTTCC-1,1,T_CD8,2732.0
CCGGTTAAGAACCTGT-1,10,NK,3931.0
CCGGTTAAGACACTTA-1,16,pDC,7027.0
CCGGTTAAGCCGCTAA-1,3,Mono_CD14,587.0
CCGGTTAAGCCTCTGT-1,8,dropped,5992.0
CCGGTTAAGCGCATTG-1,8,dropped,11474.0
CCGGTTAAGGAGCATA-1,0,T_CD4,3619.0
CCGGTTAAGGCCCAGT-1,7,Mono_CD14,5945.0
CCGGTTAAGTAAAGGT-1,15,T_CD8,3086.0
CCGGTTAAGTGAGGTA-1,7,Mono_CD14,10472.0
CCGGTTAAGTTGTCCC-1,13,B,2873.0
CCGTGCTGTAATCGCA-1,13,B,2559.0
CCGTGCTGTATTGCAG-1,10,NK,5363.0
CCGTGCTGTCATGCAA-1,8,dropped,4961.0
CCGTGCTGTCCGTAGG-1,0,T_CD4,1455.0
CCGTGCTGTCGTTACT-1,2,T_CD4,2476.0
CCGTGCTGTCTTGCTG-1,13,B,2855.0
CCGTGCTGTGCTTACT-1,15,T_CD8,3731.0
CCGTGCTGTTAGAGGG-1,7,Mono_CD14,5826.0
CCGTGCTGTTAGCTGA-1,4,Mono_CD16,6804.0
CCGTTAACAAATGCCC-1,8,dropped,5909.0
CCGTTAACAATCCTGA-1,7,Mono_CD14,4539.0
CCGTTAACACCAGCAT-1,6,Mono_CD14,4236.0
CCGTTAACAGGCAAGC-1,7,Mono_CD14,3323.0
CCGTTAACAGTTTCTC-1,2,T_CD4,4061.0
CCGTTAACATCAGTAT-1,6,Mono_CD14,9375.0
CCGTTAACATGCAACC-1,1,T_CD8,3127.0
CCGTTAACATTGTGAT-1,2,T_CD4,4324.0
CCGTTACTCAAGTGTC-1,8,dropped,11732.0
CCGTTACTCATGCCTC-1,1,T_CD8,2724.0
CCGTTACTCCAGGGAG-1,2,T_CD4,2888.0
CCGTTACTCGAGCAAA-1,2,T_CD4,3111.0
CCGTTACTCGTTAAGC-1,13,B,5745.0
CCGTTACTCTATCGCC-1,6,Mono_CD14,4344.0
CCGTTACTCTGGCAAT-1,10,NK,6304.0
CCGTTACTCTGGTCCT-1,7,Mono_CD14,4872.0
CCGTTACTCTTAGTCT-1,0,T_CD4,2986.0
CCGTTATGTAACCAGC-1,6,Mono_CD14,4719.0
CCGTTATGTCAATACG-1,15,T_CD8,5895.0
CCGTTATGTCATTACC-1,2,T_CD4,3101.0
CCGTTATGTGATCAGC-1,7,Mono_CD14,5201.0
CCGTTATGTGCAACTA-1,13,B,2234.0
CCGTTATGTGCAATGC-1,0,T_CD4,4197.0
CCGTTATGTTAAGCTG-1,6,Mono_CD14,4422.0
CCGTTATGTTTCCACG-1,1,T_CD8,4772.0
CCGTTATGTTTGAGCA-1,2,T_CD4,4686.0
CCGTTGCGTACGATTG-1,7,Mono_CD14,3838.0
CCGTTGCGTACGTTTC-1,2,T_CD4,4538.0
CCGTTGCGTACTGAAT-1,6,Mono_CD14,2832.0
CCGTTGCGTCCTTCTC-1,2,T_CD4,3946.0
CCGTTGCGTGAGACTC-1,1,T_CD8,3583.0
CCGTTGCGTGGATTCA-1,0,T_CD4,2024.0
CCGTTGCGTTTGTCTA-1,1,T_CD8,2400.0
CCGTTTGGTCACAGAC-1,10,NK,3726.0
CCGTTTGGTCATGCAA-1,0,T_CD4,2221.0
CCGTTTGGTCCACAAA-1,0,T_CD4,2811.0
CCGTTTGGTCCGTAGG-1,12,dropped,8835.0
CCGTTTGGTCGCAAAC-1,7,Mono_CD14,7007.0
CCGTTTGGTGCCGCAA-1,2,T_CD4,3230.0
CCGTTTGGTGTTAAAC-1,1,T_CD8,2595.0
CCGTTTGGTTCACCAT-1,13,B,2623.0
CCGTTTGGTTCCTGTG-1,6,Mono_CD14,5981.0
CCGTTTGGTTCGCTCA-1,4,Mono_CD16,7381.0
CCGTTTGGTTTGCAGA-1,0,T_CD4,1978.0
CCTAAAGGTCAATACG-1,1,T_CD8,3038.0
CCTAAAGGTCATAAGT-1,2,T_CD4,4336.0
CCTAAATCAAGGTAAC-1,0,T_CD4,2654.0
CCTAAGCCAAATGCCC-1,1,T_CD8,3203.0
CCTAAGGTCAAATCGC-1,1,T_CD8,2794.0
CCTAAGGTCCCATAAA-1,0,T_CD4,3009.0
CCTAAGGTCGCTATAA-1,7,Mono_CD14,6730.0
CCTAAGGTCTGGCATG-1,12,dropped,8322.0
CCTAAGTAGACTCGCA-1,2,T_CD4,3026.0
CCTAAGTAGAGAAGGG-1,15,T_CD8,3034.0
CCTAAGTAGCCTAATA-1,0,T_CD4,7368.0
CCTAAGTAGGCTACAT-1,0,T_CD4,2602.0
CCTAAGTAGGGACGCA-1,6,Mono_CD14,3479.0
CCTAATAAGAACAAGT-1,15,T_CD8,2998.0
CCTAATCGTCAGTAAT-1,2,T_CD4,2111.0
CCTAATCGTCATCAAG-1,0,T_CD4,2431.0
CCTAATCGTCCTTTAA-1,6,Mono_CD14,3212.0
CCTAATCGTTAAGCCA-1,7,Mono_CD14,2960.0
CCTAATCGTTTACTTG-1,7,Mono_CD14,5685.0
CCTAATCGTTTGGTTC-1,3,Mono_CD14,373.0
CCTACTGGTGCAATAT-1,0,T_CD4,2426.0
CCTACTGGTGCCGCAA-1,6,Mono_CD14,7127.0
CCTACTGGTTCGCGCT-1,6,Mono_CD14,7138.0
CCTACTGGTTGCGGAT-1,1,T_CD8,3046.0
CCTACTTCAACTAGAA-1,2,T_CD4,4313.0
CCTACTTCAAGTGTTT-1,15,T_CD8,3036.0
CCTACTTCAATTTAGC-1,2,T_CD4,2290.0
CCTACTTCAGAATGAC-1,8,dropped,9093.0
CCTACTTCAGTAGGAT-1,11,DC,3826.0
CCTACTTCATGTGGGA-1,13,B,2122.0
CCTAGTTGTAATGGCC-1,1,T_CD8,3527.0
CCTAGTTGTACTTCAC-1,4,Mono_CD16,6096.0
CCTAGTTGTAGTAAGA-1,6,Mono_CD14,4120.0
CCTAGTTGTAGTTACG-1,10,NK,7724.0
CCTAGTTGTGGATGTC-1,6,Mono_CD14,3964.0
CCTAGTTGTTGGATCA-1,6,Mono_CD14,5100.0
CCTATAGCAGCACCAT-1,6,Mono_CD14,3925.0
CCTATAGCAGTAAAGC-1,7,Mono_CD14,3700.0
CCTATAGCAGTAAGTA-1,5,NK,2625.0
CCTATAGCAGTTGCGT-1,0,T_CD4,2475.0
CCTATAGCAGTTTACG-1,0,T_CD4,3819.0
CCTATAGCATTAAGTC-1,7,Mono_CD14,4979.0
CCTATATTCAAGTGTC-1,6,Mono_CD14,5299.0
CCTATATTCACTCAAA-1,0,T_CD4,6913.0
CCTATATTCCGGTTGA-1,0,T_CD4,5000.0
CCTATATTCCTAATAG-1,6,Mono_CD14,6730.0
CCTATATTCCTTAGGG-1,0,T_CD4,2616.0
CCTATATTCGCTTCTA-1,16,pDC,5525.0
CCTATATTCTTAGGGT-1,2,T_CD4,3454.0
CCTATTGTCAAGCTTA-1,13,B,4893.0
CCTATTGTCCCTTGCG-1,2,T_CD4,3760.0
CCTATTGTCTCACTAT-1,2,T_CD4,5157.0
CCTATTTAGATGGACA-1,1,T_CD8,4237.0
CCTATTTAGCAAGACA-1,6,Mono_CD14,3267.0
CCTATTTAGGAGTAAT-1,10,NK,3508.0
CCTATTTAGGCTAGAA-1,6,Mono_CD14,5216.0
CCTATTTAGGGTGGAT-1,6,Mono_CD14,2284.0
CCTATTTAGGGTTAGA-1,12,dropped,9865.0
CCTATTTAGTTATCTC-1,6,Mono_CD14,5497.0
CCTCAAACAAGGTCCT-1,1,T_CD8,4120.0
CCTCAAACAAGTGTTT-1,1,T_CD8,4858.0
CCTCAAACACCTAATG-1,7,Mono_CD14,2714.0
CCTCAAACACTAAGTT-1,6,Mono_CD14,4858.0
CCTCAAACACTGACTA-1,13,B,2533.0
CCTCAAACACTTGTTC-1,7,Mono_CD14,8760.0
CCTCAAACAGGATGGC-1,13,B,6990.0
CCTCAAACAGTTTACG-1,0,T_CD4,3384.0
CCTCAAACATAGACCC-1,1,T_CD8,6998.0
CCTCAATGTACTGAAT-1,10,NK,4600.0
CCTCAATGTTCGCGCT-1,2,T_CD4,3757.0
CCTCAATGTTGTGACA-1,0,T_CD4,693.0
CCTCAGTTCAAGCTAC-1,15,T_CD8,4145.0
CCTCAGTTCCGGTTGA-1,0,T_CD4,5206.0
CCTCCTCTCATCCTCA-1,0,T_CD4,3143.0
CCTCCTCTCATGCATA-1,0,T_CD4,4114.0
CCTCCTCTCGATTTGA-1,13,B,5638.0
CCTCCTGAGGACGTAA-1,6,Mono_CD14,4008.0
CCTCCTGAGGATTGAG-1,7,Mono_CD14,5212.0
CCTCCTGAGGCAAGTA-1,11,DC,12541.0
CCTCCTGAGGCTACAT-1,8,dropped,11939.0
CCTCCTGAGGCTTAGT-1,11,DC,6821.0
CCTCCTGAGTAGGATG-1,8,dropped,2677.0
CCTCCTGAGTCAGTAC-1,2,T_CD4,4576.0
CCTGAATAGAGAGGCT-1,2,T_CD4,2603.0
CCTGAATAGAGGAGGA-1,7,Mono_CD14,3691.0
CCTGAATAGCAAGATG-1,5,NK,2531.0
CCTGAATAGCCGCAAC-1,13,B,3483.0
CCTGAATAGGTGCGGA-1,2,T_CD4,3002.0
CCTGACTTCATTAGGC-1,0,T_CD4,4469.0
CCTGACTTCCAAGTGT-1,10,NK,7281.0
CCTGACTTCCTTAGGG-1,1,T_CD8,3353.0
CCTGAGTCACCCACCT-1,2,T_CD4,6629.0
CCTGAGTCAGAAATTG-1,1,T_CD8,2122.0
CCTGAGTCAGCGCTTG-1,0,T_CD4,2071.0
CCTGAGTCATAAGGAC-1,11,DC,7275.0
CCTGAGTCATCGCTCC-1,0,T_CD4,2501.0
CCTGAGTCATGAGCAG-1,2,T_CD4,3881.0
CCTGAGTCATTAGCCA-1,11,DC,9467.0
CCTGATGAGCGTGCAC-1,8,dropped,6001.0
CCTGATGAGCTAATTG-1,1,T_CD8,5166.0
CCTGATGAGCTCAAAC-1,1,T_CD8,5043.0
CCTGATGAGCTTTGTT-1,12,dropped,10755.0
CCTGCTCCACAAAGCG-1,7,Mono_CD14,6908.0
CCTGCTCCACAACAAA-1,1,T_CD8,3563.0
CCTGCTCCACCTACTT-1,7,Mono_CD14,7364.0
CCTGCTCCACTTAGGC-1,4,Mono_CD16,6829.0
CCTGCTCCAGCATGTC-1,12,dropped,12050.0
CCTGCTCCAGGCCTTG-1,4,Mono_CD16,6148.0
CCTGGATCAACAACAA-1,6,Mono_CD14,11907.0
CCTGGATCAGGCCAAA-1,15,T_CD8,2526.0
CCTGGATCAGGTTATT-1,1,T_CD8,2228.0
CCTGGATCAGTTTGGC-1,0,T_CD4,2788.0
CCTGGATCATAAGCAA-1,16,pDC,8474.0
CCTGGATCATTGTGTG-1,0,T_CD4,2640.0
CCTGGTAAGCCTGATG-1,2,T_CD4,4475.0
CCTGGTAAGCGAGGTG-1,15,T_CD8,3173.0
CCTGGTAAGGATTGAG-1,1,T_CD8,3995.0
CCTGGTAAGGCCTAAT-1,6,Mono_CD14,5493.0
CCTGGTAAGGGTCCAC-1,1,T_CD8,2630.0
CCTGGTAAGTACTGGT-1,2,T_CD4,3865.0
CCTGTAACAATTAAGG-1,14,dropped,19094.0
CCTGTAACACAACAAA-1,1,T_CD8,4034.0
CCTGTAACACTGACTA-1,2,T_CD4,4123.0
CCTGTAACAGGAACCA-1,15,T_CD8,2954.0
CCTGTAACAGGCCTTG-1,1,T_CD8,1295.0
CCTGTAACATCACTTC-1,5,NK,3836.0
CCTGTAACATGTCGCG-1,1,T_CD8,2685.0
CCTGTAACATTAAGTC-1,1,T_CD8,4690.0
CCTGTATGTCACCTAT-1,7,Mono_CD14,9066.0
CCTGTATGTCCAAGAC-1,8,dropped,7078.0
CCTGTATGTCCTTAGT-1,7,Mono_CD14,13002.0
CCTGTATGTCCTTTAA-1,1,T_CD8,4105.0
CCTGTATGTGGGAACA-1,1,T_CD8,2654.0
CCTGTATGTTAGACCA-1,3,Mono_CD14,493.0
CCTGTATGTTGCTGGG-1,6,Mono_CD14,2955.0
CCTGTATGTTTGCGAA-1,2,T_CD4,1920.0
CCTGTTGGTCAATGTG-1,0,T_CD4,1617.0
CCTGTTGGTCAGGAAG-1,2,T_CD4,7556.0
CCTGTTGGTTATCGAG-1,1,T_CD8,3596.0
CCTGTTGGTTGTTCAC-1,1,T_CD8,2996.0
CCTTAACGTCAAGACC-1,1,T_CD8,3286.0
CCTTAACGTCAATAGT-1,0,T_CD4,2537.0
CCTTAACGTGACCTGG-1,1,T_CD8,5087.0
CCTTAACGTGCTAGAC-1,7,Mono_CD14,4536.0
CCTTAACGTGCTTTAC-1,7,Mono_CD14,4807.0
CCTTAACGTTAGGCTA-1,15,T_CD8,4477.0
CCTTAACGTTGAGCCG-1,2,T_CD4,3999.0
CCTTACTCAAGCGAGC-1,1,T_CD8,3949.0
CCTTACTCAATTAGGA-1,6,Mono_CD14,4901.0
CCTTACTCAATTTGGT-1,6,Mono_CD14,5819.0
CCTTACTCACTAAGCC-1,11,DC,9418.0
CCTTACTCACTAGGTC-1,5,NK,3180.0
CCTTACTCAGCACGTT-1,7,Mono_CD14,6475.0
CCTTACTCAGCCAGAA-1,0,T_CD4,3076.0
CCTTACTCAGGTTATT-1,2,T_CD4,3646.0
CCTTAGTGTACCAGGT-1,2,T_CD4,3640.0
CCTTAGTGTAGACAAA-1,7,Mono_CD14,5388.0
CCTTAGTGTATTGGAT-1,4,Mono_CD16,6617.0
CCTTAGTGTGATTACG-1,9,dropped,5996.0
CCTTATGTCCCTGGAA-1,2,T_CD4,5014.0
CCTTATGTCCTTGCAC-1,0,T_CD4,3185.0
CCTTATGTCGCTATAA-1,2,T_CD4,3566.0
CCTTATGTCGTAATCA-1,6,Mono_CD14,3518.0
CCTTCAATCATGCTAA-1,8,dropped,10014.0
CCTTCAATCATTCATC-1,3,Mono_CD14,2812.0
CCTTCAATCCGTTATT-1,10,NK,7203.0
CCTTCAATCCTCATGC-1,5,NK,3024.0
CCTTCAATCCTTAGGG-1,0,T_CD4,2096.0
CCTTCAATCGTCATTT-1,7,Mono_CD14,7373.0
CCTTCAATCTCAATGA-1,6,Mono_CD14,5932.0
CCTTCAATCTTAGTCT-1,2,T_CD4,4056.0
CCTTCAGGTAGACAAA-1,7,Mono_CD14,4843.0
CCTTCAGGTAGTTACG-1,15,T_CD8,3793.0
CCTTCAGGTATACTGG-1,1,T_CD8,3040.0
CCTTCAGGTCCTTCTC-1,5,NK,3646.0
CCTTCAGGTCTAGCTT-1,5,NK,9724.0
CCTTCAGGTGTTAGCA-1,2,T_CD4,3010.0
CCTTCAGGTGTTTGTC-1,13,B,2897.0
CCTTCAGGTTGAGGTC-1,0,T_CD4,1879.0
CCTTCAGGTTTGCAGA-1,1,T_CD8,1855.0
CCTTCGGTCAAGCCTG-1,0,T_CD4,3380.0
CCTTCGGTCACACAGT-1,13,B,2717.0
CCTTCGGTCAGCTAAC-1,7,Mono_CD14,2953.0
CCTTCGGTCATGGTTA-1,2,T_CD4,2089.0
CCTTCGGTCGCTAGCA-1,7,Mono_CD14,5577.0
CCTTCGGTCTCCATGC-1,7,Mono_CD14,5744.0
CCTTCGTAGATTGAGG-1,2,T_CD4,3248.0
CCTTCGTAGCACTTGG-1,6,Mono_CD14,5465.0
CCTTCGTAGCAGCTAT-1,1,T_CD8,3320.0
CCTTCGTAGCCAGTAT-1,6,Mono_CD14,5322.0
CCTTCGTAGCTAAGTC-1,3,Mono_CD14,2062.0
CCTTCGTAGGCCGGAA-1,6,Mono_CD14,3383.0
CCTTCGTAGGTAAGCA-1,4,Mono_CD16,6239.0
CCTTCGTAGGTTTGCG-1,7,Mono_CD14,3051.0
CCTTCGTAGTATGTGC-1,2,T_CD4,4368.0
CCTTCGTAGTTAGTTG-1,0,T_CD4,2512.0
CCTTCGTAGTTGTCAA-1,7,Mono_CD14,5348.0
CCTTGCGTCCTTGCGT-1,11,DC,11248.0
CCTTGCGTCGCAATCG-1,8,dropped,6824.0
CCTTGCGTCGCTAGTG-1,0,T_CD4,2545.0
CCTTGCGTCGCTTCTA-1,2,T_CD4,3053.0
CCTTGCGTCGGCTAGC-1,7,Mono_CD14,3433.0
CCTTGCGTCGTTTCTG-1,7,Mono_CD14,2746.0
CCTTGCGTCTCCTCTT-1,1,T_CD8,4176.0
CCTTGCGTCTTAGGGT-1,0,T_CD4,3043.0
CCTTGTTCAAACCTTG-1,2,T_CD4,6560.0
CCTTGTTCAACAGGAT-1,6,Mono_CD14,6332.0
CCTTGTTCACGAACAG-1,1,T_CD8,3992.0
CCTTGTTCATAAAGCA-1,2,T_CD4,2438.0
CCTTGTTCATCCCGCT-1,2,T_CD4,5543.0
CCTTGTTCATCTAGCA-1,4,Mono_CD16,7425.0
CCTTGTTCATGCTTAG-1,13,B,2916.0
CCTTGTTCATTGACAT-1,2,T_CD4,6538.0
CCTTTAGTCAATACGC-1,8,dropped,9235.0
CCTTTAGTCATTGTCT-1,6,Mono_CD14,5681.0
CCTTTAGTCCAGGTTG-1,0,T_CD4,3595.0
CCTTTAGTCCCGCCTA-1,5,NK,3389.0
CCTTTAGTCCCTCATA-1,6,Mono_CD14,5483.0
CCTTTAGTCCTCGATC-1,2,T_CD4,3766.0
CCTTTAGTCCTGCGAA-1,2,T_CD4,2654.0
CCTTTAGTCTGTGCCT-1,13,B,3546.0
CCTTTAGTCTTGACCC-1,2,T_CD4,4636.0
CGAAATGAGACCATAC-1,2,T_CD4,3195.0
CGAAATGAGATTGAGG-1,0,T_CD4,2675.0
CGAAATGAGCTAAGTC-1,3,Mono_CD14,782.0
CGAAATGAGCTGCACA-1,7,Mono_CD14,7896.0
CGAAATGAGCTTACTT-1,6,Mono_CD14,5888.0
CGAAATGAGGACCTTG-1,6,Mono_CD14,2001.0
CGAAATGAGTGAGCAA-1,0,T_CD4,2739.0
CGAACAAAGCACTTGG-1,4,Mono_CD16,7150.0
CGAACAAAGCCTAATA-1,0,T_CD4,4407.0
CGAACAAAGCTAATCA-1,6,Mono_CD14,4010.0
CGAACAAAGCTCCTAC-1,1,T_CD8,3091.0
CGAACAAAGGACTTAC-1,6,Mono_CD14,4141.0
CGAACAAAGGAGTAAT-1,11,DC,5159.0
CGAACAAAGGCGGGTA-1,1,T_CD8,2592.0
CGAACAAAGGTCCTGA-1,15,T_CD8,2947.0
CGAACAAAGTAACTCA-1,7,Mono_CD14,4991.0
CGAACAAAGTCATGCG-1,12,dropped,5261.0
CGAACAAAGTTTCCGC-1,7,Mono_CD14,10373.0
CGAACCGGTACCGGAT-1,2,T_CD4,2918.0
CGAACCGGTAGCCATA-1,2,T_CD4,3189.0
CGAACCGGTCAATACG-1,1,T_CD8,3042.0
CGAACCGGTCACGAAC-1,6,Mono_CD14,6262.0
CGAACCGGTCACGGAT-1,7,Mono_CD14,8872.0
CGAACCGGTGAGACTC-1,6,Mono_CD14,4215.0
CGAACCGGTGGATTAT-1,2,T_CD4,4485.0
CGAACCGGTGGCTTCC-1,1,T_CD8,3451.0
CGAACCGGTTAGGCTA-1,2,T_CD4,3769.0
CGAACCGGTTAGGTTG-1,10,NK,7470.0
CGAACCGGTTCAAGCA-1,0,T_CD4,2882.0
CGAAGAATCAAGTGAG-1,6,Mono_CD14,4256.0
CGAAGAATCACTAAGC-1,1,T_CD8,5396.0
CGAAGAATCACTCGCT-1,11,DC,8614.0
CGAAGAATCATTTAGG-1,13,B,2521.0
CGAAGAATCCCGTTTA-1,7,Mono_CD14,6671.0
CGAAGAATCCGGTTAG-1,13,B,2865.0
CGAAGAATCGAAGCGG-1,6,Mono_CD14,4725.0
CGAAGAATCGCATTAA-1,8,dropped,23884.0
CGAAGAATCGTTAGCG-1,6,Mono_CD14,3769.0
CGAAGCCTCATGCTAA-1,4,Mono_CD16,6640.0
CGAAGCCTCATGTTTC-1,1,T_CD8,3982.0
CGAAGCCTCCGCTAGA-1,13,B,3962.0
CGAAGCCTCTTAGCCC-1,13,B,3214.0
CGAAGCGAGATGCCTG-1,7,Mono_CD14,4033.0
CGAAGCGAGCGGCTGT-1,7,Mono_CD14,4744.0
CGAAGCGAGGCAATAG-1,2,T_CD4,3904.0
CGAAGCGAGGCGCTAC-1,0,T_CD4,1733.0
CGAAGCGAGGCTACAT-1,15,T_CD8,2961.0
CGAAGCGAGGGCTAAA-1,6,Mono_CD14,4341.0
CGAAGCGAGGTGCTGC-1,6,Mono_CD14,2946.0
CGAAGCGAGGTTTGCG-1,0,T_CD4,4659.0
CGAAGCGAGTAGCGCC-1,2,T_CD4,3276.0
CGAAGCGAGTTAGAGG-1,13,B,2223.0
CGAAGGCCAACAACAA-1,6,Mono_CD14,4256.0
CGAAGGCCAAGCTTAT-1,10,NK,4115.0
CGAAGGCCACCTACGG-1,1,T_CD8,2994.0
CGAAGGCCACGCAACT-1,0,T_CD4,4130.0
CGAAGGCCAGGCGATA-1,6,Mono_CD14,1685.0
CGAAGTAAGCACGTTG-1,13,B,2757.0
CGAAGTAAGCTGAGGG-1,8,dropped,7243.0
CGAAGTAAGGACCGCT-1,2,T_CD4,2589.0
CGAAGTAAGGGACGCA-1,2,T_CD4,3941.0
CGAAGTAAGGTATTGC-1,4,Mono_CD16,8395.0
CGAAGTAAGTGGCGGA-1,6,Mono_CD14,3840.0
CGAATATGTCAGTAAT-1,0,T_CD4,2638.0
CGAATATGTCCCGAAG-1,6,Mono_CD14,4741.0
CGAATATGTCCTAGTT-1,1,T_CD8,3187.0
CGAATATGTGAAACAA-1,15,T_CD8,3433.0
CGAATATGTGCAACTA-1,0,T_CD4,2652.0
CGAATATGTGGGTACT-1,6,Mono_CD14,5027.0
CGAATATGTGGTGAGA-1,7,Mono_CD14,5729.0
CGAATATGTTAGACCA-1,8,dropped,10424.0
CGAATATGTTGTTGCT-1,7,Mono_CD14,4992.0
CGAATCTAGACACCGC-1,1,T_CD8,3333.0
CGAATCTAGCACCACA-1,1,T_CD8,4277.0
CGAATCTAGGCCAATT-1,1,T_CD8,3855.0
CGAATCTAGTAAGGGC-1,2,T_CD4,3829.0
CGAATCTAGTCGCAAT-1,0,T_CD4,635.0
CGAATCTAGTCTATGA-1,7,Mono_CD14,3950.0
CGAATCTAGTTAGACC-1,4,Mono_CD16,5273.0
CGACAAGCAAGCTAAA-1,2,T_CD4,2541.0
CGACAAGCACCTAATG-1,2,T_CD4,4019.0
CGACAAGCAGGTTCAC-1,4,Mono_CD16,7075.0
CGACAAGCATAGGCGA-1,6,Mono_CD14,4696.0
CGACCTGCAAGACTCC-1,6,Mono_CD14,5266.0
CGACCTGCAAGGGTTG-1,2,T_CD4,3702.0
CGACCTGCAAGGTGCA-1,1,T_CD8,5510.0
CGACCTGCACCTACGG-1,11,DC,7999.0
CGACCTGCACCTCAGG-1,13,B,3163.0
CGACCTGCACTCAACA-1,7,Mono_CD14,6227.0
CGACCTGCAGGGAGCT-1,2,T_CD4,3492.0
CGACCTGCATAAAGCA-1,0,T_CD4,2743.0
CGACCTGCATCGTTCT-1,2,T_CD4,5223.0
CGACCTGCATTGACAT-1,1,T_CD8,2704.0
CGACTAAGTAACGGGA-1,3,Mono_CD14,1336.0
CGACTAAGTGCTAGAC-1,8,dropped,5495.0
CGACTAAGTGCTAGCG-1,5,NK,3429.0
CGACTAAGTGCTCCGT-1,6,Mono_CD14,3794.0
CGACTAAGTTACATCC-1,6,Mono_CD14,10947.0
CGACTAAGTTACTTCA-1,6,Mono_CD14,7634.0
CGACTAAGTTGTGATG-1,2,T_CD4,2499.0
CGACTAAGTTTGGGCG-1,0,T_CD4,2628.0
CGAGCGAAGCGAAGTA-1,1,T_CD8,3078.0
CGAGCGAAGGAACCAA-1,2,T_CD4,3123.0
CGAGCGAAGTAAGTGG-1,0,T_CD4,2721.0
CGAGCGAAGTATTGTG-1,10,NK,6095.0
CGAGCTGGTAAGCACC-1,7,Mono_CD14,2956.0
CGAGCTGGTTAAGCCA-1,7,Mono_CD14,6354.0
CGAGCTGGTTGCAGTA-1,3,Mono_CD14,2209.0
CGAGCTGGTTTAACGG-1,7,Mono_CD14,4789.0
CGAGGAAGTAAGCTCA-1,13,B,2556.0
CGAGGAAGTTCATCTA-1,7,Mono_CD14,6467.0
CGAGGCAAGCTGTACG-1,6,Mono_CD14,6138.0
CGAGGCAAGGATTGAG-1,8,dropped,15355.0
CGAGGCAAGGCGAATA-1,1,T_CD8,3240.0
CGAGGCAAGGTCCAAT-1,5,NK,3059.0
CGAGGCAAGTAACGAG-1,13,B,2995.0
CGAGGCAAGTAAGTCC-1,2,T_CD4,3785.0
CGAGGCAAGTGATTCA-1,0,T_CD4,3170.0
CGAGGCAAGTTAGTGC-1,0,T_CD4,1936.0
CGAGGCAAGTTGGCCA-1,13,B,2482.0
CGAGGTGAGACAACAG-1,15,T_CD8,2969.0
CGAGGTGAGACTTACA-1,1,T_CD8,3650.0
CGAGGTGAGCCTCTCG-1,10,NK,3068.0
CGAGGTGAGGACCTCA-1,0,T_CD4,2434.0
CGAGGTGAGGAGGCAT-1,5,NK,3249.0
CGAGGTGAGGCATTAC-1,6,Mono_CD14,8013.0
CGAGGTGAGTTATCTC-1,1,T_CD8,2809.0
CGAGTCGGTCATAGAT-1,7,Mono_CD14,3026.0
CGAGTCGGTGCCGCAA-1,2,T_CD4,2591.0
CGAGTCGGTGTTAGCA-1,8,dropped,7443.0
CGATATTCACACCAAC-1,1,T_CD8,3274.0
CGATATTCACTGGCCA-1,6,Mono_CD14,4569.0
CGATATTCAGCACCAT-1,1,T_CD8,3947.0
CGATATTCATGTCAAT-1,0,T_CD4,3120.0
CGATATTCATGTCGCG-1,2,T_CD4,3536.0
CGATCCTTCAAGGACA-1,1,T_CD8,5417.0
CGATCCTTCAATGTCA-1,4,Mono_CD16,5467.0
CGATCCTTCACTAATG-1,6,Mono_CD14,7712.0
CGATCCTTCAGCAAGA-1,6,Mono_CD14,4495.0
CGATCCTTCTACCTGC-1,6,Mono_CD14,8651.0
CGATCCTTCTCTAGCC-1,0,T_CD4,2971.0
CGATGTCCAAACGCGA-1,0,T_CD4,1908.0
CGATGTCCAAAGGTAC-1,6,Mono_CD14,2774.0
CGATGTCCAACAGCCT-1,7,Mono_CD14,5346.0
CGATGTCCACTTCATC-1,6,Mono_CD14,6009.0
CGATGTCCAGTAGGTG-1,1,T_CD8,3605.0
CGATGTCCATGGCCTG-1,2,T_CD4,3290.0
CGATTATCAAGGCCAA-1,13,B,2945.0
CGATTATCAATGCGCT-1,10,NK,4119.0
CGATTATCACAATACT-1,6,Mono_CD14,5176.0
CGATTATCACAGAACG-1,5,NK,3323.0
CGATTATCACTCAACA-1,6,Mono_CD14,3482.0
CGATTATCAGGTATTT-1,10,NK,3285.0
CGATTATCAGTCTAAT-1,4,Mono_CD16,9102.0
CGATTCCTCCGTGACA-1,7,Mono_CD14,3899.0
CGATTCCTCGATTATG-1,6,Mono_CD14,7534.0
CGATTCCTCGCGCTAA-1,6,Mono_CD14,3744.0
CGATTCCTCGTTAAGC-1,6,Mono_CD14,4713.0
CGATTCCTCGTTAGCG-1,13,B,1753.0
CGATTCCTCTCCTCAA-1,0,T_CD4,3402.0
CGATTCCTCTTGCTAT-1,1,T_CD8,3950.0
CGATTCCTCTTGTCTG-1,5,NK,3900.0
CGATTCCTCTTTGACT-1,6,Mono_CD14,4966.0
CGATTGAGTACTTCAC-1,1,T_CD8,1274.0
CGATTGAGTAGCCTAA-1,7,Mono_CD14,4452.0
CGATTGAGTTAAGGTT-1,0,T_CD4,2092.0
CGATTGAGTTCCTCCT-1,9,dropped,16656.0
CGATTTGCAAACATAG-1,2,T_CD4,5037.0
CGATTTGCAAACGCGA-1,1,T_CD8,3438.0
CGATTTGCAAATACCT-1,2,T_CD4,2886.0
CGATTTGCAATCCTGA-1,6,Mono_CD14,4553.0
CGATTTGCACAGACTC-1,1,T_CD8,3072.0
CGATTTGCACCTACTT-1,8,dropped,9419.0
CGATTTGCAGTAAGTA-1,6,Mono_CD14,3713.0
CGATTTGCATTGCGTA-1,0,T_CD4,1915.0
CGATTTGCATTGTCAG-1,6,Mono_CD14,9055.0
CGCAAATTCGCTTGCT-1,1,T_CD8,2282.0
CGCAAATTCGTTAGTA-1,1,T_CD8,3626.0
CGCAAATTCTATTGTC-1,2,T_CD4,3795.0
CGCAATAGTAGGTTGC-1,1,T_CD8,5506.0
CGCAATAGTCATTGTC-1,2,T_CD4,3595.0
CGCAATAGTTGCGCGA-1,2,T_CD4,3481.0
CGCAATCCAACTAGGG-1,1,T_CD8,1916.0
CGCAATCCAAGATTCT-1,5,NK,4019.0
CGCAATCCACGTTACA-1,2,T_CD4,3751.0
CGCAATCCAGGCTAGA-1,0,T_CD4,2216.0
CGCAATCCAGTATGTT-1,0,T_CD4,2578.0
CGCAATCCAGTTTCTC-1,7,Mono_CD14,6552.0
CGCAATCCATCCTGAA-1,1,T_CD8,4995.0
CGCAATCCATTATGAC-1,5,NK,3144.0
CGCAATCCATTCCTGT-1,6,Mono_CD14,5200.0
CGCAATGTCAAAGGCA-1,2,T_CD4,7868.0
CGCAATGTCAGGCTAT-1,2,T_CD4,4315.0
CGCAATGTCATTACTC-1,0,T_CD4,2510.0
CGCAATGTCCAAATCA-1,11,DC,10485.0
CGCAATGTCGCTTCTA-1,1,T_CD8,3698.0
CGCAATGTCGGTCAAT-1,6,Mono_CD14,4042.0
CGCAATGTCGTTATCT-1,5,NK,4013.0
CGCAATTAGAAAGCAT-1,1,T_CD8,2928.0
CGCAATTAGCCAAATC-1,2,T_CD4,5581.0
CGCAATTAGGAGTCTT-1,2,T_CD4,7047.0
CGCAATTAGGTGAAAT-1,0,T_CD4,2336.0
CGCAATTAGTCACGAT-1,0,T_CD4,1347.0
CGCAATTAGTCTATGA-1,1,T_CD8,3603.0
CGCAATTAGTTTCCTG-1,1,T_CD8,5564.0
CGCACAATCACAGGAA-1,6,Mono_CD14,2945.0
CGCACAATCACCGGTA-1,6,Mono_CD14,4590.0
CGCACAATCAGCACGC-1,6,Mono_CD14,5933.0
CGCACAATCATAACGC-1,6,Mono_CD14,4318.0
CGCACAATCCCATAGG-1,6,Mono_CD14,3123.0
CGCACAATCCCTGGAA-1,8,dropped,8078.0
CGCACAATCCTAACGG-1,1,T_CD8,3524.0
CGCACAATCTGTAAGC-1,8,dropped,6167.0
CGCACACAGAGGAAGG-1,0,T_CD4,2600.0
CGCACACAGCTCAATA-1,7,Mono_CD14,3838.0
CGCACACAGGAGGCAT-1,12,dropped,6380.0
CGCACCACAAATATCC-1,16,pDC,8698.0
CGCACCACAGCAAGTG-1,5,NK,2599.0
CGCACCACATAATTGC-1,6,Mono_CD14,7169.0
CGCACCACATTGCGTA-1,1,T_CD8,3484.0
CGCATATAGCATGCAT-1,2,T_CD4,4387.0
CGCATATAGCTGGACC-1,13,B,3067.0
CGCATATAGCTTAGTA-1,0,T_CD4,3045.0
CGCATATAGGAGCAAC-1,9,dropped,11988.0
CGCATATAGGTCTTGG-1,13,B,4629.0
CGCATATAGGTTACGT-1,2,T_CD4,3564.0
CGCATATAGTATTGCA-1,2,T_CD4,2760.0
CGCATATAGTCAGGCC-1,7,Mono_CD14,11878.0
CGCATGATCATGGCCA-1,5,NK,4494.0
CGCATGATCCATCAGG-1,13,B,2790.0
CGCATGATCCTGGTCT-1,15,T_CD8,3425.0
CGCATGATCGCTATGG-1,10,NK,5531.0
CGCATTACAAGGATTA-1,10,NK,8565.0
CGCATTACAATAATCC-1,6,Mono_CD14,6889.0
CGCATTACAATAGCAA-1,6,Mono_CD14,3448.0
CGCATTACAATATAGG-1,9,dropped,13764.0
CGCATTACACATAACT-1,0,T_CD4,3194.0
CGCATTACACCTAATG-1,0,T_CD4,4174.0
CGCATTACATAGCAGG-1,2,T_CD4,3176.0
CGCATTACATGTGGGA-1,13,B,2733.0
CGCATTACATTGTTGG-1,1,T_CD8,2561.0
CGCATTTGTCACAAAT-1,2,T_CD4,4276.0
CGCATTTGTGCTGGTG-1,7,Mono_CD14,5156.0
CGCATTTGTTAAGGTT-1,1,T_CD8,4478.0
CGCATTTGTTCCGGGA-1,0,T_CD4,2730.0
CGCCAAATCAATCTCT-1,6,Mono_CD14,4584.0
CGCCAAATCACTTTAC-1,0,T_CD4,3186.0
CGCCAAATCATTAGTG-1,8,dropped,6160.0
CGCCAAATCCAATAGC-1,13,B,3320.0
CGCCAAATCCCAGTAG-1,4,Mono_CD16,6549.0
CGCCAAATCCTGGTGA-1,7,Mono_CD14,4213.0
CGCCAAATCCTTGTTG-1,13,B,2823.0
CGCCAAATCGGTCATG-1,0,T_CD4,2179.0
CGCCACACAACAGCCT-1,7,Mono_CD14,7148.0
CGCCACACAACCTGGT-1,0,T_CD4,2417.0
CGCCACACAAGGTGGC-1,8,dropped,10012.0
CGCCACACACCTAAGC-1,0,T_CD4,2387.0
CGCCACACACTTAACG-1,13,B,3119.0
CGCCACACAGAGAGCC-1,10,NK,2993.0
CGCCACACAGCTTAGC-1,6,Mono_CD14,5326.0
CGCCACACAGGCGATA-1,1,T_CD8,8050.0
CGCCACACATAGACTT-1,6,Mono_CD14,5950.0
CGCCACACATGAATAG-1,8,dropped,8530.0
CGCCACACATTATCCC-1,1,T_CD8,1123.0
CGCCTCATCAACCAAC-1,6,Mono_CD14,4618.0
CGCCTCATCACTAGGT-1,2,T_CD4,4952.0
CGCCTCATCCGTCCAT-1,6,Mono_CD14,4004.0
CGCCTCATCCGTGACA-1,15,T_CD8,5693.0
CGCCTCATCGAGCAAA-1,0,T_CD4,6595.0
CGCCTCATCGCATTAA-1,13,B,3117.0
CGCCTCATCGCTATGG-1,1,T_CD8,3167.0
CGCCTCATCTCGCCCA-1,0,T_CD4,3771.0
CGCCTCATCTTAGTCT-1,6,Mono_CD14,3409.0
CGCCTCATCTTGCAGG-1,2,T_CD4,3573.0
CGCCTCATCTTGGATA-1,6,Mono_CD14,6370.0
CGCCTGTGTAAGCTCA-1,6,Mono_CD14,5495.0
CGCCTGTGTCATGCAA-1,6,Mono_CD14,9291.0
CGCCTGTGTCATTAGG-1,13,B,4339.0
CGCCTGTGTCCGTAGG-1,2,T_CD4,5039.0
CGCCTGTGTCTATCGT-1,6,Mono_CD14,4125.0
CGCCTGTGTGCACGCA-1,2,T_CD4,3381.0
CGCCTGTGTGCTAGCG-1,6,Mono_CD14,5177.0
CGCCTGTGTGTGCAAC-1,0,T_CD4,3575.0
CGCCTGTGTTGTCCAT-1,6,Mono_CD14,6633.0
CGCGATTCACATTAAC-1,0,T_CD4,1920.0
CGCGATTCAGGATGGC-1,5,NK,6682.0
CGCGATTCATACCCGG-1,2,T_CD4,4410.0
CGCGATTCATGTTGTG-1,1,T_CD8,2538.0
CGCGATTCATTGCAGC-1,6,Mono_CD14,4196.0
CGCGGATTCAATACGC-1,12,dropped,7382.0
CGCGGATTCATGTTTC-1,6,Mono_CD14,2507.0
CGCGGATTCATTACAG-1,0,T_CD4,3233.0
CGCGGATTCCAACTGG-1,0,T_CD4,2639.0
CGCGGATTCCTAGTCC-1,7,Mono_CD14,6612.0
CGCGGATTCCTGGTGA-1,8,dropped,8154.0
CGCGGATTCTCGCCCA-1,8,dropped,12387.0
CGCGGATTCTGTGCCT-1,5,NK,3611.0
CGCTAACCAACACCTA-1,9,dropped,11738.0
CGCTAACCAACTGGCT-1,2,T_CD4,4925.0
CGCTAACCAATGAATG-1,7,Mono_CD14,8089.0
CGCTAACCACTAGCGT-1,5,NK,2646.0
CGCTAACCACTTGTTC-1,9,dropped,9262.0
CGCTAACCAGCTAACC-1,0,T_CD4,5671.0
CGCTAACCATAATCGT-1,7,Mono_CD14,6242.0
CGCTAACCATAGCGGA-1,2,T_CD4,2296.0
CGCTAACCATGTTGGC-1,6,Mono_CD14,5451.0
CGCTAACCATTAGCCA-1,10,NK,8022.0
CGCTAATAGCACAGAA-1,6,Mono_CD14,6570.0
CGCTAATAGCTAGAAG-1,2,T_CD4,2692.0
CGCTAATAGGAGGGTT-1,2,T_CD4,3867.0
CGCTAATAGGGACTAA-1,1,T_CD8,2855.0
CGCTAATAGGTCGAGG-1,1,T_CD8,2618.0
CGCTACTTCAATGTCA-1,6,Mono_CD14,4484.0
CGCTACTTCCCTGATC-1,0,T_CD4,3575.0
CGCTACTTCCTAATAG-1,1,T_CD8,3987.0
CGCTACTTCCTTGTTG-1,8,dropped,8986.0
CGCTACTTCGCTAGCA-1,6,Mono_CD14,4254.0
CGCTACTTCTAACCAA-1,13,B,6185.0
CGCTACTTCTCGCCCA-1,7,Mono_CD14,3038.0
CGCTACTTCTTGATGA-1,2,T_CD4,4443.0
CGCTACTTCTTGTCCA-1,15,T_CD8,3614.0
CGCTATGAGACAGGCG-1,9,dropped,8128.0
CGCTATGAGACTTATG-1,13,B,8012.0
CGCTATGAGCTGTACG-1,2,T_CD4,2439.0
CGCTATGAGGTCCAAT-1,16,pDC,5824.0
CGCTCAGCAAACGGGC-1,4,Mono_CD16,6699.0
CGCTCAGCAACTGGGA-1,7,Mono_CD14,3860.0
CGCTCAGCAGCATGAG-1,12,dropped,8450.0
CGCTCAGCATAAGGAC-1,6,Mono_CD14,2197.0
CGCTCAGCATTAAACC-1,7,Mono_CD14,3523.0
CGCTCCATCAATGTGC-1,2,T_CD4,4574.0
CGCTCCATCATCCTGC-1,7,Mono_CD14,7023.0
CGCTCCATCGATATTG-1,13,B,3421.0
CGCTCCATCGGGACCT-1,2,T_CD4,3898.0
CGCTCCATCTAAGGTC-1,13,B,4102.0
CGCTCCATCTTGCAGG-1,6,Mono_CD14,4233.0
CGCTGTGCAAAGCCTC-1,6,Mono_CD14,4947.0
CGCTGTGCACAGAAAC-1,4,Mono_CD16,6080.0
CGCTGTGCAGTTAGCC-1,7,Mono_CD14,6299.0
CGCTGTGCATTGTGGC-1,2,T_CD4,2896.0
CGCTTAACACAGCCAT-1,1,T_CD8,2903.0
CGCTTAACAGCCGCTA-1,13,B,2584.0
CGCTTACTCATTTAGG-1,8,dropped,9406.0
CGCTTACTCCTAATTC-1,15,T_CD8,4750.0
CGCTTACTCGCTATGG-1,2,T_CD4,3729.0
CGCTTACTCTGCAAAC-1,16,pDC,7711.0
CGCTTCTAGAGGATAT-1,6,Mono_CD14,3049.0
CGCTTCTAGCAGGTGG-1,6,Mono_CD14,2868.0
CGCTTCTAGCCGCAAC-1,4,Mono_CD16,6269.0
CGCTTCTAGGAAACTG-1,11,DC,5139.0
CGCTTCTAGGCGAAAC-1,2,T_CD4,4984.0
CGCTTCTAGGTCGATT-1,1,T_CD8,2900.0
CGCTTCTAGGTTTGCG-1,0,T_CD4,3110.0
CGCTTCTAGTTAGTTG-1,15,T_CD8,4102.0
CGCTTCTAGTTTAACG-1,7,Mono_CD14,7382.0
CGCTTGCGTATTCGTC-1,15,T_CD8,4369.0
CGCTTGCGTCCGCTGT-1,6,Mono_CD14,2862.0
CGCTTGCGTGCATTAG-1,5,NK,2267.0
CGCTTGCGTGCGCAAT-1,7,Mono_CD14,6847.0
CGCTTGCGTGGAAACG-1,2,T_CD4,3100.0
CGCTTGCGTGGCTTCC-1,5,NK,3201.0
CGCTTGCGTTACTAGG-1,0,T_CD4,6189.0
CGCTTGCGTTAGCCAA-1,0,T_CD4,3651.0
CGCTTGCGTTGTGACA-1,10,NK,3779.0
CGGAATCGTCAGGCAT-1,11,DC,9613.0
CGGAATCGTCTATCGT-1,13,B,2893.0
CGGAATCGTGGAAACG-1,0,T_CD4,1922.0
CGGAATCGTTCACCCA-1,0,T_CD4,1982.0
CGGAATCGTTCCGGCT-1,8,dropped,6038.0
CGGAATCGTTGCCTCA-1,2,T_CD4,3339.0
CGGAATCGTTGTGATG-1,6,Mono_CD14,3161.0
CGGAATCGTTTGTGGA-1,1,T_CD8,2357.0
CGGACAACAAGGACCA-1,6,Mono_CD14,4113.0
CGGACAACACAAAGGT-1,6,Mono_CD14,2789.0
CGGACAACACCTGCCT-1,15,T_CD8,2449.0
CGGACAACAGTGAACG-1,6,Mono_CD14,4805.0
CGGACAACATAGACCC-1,4,Mono_CD16,6707.0
CGGACAACATTCCTCG-1,0,T_CD4,4318.0
CGGACCTAGCAATAGG-1,10,NK,6502.0
CGGACCTAGCACAGGG-1,3,Mono_CD14,169.0
CGGACCTAGCTAAAGG-1,6,Mono_CD14,3346.0
CGGACCTAGGACCTGC-1,7,Mono_CD14,5643.0
CGGACCTAGGAGGACT-1,1,T_CD8,3391.0
CGGACCTAGGCAATAG-1,5,NK,3692.0
CGGACCTAGGTACCGC-1,1,T_CD8,3809.0
CGGACCTAGTCACTCC-1,5,NK,3635.0
CGGAGCAAGAGCAAGC-1,1,T_CD8,2602.0
CGGAGCAAGCCTTAAA-1,0,T_CD4,1818.0
CGGAGCAAGCGAGCGA-1,2,T_CD4,980.0
CGGAGCAAGCGCATTG-1,15,T_CD8,3158.0
CGGAGCAAGCTGAGGG-1,15,T_CD8,2642.0
CGGAGCAAGGCGTAAA-1,6,Mono_CD14,8470.0
CGGAGCAAGGCTATGT-1,6,Mono_CD14,1856.0
CGGAGCAAGGGCCACT-1,13,B,1806.0
CGGAGCAAGTCATTTC-1,1,T_CD8,2732.0
CGGAGCAAGTTGTCAA-1,10,NK,4137.0
CGGAGTCTCAATGAGG-1,1,T_CD8,3620.0
CGGAGTCTCACACAGT-1,7,Mono_CD14,6733.0
CGGAGTCTCAGTTCCC-1,0,T_CD4,2318.0
CGGAGTCTCCTAGTTT-1,15,T_CD8,3236.0
CGGAGTCTCGCATTAA-1,8,dropped,10610.0
CGGAGTCTCGGCCAGT-1,7,Mono_CD14,4154.0
CGGAGTCTCTTAATGG-1,1,T_CD8,3997.0
CGGATAAAGAATGACG-1,15,T_CD8,2296.0
CGGATAAAGAGAGGCT-1,0,T_CD4,1703.0
CGGATAAAGCACTAAC-1,2,T_CD4,3819.0
CGGATAAAGCATGAAG-1,10,NK,4329.0
CGGATAAAGCGTGCAC-1,5,NK,4855.0
CGGATAAAGGCCAATT-1,2,T_CD4,5403.0
CGGATAAAGGTCGATT-1,2,T_CD4,3783.0
CGGATAAAGTAGAGGC-1,1,T_CD8,3543.0
CGGATAAAGTCAGTAC-1,1,T_CD8,3301.0
CGGATTAGTAGCCTCC-1,6,Mono_CD14,3609.0
CGGATTAGTGAGGTAG-1,2,T_CD4,2572.0
CGGCAATGTAGTTAAC-1,15,T_CD8,3245.0
CGGCAATGTCGCGCAA-1,2,T_CD4,3344.0
CGGCAATGTCGTTACT-1,1,T_CD8,2383.0
CGGCAATGTGCTCCGT-1,2,T_CD4,2587.0
CGGCAATGTGTTAAAC-1,6,Mono_CD14,5568.0
CGGCCATAGAAGGTGC-1,7,Mono_CD14,5075.0
CGGCCATAGATGGAGC-1,2,T_CD4,2536.0
CGGCCATAGCATCCAG-1,1,T_CD8,2004.0
CGGCCATAGGGACTAA-1,13,B,4381.0
CGGCCATAGTAAGTGG-1,6,Mono_CD14,5453.0
CGGCCATAGTTTCCGC-1,2,T_CD4,4126.0
CGGCTAATCAATGTGC-1,8,dropped,7802.0
CGGCTAATCCAATTAG-1,8,dropped,4536.0
CGGCTAATCCAGGAAA-1,1,T_CD8,3052.0
CGGCTAATCGCCTGTT-1,7,Mono_CD14,5754.0
CGGCTAATCTAATCCT-1,5,NK,4222.0
CGGCTAATCTAATCTC-1,1,T_CD8,4565.0
CGGCTAATCTTAGTGA-1,5,NK,3711.0
CGGCTCACAAGGTGCA-1,7,Mono_CD14,5568.0
CGGCTCACAATGAGGT-1,7,Mono_CD14,4717.0
CGGCTCACACAAAGGT-1,1,T_CD8,3668.0
CGGCTCACACCATATG-1,2,T_CD4,4851.0
CGGCTCACAGGCATCT-1,6,Mono_CD14,6597.0
CGGGACAAGCCTGTTC-1,0,T_CD4,2129.0
CGGGACAAGCTAAAGG-1,1,T_CD8,552.0
CGGGACAAGCTGCACA-1,10,NK,4444.0
CGGGACAAGGAGGTTA-1,9,dropped,9516.0
CGGGACAAGGCCTGGT-1,12,dropped,3938.0
CGGGACAAGTAAGAAC-1,15,T_CD8,3402.0
CGGGACAAGTTACCGG-1,5,NK,2722.0
CGGGCTTAGACTCGCA-1,0,T_CD4,2585.0
CGGGCTTAGAGGAGTC-1,6,Mono_CD14,2783.0
CGGGCTTAGATAGACG-1,1,T_CD8,3433.0
CGGGCTTAGATTGAGG-1,8,dropped,8884.0
CGGGCTTAGCTCATAA-1,2,T_CD4,3047.0
CGGGCTTAGGACAACA-1,1,T_CD8,2387.0
CGGGCTTAGGATTGCT-1,13,B,4888.0
CGGGCTTAGTATTGTG-1,0,T_CD4,2035.0
CGGGCTTAGTCATTAG-1,5,NK,3742.0
CGGGCTTAGTTATTCC-1,1,T_CD8,4044.0
CGGGTATGTGATTACG-1,0,T_CD4,3427.0
CGGGTATGTTAACGGC-1,7,Mono_CD14,4057.0
CGGGTCTAGCTCCTAC-1,8,dropped,8378.0
CGGGTCTAGTAACGGA-1,0,T_CD4,3653.0
CGGGTCTAGTCCTGAG-1,6,Mono_CD14,2258.0
CGGGTCTAGTGGCGGA-1,1,T_CD8,3056.0
CGGTAACGTAATCGCA-1,7,Mono_CD14,6263.0
CGGTAACGTCATTGTC-1,13,B,3117.0
CGGTAACGTGAACAAA-1,4,Mono_CD16,5824.0
CGGTAACGTGATGGCT-1,7,Mono_CD14,7370.0
CGGTAACGTTACTAGG-1,0,T_CD4,2366.0
CGGTAACGTTAGACCA-1,0,T_CD4,2292.0
CGGTAACGTTGAGGTC-1,7,Mono_CD14,2370.0
CGGTAACGTTGGTTAG-1,6,Mono_CD14,3050.0
CGGTAACGTTTACTTG-1,0,T_CD4,2359.0
CGGTAACGTTTCCTCC-1,0,T_CD4,6151.0
CGGTGAACAAACCTTG-1,6,Mono_CD14,6059.0
CGGTGAACAAGCTACC-1,6,Mono_CD14,4023.0
CGGTGAACAATAAGCA-1,10,NK,5413.0
CGGTGAACAATGCCCG-1,1,T_CD8,3121.0
CGGTGAACACGAATTT-1,11,DC,5832.0
CGGTGAACACGTTACA-1,2,T_CD4,4041.0
CGGTGAACACTCGCTC-1,1,T_CD8,2492.0
CGGTGAACAGGCATCT-1,2,T_CD4,8306.0
CGGTGAACAGGCTAGA-1,9,dropped,6288.0
CGGTGAACAGTTTGTG-1,0,T_CD4,2373.0
CGGTGAACATTATGAC-1,5,NK,4092.0
CGGTGAGAGGCCATCA-1,0,T_CD4,1970.0
CGGTGAGAGGGTTATC-1,6,Mono_CD14,2125.0
CGGTGAGAGGTTTACA-1,0,T_CD4,4612.0
CGGTGAGAGGTTTGAC-1,7,Mono_CD14,2920.0
CGGTTATAGAACCTAC-1,2,T_CD4,3812.0
CGGTTATAGATAGACG-1,0,T_CD4,3062.0
CGGTTATAGCAGGCCT-1,1,T_CD8,2329.0
CGGTTATAGGTTTGCG-1,11,DC,5509.0
CGGTTATAGTAACGGA-1,8,dropped,10392.0
CGGTTATAGTGGACAA-1,15,T_CD8,6729.0
CGGTTATAGTTAGACC-1,2,T_CD4,7471.0
CGGTTATAGTTCCTGC-1,1,T_CD8,4472.0
CGGTTATAGTTTGAGC-1,6,Mono_CD14,3776.0
CGGTTCCGTTAACACG-1,0,T_CD4,3406.0
CGGTTGGGTCCTAAGA-1,7,Mono_CD14,3286.0
CGGTTGGGTCCTCCAA-1,2,T_CD4,3928.0
CGGTTGGGTCTAACAG-1,13,B,2502.0
CGGTTGGGTGGACATC-1,0,T_CD4,4400.0
CGGTTGGGTGTTGCAA-1,8,dropped,8663.0
CGGTTGGGTTAAGGTT-1,7,Mono_CD14,3241.0
CGGTTGGGTTAATGCG-1,6,Mono_CD14,2773.0
CGGTTGGGTTCATTTG-1,5,NK,2183.0
CGGTTGGGTTGTTGTC-1,7,Mono_CD14,4207.0
CGGTTGGGTTTAAAGC-1,4,Mono_CD16,12965.0
CGGTTGGGTTTACTTG-1,6,Mono_CD14,2849.0
CGGTTTCTCAAGCTTA-1,13,B,3080.0
CGGTTTCTCAATGACC-1,15,T_CD8,3243.0
CGGTTTCTCACTTTAC-1,6,Mono_CD14,3635.0
CGGTTTCTCAGTATTG-1,1,T_CD8,4178.0
CGGTTTCTCCCTGGAA-1,16,pDC,5463.0
CGGTTTCTCCGGAACC-1,3,Mono_CD14,279.0
CGGTTTCTCCTGAATA-1,15,T_CD8,2793.0
CGGTTTCTCCTTAATC-1,2,T_CD4,2064.0
CGGTTTCTCCTTTACG-1,8,dropped,11100.0
CGGTTTCTCGTTATCT-1,4,Mono_CD16,5564.0
CGGTTTCTCGTTCACC-1,3,Mono_CD14,1563.0
CGGTTTCTCTCTAGCC-1,4,Mono_CD16,11094.0
CGGTTTCTCTTAGTGA-1,1,T_CD8,2374.0
CGGTTTGAGCCTAACG-1,1,T_CD8,1950.0
CGGTTTGAGCTGAGGG-1,1,T_CD8,2834.0
CGGTTTGAGGAACACA-1,0,T_CD4,2473.0
CGGTTTGAGGAAGTAT-1,15,T_CD8,2339.0
CGGTTTGAGTGAACAG-1,1,T_CD8,2732.0
CGGTTTGAGTTGCGTG-1,1,T_CD8,2723.0
CGGTTTGAGTTGTCTT-1,3,Mono_CD14,1444.0
CGGTTTGAGTTTGGTA-1,15,T_CD8,3175.0
CGTAACCCAATCCTGA-1,10,NK,8056.0
CGTAACCCACCTGCTC-1,0,T_CD4,2533.0
CGTAACCCACGTAATT-1,4,Mono_CD16,4547.0
CGTAACCCAGCAACAG-1,6,Mono_CD14,2760.0
CGTAACCCAGGCGATA-1,6,Mono_CD14,4038.0
CGTAACCCAGGTTAAA-1,6,Mono_CD14,10682.0
CGTAACCCAGTTAAAG-1,2,T_CD4,3908.0
CGTAACCCATGGCCCA-1,0,T_CD4,3326.0
CGTAACTAGAATCGCT-1,4,Mono_CD16,6727.0
CGTAACTAGCCGGTAC-1,2,T_CD4,3298.0
CGTAACTAGCGGTTAT-1,8,dropped,7016.0
CGTAACTAGCTAATCA-1,15,T_CD8,3645.0
CGTAACTAGGATGATG-1,0,T_CD4,4333.0
CGTAACTAGTGTGATC-1,0,T_CD4,1788.0
CGTACGGGTCAGTAAT-1,6,Mono_CD14,1977.0
CGTACGGGTCGACTAA-1,9,dropped,8901.0
CGTACGGGTTGGCCGA-1,1,T_CD8,1799.0
CGTAGCGGTACCGGAT-1,6,Mono_CD14,3788.0
CGTAGCGGTACGATTG-1,0,T_CD4,2900.0
CGTAGCGGTATTGAGT-1,15,T_CD8,3514.0
CGTAGCGGTCAGGCAT-1,13,B,2991.0
CGTAGCGGTCGTTACT-1,15,T_CD8,2878.0
CGTAGCGGTGCTAGAC-1,13,B,2222.0
CGTAGCGGTTGTTGCT-1,5,NK,4489.0
CGTAGCGGTTTACGTC-1,12,dropped,8414.0
CGTAGTTAGCGATACT-1,5,NK,2490.0
CGTAGTTAGCTTGCTC-1,0,T_CD4,5909.0
CGTAGTTAGGACCTGC-1,0,T_CD4,2997.0
CGTAGTTAGGACGTAA-1,1,T_CD8,3332.0
CGTAGTTAGGCGCTAC-1,1,T_CD8,4825.0
CGTAGTTAGGCTAATC-1,4,Mono_CD16,9711.0
CGTAGTTAGGCTAGAA-1,0,T_CD4,9513.0
CGTAGTTAGGGTGAAC-1,0,T_CD4,2350.0
CGTAGTTAGGTTTACA-1,4,Mono_CD16,7386.0
CGTATTGCAAAGCGCA-1,6,Mono_CD14,2020.0
CGTATTGCAAATACCT-1,2,T_CD4,2919.0
CGTATTGCAAGCTAAA-1,1,T_CD8,2422.0
CGTATTGCAAGGAATC-1,6,Mono_CD14,6112.0
CGTATTGCAAGTGAAC-1,7,Mono_CD14,5986.0
CGTATTGCACCTATAG-1,6,Mono_CD14,3320.0
CGTATTGCAGAGGGAG-1,2,T_CD4,2977.0
CGTATTGCAGCACGTT-1,8,dropped,17959.0
CGTATTGCAGCTAATT-1,5,NK,3527.0
CGTATTGCAGGAACCA-1,1,T_CD8,2599.0
CGTATTGCATAGACCC-1,7,Mono_CD14,4259.0
CGTATTGCATTCAGCA-1,1,T_CD8,2931.0
CGTATTGCATTGTGAT-1,2,T_CD4,4794.0
CGTCAATAGCCTGATG-1,13,B,3960.0
CGTCAATAGCGCTAAT-1,1,T_CD8,3959.0
CGTCAATAGGACGTAA-1,1,T_CD8,3579.0
CGTCAATAGTAAGAAC-1,2,T_CD4,3271.0
CGTCATTGTAACGAGG-1,2,T_CD4,3864.0
CGTCATTGTCGTAAAT-1,2,T_CD4,2917.0
CGTCATTGTGGAAGGC-1,0,T_CD4,2005.0
CGTCATTGTTAGACCA-1,1,T_CD8,2846.0
CGTCATTGTTGAGCCG-1,1,T_CD8,4389.0
CGTCATTGTTGCATCT-1,6,Mono_CD14,5312.0
CGTCCTAGTACAATGT-1,15,T_CD8,3351.0
CGTCCTAGTATTGAGT-1,0,T_CD4,2331.0
CGTCCTAGTCAGGCCA-1,1,T_CD8,3189.0
CGTCCTAGTCTATCGT-1,13,B,3540.0
CGTCCTAGTGTTGTAG-1,2,T_CD4,3394.0
CGTCCTAGTTCCTCCT-1,6,Mono_CD14,6331.0
CGTCCTAGTTCGCGCT-1,6,Mono_CD14,4700.0
CGTCCTAGTTCGCTCA-1,0,T_CD4,2074.0
CGTCCTAGTTTGCTGT-1,2,T_CD4,2508.0
CGTGACATCATGACCG-1,1,T_CD8,3973.0
CGTGACATCCATAAGC-1,1,T_CD8,2867.0
CGTGACATCTAAATCG-1,7,Mono_CD14,2518.0
CGTGAGGAGAAAGCAT-1,1,T_CD8,3061.0
CGTGAGGAGACTTACA-1,1,T_CD8,4391.0
CGTGAGGAGCAGGTTT-1,0,T_CD4,1562.0
CGTGAGGAGCTAAGTC-1,1,T_CD8,2516.0
CGTGAGGAGCTCAAAC-1,15,T_CD8,2655.0
CGTGAGGAGGAGCAAC-1,0,T_CD4,1762.0
CGTGAGGAGGATCCGC-1,2,T_CD4,2782.0
CGTGAGGAGGGACTAA-1,16,pDC,3848.0
CGTGAGGAGGGTCCAC-1,1,T_CD8,2560.0
CGTGAGGAGGTCCTGA-1,2,T_CD4,2833.0
CGTGCACAGACAACGA-1,7,Mono_CD14,4420.0
CGTGCACAGCAACATC-1,1,T_CD8,4589.0
CGTGCACAGCAAGACA-1,7,Mono_CD14,3956.0
CGTGCACAGCAGCTCA-1,6,Mono_CD14,3912.0
CGTGCACAGCGCAATT-1,4,Mono_CD16,4137.0
CGTGCACAGCTAAAGG-1,1,T_CD8,2156.0
CGTGCACAGTTAGCCG-1,6,Mono_CD14,2834.0
CGTGCTGCAAACTGCC-1,6,Mono_CD14,3985.0
CGTGCTGCAAGATTCT-1,6,Mono_CD14,3073.0
CGTGCTGCAAGGTATA-1,1,T_CD8,3435.0
CGTGCTGCACCATATG-1,15,T_CD8,3674.0
CGTGCTGCAGCAACCT-1,13,B,2576.0
CGTGCTGCAGCTTACA-1,13,B,1979.0
CGTGCTGCAGGCATGA-1,7,Mono_CD14,5598.0
CGTGCTGCAGGTTTGC-1,5,NK,3127.0
CGTGCTGCAGTAGGAT-1,0,T_CD4,6115.0
CGTGCTGCAGTTAAAG-1,13,B,4110.0
CGTGCTGCATTAAGCT-1,6,Mono_CD14,3602.0
CGTGCTGCATTATGGT-1,7,Mono_CD14,5452.0
CGTGCTGCATTGGGAG-1,0,T_CD4,2787.0
CGTGCTTTCAACAAGG-1,6,Mono_CD14,5614.0
CGTGCTTTCAATCTCT-1,0,T_CD4,3642.0
CGTGCTTTCAATGACC-1,15,T_CD8,2843.0
CGTGCTTTCCAGGAAA-1,13,B,4115.0
CGTGCTTTCCATCAGG-1,11,DC,7714.0
CGTGCTTTCCCGTTAC-1,15,T_CD8,3466.0
CGTGCTTTCTAATCAG-1,0,T_CD4,3000.0
CGTGCTTTCTCACTAT-1,0,T_CD4,2000.0
CGTGGTTCAATAATGG-1,0,T_CD4,2601.0
CGTGGTTCACAACAGG-1,1,T_CD8,3277.0
CGTGGTTCAGTCTAGC-1,7,Mono_CD14,6144.0
CGTGGTTCATCTTGAG-1,2,T_CD4,2602.0
CGTGTGTCAAACCTAT-1,4,Mono_CD16,4781.0
CGTGTGTCAATTGAAG-1,0,T_CD4,2502.0
CGTGTGTCACAGAAAC-1,5,NK,1812.0
CGTGTGTCACAGCCTG-1,0,T_CD4,2945.0
CGTGTGTCACCGGCTA-1,1,T_CD8,1521.0
CGTGTGTCAGCAAGGC-1,8,dropped,5151.0
CGTGTGTCAGGAATCG-1,3,Mono_CD14,486.0
CGTGTGTCAGTTTGGC-1,2,T_CD4,2206.0
CGTGTGTCATAAAGCA-1,1,T_CD8,2652.0
CGTGTGTCATGATTGT-1,2,T_CD4,3032.0
CGTGTTACAATCCTGA-1,0,T_CD4,1869.0
CGTGTTACACAAACTT-1,8,dropped,8407.0
CGTGTTACAGCCAGAA-1,6,Mono_CD14,2063.0
CGTGTTACATCACAGC-1,0,T_CD4,2410.0
CGTGTTACATCCATCT-1,1,T_CD8,3222.0
CGTTAAATCAAGTGTC-1,1,T_CD8,2687.0
CGTTAAATCAATGAGG-1,2,T_CD4,3495.0
CGTTAAATCACGCGGT-1,15,T_CD8,4903.0
CGTTAAATCCACCCTG-1,12,dropped,89927.0
CGTTAAATCCAGGTTG-1,9,dropped,7698.0
CGTTAAATCCTTGTTG-1,12,dropped,8854.0
CGTTAAATCTCCTCTT-1,0,T_CD4,1930.0
CGTTAACAGCATGTTA-1,0,T_CD4,3452.0
CGTTAACAGGACAACA-1,1,T_CD8,3995.0
CGTTAACAGGCTTAAC-1,2,T_CD4,4075.0
CGTTAACAGTGAACGA-1,0,T_CD4,1561.0
CGTTAGGTCATCCTAT-1,6,Mono_CD14,4392.0
CGTTAGGTCCAGCACA-1,1,T_CD8,3456.0
CGTTAGGTCCTGGTGA-1,0,T_CD4,2543.0
CGTTAGTAGAGGAGGA-1,4,Mono_CD16,5880.0
CGTTAGTAGCTCGCTT-1,6,Mono_CD14,2761.0
CGTTAGTAGGAAGTAT-1,5,NK,3327.0
CGTTAGTAGGCGGATG-1,6,Mono_CD14,2133.0
CGTTAGTAGGTGTTAC-1,2,T_CD4,4937.0
CGTTAGTAGTGGCGGA-1,6,Mono_CD14,2964.0
CGTTATCGTAGGTGTC-1,0,T_CD4,2266.0
CGTTATCGTCAAACTG-1,6,Mono_CD14,7229.0
CGTTATCGTGCTAGAC-1,8,dropped,7169.0
CGTTATCGTGGGTACT-1,2,T_CD4,11693.0
CGTTATCGTTAGGTTG-1,2,T_CD4,2328.0
CGTTATCGTTCCGGGA-1,6,Mono_CD14,4239.0
CGTTATTTCAAGGACA-1,7,Mono_CD14,4611.0
CGTTATTTCTTGCTAT-1,2,T_CD4,2979.0
CGTTGCAAGCACGTTG-1,3,Mono_CD14,431.0
CGTTGCAAGCAGGTGG-1,2,T_CD4,2871.0
CGTTGCAAGCATGAAG-1,1,T_CD8,6084.0
CGTTGCAAGCCGCAGT-1,2,T_CD4,2625.0
CGTTGCAAGCTGTACG-1,15,T_CD8,2583.0
CGTTGCAAGCTTAGTA-1,2,T_CD4,2981.0
CGTTGCAAGGACACTT-1,7,Mono_CD14,4263.0
CGTTGCAAGTCATTTC-1,5,NK,3012.0
CGTTGCGCAAAGCGCA-1,1,T_CD8,3778.0
CGTTGCGCAAAGCGGC-1,13,B,3951.0
CGTTGCGCAACAACAA-1,13,B,2615.0
CGTTGCGCACAGAAAC-1,2,T_CD4,3854.0
CGTTGCGCAGGTTAAA-1,7,Mono_CD14,5056.0
CGTTGCGCAGTGAACG-1,2,T_CD4,4802.0
CGTTGCGCATGATTGT-1,5,NK,3592.0
CGTTGCGCATGTTGGC-1,1,T_CD8,3046.0
CGTTGCGCATTTAAGC-1,1,T_CD8,3752.0
CGTTTCTCAACACTTG-1,7,Mono_CD14,5137.0
CGTTTCTCACGAATTT-1,0,T_CD4,4856.0
CGTTTCTCATAGCAGG-1,2,T_CD4,2161.0
CGTTTCTCATGGTTAT-1,4,Mono_CD16,8091.0
CGTTTGGAGAGGAAGG-1,13,B,5737.0
CGTTTGGAGCGCAATT-1,6,Mono_CD14,4851.0
CGTTTGGAGGATTGCT-1,13,B,4422.0
CGTTTGGAGGCCATCA-1,6,Mono_CD14,3037.0
CGTTTGGAGTCACGAT-1,15,T_CD8,3539.0
CGTTTGGAGTCAGGCC-1,16,pDC,7708.0
CGTTTGGAGTTAGTTG-1,2,T_CD4,4221.0
CGTTTGGAGTTGTCCC-1,6,Mono_CD14,4642.0
CGTTTGTGTCACCAAA-1,7,Mono_CD14,4391.0
CGTTTGTGTCCTAATC-1,9,dropped,7382.0
CGTTTGTGTGCATTTC-1,15,T_CD8,2706.0
CGTTTGTGTGGATTAT-1,13,B,9989.0
CTAAAGCTCAACAAGG-1,1,T_CD8,1836.0
CTAAAGCTCACCATTT-1,4,Mono_CD16,7061.0
CTAAAGCTCACTAGGT-1,1,T_CD8,2694.0
CTAAAGCTCGAGGAGT-1,0,T_CD4,2529.0
CTAAAGCTCGTCAAGT-1,13,B,4563.0
CTAAAGCTCTCGCCTG-1,13,B,5355.0
CTAAAGCTCTTTGAGA-1,6,Mono_CD14,5131.0
CTAAATGTCACAAGCT-1,15,T_CD8,4085.0
CTAAATGTCCGTCCAT-1,1,T_CD8,3149.0
CTAAATGTCGTTCACC-1,6,Mono_CD14,5956.0
CTAAATGTCTAAGGTC-1,0,T_CD4,3247.0
CTAACCACAAACTAAG-1,8,dropped,10738.0
CTAACCACAACAGCCT-1,1,T_CD8,1332.0
CTAACCACAAGACTCC-1,2,T_CD4,5500.0
CTAACCACAAGATTCT-1,1,T_CD8,4055.0
CTAACCACAAGCGATG-1,3,Mono_CD14,1565.0
CTAACCACAATTAAGG-1,15,T_CD8,4058.0
CTAACCACAGTACCGT-1,4,Mono_CD16,5216.0
CTAACCACAGTTTGTG-1,6,Mono_CD14,3430.0
CTAACCACATGGCCTG-1,10,NK,5710.0
CTAACCACATTAAGTC-1,2,T_CD4,3300.0
CTAACCCTCAAACTCA-1,0,T_CD4,1678.0
CTAACCCTCAAGCCTG-1,2,T_CD4,6477.0
CTAACCCTCATGACCG-1,13,B,3973.0
CTAACCCTCCCTGGAA-1,6,Mono_CD14,4829.0
CTAACCCTCCCTTGCG-1,8,dropped,7753.0
CTAACCCTCCTCACAC-1,2,T_CD4,2019.0
CTAACCCTCTCAATTC-1,5,NK,3609.0
CTAACCCTCTCACAAA-1,2,T_CD4,3987.0
CTAACCCTCTCCATGC-1,1,T_CD8,5590.0
CTAACCCTCTGGCATG-1,7,Mono_CD14,8414.0
CTAACCCTCTTCAATC-1,15,T_CD8,3967.0
CTAACCTGTACCAGGT-1,13,B,3309.0
CTAACCTGTCTTGCTG-1,8,dropped,7780.0
CTAACCTGTTAAGCTG-1,6,Mono_CD14,9610.0
CTAACCTGTTGCGTAA-1,7,Mono_CD14,5797.0
CTAACCTGTTTAAAGC-1,15,T_CD8,4840.0
CTAAGGTTCATTTGCT-1,3,Mono_CD14,284.0
CTAAGGTTCCAAGTGT-1,2,T_CD4,3977.0
CTAAGTCAGAACCTAC-1,7,Mono_CD14,3227.0
CTAAGTCAGCATGAAG-1,6,Mono_CD14,4296.0
CTAAGTCAGCTTACTT-1,1,T_CD8,3701.0
CTAAGTCAGGATGATG-1,6,Mono_CD14,3845.0
CTAATAGTCAGAAACG-1,6,Mono_CD14,2871.0
CTAATAGTCCCTCACG-1,5,NK,3718.0
CTAATAGTCGTTTCGC-1,3,Mono_CD14,1638.0
CTAATAGTCTCTAGCC-1,5,NK,2971.0
CTAATCCGTAATCACG-1,8,dropped,11344.0
CTAATCCGTCTTTATG-1,8,dropped,9587.0
CTAATCCGTTGGATAT-1,1,T_CD8,1919.0
CTAATCCGTTGTTCAC-1,6,Mono_CD14,4030.0
CTAATCGCAATAATCC-1,0,T_CD4,2736.0
CTAATCGCACCCTCAC-1,5,NK,3547.0
CTAATCGCACGTGCTG-1,1,T_CD8,3653.0
CTAATCGCAGCCAGTT-1,2,T_CD4,4058.0
CTAATCGCAGGTTACC-1,6,Mono_CD14,2127.0
CTAATCGCATTAAAGG-1,7,Mono_CD14,5782.0
CTAATCGCATTGTGCA-1,13,B,3865.0
CTAATCTTCATAACGC-1,4,Mono_CD16,7993.0
CTAATCTTCCACCTTA-1,6,Mono_CD14,3828.0
CTAATCTTCCTCAGCT-1,4,Mono_CD16,8861.0
CTAATCTTCTCGCCCA-1,6,Mono_CD14,5089.0
CTAATGTCAAACGGGC-1,13,B,3553.0
CTAATGTCAACAGCCT-1,2,T_CD4,3093.0
CTAATGTCAATCGCAC-1,1,T_CD8,4373.0
CTAATGTCAATGAATG-1,7,Mono_CD14,3735.0
CTAATGTCACATTGCA-1,1,T_CD8,4037.0
CTAATGTCAGAGAGCC-1,15,T_CD8,3776.0
CTAATGTCAGGCGAGT-1,15,T_CD8,2623.0
CTAATGTCATTAGCCA-1,0,T_CD4,2504.0
CTAATGTCATTATGGT-1,6,Mono_CD14,4628.0
CTAATTGAGAACAAGT-1,2,T_CD4,3074.0
CTAATTGAGAGGAGTC-1,7,Mono_CD14,4384.0
CTAATTGAGGATGATG-1,13,B,2874.0
CTAATTGAGGCTACAT-1,7,Mono_CD14,4652.0
CTAATTGAGGCTAGAA-1,2,T_CD4,4663.0
CTAATTGAGGGTGAGT-1,1,T_CD8,3611.0
CTAATTGAGTCGCAAT-1,0,T_CD4,1830.0
CTACAACAGAGGATAT-1,7,Mono_CD14,7836.0
CTACAACAGCACAGCC-1,8,dropped,17533.0
CTACAACAGCATGACT-1,6,Mono_CD14,6515.0
CTACAACAGCTATTAG-1,6,Mono_CD14,4344.0
CTACAACAGGACCGCT-1,15,T_CD8,2745.0
CTACAACAGGAGGACT-1,0,T_CD4,4079.0
CTACAACAGGCATTAC-1,4,Mono_CD16,7398.0
CTACAACAGGCCTAAT-1,2,T_CD4,3961.0
CTACAACAGTCTATGA-1,2,T_CD4,4866.0
CTACAACAGTGAGGGT-1,6,Mono_CD14,2425.0
CTACAACAGTTAACCA-1,0,T_CD4,3232.0
CTACCGGCAACCCTAA-1,7,Mono_CD14,4936.0
CTACCGGCACTTAGGC-1,7,Mono_CD14,7240.0
CTACCGGCATCCCTCA-1,4,Mono_CD16,9775.0
CTACCTCAGAGGCTAA-1,15,T_CD8,2933.0
CTACCTCAGCTCCTTA-1,2,T_CD4,4108.0
CTACCTCAGGCTAGAA-1,8,dropped,9985.0
CTACCTCAGGTACCGC-1,0,T_CD4,2439.0
CTACCTCAGTCACTCC-1,0,T_CD4,9930.0
CTACCTCAGTTATGTG-1,5,NK,2644.0
CTACGAAGTACCTTAC-1,7,Mono_CD14,2455.0
CTACGAAGTACGCGCA-1,7,Mono_CD14,4322.0
CTACGAAGTAGTTAAC-1,6,Mono_CD14,4839.0
CTACGAAGTAGTTACG-1,6,Mono_CD14,4333.0
CTACGAAGTGCTAGAC-1,4,Mono_CD16,7862.0
CTACGAAGTGGACATC-1,5,NK,3099.0
CTACGAAGTGTCCAGG-1,6,Mono_CD14,4291.0
CTACGAAGTTATCCTA-1,2,T_CD4,3790.0
CTACGAAGTTCATTTG-1,1,T_CD8,2709.0
CTACGAAGTTCCGCAC-1,5,NK,2227.0
CTACGAAGTTGCACGG-1,2,T_CD4,3998.0
CTACGAAGTTGTGACA-1,6,Mono_CD14,3027.0
CTACGAAGTTTAAAGC-1,2,T_CD4,3100.0
CTACTAAAGAACAAGT-1,6,Mono_CD14,4542.0
CTACTAAAGCCTTAAA-1,0,T_CD4,3663.0
CTACTAAAGCTTAACA-1,13,B,3171.0
CTACTAAAGTGAGGGT-1,0,T_CD4,1971.0
CTACTAAAGTTAGCCG-1,15,T_CD8,4495.0
CTACTAAAGTTATGGC-1,1,T_CD8,6532.0
CTACTAAAGTTATGTG-1,13,B,4312.0
CTACTTAGTCATAGAT-1,0,T_CD4,4147.0
CTACTTAGTCCTAGTT-1,13,B,4152.0
CTAGATTCAAATTGCT-1,7,Mono_CD14,4231.0
CTAGATTCAAGGTACG-1,6,Mono_CD14,4553.0
CTAGATTCAATCCTGA-1,7,Mono_CD14,4167.0
CTAGATTCAATCTCTC-1,6,Mono_CD14,6547.0
CTAGATTCACCTGGTG-1,15,T_CD8,3131.0
CTAGATTCAGGAACAT-1,6,Mono_CD14,6075.0
CTAGCGGGTATGGTGC-1,2,T_CD4,3177.0
CTAGCGGGTCATTAGG-1,2,T_CD4,8699.0
CTAGCGGGTGATCAGC-1,13,B,1914.0
CTAGCGGGTGCTAGAC-1,15,T_CD8,2221.0
CTAGCGGGTGCTGTAA-1,7,Mono_CD14,4051.0
CTAGCGGGTTGGCCGA-1,1,T_CD8,2846.0
CTAGCGGGTTTATCTG-1,3,Mono_CD14,939.0
CTAGCTGAGACAAGTG-1,1,T_CD8,2498.0
CTAGCTGAGACAGGCG-1,13,B,1726.0
CTAGCTGAGCACGTTG-1,7,Mono_CD14,5521.0
CTAGCTGAGCAGCTAT-1,0,T_CD4,2664.0
CTAGCTGAGCCACAAT-1,7,Mono_CD14,7430.0
CTAGCTGAGCTTTGGG-1,2,T_CD4,3497.0
CTAGCTGAGGACCTGC-1,2,T_CD4,3857.0
CTAGCTGAGGCACAGG-1,5,NK,2704.0
CTAGCTGAGGCGAATA-1,2,T_CD4,3732.0
CTAGCTGAGGCGGGTA-1,0,T_CD4,2332.0
CTAGCTGAGTAATCCA-1,7,Mono_CD14,6174.0
CTAGCTGAGTTGGATC-1,7,Mono_CD14,2948.0
CTAGCTTGTGCTAGAC-1,13,B,4328.0
CTAGCTTGTGTGTCCC-1,13,B,2126.0
CTAGCTTGTTTATTCG-1,5,NK,4111.0
CTAGGACGTAACTACG-1,5,NK,2850.0
CTAGGACGTAGCTGGT-1,12,dropped,4702.0
CTAGGACGTCAGGAAG-1,4,Mono_CD16,10656.0
CTAGGACGTCCGTAGG-1,7,Mono_CD14,4668.0
CTAGGACGTCTTGCAT-1,10,NK,3061.0
CTAGGACGTGCTGGTG-1,6,Mono_CD14,3795.0
CTAGGACGTGGTTCTT-1,2,T_CD4,5093.0
CTAGGACGTGTTCCCA-1,16,pDC,7025.0
CTAGGACGTGTTGTAG-1,10,NK,5184.0
CTAGGACGTTCGCGCT-1,2,T_CD4,3115.0
CTAGGACGTTCGCTCA-1,15,T_CD8,2650.0
CTAGGACGTTGTAACG-1,5,NK,3443.0
CTAGGACGTTTCCTCC-1,4,Mono_CD16,8255.0
CTAGGCGGTACAATGT-1,7,Mono_CD14,6359.0
CTAGGCGGTAGACAAA-1,6,Mono_CD14,3525.0
CTAGGCGGTCATAGAT-1,2,T_CD4,2817.0
CTAGGCGGTCCCGAAG-1,1,T_CD8,2336.0
CTAGGCGGTCCTAAGA-1,4,Mono_CD16,7280.0
CTAGGCGGTCTTACTA-1,8,dropped,9438.0
CTAGGCGGTGTGCAAC-1,0,T_CD4,2616.0
CTAGGCGGTTAAGCTG-1,6,Mono_CD14,3838.0
CTAGGCGGTTGTGACA-1,0,T_CD4,1897.0
CTAGTAATCAAACCTA-1,6,Mono_CD14,3733.0
CTAGTAATCCCAGTAG-1,11,DC,9413.0
CTAGTAATCGTCATTT-1,11,DC,13847.0
CTAGTAATCTCTAGCC-1,0,T_CD4,2771.0
CTAGTAATCTGGTCCT-1,6,Mono_CD14,4345.0
CTAGTAGGTAGCAGCT-1,3,Mono_CD14,304.0
CTAGTAGGTCTAGCTT-1,6,Mono_CD14,7662.0
CTAGTAGGTGCATTAG-1,6,Mono_CD14,2794.0
CTAGTCGAGACTCGCA-1,2,T_CD4,3521.0
CTAGTCGAGATGGAGC-1,6,Mono_CD14,3540.0
CTAGTCGAGCTTTGGG-1,12,dropped,7219.0
CTAGTCGAGGCTACTG-1,5,NK,4561.0
CTAGTCGAGGCTATGT-1,8,dropped,6222.0
CTAGTCGAGTTATCTC-1,7,Mono_CD14,4483.0
CTAGTCGAGTTATTCC-1,2,T_CD4,3174.0
CTAGTCGAGTTCCTCA-1,0,T_CD4,2921.0
CTAGTGAGTCTTGCAT-1,6,Mono_CD14,3961.0
CTAGTGAGTGGATGTC-1,15,T_CD8,2138.0
CTAGTGAGTGTGCAAC-1,7,Mono_CD14,4918.0
CTAGTGAGTTAGCAGC-1,13,B,4434.0
CTAGTTGCACAAAGAC-1,15,T_CD8,2721.0
CTAGTTGCAGGACACA-1,2,T_CD4,2902.0
CTAGTTGCATTAGCCA-1,13,B,3198.0
CTATAACCAATAGTCT-1,6,Mono_CD14,4189.0
CTATAACCACAGAAAC-1,7,Mono_CD14,5261.0
CTATAACCAGAATGAC-1,3,Mono_CD14,1224.0
CTATAACCAGACAAAC-1,7,Mono_CD14,7146.0
CTATAACCAGCATGTC-1,1,T_CD8,2409.0
CTATAACCAGGTATTT-1,0,T_CD4,2880.0
CTATGACAGCTTCCCG-1,11,DC,6120.0
CTATGACAGGAACGCG-1,6,Mono_CD14,4429.0
CTATGACAGGACCTCA-1,3,Mono_CD14,3338.0
CTATGACAGGATTGAG-1,13,B,2934.0
CTATGACAGTCAGTAC-1,0,T_CD4,2111.0
CTATGACAGTGCACGC-1,13,B,4646.0
CTATGACAGTTAGCCG-1,6,Mono_CD14,4831.0
CTATGACAGTTGCGTG-1,7,Mono_CD14,4679.0
CTATGAGGTAGTAAGA-1,15,T_CD8,1342.0
CTATGAGGTCAAGTAT-1,6,Mono_CD14,4172.0
CTATGAGGTGAACAAA-1,7,Mono_CD14,5460.0
CTATGAGGTGCATTAG-1,10,NK,3759.0
CTATGAGGTGGATTAT-1,13,B,3168.0
CTATGAGGTGTTTCAC-1,0,T_CD4,2114.0
CTATGAGGTTAACAGT-1,4,Mono_CD16,5143.0
CTATGATCAAAGCGCA-1,3,Mono_CD14,566.0
CTATGATCACCATATG-1,6,Mono_CD14,5283.0
CTATGATCACTAAATC-1,0,T_CD4,4399.0
CTATGATCACTTACAG-1,7,Mono_CD14,4812.0
CTATGATCACTTGTTC-1,6,Mono_CD14,3045.0
CTATGGCCAAACGCGA-1,6,Mono_CD14,4246.0
CTATGGCCAAGGTATA-1,0,T_CD4,2969.0
CTATGGCCACTAAATC-1,1,T_CD8,1961.0
CTATGGCCACTTAGGC-1,1,T_CD8,3064.0
CTATGGCCATTGTGCA-1,6,Mono_CD14,7282.0
CTATGTTTCAAGGACA-1,5,NK,6842.0
CTATGTTTCAGGTTTA-1,7,Mono_CD14,4083.0
CTATGTTTCATGCTCC-1,1,T_CD8,3633.0
CTATGTTTCCTAAGAC-1,1,T_CD8,3509.0
CTATGTTTCGGCTAGC-1,2,T_CD4,3862.0
CTATGTTTCTTTAGGA-1,4,Mono_CD16,6497.0
CTATTACTCCGGTTGA-1,17,dropped,5392.0
CTATTACTCCTCCATA-1,13,B,5232.0
CTATTACTCGATATTG-1,2,T_CD4,3552.0
CTATTACTCGATTTAG-1,15,T_CD8,3690.0
CTATTACTCGCACACA-1,5,NK,4026.0
CTATTACTCGTAACGT-1,0,T_CD4,1689.0
CTATTACTCTAGCGAT-1,9,dropped,7404.0
CTATTACTCTCAATGA-1,1,T_CD8,3482.0
CTATTACTCTGTAATG-1,0,T_CD4,2758.0
CTATTCAGTAATCGTG-1,1,T_CD8,2267.0
CTATTCAGTAGCAGCT-1,2,T_CD4,5175.0
CTATTCAGTGAGAAAC-1,1,T_CD8,3215.0
CTATTCAGTGTGCACG-1,0,T_CD4,1663.0
CTATTCAGTTAGGTTG-1,16,pDC,12467.0
CTATTCAGTTCATCTA-1,0,T_CD4,2247.0
CTATTCAGTTGTGATG-1,2,T_CD4,3715.0
CTATTGAAGCACTAAC-1,4,Mono_CD16,6368.0
CTATTGAAGCTGTAAC-1,15,T_CD8,6858.0
CTATTGAAGGATCACT-1,0,T_CD4,2581.0
CTATTGAAGGGTTATC-1,8,dropped,7193.0
CTCAATAAGCATGGTT-1,1,T_CD8,3084.0
CTCAATAAGCTATATG-1,15,T_CD8,3431.0
CTCAATAAGTAACCCG-1,1,T_CD8,3375.0
CTCAATAAGTCATTAG-1,6,Mono_CD14,6365.0
CTCAATAAGTGAGGGT-1,2,T_CD4,3488.0
CTCACAACAAGGTATA-1,0,T_CD4,2519.0
CTCACAACAATTAGCT-1,15,T_CD8,3450.0
CTCACAACACCCACAG-1,0,T_CD4,5746.0
CTCACAACATATTGAC-1,13,B,2729.0
CTCACAACATCATGTG-1,0,T_CD4,3266.0
CTCACAACATGGCCTG-1,8,dropped,12497.0
CTCACACTCGCTAGCA-1,13,B,4778.0
CTCACACTCTAGCGTG-1,7,Mono_CD14,6039.0
CTCACACTCTTGGATA-1,13,B,2645.0
CTCACTCAGTATCGCG-1,2,T_CD4,3165.0
CTCAGGATCACCGGTA-1,2,T_CD4,4387.0
CTCAGGATCATGCTAA-1,2,T_CD4,7078.0
CTCAGGATCGATTTGA-1,10,NK,5244.0
CTCAGGATCTCATCAT-1,0,T_CD4,2624.0
CTCAGGATCTGTGCCT-1,1,T_CD8,2897.0
CTCATCATCACTCAAA-1,7,Mono_CD14,7545.0
CTCATCATCCACAATA-1,2,T_CD4,2859.0
CTCATCATCCAGGAAA-1,0,T_CD4,3600.0
CTCATCATCCCTCGCA-1,2,T_CD4,5276.0
CTCATCATCCGGTTAG-1,2,T_CD4,4119.0
CTCATCATCGCTATGG-1,6,Mono_CD14,4142.0
CTCATCATCTATGACA-1,10,NK,10011.0
CTCATGACAACCCTCC-1,6,Mono_CD14,3105.0
CTCATGACAACTAACT-1,6,Mono_CD14,4133.0
CTCATGACAAGGTCGA-1,15,T_CD8,3077.0
CTCATGACAATTGAAG-1,6,Mono_CD14,3664.0
CTCATGACACAGCCAT-1,15,T_CD8,3085.0
CTCATGACACTAAGAA-1,14,dropped,6426.0
CTCATGACAGTAAGTA-1,6,Mono_CD14,2569.0
CTCATGACAGTTATGT-1,2,T_CD4,2321.0
CTCATGACATCGCTTT-1,3,Mono_CD14,154.0
CTCATGACATTAAAGG-1,4,Mono_CD16,6547.0
CTCATGCTCACAGCCA-1,7,Mono_CD14,4404.0
CTCATGCTCATGCTTT-1,6,Mono_CD14,6241.0
CTCATGCTCCCTGGTT-1,0,T_CD4,3188.0
CTCATGCTCCTAATGA-1,6,Mono_CD14,4924.0
CTCATGCTCGCTAGTG-1,5,NK,3568.0
CTCATGCTCTGTAATG-1,15,T_CD8,2845.0
CTCATTAGTATCTGGA-1,15,T_CD8,4275.0
CTCATTAGTCATCAAG-1,2,T_CD4,4541.0
CTCATTAGTGAGGTAG-1,0,T_CD4,3029.0
CTCATTAGTGATTACG-1,1,T_CD8,4172.0
CTCATTAGTTACGCGG-1,13,B,3478.0
CTCATTAGTTGCTGGG-1,2,T_CD4,4057.0
CTCATTAGTTTATCGC-1,0,T_CD4,2353.0
CTCATTAGTTTCCGGC-1,13,B,2948.0
CTCATTAGTTTGTCTA-1,1,T_CD8,4922.0
CTCATTGTCAAAGGCA-1,1,T_CD8,2984.0
CTCATTGTCATGGCTG-1,15,T_CD8,3210.0
CTCATTGTCATGTGGT-1,4,Mono_CD16,7621.0
CTCATTGTCCCTGTTA-1,2,T_CD4,3353.0
CTCATTGTCCTCCTAA-1,12,dropped,9333.0
CTCATTGTCGAGGTGG-1,1,T_CD8,4560.0
CTCATTGTCGCACAAT-1,0,T_CD4,2203.0
CTCATTGTCTACTAAG-1,2,T_CD4,4081.0
CTCATTTAGATGGAGC-1,1,T_CD8,4356.0
CTCATTTAGCATGTTA-1,0,T_CD4,3548.0
CTCATTTAGGGTCTAT-1,7,Mono_CD14,5640.0
CTCATTTAGGTCGATT-1,4,Mono_CD16,4540.0
CTCATTTAGGTTACAC-1,15,T_CD8,2764.0
CTCCAAACAAGTAAGC-1,1,T_CD8,2292.0
CTCCAACTCCCTGGTT-1,3,Mono_CD14,1378.0
CTCCAACTCCGCACAA-1,15,T_CD8,12443.0
CTCCAACTCCGCCTAT-1,7,Mono_CD14,3951.0
CTCCAACTCCGGGACT-1,6,Mono_CD14,4654.0
CTCCAACTCCTACCTA-1,17,dropped,12450.0
CTCCAACTCCTAGTAA-1,1,T_CD8,5184.0
CTCCAACTCGGTACGC-1,13,B,3845.0
CTCCAACTCTAATCTC-1,1,T_CD8,3817.0
CTCCATCAGAGAGGCT-1,13,B,4305.0
CTCCATCAGCCTAACG-1,6,Mono_CD14,6698.0
CTCCATCAGCCTGAGC-1,2,T_CD4,2550.0
CTCCATCAGCTTAGTA-1,6,Mono_CD14,3295.0
CTCCATCAGCTTATGA-1,13,B,2732.0
CTCCATCAGGATGATG-1,15,T_CD8,2738.0
CTCCATCAGGCTATGT-1,6,Mono_CD14,8832.0
CTCCATCAGTACTGGT-1,6,Mono_CD14,7110.0
CTCCATCAGTATTGTG-1,0,T_CD4,2696.0
CTCCATCAGTTATTCC-1,4,Mono_CD16,9350.0
CTCCCTGAGCTGTCAG-1,6,Mono_CD14,3852.0
CTCCCTGAGTATCGCG-1,8,dropped,13383.0
CTCCCTGAGTCACGAT-1,0,T_CD4,3307.0
CTCCCTGAGTTCCCGT-1,6,Mono_CD14,6319.0
CTCCGGACACAAGCCT-1,5,NK,3571.0
CTCCGGACAGGCGAGT-1,8,dropped,7837.0
CTCCGGACAGGCTTCG-1,8,dropped,8115.0
CTCCGGACATTCCTGT-1,0,T_CD4,3737.0
CTCCGTCCAATCGCAC-1,2,T_CD4,5488.0
CTCCGTCCACCTATAG-1,2,T_CD4,3052.0
CTCCGTCCACCTGCTC-1,5,NK,4312.0
CTCCGTCCAGAGAGCC-1,6,Mono_CD14,3472.0
CTCCGTCCAGATAGAC-1,4,Mono_CD16,10256.0
CTCCGTCCAGCAAGTG-1,5,NK,2819.0
CTCCGTCCAGGCTTGT-1,10,NK,4081.0
CTCCGTCCATATAACC-1,2,T_CD4,3694.0
CTCCTAATCACACAGT-1,1,T_CD8,4398.0
CTCCTAATCACGCGGT-1,2,T_CD4,3238.0
CTCCTAATCATAGCCG-1,1,T_CD8,12535.0
CTCCTAATCATTTGTC-1,0,T_CD4,2954.0
CTCCTAATCCAATTAG-1,13,B,2481.0
CTCCTAATCCCTGATC-1,6,Mono_CD14,6490.0
CTCCTAATCCTCACTA-1,5,NK,3711.0
CTCCTAATCCTGGTGA-1,5,NK,3531.0
CTCCTAATCGATCAGT-1,6,Mono_CD14,3760.0
CTCCTAATCGTAACGT-1,1,T_CD8,4071.0
CTCCTAATCTAATCTC-1,6,Mono_CD14,4440.0
CTCCTAATCTCGCCCA-1,12,dropped,6601.0
CTCCTAATCTCGCCTG-1,1,T_CD8,4410.0
CTCCTAATCTGTAATG-1,0,T_CD4,2170.0
CTCCTAATCTTGTTCG-1,5,NK,3339.0
CTCCTCACAATTAAGG-1,0,T_CD4,3732.0
CTCCTCACACTAGCGT-1,2,T_CD4,3610.0
CTCCTCACAGGCATCT-1,2,T_CD4,6278.0
CTCCTCACAGGCTAAG-1,1,T_CD8,3611.0
CTCCTGAGTCAAGTGC-1,1,T_CD8,2841.0
CTCCTGAGTGCTCCAC-1,6,Mono_CD14,4159.0
CTCCTGAGTTATCCTA-1,15,T_CD8,1896.0
CTCCTGAGTTTCCGGC-1,0,T_CD4,2340.0
CTCCTGAGTTTCGCCA-1,6,Mono_CD14,4007.0
CTCGACAAGCGCATTG-1,7,Mono_CD14,4765.0
CTCGACAAGGCGAATA-1,15,T_CD8,3202.0
CTCGACAAGTAACCAC-1,1,T_CD8,2845.0
CTCGACAAGTTACCGG-1,2,T_CD4,4734.0
CTCGCTAGTACGTTTC-1,0,T_CD4,3264.0
CTCGCTAGTAGCCATA-1,0,T_CD4,2551.0
CTCGCTAGTAGCTGGT-1,0,T_CD4,2801.0
CTCGCTAGTAGTTAAC-1,15,T_CD8,2351.0
CTCGCTAGTCCAAGAC-1,4,Mono_CD16,8326.0
CTCGCTAGTCTATCGT-1,2,T_CD4,3498.0
CTCGCTAGTGGGTACT-1,6,Mono_CD14,4777.0
CTCGCTCCAATGAAGC-1,7,Mono_CD14,5017.0
CTCGCTCCAATTGAGA-1,9,dropped,14857.0
CTCGCTCCACAATTAC-1,2,T_CD4,3660.0
CTCGCTCCACTTCACT-1,15,T_CD8,3639.0
CTCGCTCCAGTTGCGT-1,0,T_CD4,4190.0
CTCGCTCCATGTTGTG-1,11,DC,14251.0
CTCGCTCCATTGTGTG-1,5,NK,3834.0
CTCGTTATCAAGCGCC-1,2,T_CD4,4673.0
CTCGTTATCACCGGTA-1,6,Mono_CD14,3154.0
CTCGTTATCAGGTCCA-1,13,B,6201.0
CTCGTTATCATAACTG-1,1,T_CD8,4223.0
CTCGTTATCCACAATA-1,16,pDC,4549.0
CTCGTTATCCCTCGCA-1,5,NK,4183.0
CTCGTTATCCTGGTGA-1,2,T_CD4,2423.0
CTCGTTATCCTTGCAC-1,1,T_CD8,4647.0
CTCGTTATCGTTTCGC-1,2,T_CD4,3324.0
CTCGTTATCTATTGTC-1,5,NK,7296.0
CTCTAAGCAAACGCGA-1,0,T_CD4,2302.0
CTCTAAGCAACAACAA-1,1,T_CD8,3349.0
CTCTAAGCAACTGGGA-1,6,Mono_CD14,3949.0
CTCTAAGCAAGGTCGA-1,3,Mono_CD14,191.0
CTCTAAGCAATTGACT-1,0,T_CD4,1821.0
CTCTAAGCACAGCCTG-1,6,Mono_CD14,7206.0
CTCTAAGCAGTTTACG-1,16,pDC,9103.0
CTCTAGCTCCAGGTCA-1,4,Mono_CD16,7665.0
CTCTAGCTCGAGGTGG-1,6,Mono_CD14,4471.0
CTCTAGCTCGGGACTC-1,2,T_CD4,3246.0
CTCTAGCTCGGTCAGC-1,0,T_CD4,7294.0
CTCTATGTCAGGTTTA-1,1,T_CD8,3789.0
CTCTATGTCCAAATCA-1,13,B,3540.0
CTCTATGTCCCTCAAC-1,6,Mono_CD14,5196.0
CTCTATGTCCGCAAGC-1,0,T_CD4,3480.0
CTCTATGTCGGTTCCT-1,1,T_CD8,2892.0
CTCTATGTCTCCTCAA-1,2,T_CD4,3345.0
CTCTCACAGCGATAAG-1,12,dropped,5901.0
CTCTCACAGCGCATTG-1,6,Mono_CD14,6542.0
CTCTCACAGGCCAATT-1,0,T_CD4,3716.0
CTCTCACAGGTCCGTA-1,6,Mono_CD14,3320.0
CTCTCACAGTTGGATC-1,6,Mono_CD14,6916.0
CTCTGTTCACGTTACA-1,5,NK,3761.0
CTCTGTTCAGCTTACA-1,7,Mono_CD14,5907.0
CTCTGTTCAGGTTCAC-1,0,T_CD4,2956.0
CTCTGTTCATAATCCG-1,10,NK,3892.0
CTCTTGATCACAGCGC-1,11,DC,5747.0
CTCTTGATCAGGGCCT-1,13,B,2511.0
CTCTTGATCATGCATA-1,2,T_CD4,4147.0
CTCTTGATCATTTAGG-1,0,T_CD4,1829.0
CTCTTGATCGTTAACA-1,7,Mono_CD14,7239.0
CTCTTGATCTATCGCC-1,0,T_CD4,2306.0
CTCTTGATCTCCATAT-1,7,Mono_CD14,6150.0
CTGAAACTCACATTGA-1,5,NK,4374.0
CTGAAACTCATTATGG-1,0,T_CD4,2455.0
CTGAAACTCGGCCAGT-1,6,Mono_CD14,3772.0
CTGAAACTCGTTTCTG-1,6,Mono_CD14,3805.0
CTGAATATCAAGCTTA-1,12,dropped,11168.0
CTGAATATCATCCTCA-1,11,DC,6477.0
CTGAATATCCGGTATG-1,0,T_CD4,2545.0
CTGAATATCCTTAGTT-1,0,T_CD4,2286.0
CTGAATATCGATCAGT-1,2,T_CD4,2878.0
CTGAATATCGCCTAAG-1,0,T_CD4,1755.0
CTGAATATCTACCTGC-1,1,T_CD8,3713.0
CTGAATATCTCGCCTG-1,0,T_CD4,4774.0
CTGAATATCTTAGTGA-1,6,Mono_CD14,2805.0
CTGACATAGAGGATAT-1,1,T_CD8,3009.0
CTGACATAGCAAGGGT-1,6,Mono_CD14,2921.0
CTGACATAGCTAAAGG-1,1,T_CD8,3423.0
CTGACATAGGACCGCT-1,13,B,3158.0
CTGACATAGGATTGCT-1,5,NK,3147.0
CTGACATAGGTTAGAG-1,7,Mono_CD14,4538.0
CTGACATAGTTATCTC-1,4,Mono_CD16,7805.0
CTGACCAAGCAGCTCA-1,13,B,3922.0
CTGACCAAGCCTTAAA-1,2,T_CD4,3804.0
CTGACCAAGCGCCTTT-1,6,Mono_CD14,4785.0
CTGACCAAGGACAACA-1,6,Mono_CD14,8216.0
CTGACCAAGTACTGGT-1,0,T_CD4,3333.0
CTGACCAAGTATTGCA-1,6,Mono_CD14,5303.0
CTGACCAAGTTATGTG-1,6,Mono_CD14,6697.0
CTGACCAAGTTGGGCC-1,2,T_CD4,3706.0
CTGATCACAGCTTAGC-1,16,pDC,5030.0
CTGATCACAGGACCTT-1,1,T_CD8,3410.0
CTGATCACATGTCAAT-1,15,T_CD8,3872.0
CTGCAATAGGATTGAG-1,6,Mono_CD14,3762.0
CTGCAATAGTCATGCG-1,6,Mono_CD14,4694.0
CTGCAATAGTTATCCT-1,1,T_CD8,3822.0
CTGCTACTCATTAGTG-1,1,T_CD8,2101.0
CTGCTACTCCCTCAGT-1,6,Mono_CD14,3499.0
CTGCTACTCTTGGACG-1,1,T_CD8,2650.0
CTGCTATGTCCCGGAA-1,2,T_CD4,3681.0
CTGCTATGTGCAATAT-1,6,Mono_CD14,5925.0
CTGCTATGTTAGGCGT-1,6,Mono_CD14,4851.0
CTGCTCCCAAGCCACT-1,1,T_CD8,3804.0
CTGCTCCCAAGGTCCT-1,6,Mono_CD14,3670.0
CTGCTCCCAAGTTATC-1,1,T_CD8,2801.0
CTGCTCCCAATAGCAA-1,2,T_CD4,4710.0
CTGCTCCCAATCCTAG-1,0,T_CD4,4703.0
CTGCTCCCAGGTTATT-1,0,T_CD4,2803.0
CTGGACCAGCCAAATC-1,6,Mono_CD14,6764.0
CTGGATGTCAATGACC-1,2,T_CD4,2856.0
CTGGATGTCAATGAGG-1,3,Mono_CD14,1635.0
CTGGATGTCACGCCAA-1,13,B,3264.0
CTGGATGTCATAACTG-1,5,NK,5757.0
CTGGATGTCCATAATG-1,0,T_CD4,2917.0
CTGGATGTCGGGACCT-1,2,T_CD4,2134.0
CTGGATGTCGGTCAAT-1,0,T_CD4,2445.0
CTGGATGTCGTCAAGT-1,15,T_CD8,1938.0
CTGGATGTCGTTAAGC-1,11,DC,3517.0
CTGGATGTCTCCATGC-1,8,dropped,9010.0
CTGGATGTCTCCTCTT-1,13,B,4964.0
CTGGATGTCTTAGCGG-1,10,NK,6613.0
CTGGCTAAGACAACAG-1,6,Mono_CD14,5538.0
CTGGCTAAGGCTGTCA-1,0,T_CD4,2521.0
CTGGCTAAGGCTTAGT-1,15,T_CD8,2539.0
CTGGCTAAGGTTAGAG-1,13,B,2199.0
CTGGCTAAGTAAGAAC-1,2,T_CD4,4050.0
CTGGCTAAGTCTCACC-1,4,Mono_CD16,7801.0
CTGGCTAAGTTAACCA-1,2,T_CD4,4324.0
CTGGCTAAGTTTGCGG-1,0,T_CD4,1961.0
CTGGCTTTCAATTACG-1,13,B,3550.0
CTGGCTTTCCTCATGC-1,6,Mono_CD14,4503.0
CTGGCTTTCGGGATTT-1,4,Mono_CD16,8905.0
CTGGCTTTCTCAATAG-1,7,Mono_CD14,4833.0
CTGGTAAGTAACCTAG-1,10,NK,7957.0
CTGGTAAGTACGGTAC-1,2,T_CD4,8459.0
CTGGTAAGTCCTTTAA-1,13,B,2735.0
CTGGTAAGTGACATAT-1,5,NK,2971.0
CTGGTAAGTGGGAACA-1,11,DC,8814.0
CTGGTAAGTTAGGCTA-1,6,Mono_CD14,4470.0
CTGGTCAAGCTCAATA-1,0,T_CD4,3049.0
CTGGTCAAGGCGCTAC-1,5,NK,2334.0
CTGGTCAAGGCGCTTA-1,2,T_CD4,4708.0
CTGGTCAAGGGACGCA-1,0,T_CD4,2339.0
CTGGTCAAGTAAGTCC-1,7,Mono_CD14,4312.0
CTGGTCAAGTGAGCGG-1,0,T_CD4,1802.0
CTGGTCAAGTTAGACC-1,6,Mono_CD14,4523.0
CTGGTCAAGTTATGGC-1,0,T_CD4,3279.0
CTGGTTACAATAGCAA-1,6,Mono_CD14,4190.0
CTGGTTACAATCTCTC-1,0,T_CD4,3346.0
CTGGTTACACCCACAG-1,7,Mono_CD14,7132.0
CTGGTTACACCTCACC-1,11,DC,8664.0
CTGGTTACAGCTTACA-1,15,T_CD8,3483.0
CTGGTTACAGGAATCG-1,2,T_CD4,4182.0
CTGGTTACAGGCAAGC-1,1,T_CD8,3057.0
CTGGTTACAGGCGAGT-1,0,T_CD4,2239.0
CTGGTTACATAGCAGG-1,4,Mono_CD16,5706.0
CTGGTTACATGTTTGG-1,12,dropped,19888.0
CTGGTTTGTGATGATT-1,6,Mono_CD14,6713.0
CTGGTTTGTGCTCACC-1,5,NK,3074.0
CTGGTTTGTTCCGGGA-1,8,dropped,6445.0
CTGGTTTGTTTACCGT-1,7,Mono_CD14,7292.0
CTGGTTTGTTTCCACG-1,6,Mono_CD14,4289.0
CTGTAACAGACAAACG-1,2,T_CD4,2548.0
CTGTAACAGCCACATG-1,0,T_CD4,2437.0
CTGTAACAGTCAGGCC-1,1,T_CD8,3295.0
CTGTACCTCAACCAAC-1,6,Mono_CD14,6226.0
CTGTACCTCAAGCTTA-1,7,Mono_CD14,8194.0
CTGTACCTCAGCAAGA-1,3,Mono_CD14,1632.0
CTGTACCTCCCTCGCA-1,7,Mono_CD14,4298.0
CTGTACCTCCTTAGGG-1,8,dropped,11569.0
CTGTACCTCGCTTCTA-1,2,T_CD4,1566.0
CTGTACCTCGGGACTC-1,13,B,2539.0
CTGTACCTCTTAGTCT-1,2,T_CD4,4289.0
CTGTATTTCCAGGTTG-1,4,Mono_CD16,7982.0
CTGTATTTCCTAATTC-1,0,T_CD4,2453.0
CTGTATTTCGCTCCAT-1,2,T_CD4,3772.0
CTGTATTTCGGCCAGT-1,0,T_CD4,1473.0
CTGTATTTCGGTAACT-1,2,T_CD4,3382.0
CTGTATTTCGGTTTGG-1,8,dropped,8442.0
CTGTGTGAGACTTACA-1,0,T_CD4,2569.0
CTGTGTGAGCCGCTAA-1,7,Mono_CD14,5133.0
CTGTGTGAGCTCAATA-1,1,T_CD8,3585.0
CTGTGTGAGGACCAGG-1,0,T_CD4,3194.0
CTGTGTGAGGCTTAGT-1,0,T_CD4,7162.0
CTGTGTGAGTCGCAAT-1,2,T_CD4,2799.0
CTGTGTGAGTCTTGAA-1,1,T_CD8,3185.0
CTGTTAAAGAATGACG-1,2,T_CD4,3297.0
CTGTTAAAGACTTACA-1,5,NK,3152.0
CTGTTAAAGCACAGCC-1,11,DC,7856.0
CTGTTAAAGCACTAAC-1,1,T_CD8,4734.0
CTGTTAAAGCCTGTTC-1,7,Mono_CD14,3619.0
CTGTTAAAGCGCATTG-1,0,T_CD4,2752.0
CTGTTAAAGCGGATTT-1,1,T_CD8,4475.0
CTGTTAAAGGAATAAC-1,2,T_CD4,3117.0
CTGTTAAAGGGTCTAT-1,1,T_CD8,2718.0
CTGTTAAAGTTGTCAA-1,6,Mono_CD14,5648.0
CTGTTCATCGCATTAA-1,4,Mono_CD16,8208.0
CTGTTCATCTAATCTC-1,6,Mono_CD14,11494.0
CTGTTGGAGCTGCACA-1,2,T_CD4,2745.0
CTGTTGGAGCTTTGTT-1,7,Mono_CD14,4761.0
CTGTTGGAGGACAATG-1,6,Mono_CD14,3756.0
CTGTTGGAGGACTAAG-1,13,B,3181.0
CTGTTGGAGGAGTCTT-1,2,T_CD4,4399.0
CTGTTGGAGGCATGAA-1,15,T_CD8,3316.0
CTGTTGGAGTAGGCGG-1,7,Mono_CD14,3726.0
CTGTTGGAGTTCCTCA-1,0,T_CD4,2470.0
CTGTTTAGTACCGAAC-1,13,B,2972.0
CTGTTTAGTCAGTAAT-1,6,Mono_CD14,3052.0
CTGTTTAGTTGAGCCG-1,5,NK,2782.0
CTTAACAAGCAACAAG-1,0,T_CD4,2367.0
CTTAACAAGCTAATTG-1,1,T_CD8,2494.0
CTTAACAAGGTTACAC-1,6,Mono_CD14,6152.0
CTTAAGATCAAACCGT-1,13,B,3541.0
CTTAAGATCCTAGTTT-1,2,T_CD4,2259.0
CTTAAGATCCTGGTGA-1,8,dropped,9804.0
CTTAAGATCGTTTCTG-1,5,NK,3232.0
CTTAAGATCTTGAGGT-1,7,Mono_CD14,3830.0
CTTAAGGGTCATAGAT-1,13,B,3142.0
CTTAAGGGTGAGGTAG-1,7,Mono_CD14,4321.0
CTTAAGGGTTTACCGT-1,5,NK,2487.0
CTTAATGAGAGGCTAA-1,6,Mono_CD14,2392.0
CTTAATGAGCAAACCT-1,1,T_CD8,2991.0
CTTAATGAGTATTGTG-1,0,T_CD4,2753.0
CTTAATGAGTCGCAAT-1,2,T_CD4,3805.0
CTTACCGGTAAACAAG-1,0,T_CD4,3119.0
CTTACCGGTACAAAGA-1,8,dropped,8619.0
CTTACCGGTACTAAAC-1,12,dropped,6106.0
CTTACCGGTAGGATTT-1,13,B,3198.0
CTTACCGGTCACGGAT-1,0,T_CD4,4154.0
CTTACCGGTGGATTCA-1,2,T_CD4,4694.0
CTTACCGGTGGTGAGA-1,1,T_CD8,4191.0
CTTACCGGTGTTCCCA-1,6,Mono_CD14,2619.0
CTTACCGGTTAAGCGC-1,3,Mono_CD14,1509.0
CTTACCGGTTAGTACG-1,0,T_CD4,2062.0
CTTACCGGTTCAAGAT-1,2,T_CD4,4891.0
CTTACCGGTTCCTGAT-1,7,Mono_CD14,6751.0
CTTACCGGTTGGATCA-1,13,B,2335.0
CTTACCGGTTGGTTCT-1,2,T_CD4,6544.0
CTTACCTCAAACTAAG-1,1,T_CD8,2979.0
CTTACCTCAGCATGTC-1,11,DC,8118.0
CTTACTAGTAATGACT-1,2,T_CD4,22491.0
CTTACTAGTACCGTTT-1,2,T_CD4,3185.0
CTTACTAGTATACTGG-1,13,B,4607.0
CTTACTAGTGACCTGG-1,4,Mono_CD16,7745.0
CTTACTAGTTACAACG-1,6,Mono_CD14,8593.0
CTTACTAGTTATCGAG-1,2,T_CD4,2460.0
CTTACTAGTTCGCTCA-1,2,T_CD4,3298.0
CTTACTAGTTGAGGTC-1,7,Mono_CD14,9434.0
CTTACTAGTTGGATCA-1,7,Mono_CD14,6015.0
CTTAGGAGTAACGTGC-1,3,Mono_CD14,393.0
CTTAGGAGTAATCGCA-1,5,NK,2506.0
CTTAGGAGTCAGGAAG-1,6,Mono_CD14,4551.0
CTTAGGAGTCGCAAAC-1,7,Mono_CD14,5380.0
CTTAGGAGTTTAGTCC-1,0,T_CD4,2683.0
CTTAGTTTCCGCAAAT-1,1,T_CD8,4126.0
CTTAGTTTCCTAGTAA-1,13,B,3640.0
CTTAGTTTCGTCAAGT-1,0,T_CD4,5201.0
CTTAGTTTCTAAGGAG-1,2,T_CD4,4330.0
CTTATGTTCAGCCAAT-1,2,T_CD4,4285.0
CTTATGTTCATTGCGG-1,13,B,4592.0
CTTATGTTCTAGCGTG-1,7,Mono_CD14,4336.0
CTTATGTTCTGTGAGT-1,7,Mono_CD14,5188.0
CTTATTGGTACGCGCA-1,6,Mono_CD14,3578.0
CTTATTGGTATTGGAT-1,7,Mono_CD14,5437.0
CTTATTGGTCAAACTG-1,0,T_CD4,2208.0
CTTATTGGTCACCAAA-1,11,DC,5773.0
CTTATTGGTCATGAGC-1,1,T_CD8,3246.0
CTTATTGGTCCTAGTT-1,1,T_CD8,2589.0
CTTATTGGTTAATGCG-1,13,B,4537.0
CTTATTGGTTCGGGAT-1,0,T_CD4,1268.0
CTTCAAGCAATATGGA-1,1,T_CD8,4471.0
CTTCAAGCAATTGAGA-1,7,Mono_CD14,3440.0
CTTCAAGCACCAAAGG-1,13,B,3526.0
CTTCAAGCACGCAACT-1,1,T_CD8,8516.0
CTTCAAGCACTTGTTC-1,9,dropped,19863.0
CTTCAAGCAGAAATTG-1,13,B,5286.0
CTTCAAGCAGGACCTT-1,1,T_CD8,4230.0
CTTCAAGCAGGCCTTG-1,15,T_CD8,2503.0
CTTCAAGCAGGCGATA-1,15,T_CD8,2820.0
CTTCAAGCAGTTAAAG-1,2,T_CD4,4067.0
CTTCAAGCATACTCCT-1,6,Mono_CD14,6157.0
CTTCAAGCATAGACCC-1,2,T_CD4,4253.0
CTTCAATTCAAGACTC-1,15,T_CD8,3280.0
CTTCAATTCACGTTAA-1,0,T_CD4,3411.0
CTTCAATTCACTAAGC-1,7,Mono_CD14,4461.0
CTTCAATTCAGCCAAT-1,2,T_CD4,3797.0
CTTCAATTCCCTCTAA-1,11,DC,7460.0
CTTCAATTCCTAGTAA-1,13,B,2732.0
CTTCAATTCCTGGCTT-1,0,T_CD4,3215.0
CTTCAATTCGACAAAG-1,0,T_CD4,2143.0
CTTCAATTCGGTTAGT-1,1,T_CD8,2603.0
CTTCAATTCTTGAGCG-1,4,Mono_CD16,5185.0
CTTCACTCAAAGCCTC-1,2,T_CD4,4565.0
CTTCACTCAACCCTCC-1,7,Mono_CD14,3425.0
CTTCACTCAACTAGGG-1,2,T_CD4,4226.0
CTTCACTCACCAAAGG-1,1,T_CD8,3020.0
CTTCACTCACCCTCAC-1,6,Mono_CD14,11165.0
CTTCACTCACGGTTTA-1,7,Mono_CD14,5214.0
CTTCACTCAGGAACAT-1,3,Mono_CD14,570.0
CTTCACTCATTAAACC-1,8,dropped,14092.0
CTTCACTCATTCAGCA-1,15,T_CD8,4127.0
CTTCACTCATTGTCAG-1,7,Mono_CD14,3858.0
CTTCAGGAGAGCCGCT-1,2,T_CD4,1966.0
CTTCAGGAGATAAAGC-1,0,T_CD4,3243.0
CTTCAGGAGGCATTGT-1,4,Mono_CD16,6064.0
CTTCAGGAGTAGAGGC-1,2,T_CD4,3581.0
CTTCAGGAGTCTTGAA-1,4,Mono_CD16,5622.0
CTTCAGGAGTTGCGTG-1,6,Mono_CD14,4205.0
CTTCATCCAAATACCT-1,0,T_CD4,2440.0
CTTCATCCAACTGGCT-1,0,T_CD4,2741.0
CTTCATCCAAGGTCGA-1,2,T_CD4,3219.0
CTTCATCCACCTGCCT-1,2,T_CD4,4747.0
CTTCATCCATAATCGT-1,0,T_CD4,2790.0
CTTCATCCATAATGTC-1,13,B,3012.0
CTTCATCCATGAAGTA-1,6,Mono_CD14,5324.0
CTTCGCGTCATCCTCA-1,8,dropped,6843.0
CTTCGCGTCCCGAAGC-1,0,T_CD4,2574.0
CTTCGCGTCGACAAAG-1,1,T_CD8,2811.0
CTTCGCGTCGTCAAGT-1,1,T_CD8,1144.0
CTTCGCGTCTATGACA-1,5,NK,2932.0
CTTCTAAGTATTACCC-1,2,T_CD4,5294.0
CTTCTAAGTCCAAGAC-1,2,T_CD4,3922.0
CTTCTAAGTCCTAACT-1,0,T_CD4,2076.0
CTTCTAAGTCTAGCTT-1,0,T_CD4,2821.0
CTTCTAAGTGATTTGG-1,15,T_CD8,3376.0
CTTCTAAGTTAGTTGG-1,8,dropped,12853.0
CTTCTCAAGAACAAGT-1,16,pDC,5140.0
CTTCTCAAGCTGCACA-1,2,T_CD4,5468.0
CTTCTCAAGGCTTAGT-1,13,B,4602.0
CTTCTCAAGGGTGGAT-1,4,Mono_CD16,10166.0
CTTCTCAAGTAGCGGG-1,13,B,3972.0
CTTCTCAAGTGTGATC-1,1,T_CD8,3778.0
CTTGAACAGACAAACG-1,8,dropped,9505.0
CTTGAACAGCCTTAAA-1,10,NK,7943.0
CTTGAACAGGCTGTCA-1,6,Mono_CD14,2909.0
CTTGAACAGTTCCCGT-1,0,T_CD4,1956.0
CTTGAATCAAGGTCCT-1,5,NK,5254.0
CTTGAATCAATTAACC-1,9,dropped,9261.0
CTTGAATCACATAACT-1,4,Mono_CD16,4794.0
CTTGAATCAGGCTACT-1,2,T_CD4,3322.0
CTTGAATCAGGCTAGA-1,0,T_CD4,2955.0
CTTGAATCAGTATGTT-1,2,T_CD4,4681.0
CTTGAATCATAATGAG-1,6,Mono_CD14,4251.0
CTTGACGAGCCTAACG-1,9,dropped,7234.0
CTTGACGAGCTGGACC-1,0,T_CD4,2456.0
CTTGACGAGGTGTCCA-1,8,dropped,12019.0
CTTGACGAGTCAGTAC-1,2,T_CD4,3965.0
CTTGACGAGTCATTTC-1,7,Mono_CD14,7455.0
CTTGACGAGTGAACAG-1,7,Mono_CD14,1580.0
CTTGACGAGTTACCGG-1,7,Mono_CD14,5402.0
CTTGACGAGTTATGTG-1,6,Mono_CD14,3611.0
CTTGCAACAACGTGCT-1,13,B,4903.0
CTTGCAACAACTAGCC-1,2,T_CD4,3245.0
CTTGCAACAAGCGATG-1,1,T_CD8,3880.0
CTTGCAACAGTTGCGT-1,2,T_CD4,9054.0
CTTGCAACATCATGTG-1,3,Mono_CD14,895.0
CTTGCAACATGAGTTT-1,0,T_CD4,2541.0
CTTGCATGTAATGACT-1,2,T_CD4,1961.0
CTTGCATGTAGGATCC-1,7,Mono_CD14,5635.0
CTTGCATGTAGTCAAT-1,0,T_CD4,3417.0
CTTGCATGTATTGCAG-1,7,Mono_CD14,5497.0
CTTGCATGTTATCCTA-1,10,NK,4245.0
CTTGCATGTTCCTGAT-1,9,dropped,11605.0
CTTGCGCGTATTACCC-1,6,Mono_CD14,4705.0
CTTGCGCGTCATAACG-1,13,B,2859.0
CTTGCGCGTGAACAAA-1,1,T_CD8,2963.0
CTTGCGCGTTTGGTTC-1,6,Mono_CD14,4546.0
CTTGCTCAGACAAACG-1,4,Mono_CD16,7094.0
CTTGCTCAGCAAGATG-1,2,T_CD4,4436.0
CTTGCTCAGCACGATT-1,1,T_CD8,3388.0
CTTGCTCAGCGATAAG-1,2,T_CD4,4775.0
CTTGCTCAGCTGCACA-1,3,Mono_CD14,321.0
CTTGCTCAGGCGGATG-1,5,NK,3001.0
CTTGCTCAGTTGCCTC-1,2,T_CD4,5063.0
CTTGCTCAGTTTGCGG-1,6,Mono_CD14,4678.0
CTTGGACCAAACTAAG-1,2,T_CD4,5561.0
CTTGGACCACAAAGCG-1,11,DC,5892.0
CTTGGACCACAATGCC-1,5,NK,2508.0
CTTGGACCACAATTAC-1,6,Mono_CD14,5483.0
CTTGGACCACATAGCC-1,9,dropped,10784.0
CTTGGACCACCGTTCC-1,15,T_CD8,4745.0
CTTGGACCACGGTTTA-1,2,T_CD4,4930.0
CTTGGACCAGGTTAAA-1,5,NK,2843.0
CTTGGACCATAATCCG-1,0,T_CD4,2342.0
CTTGGACCATTGTTGG-1,0,T_CD4,2065.0
CTTGTAAAGAGGAGTC-1,12,dropped,4997.0
CTTGTAAAGCCTCTCG-1,8,dropped,7278.0
CTTGTAAAGCTTACTT-1,2,T_CD4,2911.0
CTTGTAAAGTCACCTC-1,7,Mono_CD14,6565.0
CTTGTCCAGCACAGAA-1,1,T_CD8,8997.0
CTTGTCCAGCACGTTG-1,5,NK,3581.0
CTTGTCCAGCGGATAA-1,1,T_CD8,3067.0
CTTGTCCAGCGTGCAC-1,6,Mono_CD14,4265.0
CTTGTCCAGCTGCACA-1,1,T_CD8,3236.0
CTTGTCCAGTAGCCAT-1,13,B,5593.0
CTTGTCCAGTTGTCCC-1,2,T_CD4,1405.0
CTTGTTCCAACAGGAT-1,7,Mono_CD14,4952.0
CTTGTTCCACTAAATC-1,7,Mono_CD14,6280.0
CTTGTTCCACTTCATC-1,6,Mono_CD14,6116.0
CTTGTTCCAGCAAATA-1,2,T_CD4,4562.0
CTTGTTCCAGCCAGAA-1,1,T_CD8,3287.0
CTTGTTCCATTAAACC-1,6,Mono_CD14,5363.0
CTTGTTTAGCAAGGAC-1,1,T_CD8,3612.0
CTTGTTTAGCAGGTTT-1,0,T_CD4,2822.0
CTTGTTTAGCTCAATA-1,7,Mono_CD14,11192.0
CTTGTTTAGTAAGGGC-1,6,Mono_CD14,5286.0
CTTGTTTAGTTAGACC-1,13,B,3528.0
CTTTAGGCAAACTAAG-1,2,T_CD4,3622.0
CTTTAGGCAATAGCAA-1,2,T_CD4,8933.0
CTTTAGGCATGAGTTT-1,12,dropped,9239.0
CTTTAGGCATGTTGGC-1,0,T_CD4,2169.0
CTTTAGGCATTTAAGC-1,1,T_CD8,3630.0
CTTTAGTTCGCATTAA-1,6,Mono_CD14,3926.0
CTTTAGTTCGCTAGTG-1,2,T_CD4,3123.0
CTTTAGTTCGGGACTC-1,6,Mono_CD14,4351.0
CTTTAGTTCGGTAACT-1,15,T_CD8,3316.0
CTTTATCAGACAGGCG-1,2,T_CD4,2889.0
CTTTATCAGATGGACA-1,1,T_CD8,3303.0
CTTTATCAGCGCTAAT-1,13,B,4556.0
CTTTATCAGGTTAGCT-1,7,Mono_CD14,5940.0
CTTTATCAGTGAGGGT-1,15,T_CD8,3207.0
CTTTATCAGTTCCCGT-1,7,Mono_CD14,3450.0
CTTTATGGTAAGCTCA-1,7,Mono_CD14,7200.0
CTTTATGGTGGTGAGA-1,1,T_CD8,4183.0
CTTTATGGTGTGAGGA-1,10,NK,7235.0
CTTTATGGTTCCATTA-1,5,NK,3440.0
CTTTATGGTTTGTCTA-1,2,T_CD4,4089.0
CTTTCTTGTAGTTAAC-1,13,B,4913.0
CTTTCTTGTCACTCGC-1,9,dropped,18749.0
CTTTCTTGTCATCATC-1,2,T_CD4,3629.0
CTTTCTTGTGATGAAA-1,7,Mono_CD14,4493.0
CTTTCTTGTTTACGTC-1,6,Mono_CD14,5268.0
CTTTGAGCAAAGCGCA-1,0,T_CD4,2137.0
CTTTGAGCAACTGGCT-1,15,T_CD8,2798.0
CTTTGAGCAAGGAATC-1,15,T_CD8,3164.0
CTTTGAGCACAACAAA-1,13,B,4342.0
CTTTGAGCACATAACT-1,0,T_CD4,12089.0
CTTTGAGCACCTCGCT-1,2,T_CD4,5958.0
CTTTGAGCAGGCTTCG-1,0,T_CD4,3276.0
CTTTGAGCATAAAGCA-1,2,T_CD4,9432.0
CTTTGAGCATCTTGAG-1,1,T_CD8,2577.0
CTTTGGGAGAAGCTAG-1,13,B,1665.0
CTTTGGGAGCATTATG-1,2,T_CD4,3133.0
CTTTGGGAGCGCCTAA-1,6,Mono_CD14,1032.0
CTTTGGGAGCTTAGTA-1,6,Mono_CD14,4152.0
CTTTGGGAGCTTCCCG-1,6,Mono_CD14,3444.0
CTTTGGGAGGAACGGT-1,6,Mono_CD14,4454.0
CTTTGGGAGGAGGCAT-1,13,B,2548.0
CTTTGGGAGGGCTAAA-1,1,T_CD8,3490.0
CTTTGGGAGGTTTGAC-1,5,NK,3236.0
CTTTGGGAGTAACTCA-1,0,T_CD4,3295.0
CTTTGGTGTAAGGTTT-1,1,T_CD8,2661.0
CTTTGGTGTACGGTAC-1,7,Mono_CD14,6184.0
CTTTGGTGTCAAACTG-1,13,B,2759.0
CTTTGGTGTCAAAGAA-1,8,dropped,7857.0
CTTTGGTGTCACTCGC-1,7,Mono_CD14,3822.0
CTTTGGTGTCATTAGG-1,2,T_CD4,4721.0
CTTTGGTGTCCTAAGA-1,1,T_CD8,3469.0
CTTTGGTGTCCTTAGT-1,8,dropped,9993.0
CTTTGGTGTTAATGAC-1,1,T_CD8,3220.0
CTTTGGTGTTCGCTCA-1,7,Mono_CD14,3827.0
CTTTGTCCAACTAGAA-1,1,T_CD8,3593.0
CTTTGTCCAAGCTAAA-1,8,dropped,6391.0
CTTTGTCCAAGTGAAC-1,1,T_CD8,3283.0
CTTTGTCCAATAAGCA-1,0,T_CD4,2083.0
CTTTGTCCAGTCTATG-1,3,Mono_CD14,554.0
CTTTGTCCATGACTAT-1,6,Mono_CD14,5284.0
GAAACCCGTAACAGGG-1,6,Mono_CD14,4582.0
GAAACCCGTACTTCAC-1,6,Mono_CD14,6917.0
GAAACCCGTAGGTGTC-1,2,T_CD4,3063.0
GAAACCCGTATTGTGG-1,1,T_CD8,3470.0
GAAACCCGTCCTCCAA-1,6,Mono_CD14,4950.0
GAAACCCGTCTAACCT-1,2,T_CD4,4598.0
GAAACCCGTTCCGCAC-1,4,Mono_CD16,4614.0
GAAACTGAGGATCACT-1,1,T_CD8,7054.0
GAAACTGAGTCTATGA-1,1,T_CD8,3037.0
GAAACTGAGTGATTCA-1,1,T_CD8,3382.0
GAAAGCCAGCAGGTGG-1,6,Mono_CD14,4431.0
GAAAGCCAGGTAACGA-1,2,T_CD4,2898.0
GAAAGCCAGGTAGCTT-1,1,T_CD8,2964.0
GAAAGCCAGTCACCAG-1,2,T_CD4,3206.0
GAAAGGCTCATGCATA-1,5,NK,4067.0
GAAAGGCTCCTCATGC-1,13,B,7592.0
GAAAGGCTCCTGAATA-1,2,T_CD4,5513.0
GAAAGGCTCTTGAGGT-1,6,Mono_CD14,6140.0
GAACACAAGAGAAGGG-1,13,B,2117.0
GAACACAAGCAAGGGT-1,7,Mono_CD14,5383.0
GAACACAAGCAGGCCT-1,0,T_CD4,2413.0
GAACACAAGCTTAGTA-1,0,T_CD4,2407.0
GAACACAAGGTCCTAG-1,1,T_CD8,3932.0
GAACACAAGTCACTCC-1,3,Mono_CD14,245.0
GAACACAAGTCCTGAG-1,0,T_CD4,3921.0
GAACCAAAGTAACGGA-1,6,Mono_CD14,3559.0
GAACCAAAGTTTGAGC-1,2,T_CD4,2658.0
GAACCAGCAAGATTCT-1,6,Mono_CD14,4631.0
GAACCAGCACACCAAC-1,4,Mono_CD16,7255.0
GAACCAGCAGGACCTT-1,5,NK,3371.0
GAACCAGCATTAGGCC-1,6,Mono_CD14,6229.0
GAACCGCTCATGCGTG-1,6,Mono_CD14,4864.0
GAACCGCTCATGGTGT-1,13,B,3206.0
GAACCGCTCATTTGTC-1,8,dropped,12830.0
GAACCGCTCCCTGACT-1,6,Mono_CD14,5559.0
GAACCGCTCCTGGCTT-1,7,Mono_CD14,5472.0
GAACCGCTCGAGGAAC-1,2,T_CD4,3447.0
GAACCTGTCCAAGTTA-1,7,Mono_CD14,5265.0
GAACCTGTCCCTGGTT-1,1,T_CD8,2494.0
GAACCTGTCCGCCTCA-1,6,Mono_CD14,6211.0
GAACCTGTCTGGTCCT-1,2,T_CD4,4456.0
GAACCTGTCTGTGAGT-1,0,T_CD4,2969.0
GAACCTTAGACAGGTA-1,11,DC,6815.0
GAACCTTAGCTGGACC-1,15,T_CD8,3609.0
GAACCTTAGCTTAGCG-1,7,Mono_CD14,5207.0
GAACCTTAGTTAGCTA-1,0,T_CD4,3969.0
GAACGAATCATAACCA-1,0,T_CD4,3017.0
GAACGAATCATGCAAC-1,1,T_CD8,3801.0
GAACGAATCCTTAGTT-1,15,T_CD8,4128.0
GAACGAATCGACCTGA-1,7,Mono_CD14,6349.0
GAACGAATCGCGCTAA-1,6,Mono_CD14,4305.0
GAACGAATCGTCCTTA-1,15,T_CD8,3057.0
GAACTTATCAAGACTC-1,13,B,6472.0
GAACTTATCACATTGA-1,2,T_CD4,4073.0
GAACTTATCCAATTAG-1,16,pDC,5735.0
GAACTTATCCCAGTAG-1,6,Mono_CD14,5801.0
GAACTTATCCCTCAGT-1,0,T_CD4,2457.0
GAACTTATCGGGACTC-1,0,T_CD4,6810.0
GAACTTATCGTTACAA-1,5,NK,3418.0
GAAGCCTGTATTGTGG-1,5,NK,3072.0
GAAGCCTGTGCAATAT-1,2,T_CD4,3279.0
GAAGCCTGTGTTGCTT-1,0,T_CD4,2313.0
GAAGCCTGTTGGATAT-1,1,T_CD8,2435.0
GAAGCTAAGCTAGAAG-1,0,T_CD4,2212.0
GAAGCTAAGCTTAGCG-1,0,T_CD4,1803.0
GAAGCTAAGGACCTCA-1,0,T_CD4,6089.0
GAAGCTAAGGTATTGC-1,1,T_CD8,3169.0
GAAGGAACAACCGCCA-1,16,pDC,3931.0
GAAGGAACAGCACGAA-1,7,Mono_CD14,6424.0
GAAGGAACATTGTCCT-1,0,T_CD4,3442.0
GAAGGATGTAACGTGC-1,16,pDC,4917.0
GAAGGATGTAACTACG-1,1,T_CD8,2626.0
GAAGGATGTCATAGAT-1,6,Mono_CD14,4686.0
GAAGGATGTCTAGCTT-1,6,Mono_CD14,4323.0
GAAGGATGTTGTGATG-1,4,Mono_CD16,5707.0
GAAGGCCCACAACAGG-1,1,T_CD8,2304.0
GAAGGCCCACCACAAC-1,1,T_CD8,4172.0
GAAGGCCCACCTAATG-1,2,T_CD4,3191.0
GAAGGCCCAGGATAAC-1,2,T_CD4,7237.0
GAAGGCCCAGGCTAGA-1,2,T_CD4,3547.0
GAAGGCCCATTATCCC-1,13,B,3371.0
GAAGGCTAGGCGCTTA-1,15,T_CD8,3028.0
GAAGGCTAGGGACTAA-1,0,T_CD4,2947.0
GAAGGCTAGTCATTTC-1,2,T_CD4,3678.0
GAAGGCTAGTGAACAG-1,2,T_CD4,3930.0
GAAGGCTAGTTAGAGG-1,13,B,3285.0
GAAGTAAGTCAATGTG-1,2,T_CD4,3893.0
GAAGTAAGTTAAGCGC-1,16,pDC,7000.0
GAAGTAAGTTCGCTCA-1,7,Mono_CD14,3864.0
GAAGTAAGTTTATCTG-1,6,Mono_CD14,7687.0
GAAGTATAGACAGGTA-1,6,Mono_CD14,2940.0
GAAGTATAGACTATTG-1,13,B,2411.0
GAAGTATAGAGAAGGG-1,6,Mono_CD14,2668.0
GAAGTATAGCCTGTGA-1,2,T_CD4,3893.0
GAAGTATAGGTTACGT-1,1,T_CD8,4686.0
GAAGTATAGTTTAACG-1,0,T_CD4,2112.0
GAAGTCAAGAGGAAGG-1,4,Mono_CD16,4291.0
GAAGTCAAGATAGACG-1,1,T_CD8,2888.0
GAAGTCAAGCACTTGG-1,13,B,4342.0
GAAGTCAAGCATGACT-1,1,T_CD8,4075.0
GAAGTCAAGCCTGACA-1,2,T_CD4,4521.0
GAAGTCAAGCGAGCGA-1,0,T_CD4,2074.0
GAAGTCAAGGCAAGTA-1,4,Mono_CD16,5720.0
GAAGTCAAGGGTGGAT-1,6,Mono_CD14,4100.0
GAAGTCAAGTCAGTAC-1,6,Mono_CD14,2811.0
GAAGTCAAGTTCCTCA-1,10,NK,3986.0
GAAGTCAAGTTTGTCT-1,0,T_CD4,2312.0
GAAGTGATCACATTGA-1,11,DC,11057.0
GAAGTGATCACTAGGT-1,1,T_CD8,3076.0
GAAGTGATCCACAATA-1,1,T_CD8,2382.0
GAAGTGATCCCATAGG-1,6,Mono_CD14,3777.0
GAAGTGATCCCTCATA-1,11,DC,9359.0
GAAGTGATCCGGAACC-1,8,dropped,9921.0
GAAGTGATCCGTTATT-1,2,T_CD4,3382.0
GAATTTGTCATTACGA-1,5,NK,10338.0
GAATTTGTCCTAAGGT-1,10,NK,8745.0
GAATTTGTCGAGCAAA-1,5,NK,3346.0
GACAATACAAACTGTT-1,7,Mono_CD14,6331.0
GACAATACAACCTAAT-1,2,T_CD4,2323.0
GACAATACAATTGAGA-1,0,T_CD4,3816.0
GACAATACAGCTTAAT-1,6,Mono_CD14,2365.0
GACAATACATTAGCCA-1,7,Mono_CD14,4573.0
GACACCGGTATTGGAT-1,1,T_CD8,4911.0
GACACCGGTCGCATAA-1,8,dropped,8097.0
GACACCGGTGCATTAG-1,1,T_CD8,3127.0
GACACCGGTTCGGGAT-1,6,Mono_CD14,3656.0
GACACCGGTTGAATCG-1,5,NK,2505.0
GACACTAGTACAAAGA-1,8,dropped,9282.0
GACACTAGTGAATCGC-1,1,T_CD8,3853.0
GACACTAGTGCTAGAC-1,8,dropped,9030.0
GACATAGAGCTGGCTA-1,2,T_CD4,2399.0
GACATAGAGGATTTGC-1,0,T_CD4,2339.0
GACATAGAGGCGAATA-1,2,T_CD4,1587.0
GACATTATCCTCAGTC-1,1,T_CD8,3874.0
GACATTATCGGGACCT-1,2,T_CD4,3460.0
GACATTATCTTGAGCG-1,5,NK,8749.0
GACATTATCTTGCATT-1,0,T_CD4,3143.0
GACCGAACAACAGGAT-1,1,T_CD8,3205.0
GACCGAACAATATGGA-1,6,Mono_CD14,5767.0
GACCGAACAATGAATG-1,0,T_CD4,3339.0
GACCGAACACATAACT-1,1,T_CD8,5943.0
GACCGAACAGCACGAA-1,6,Mono_CD14,4437.0
GACCGAACAGGAACCA-1,1,T_CD8,3175.0
GACCGAACAGGAACTG-1,6,Mono_CD14,8692.0
GACCGTTCAAACTAAG-1,0,T_CD4,2674.0
GACCGTTCAAACTGTT-1,0,T_CD4,3456.0
GACCGTTCAACCCTCC-1,10,NK,7367.0
GACCGTTCAGGTTATT-1,1,T_CD8,3688.0
GACCGTTCAGTTTACG-1,0,T_CD4,9431.0
GACCGTTCATAAGGAC-1,2,T_CD4,3150.0
GACCGTTCATGTTGGC-1,10,NK,7137.0
GACCGTTCATTAAACC-1,6,Mono_CD14,6377.0
GACCGTTCATTGTGTG-1,6,Mono_CD14,3298.0
GACCTAAGTAAGGTCC-1,15,T_CD8,3174.0
GACCTAAGTACGTTTC-1,7,Mono_CD14,6433.0
GACCTAAGTCACAGCG-1,2,T_CD4,3727.0
GACCTAAGTCATAGAT-1,6,Mono_CD14,4106.0
GACCTAAGTTAAGCTG-1,7,Mono_CD14,6769.0
GACCTAAGTTGTTGTC-1,16,pDC,9580.0
GACCTAGTCAATGTCA-1,0,T_CD4,2670.0
GACCTAGTCCCTGATC-1,8,dropped,12780.0
GACCTAGTCCTTGCAC-1,6,Mono_CD14,5660.0
GACCTAGTCGCTTCTA-1,9,dropped,11048.0
GACCTAGTCTCAATGA-1,15,T_CD8,2965.0
GACCTAGTCTTGCTAT-1,5,NK,3735.0
GACCTCAAGAAGGTGC-1,7,Mono_CD14,4725.0
GACCTCAAGCAGGTTT-1,13,B,2557.0
GACCTCAAGTGAACAG-1,7,Mono_CD14,6355.0
GACCTCAAGTGAGGGT-1,8,dropped,9518.0
GACCTCAAGTTGTCCC-1,5,NK,3271.0
GACCTGATCACGTTAA-1,0,T_CD4,4344.0
GACCTGATCACTCGCT-1,2,T_CD4,4941.0
GACCTGATCAGCTAAC-1,2,T_CD4,2856.0
GACCTGATCCACAATA-1,13,B,2049.0
GACCTGATCCTCAGTC-1,7,Mono_CD14,6836.0
GACCTGATCGCTCCAT-1,6,Mono_CD14,4617.0
GACCTGATCGCTTCTA-1,1,T_CD8,3414.0
GACCTGATCGGTTACG-1,15,T_CD8,3639.0
GACCTGATCGTTAACA-1,0,T_CD4,2425.0
GACCTGATCGTTACTT-1,13,B,6915.0
GACCTGATCTGTGCAG-1,6,Mono_CD14,3818.0
GACCTGATCTTAGTGA-1,7,Mono_CD14,5269.0
GACCTGATCTTGATGA-1,2,T_CD4,7590.0
GACCTGCAGACAACGA-1,0,T_CD4,4821.0
GACCTGCAGCAAGATG-1,5,NK,3729.0
GACCTGCAGCTGTCAG-1,2,T_CD4,3507.0
GACCTGCAGCTTTGGG-1,9,dropped,7847.0
GACCTGCAGGATCACT-1,8,dropped,11644.0
GACCTGCAGGCAGGTG-1,4,Mono_CD16,7389.0
GACCTGCAGGGATTAG-1,0,T_CD4,2065.0
GACCTGCAGTGAGCAA-1,6,Mono_CD14,3982.0
GACCTTTGTGCTGTAA-1,15,T_CD8,2911.0
GACCTTTGTTAACACG-1,15,T_CD8,3597.0
GACCTTTGTTTACCGT-1,5,NK,3789.0
GACGCAACAAATGCCC-1,6,Mono_CD14,7899.0
GACGCAACAAGTGTTT-1,11,DC,6179.0
GACGCAACAATCTCTC-1,15,T_CD8,3493.0
GACGCAACACGTGCTG-1,0,T_CD4,2048.0
GACGCAACAGTATGTT-1,8,dropped,13897.0
GACGCAACAGTGAACG-1,0,T_CD4,3217.0
GACGCAACATTAAAGG-1,6,Mono_CD14,5525.0
GACGCAACATTGTGCA-1,1,T_CD8,3107.0
GACGCCTAGCCAGGTC-1,6,Mono_CD14,4541.0
GACGCCTAGCGATAAG-1,6,Mono_CD14,3129.0
GACGCCTAGCGCCTAA-1,2,T_CD4,2826.0
GACGCCTAGGACCAGG-1,0,T_CD4,3288.0
GACGCCTAGGGTGAGT-1,5,NK,2934.0
GACGTAAAGCCAAATC-1,1,T_CD8,3348.0
GACGTAAAGCGCTCAA-1,1,T_CD8,3684.0
GACGTAAAGGAAGTAT-1,2,T_CD4,6768.0
GACGTAAAGGGCCACT-1,2,T_CD4,3221.0
GACGTAAAGTGCACGC-1,2,T_CD4,3341.0
GACTAATGTAATCGTG-1,3,Mono_CD14,636.0
GACTAATGTGAGCAAG-1,15,T_CD8,2872.0
GACTAATGTGGAAACG-1,9,dropped,8058.0
GACTAATGTTCACTGT-1,5,NK,4092.0
GACTAATGTTCCATTA-1,10,NK,7471.0
GACTAATGTTTATCTG-1,13,B,3666.0
GACTAATGTTTGCAGA-1,5,NK,3969.0
GACTATTCAAACTGTT-1,8,dropped,14342.0
GACTATTCAAATTCGT-1,7,Mono_CD14,6457.0
GACTATTCAGAACCGA-1,6,Mono_CD14,4178.0
GACTATTCAGCTACGT-1,1,T_CD8,3860.0
GACTATTCATGTTGGC-1,4,Mono_CD16,7225.0
GACTCACCAGCTAACC-1,0,T_CD4,7460.0
GACTCACCAGGAAGCC-1,1,T_CD8,2225.0
GACTCACCAGTAATAG-1,7,Mono_CD14,5225.0
GACTCACCATAATCGT-1,2,T_CD4,4060.0
GACTCACCATCAATCG-1,16,pDC,5663.0
GACTCACCATGTCGCG-1,6,Mono_CD14,5243.0
GACTCACCATGTGGGA-1,13,B,2984.0
GACTTACAGGATGATG-1,6,Mono_CD14,4117.0
GACTTACAGGCACAGG-1,6,Mono_CD14,4835.0
GACTTACAGGGTGAAC-1,2,T_CD4,4263.0
GACTTACAGTAGGATG-1,6,Mono_CD14,2568.0
GACTTACAGTCATCCC-1,2,T_CD4,2235.0
GACTTAGGTACGCGCA-1,4,Mono_CD16,5556.0
GACTTAGGTATCTGGA-1,13,B,2847.0
GACTTAGGTGCTCACC-1,0,T_CD4,3287.0
GACTTGGTCAAGCCTG-1,1,T_CD8,3479.0
GACTTGGTCATGTGGT-1,15,T_CD8,7282.0
GACTTGGTCCGCAAGC-1,2,T_CD4,3865.0
GACTTGGTCCGGCTAA-1,13,B,3423.0
GACTTGGTCCGTCCAT-1,0,T_CD4,5435.0
GACTTGGTCGCCTAAG-1,15,T_CD8,3117.0
GACTTGGTCGTTAGTA-1,5,NK,2421.0
GACTTGGTCTAATCTC-1,6,Mono_CD14,2979.0
GAGAAACGTGAATCGC-1,0,T_CD4,3262.0
GAGAAACGTGCTTTAC-1,0,T_CD4,2478.0
GAGAACCAGAGAGCCG-1,8,dropped,28756.0
GAGAACCAGCAATAGG-1,2,T_CD4,3432.0
GAGAACCAGCCAGTAT-1,6,Mono_CD14,3103.0
GAGAACCAGCTAAGTC-1,8,dropped,6295.0
GAGAACCAGCTTAACA-1,1,T_CD8,3242.0
GAGAACCAGGCCGGAA-1,3,Mono_CD14,722.0
GAGAGGCGTACCGAAC-1,6,Mono_CD14,3346.0
GAGAGGCGTACGTTTC-1,0,T_CD4,2340.0
GAGAGGCGTCAAAGGG-1,0,T_CD4,1926.0
GAGAGGCGTGCATTTC-1,15,T_CD8,2993.0
GAGAGGCGTTAGACCA-1,8,dropped,7338.0
GAGAGGCGTTCTTTAG-1,2,T_CD4,1432.0
GAGATAAGTAGCTAGC-1,2,T_CD4,6118.0
GAGATAAGTATACTGG-1,7,Mono_CD14,6000.0
GAGATAAGTCCGTAGG-1,6,Mono_CD14,6242.0
GAGATAAGTGAAACAA-1,4,Mono_CD16,7059.0
GAGATAAGTGCTGGTG-1,1,T_CD8,2352.0
GAGATAAGTGGACATC-1,4,Mono_CD16,8014.0
GAGCAAATCACTAATG-1,7,Mono_CD14,16467.0
GAGCAAATCATAACTG-1,4,Mono_CD16,7135.0
GAGCAAATCCCATAAA-1,1,T_CD8,3308.0
GAGCAAATCGTTTCGC-1,4,Mono_CD16,6685.0
GAGCAAATCTTGGATA-1,8,dropped,8303.0
GAGCAAGGTAACAGGG-1,0,T_CD4,2024.0
GAGCAAGGTACTGAAT-1,6,Mono_CD14,4286.0
GAGCAAGGTCGCAATA-1,7,Mono_CD14,6398.0
GAGCAAGGTGCTCACC-1,8,dropped,8957.0
GAGCAAGGTTACGCAA-1,2,T_CD4,2201.0
GAGCAAGGTTACTAGG-1,6,Mono_CD14,3532.0
GAGCAAGGTTCGCGCT-1,10,NK,6775.0
GAGCAAGGTTTAAAGC-1,0,T_CD4,2276.0
GAGCAAGGTTTCAGGA-1,9,dropped,8188.0
GAGCATGCAAGGTACG-1,6,Mono_CD14,5496.0
GAGCATGCACAATGTT-1,1,T_CD8,3545.0
GAGCATGCACTCAACA-1,6,Mono_CD14,5981.0
GAGCATGCACTTGTTC-1,0,T_CD4,2209.0
GAGCATGCAGGACCAA-1,0,T_CD4,3416.0
GAGCATGCAGTTATGT-1,0,T_CD4,2865.0
GAGCATGCATAATCAC-1,0,T_CD4,1968.0
GAGCATGCATGGCCTG-1,6,Mono_CD14,6346.0
GAGCCACTCACTCGCT-1,1,T_CD8,1736.0
GAGCCACTCATTTGCT-1,6,Mono_CD14,4141.0
GAGCCACTCGGTTACG-1,1,T_CD8,3142.0
GAGCCACTCTGCAACG-1,15,T_CD8,4127.0
GAGCCTTCAAAGCCTC-1,16,pDC,8006.0
GAGCCTTCAACAGGTG-1,2,T_CD4,3687.0
GAGCCTTCAACTAGGG-1,7,Mono_CD14,3494.0
GAGCCTTCAATATACC-1,3,Mono_CD14,3830.0
GAGCCTTCAATTGAAG-1,16,pDC,3066.0
GAGCCTTCAGCTAATT-1,1,T_CD8,2870.0
GAGCCTTCATTGTCCT-1,9,dropped,10174.0
GAGCGAAGTAAACAAG-1,6,Mono_CD14,3995.0
GAGCGAAGTAATAACC-1,2,T_CD4,1938.0
GAGCGAAGTCAAAGAA-1,0,T_CD4,1968.0
GAGCGAAGTTAGGATT-1,1,T_CD8,2564.0
GAGCGAAGTTCGGGAT-1,2,T_CD4,2770.0
GAGCGATAGACAACAG-1,11,DC,6815.0
GAGCGATAGCATGTCG-1,15,T_CD8,2800.0
GAGCGATAGCCTAACG-1,6,Mono_CD14,3396.0
GAGCGATAGGATTGAG-1,2,T_CD4,4586.0
GAGCGATAGGGCTTTG-1,15,T_CD8,2671.0
GAGCGATAGGTGTCCA-1,13,B,2902.0
GAGCGATAGTAGGATG-1,7,Mono_CD14,4134.0
GAGCGATAGTCATGCG-1,2,T_CD4,3363.0
GAGCGATAGTTTGAGC-1,6,Mono_CD14,4434.0
GAGCGGTCAAGGATTA-1,7,Mono_CD14,3836.0
GAGCGGTCAATGCCTA-1,7,Mono_CD14,4567.0
GAGCGGTCACCCACCT-1,13,B,3908.0
GAGCGGTCACTTAACG-1,13,B,2086.0
GAGCGGTCACTTCATC-1,12,dropped,4515.0
GAGCGGTCAGGACACA-1,15,T_CD8,2959.0
GAGCGGTCATGGCCCA-1,1,T_CD8,1988.0
GAGCGGTCATGTCAAT-1,15,T_CD8,2426.0
GAGCGGTCATTATGAC-1,0,T_CD4,1437.0
GAGCTAGCAAGACTCC-1,0,T_CD4,2131.0
GAGCTAGCAGACAAAC-1,15,T_CD8,3431.0
GAGCTAGCAGCACGTT-1,0,T_CD4,6240.0
GAGCTAGCATGTCGCG-1,13,B,2603.0
GAGCTAGCATTTGCTC-1,1,T_CD8,3953.0
GAGCTGCTCAAGCGCC-1,4,Mono_CD16,8797.0
GAGCTGCTCACCTGCT-1,0,T_CD4,2385.0
GAGCTGCTCATGACCG-1,0,T_CD4,2854.0
GAGCTGCTCGGTTTGG-1,3,Mono_CD14,212.0
GAGCTGCTCGTTACAA-1,0,T_CD4,1762.0
GAGCTGCTCTTGCAGG-1,0,T_CD4,2078.0
GAGCTTAGTACCTTAC-1,1,T_CD8,2401.0
GAGCTTAGTATTGCAG-1,2,T_CD4,4215.0
GAGCTTAGTGGGTACT-1,9,dropped,13412.0
GAGCTTAGTGTAACCA-1,2,T_CD4,2991.0
GAGCTTAGTTTAACGG-1,1,T_CD8,3213.0
GAGCTTGTCATGCCTC-1,1,T_CD8,2875.0
GAGCTTGTCCAAGTGT-1,0,T_CD4,4711.0
GAGCTTGTCCCTTGCG-1,6,Mono_CD14,8035.0
GAGCTTGTCCGCAAGC-1,6,Mono_CD14,3585.0
GAGCTTGTCCTCACAC-1,0,T_CD4,2871.0
GAGCTTGTCCTTCAAT-1,13,B,2567.0
GAGCTTGTCGACAAAG-1,15,T_CD8,2940.0
GAGCTTGTCGATTTGA-1,1,T_CD8,3425.0
GAGCTTGTCGCGACAC-1,0,T_CD4,5131.0
GAGCTTGTCTCGCCCA-1,12,dropped,6656.0
GAGGACTAGAGCAAGC-1,8,dropped,4149.0
GAGGACTAGATACTTG-1,6,Mono_CD14,5270.0
GAGGACTAGCCTTAAA-1,15,T_CD8,3368.0
GAGGACTAGCGAGGTG-1,3,Mono_CD14,210.0
GAGGACTAGCTGTCAG-1,7,Mono_CD14,4787.0
GAGGACTAGGAAACTG-1,10,NK,3307.0
GAGGACTAGGTGTCCA-1,0,T_CD4,2723.0
GAGGACTAGTGAGCAA-1,7,Mono_CD14,5911.0
GAGGACTAGTTATTCC-1,2,T_CD4,4427.0
GAGGAGGCAAGGGTTG-1,9,dropped,6905.0
GAGGAGGCACAGAAAC-1,15,T_CD8,3127.0
GAGGAGGCACTGGCCA-1,2,T_CD4,3526.0
GAGGAGGCAGAGGCTA-1,12,dropped,5994.0
GAGGAGGCAGCTCAAC-1,15,T_CD8,2278.0
GAGGAGGCAGGCAAGC-1,6,Mono_CD14,3983.0
GAGGAGGCATCCATCT-1,13,B,3787.0
GAGGAGGCATGAATCT-1,6,Mono_CD14,5117.0
GAGGCAAGTCAAACTG-1,6,Mono_CD14,2547.0
GAGGCAAGTCGCATAA-1,1,T_CD8,3282.0
GAGGCAAGTGCTCACC-1,15,T_CD8,5694.0
GAGGCCTTCCACCTGT-1,0,T_CD4,3660.0
GAGGCCTTCGAGGAGT-1,5,NK,3528.0
GAGGCCTTCGTGCCTT-1,6,Mono_CD14,3850.0
GAGGCCTTCGTTAGTA-1,7,Mono_CD14,4449.0
GAGGCCTTCTGTGCCT-1,6,Mono_CD14,4267.0
GAGGCTACAAATTCGT-1,9,dropped,11060.0
GAGGCTACACCAAAGG-1,1,T_CD8,3631.0
GAGGCTACAGCAACCT-1,6,Mono_CD14,6415.0
GAGGCTACATCAGCAC-1,0,T_CD4,2583.0
GAGGCTACATTGTGGC-1,7,Mono_CD14,4153.0
GAGGCTACATTGTGTG-1,2,T_CD4,4455.0
GAGGCTTGTAAAGCGG-1,2,T_CD4,2657.0
GAGGCTTGTATCTGGA-1,6,Mono_CD14,3868.0
GAGGCTTGTATTGTCC-1,0,T_CD4,2674.0
GAGGCTTGTGCAATGC-1,15,T_CD8,3180.0
GAGGGAGCAAACCTTG-1,10,NK,4761.0
GAGGGAGCAACCTGGT-1,0,T_CD4,2012.0
GAGGGAGCAATTAAGG-1,4,Mono_CD16,8366.0
GAGGGAGCACAGAACG-1,6,Mono_CD14,4366.0
GAGGGAGCACCCTCAC-1,6,Mono_CD14,5620.0
GAGGGAGCAGAGGGAG-1,1,T_CD8,3574.0
GAGGGAGCAGCTAACC-1,0,T_CD4,2316.0
GAGGGAGCATAAGCAA-1,8,dropped,7514.0
GAGGGAGCATGGCCCA-1,6,Mono_CD14,4182.0
GAGGGAGCATTAGGCC-1,2,T_CD4,2034.0
GAGGGAGCATTATCCC-1,7,Mono_CD14,5414.0
GAGGTACAGCGGATAA-1,2,T_CD4,4817.0
GAGGTACAGGAACGCG-1,2,T_CD4,3924.0
GAGGTACAGTAACAGG-1,0,T_CD4,2552.0
GAGGTACAGTAAGTGG-1,1,T_CD8,3161.0
GAGGTAGGTCAAACTG-1,1,T_CD8,2496.0
GAGGTAGGTTACATCC-1,1,T_CD8,3052.0
GAGGTAGGTTTGCTGT-1,15,T_CD8,2649.0
GAGGTGAGTAAGCTTG-1,17,dropped,6184.0
GAGGTGAGTAATGGAA-1,0,T_CD4,3964.0
GAGGTGAGTACGATTG-1,7,Mono_CD14,4312.0
GAGGTGAGTATACTGG-1,4,Mono_CD16,9046.0
GAGGTGAGTCAAAGGG-1,7,Mono_CD14,4156.0
GAGGTGAGTGATGAAA-1,1,T_CD8,2151.0
GAGGTGAGTGGTTCTT-1,1,T_CD8,2316.0
GAGGTGAGTTCGCGCT-1,1,T_CD8,2727.0
GAGGTGAGTTGTAACG-1,0,T_CD4,2824.0
GAGGTGAGTTGTGACA-1,11,DC,5147.0
GAGGTGAGTTGTTGGA-1,2,T_CD4,3285.0
GAGGTGAGTTTAACGG-1,7,Mono_CD14,4790.0
GAGGTTAAGCTGTAAC-1,7,Mono_CD14,3424.0
GAGGTTAAGCTTAGCG-1,7,Mono_CD14,8973.0
GAGGTTAAGGCGCTAC-1,7,Mono_CD14,5690.0
GAGGTTAAGTAGCGGG-1,4,Mono_CD16,4971.0
GAGGTTAAGTGAACAG-1,2,T_CD4,3654.0
GAGGTTAAGTGCACGC-1,10,NK,6312.0
GAGTAACCAAGCGAGC-1,2,T_CD4,2387.0
GAGTAACCACTTAGGC-1,2,T_CD4,7651.0
GAGTAACCAGTTTGGC-1,2,T_CD4,3685.0
GAGTAACCATAATCGT-1,0,T_CD4,3871.0
GAGTAACCATCAGTAT-1,6,Mono_CD14,4780.0
GAGTAACCATGAGTTT-1,0,T_CD4,3390.0
GAGTAACCATTATGGT-1,15,T_CD8,2937.0
GAGTAATAGAGAGCCG-1,1,T_CD8,3757.0
GAGTAATAGCTAATCA-1,6,Mono_CD14,10938.0
GAGTAATAGGCTACTG-1,1,T_CD8,5790.0
GAGTAATAGTTATGGC-1,8,dropped,7364.0
GAGTAATAGTTTGAGC-1,2,T_CD4,4720.0
GAGTATCTCCTGTTCA-1,1,T_CD8,2257.0
GAGTATCTCGGCTATG-1,13,B,3403.0
GAGTATCTCTTAGCGG-1,6,Mono_CD14,4915.0
GAGTATCTCTTGCAGG-1,6,Mono_CD14,4404.0
GAGTCAAAGCAAGGTA-1,2,T_CD4,2247.0
GAGTCAAAGCCAAATC-1,6,Mono_CD14,4693.0
GAGTCAAAGCCAGGTC-1,7,Mono_CD14,5279.0
GAGTCAAAGCTGTAAC-1,0,T_CD4,2899.0
GAGTCAAAGGAATAAC-1,13,B,2295.0
GAGTCAAAGGCATTGT-1,3,Mono_CD14,159.0
GAGTCAAAGGCTAAGA-1,1,T_CD8,3294.0
GAGTCAAAGTCACCAG-1,0,T_CD4,2121.0
GAGTCATTCAATACGC-1,9,dropped,7584.0
GAGTCATTCACTCAAA-1,7,Mono_CD14,5973.0
GAGTCATTCATGTCAA-1,2,T_CD4,4993.0
GAGTCATTCCGTTAAA-1,6,Mono_CD14,2588.0
GAGTCATTCTCGACCT-1,6,Mono_CD14,4611.0
GAGTCATTCTCTAGCC-1,6,Mono_CD14,6402.0
GAGTGAGGTATTGTGG-1,0,T_CD4,2504.0
GAGTGAGGTGATGATT-1,8,dropped,10173.0
GAGTGAGGTTCAAGAT-1,8,dropped,7093.0
GAGTGAGGTTTGTTGC-1,4,Mono_CD16,5857.0
GAGTGATCAAAGCGGC-1,0,T_CD4,2791.0
GAGTGATCAAAGCTAA-1,0,T_CD4,2848.0
GAGTGATCAAGCTTAT-1,8,dropped,8897.0
GAGTGATCAGCATGGA-1,5,NK,4906.0
GAGTGATCAGCCAGAA-1,3,Mono_CD14,389.0
GAGTGATCATAATCCG-1,1,T_CD8,2760.0
GAGTGTTTCATCCTAT-1,1,T_CD8,3078.0
GAGTGTTTCATGCAAC-1,2,T_CD4,3080.0
GAGTGTTTCATGTCAA-1,11,DC,7363.0
GAGTGTTTCGAAGTGA-1,2,T_CD4,4119.0
GAGTGTTTCGCTAAGT-1,1,T_CD8,2854.0
GAGTGTTTCGGTTTGG-1,5,NK,2547.0
GAGTGTTTCTCACATT-1,1,T_CD8,2951.0
GAGTTACTCAAACCGT-1,2,T_CD4,4424.0
GAGTTACTCAAAGGCA-1,1,T_CD8,5043.0
GAGTTACTCAGCACCA-1,2,T_CD4,6460.0
GAGTTACTCCAATAGC-1,6,Mono_CD14,3336.0
GAGTTACTCCGCATGA-1,2,T_CD4,3440.0
GAGTTACTCCTCACAC-1,6,Mono_CD14,6040.0
GAGTTACTCGGCCAGT-1,13,B,4231.0
GAGTTGCGTAACAGGG-1,6,Mono_CD14,2091.0
GAGTTGCGTAATAACC-1,8,dropped,7709.0
GAGTTGCGTAGTAAGA-1,7,Mono_CD14,4287.0
GAGTTGCGTTAATCGG-1,13,B,3791.0
GAGTTTGGTCATGAGC-1,13,B,3813.0
GAGTTTGGTCGACTAA-1,1,T_CD8,2942.0
GAGTTTGGTGAGAAAC-1,13,B,3043.0
GAGTTTGGTGGTGAGA-1,6,Mono_CD14,3311.0
GAGTTTGGTGTTGTGA-1,0,T_CD4,1594.0
GAGTTTGGTTACTTGC-1,7,Mono_CD14,6716.0
GAGTTTGGTTGACTTC-1,2,T_CD4,4739.0
GAGTTTGGTTTGAGGC-1,13,B,2380.0
GATAAAGGTCAAACTG-1,2,T_CD4,4731.0
GATAAAGGTCCTGATT-1,2,T_CD4,4999.0
GATAAAGGTGACATAT-1,7,Mono_CD14,7442.0
GATAAAGGTGTGTCCC-1,7,Mono_CD14,3621.0
GATAAAGGTTACGCGG-1,1,T_CD8,3734.0
GATAAAGGTTGCATCT-1,2,T_CD4,2382.0
GATAAAGGTTTGCTGT-1,2,T_CD4,3225.0
GATAACGAGCGAGGTG-1,6,Mono_CD14,5007.0
GATAACGAGGTCCTAG-1,6,Mono_CD14,4161.0
GATAACGAGTCGCTAG-1,7,Mono_CD14,3673.0
GATAACGAGTGGACAA-1,7,Mono_CD14,4635.0
GATAACGAGTTGGGCC-1,2,T_CD4,1940.0
GATAAGCCAAGGACCA-1,13,B,4439.0
GATAAGCCAAGTAAGC-1,2,T_CD4,3296.0
GATAAGCCACAACAGG-1,6,Mono_CD14,2240.0
GATAAGCCACCTAAGC-1,13,B,4643.0
GATAAGCCAGCTAATT-1,1,T_CD8,3710.0
GATAAGCCAGCTTAGC-1,0,T_CD4,2672.0
GATAAGCCAGTCTAAT-1,0,T_CD4,2146.0
GATAATCGTCAAGTGC-1,8,dropped,5663.0
GATAATCGTCACAGAC-1,6,Mono_CD14,2315.0
GATAATCGTGAACAAA-1,0,T_CD4,2897.0
GATAATCGTGGTTCCC-1,6,Mono_CD14,3239.0
GATAATCGTGTGCAAC-1,15,T_CD8,1600.0
GATAATCGTTACTTCA-1,13,B,2504.0
GATAATCGTTGCACGG-1,6,Mono_CD14,3956.0
GATAGACCAGGCCTTG-1,13,B,5629.0
GATAGACCATCAGTAT-1,2,T_CD4,3753.0
GATAGACCATGAAGTA-1,13,B,3365.0
GATAGACCATTAAGCT-1,2,T_CD4,3999.0
GATCAAGAGACAAGTG-1,1,T_CD8,2882.0
GATCAAGAGCCAGTAT-1,0,T_CD4,4873.0
GATCAAGAGCGGGCAA-1,7,Mono_CD14,4391.0
GATCAAGAGCTCCTAC-1,13,B,3157.0
GATCAAGAGGAGGTTA-1,2,T_CD4,2893.0
GATCAAGAGGTGAAGC-1,0,T_CD4,3154.0
GATCAAGAGTAGCTTA-1,0,T_CD4,3499.0
GATCACTAGCAGGTTT-1,1,T_CD8,3834.0
GATCACTAGCGTGCGT-1,5,NK,2651.0
GATCACTAGCTAAAGG-1,4,Mono_CD16,8322.0
GATCACTAGGATGATG-1,1,T_CD8,3353.0
GATCACTAGGGTCCAC-1,15,T_CD8,2993.0
GATCACTAGTAGGCGG-1,5,NK,2680.0
GATCACTAGTATGTGC-1,0,T_CD4,2376.0
GATCAGGCAATGCGCT-1,6,Mono_CD14,5101.0
GATCAGGCACAATGCC-1,0,T_CD4,3837.0
GATCAGGCACCTACTT-1,6,Mono_CD14,4795.0
GATCAGGCACTGGCTG-1,2,T_CD4,3530.0
GATCAGGCAGGCAAGC-1,13,B,2526.0
GATCAGGCAGTACCGT-1,1,T_CD8,2995.0
GATCAGGCATTAGGTT-1,6,Mono_CD14,4119.0
GATCAGGCATTGTGGC-1,15,T_CD8,1646.0
GATCAGTTCACACAGT-1,10,NK,15226.0
GATCAGTTCAGCTAAC-1,7,Mono_CD14,3841.0
GATCAGTTCATAATCG-1,1,T_CD8,3889.0
GATCAGTTCATTTGCT-1,2,T_CD4,3741.0
GATCAGTTCCTCAGTC-1,0,T_CD4,2299.0
GATCAGTTCTAACTGA-1,4,Mono_CD16,3355.0
GATCAGTTCTCCATGC-1,1,T_CD8,3191.0
GATCCGTCACAAAGCG-1,7,Mono_CD14,5986.0
GATCCGTCACAACAAA-1,6,Mono_CD14,5914.0
GATCCGTCAGCAACCT-1,2,T_CD4,3759.0
GATCCGTCAGGCTAGA-1,12,dropped,7158.0
GATCCGTCATAGCGGA-1,6,Mono_CD14,4227.0
GATCGAGCAAATTCGT-1,8,dropped,8515.0
GATCGAGCACTAAGTT-1,8,dropped,10703.0
GATCGAGCAGCATGAG-1,16,pDC,5509.0
GATCGAGCAGCCAGTT-1,0,T_CD4,2143.0
GATCGAGCAGGCCAAA-1,6,Mono_CD14,3260.0
GATCGAGCAGGTCCTG-1,0,T_CD4,3340.0
GATCGATTCCCGAAGC-1,15,T_CD8,3359.0
GATCGATTCGGTCATG-1,15,T_CD8,2819.0
GATCGATTCGGTTTGG-1,6,Mono_CD14,4105.0
GATCGATTCTCGACCT-1,1,T_CD8,1962.0
GATCGCTCAACCCTAA-1,9,dropped,8953.0
GATCGCTCAAGCGAGC-1,6,Mono_CD14,2806.0
GATCGCTCAAGGTCCT-1,1,T_CD8,3893.0
GATCGCTCAGCGCTTG-1,2,T_CD4,2697.0
GATCGCTCAGGCCTTG-1,1,T_CD8,2988.0
GATCGCTCAGTATGTT-1,0,T_CD4,2624.0
GATCGCTCAGTTAAAG-1,2,T_CD4,3874.0
GATCGCTCATAAGGAC-1,0,T_CD4,3817.0
GATCGCTCATAAGTTC-1,8,dropped,11374.0
GATGACTTCAAACCGT-1,1,T_CD8,2239.0
GATGACTTCAATGAGG-1,2,T_CD4,3718.0
GATGACTTCATTGACA-1,0,T_CD4,3823.0
GATGACTTCGATAACC-1,4,Mono_CD16,6471.0
GATGACTTCGGTTTCC-1,7,Mono_CD14,5635.0
GATGAGGGTCAATACG-1,5,NK,2815.0
GATGAGGGTGTGTGGT-1,13,B,2855.0
GATGAGGGTTAAATGC-1,2,T_CD4,4536.0
GATGAGGGTTAAGGTT-1,8,dropped,6446.0
GATGAGGGTTAATGCG-1,13,B,4169.0
GATGAGGGTTAGCAGC-1,7,Mono_CD14,4445.0
GATGAGGGTTGTTCAC-1,1,T_CD8,3387.0
GATGCAGCACATGCTA-1,7,Mono_CD14,5181.0
GATGCAGCACCAGGTT-1,0,T_CD4,3829.0
GATGCAGCAGCTTAGC-1,10,NK,7171.0
GATGCAGCAGTTAGCC-1,2,T_CD4,2276.0
GATGCAGCAGTTTCTC-1,6,Mono_CD14,4151.0
GATGCAGCATAATCAC-1,6,Mono_CD14,4585.0
GATGCAGCATAGGCGA-1,6,Mono_CD14,6291.0
GATGCAGCATTTAAGC-1,5,NK,3825.0
GATGCATTCAAGCCTG-1,13,B,4381.0
GATGCATTCCGCCAAA-1,11,DC,5509.0
GATGCATTCGTTTCTG-1,6,Mono_CD14,3192.0
GATGCGACAAATTGCT-1,2,T_CD4,2438.0
GATGCGACAACTCGCG-1,0,T_CD4,2748.0
GATGCGACACACCAAC-1,0,T_CD4,1905.0
GATGCGACACGAATCC-1,6,Mono_CD14,5250.0
GATGCGACACTGACTA-1,2,T_CD4,4272.0
GATGCGACAGAAATGC-1,6,Mono_CD14,4937.0
GATGCGACAGGAACTG-1,13,B,2638.0
GATGCGACATCCATCT-1,13,B,6924.0
GATGCTTAGCACGATT-1,7,Mono_CD14,7860.0
GATGCTTAGCACTAGT-1,3,Mono_CD14,696.0
GATGCTTAGCGATACT-1,16,pDC,6181.0
GATGCTTAGCGGATTT-1,7,Mono_CD14,4610.0
GATGCTTAGGCAAGTA-1,2,T_CD4,4524.0
GATGCTTAGTTGTCAA-1,0,T_CD4,3195.0
GATGCTTAGTTTGAGC-1,6,Mono_CD14,5234.0
GATGGACAGCACAGCC-1,6,Mono_CD14,4949.0
GATGGACAGCCTAACG-1,3,Mono_CD14,1091.0
GATGGACAGCGAGTAA-1,6,Mono_CD14,3572.0
GATGGACAGGGCTAAA-1,0,T_CD4,967.0
GATGGCTGTATTACCC-1,13,B,3569.0
GATGGCTGTATTGTGG-1,13,B,2639.0
GATGGCTGTCCTAAGA-1,10,NK,9772.0
GATGGCTGTGTTAAAC-1,7,Mono_CD14,6365.0
GATGGCTGTGTTTCAC-1,8,dropped,10187.0
GATGGCTGTGTTTGAG-1,2,T_CD4,3411.0
GATGGCTGTTTGCTGT-1,0,T_CD4,2014.0
GATTAAGCAATAATCC-1,7,Mono_CD14,5494.0
GATTAAGCAGCAAGGC-1,8,dropped,7857.0
GATTAAGCAGTAATAG-1,0,T_CD4,7194.0
GATTAAGCATAATCCG-1,8,dropped,6321.0
GATTAAGCATTGTGGC-1,4,Mono_CD16,6267.0
GATTACGGTAAGTCGC-1,6,Mono_CD14,3103.0
GATTACGGTCGTAATG-1,1,T_CD8,430.0
GATTACGGTCTTACTA-1,1,T_CD8,3516.0
GATTACGGTCTTTATG-1,7,Mono_CD14,10311.0
GATTACGGTTGTTGGA-1,15,T_CD8,3432.0
GATTACTCAACAACAA-1,13,B,3544.0
GATTACTCACAAAGAC-1,7,Mono_CD14,3210.0
GATTACTCATGTCAGC-1,0,T_CD4,2457.0
GATTACTCATTGCAGC-1,13,B,3491.0
GATTAGCTCACAGCCA-1,2,T_CD4,3507.0
GATTAGCTCAGCAAGA-1,2,T_CD4,6473.0
GATTAGCTCAGCCAAT-1,1,T_CD8,3048.0
GATTAGCTCCCGCAAA-1,5,NK,3148.0
GATTAGCTCCCTTGCG-1,6,Mono_CD14,5650.0
GATTAGCTCCTCAGTC-1,2,T_CD4,2266.0
GATTAGCTCGGTCATG-1,13,B,2669.0
GATTAGCTCTCAATAG-1,6,Mono_CD14,5064.0
GATTAGCTCTCACTAT-1,2,T_CD4,1656.0
GATTAGCTCTGCAAGT-1,15,T_CD8,3230.0
GATTAGTGTACCGGAT-1,13,B,6837.0
GATTAGTGTCATGAGC-1,1,T_CD8,2343.0
GATTAGTGTGATGAGG-1,7,Mono_CD14,4110.0
GATTAGTGTGTGTCCC-1,2,T_CD4,1716.0
GATTAGTGTTACATCC-1,0,T_CD4,3877.0
GATTAGTGTTAGTTGG-1,2,T_CD4,1954.0
GATTAGTGTTGGCGTG-1,6,Mono_CD14,4538.0
GATTATGTCATTAGGC-1,13,B,4829.0
GATTATGTCCCTGGAA-1,5,NK,4317.0
GATTATGTCGAGGAGT-1,2,T_CD4,3293.0
GATTATGTCGCGCTAA-1,1,T_CD8,3988.0
GATTATGTCGCTTGCT-1,6,Mono_CD14,3411.0
GATTATGTCGGCCAGT-1,7,Mono_CD14,4462.0
GATTATGTCGGGACCT-1,1,T_CD8,2613.0
GATTCAATCCAATTAG-1,8,dropped,5165.0
GATTCAATCGATCAGT-1,5,NK,2289.0
GATTCAATCGCAAACT-1,8,dropped,9930.0
GATTCAATCTTGTTCG-1,2,T_CD4,3093.0
GATTCAGGTATGGTGC-1,1,T_CD8,3014.0
GATTCAGGTCCGGTTC-1,2,T_CD4,3108.0
GATTCAGGTCGAAGTC-1,8,dropped,8332.0
GATTCAGGTGAGGTAG-1,13,B,2735.0
GATTCAGGTGGATTGC-1,1,T_CD8,2199.0
GATTCAGGTTCCGGCT-1,1,T_CD8,2174.0
GATTCAGGTTCGCTTG-1,4,Mono_CD16,5609.0
GATTCAGGTTGGTTAG-1,0,T_CD4,6258.0
GATTCAGGTTTGCGAA-1,2,T_CD4,4893.0
GATTCATCAACTAACT-1,6,Mono_CD14,7653.0
GATTCATCAATAAGCA-1,1,T_CD8,3068.0
GATTCATCACGCAACT-1,8,dropped,8230.0
GATTCATCAGTCTAGC-1,6,Mono_CD14,5255.0
GATTCATCATAATGTC-1,2,T_CD4,3253.0
GATTCATCATCATGTG-1,1,T_CD8,3534.0
GATTCATCATGCTATG-1,6,Mono_CD14,4595.0
GATTCCTGTCATAAGT-1,0,T_CD4,2366.0
GATTCCTGTGTTTGTC-1,2,T_CD4,4267.0
GATTCCTGTTATAGCG-1,0,T_CD4,6745.0
GATTCCTGTTGGATCA-1,13,B,2354.0
GATTCCTGTTTACTTG-1,1,T_CD8,4169.0
GATTCGCCAAATTGCT-1,4,Mono_CD16,5370.0
GATTCGCCAAGCGATG-1,4,Mono_CD16,6451.0
GATTCGCCACAGGATG-1,3,Mono_CD14,363.0
GATTCGCCACCTGCTC-1,2,T_CD4,4363.0
GATTCGCCAGGCTTCG-1,0,T_CD4,2314.0
GATTCGCCAGTAAAGC-1,15,T_CD8,3343.0
GATTCGCCAGTATGTT-1,2,T_CD4,4661.0
GATTCGCCATGCATAT-1,1,T_CD8,3196.0
GATTGATGTAAGGTCC-1,10,NK,4822.0
GATTGATGTACGGTAC-1,2,T_CD4,4605.0
GATTGATGTAGGATTT-1,6,Mono_CD14,1113.0
GATTGATGTCAGGCCA-1,5,NK,3376.0
GATTGATGTGGGAACA-1,2,T_CD4,5286.0
GATTGATGTGTAACCA-1,6,Mono_CD14,5298.0
GATTGATGTTAGCCAA-1,11,DC,9497.0
GATTGATGTTGACTTC-1,7,Mono_CD14,4250.0
GATTGATGTTTATGGG-1,1,T_CD8,4913.0
GATTGCAGTAACGTGC-1,2,T_CD4,5055.0
GATTGCAGTGCTGTAA-1,0,T_CD4,832.0
GATTGCAGTGGAGCAA-1,12,dropped,6294.0
GATTGCAGTTGGATCA-1,6,Mono_CD14,6009.0
GATTGCGTCAAATCGC-1,0,T_CD4,2123.0
GATTGCGTCATAGCCG-1,6,Mono_CD14,6678.0
GATTGCGTCCCTCACG-1,11,DC,8135.0
GATTGCGTCGATATTG-1,1,T_CD8,2172.0
GATTGGCGTACAAAGA-1,6,Mono_CD14,4906.0
GATTGGCGTACTTAGG-1,7,Mono_CD14,6058.0
GATTGGCGTGCATTAG-1,6,Mono_CD14,2766.0
GATTGGCGTGCTCACC-1,2,T_CD4,2770.0
GATTGGCGTTTATGGG-1,7,Mono_CD14,5604.0
GATTGGTTCAGGCTAT-1,2,T_CD4,4454.0
GATTGGTTCATTGTCT-1,6,Mono_CD14,7339.0
GATTGGTTCATTTGTC-1,2,T_CD4,2990.0
GATTGGTTCCCGAACA-1,1,T_CD8,1127.0
GATTGGTTCTACTAAG-1,15,T_CD8,3502.0
GATTGGTTCTAGCTTT-1,1,T_CD8,7073.0
GATTGTTCACAGACTC-1,1,T_CD8,2186.0
GATTGTTCAGCCGCTA-1,6,Mono_CD14,3416.0
GATTGTTCATCGCTCC-1,0,T_CD4,3725.0
GATTGTTCATTGACAT-1,13,B,3414.0
GATTTGCAGACACTTA-1,15,T_CD8,3612.0
GATTTGCAGCGGGCAA-1,2,T_CD4,2873.0
GATTTGCAGGCTAAGA-1,2,T_CD4,2841.0
GCAAACAAGGCTTAAC-1,2,T_CD4,3027.0
GCAAACAAGGTTACGT-1,7,Mono_CD14,4446.0
GCAAACAAGTGAGGGT-1,1,T_CD8,1887.0
GCAAACCGTACTAAAC-1,15,T_CD8,3691.0
GCAAACCGTACTTCAC-1,0,T_CD4,4744.0
GCAAACCGTCAGGCCA-1,12,dropped,8292.0
GCAAACCGTCATTAGG-1,13,B,2936.0
GCAAACCGTCTAACAG-1,0,T_CD4,1945.0
GCAAACCGTGTGCAAC-1,0,T_CD4,2609.0
GCAAACCGTTCCTGAT-1,0,T_CD4,2660.0
GCAAACCGTTCGCGCT-1,7,Mono_CD14,5559.0
GCAAACTTCAAGCGCC-1,13,B,1605.0
GCAAACTTCACAGACT-1,13,B,5505.0
GCAAACTTCATAACTG-1,5,NK,2557.0
GCAAACTTCATCCTGC-1,3,Mono_CD14,999.0
GCAAACTTCATTGACA-1,0,T_CD4,4154.0
GCAAACTTCCAATTAG-1,11,DC,8240.0
GCAAACTTCCTAAGAC-1,6,Mono_CD14,5626.0
GCAAACTTCCTCAGCT-1,6,Mono_CD14,4817.0
GCAAACTTCGAAGTAG-1,2,T_CD4,4170.0
GCAAACTTCTGGCAAT-1,3,Mono_CD14,585.0
GCAACAGCAAAGGTAC-1,13,B,3959.0
GCAACAGCAAGGTATA-1,2,T_CD4,3864.0
GCAACAGCACTAAGTT-1,12,dropped,7522.0
GCAACAGCAGGCCTTG-1,7,Mono_CD14,4232.0
GCAACAGCAGTAGCCT-1,8,dropped,8873.0
GCAAGCCTCACGCCAA-1,13,B,3036.0
GCAAGCCTCCTCACTA-1,0,T_CD4,3442.0
GCAAGCCTCCTGGTCT-1,6,Mono_CD14,4949.0
GCAAGCCTCTAGCTAA-1,1,T_CD8,3018.0
GCAAGCCTCTTTAAGG-1,0,T_CD4,2656.0
GCAAGTCGTAATAGCT-1,15,T_CD8,2865.0
GCAAGTCGTCAATAGT-1,2,T_CD4,3258.0
GCAAGTCGTCACTCGC-1,1,T_CD8,1890.0
GCAAGTCGTGGAAGGC-1,16,pDC,4164.0
GCAAGTGCACAAACTT-1,15,T_CD8,3046.0
GCAAGTGCACACAATT-1,11,DC,12421.0
GCAAGTGCACCACAAC-1,2,T_CD4,3600.0
GCAAGTGCACGCAACT-1,0,T_CD4,2154.0
GCAAGTGCACTAAGCC-1,1,T_CD8,2446.0
GCAAGTGCAGCCAGAA-1,15,T_CD8,1752.0
GCAAGTGCATAAGCAA-1,1,T_CD8,3312.0
GCAATAGAGGACCTCA-1,1,T_CD8,2831.0
GCAATAGAGGCGGATG-1,0,T_CD4,2522.0
GCAATAGAGTTGTCTT-1,1,T_CD8,2604.0
GCAATATGTAATGGAA-1,4,Mono_CD16,8074.0
GCAATATGTAGCAGCT-1,0,T_CD4,1967.0
GCAATATGTAGCTGGT-1,10,NK,3581.0
GCAATATGTATTCGCT-1,6,Mono_CD14,787.0
GCAATATGTCAAAGGG-1,5,NK,3179.0
GCAATATGTGAAACAA-1,7,Mono_CD14,6145.0
GCAATATGTGACATGC-1,6,Mono_CD14,8977.0
GCAATATGTGCTAGCG-1,1,T_CD8,2760.0
GCAATATGTGTGTGGT-1,3,Mono_CD14,718.0
GCAATATGTTAAGGCC-1,2,T_CD4,3966.0
GCAATATGTTCCATTA-1,7,Mono_CD14,5181.0
GCAATATGTTCGCGCT-1,7,Mono_CD14,7917.0
GCAATCTAGCCTAACG-1,0,T_CD4,2155.0
GCAATCTAGCGGGCAA-1,2,T_CD4,2983.0
GCAATCTAGGAGGTTA-1,11,DC,7314.0
GCAATCTAGGATTGCT-1,0,T_CD4,4878.0
GCAATCTAGTGAAGTG-1,6,Mono_CD14,4056.0
GCAATCTAGTTAGCCG-1,11,DC,9271.0
GCAATGAAGATTGAGG-1,1,T_CD8,2942.0
GCAATGAAGCGAGCGA-1,2,T_CD4,3417.0
GCAATGAAGCGCATTG-1,2,T_CD4,6352.0
GCAATGAAGGTGTTAC-1,0,T_CD4,3159.0
GCAATGAAGGTTAGCT-1,5,NK,4637.0
GCAATGAAGTGAGCGG-1,15,T_CD8,3406.0
GCAATGTTCAAACCGT-1,1,T_CD8,3511.0
GCAATGTTCAAGGACA-1,0,T_CD4,2671.0
GCAATGTTCACTCAAA-1,11,DC,10422.0
GCAATGTTCAGAAACG-1,6,Mono_CD14,4779.0
GCAATGTTCAGCACCA-1,13,B,2811.0
GCAATGTTCCCATAGG-1,1,T_CD8,2173.0
GCAATGTTCCCTTGCG-1,1,T_CD8,3707.0
GCAATGTTCCGCAAGC-1,2,T_CD4,5967.0
GCAATGTTCCTAAGTA-1,1,T_CD8,6611.0
GCAATGTTCTGTTCAT-1,6,Mono_CD14,22586.0
GCAATGTTCTGTTGCC-1,9,dropped,7551.0
GCACATTAGAAGCTAG-1,5,NK,3114.0
GCACATTAGAATCGCT-1,6,Mono_CD14,3403.0
GCACATTAGCATCCAG-1,7,Mono_CD14,4833.0
GCACATTAGCGCATTG-1,7,Mono_CD14,6122.0
GCACATTAGGCGCATC-1,6,Mono_CD14,4545.0
GCACATTAGTATGTGC-1,7,Mono_CD14,2685.0
GCACCTAAGAATCGCT-1,15,T_CD8,4038.0
GCACCTAAGACACTTA-1,1,T_CD8,3025.0
GCACCTAAGAGCAAGC-1,6,Mono_CD14,2539.0
GCACCTAAGCCTGATG-1,6,Mono_CD14,5111.0
GCACCTAAGGAGCAAC-1,15,T_CD8,4798.0
GCACCTAAGTTAGTGC-1,1,T_CD8,4148.0
GCACCTAAGTTCCCGT-1,1,T_CD8,4532.0
GCACGAACAGAGGGAG-1,1,T_CD8,3214.0
GCACGAACAGCAAATA-1,7,Mono_CD14,5605.0
GCACGAACATGTTGGC-1,6,Mono_CD14,4815.0
GCACGAACATTGTCAG-1,1,T_CD8,3533.0
GCACGCTAGCTTTGTT-1,15,T_CD8,2480.0
GCACGCTAGGGCTAAA-1,0,T_CD4,2207.0
GCACGGTTCATGAGCT-1,3,Mono_CD14,390.0
GCACGGTTCATGGCTG-1,2,T_CD4,4725.0
GCACGGTTCCATTACT-1,6,Mono_CD14,5112.0
GCACGGTTCGCTAAAC-1,5,NK,3300.0
GCACTAAGTAACCAGC-1,2,T_CD4,4474.0
GCACTAAGTAATGACT-1,5,NK,2005.0
GCACTAAGTGTTCCCA-1,1,T_CD8,3108.0
GCACTAAGTTACCGGG-1,0,T_CD4,1248.0
GCACTAAGTTAGCAGC-1,6,Mono_CD14,7138.0
GCACTAAGTTCCGCAC-1,6,Mono_CD14,6504.0
GCACTAAGTTGAGGTC-1,7,Mono_CD14,5918.0
GCACTTACACAGAACG-1,6,Mono_CD14,5212.0
GCACTTACACCTATAG-1,2,T_CD4,3578.0
GCACTTACAGCAGGTA-1,13,B,5798.0
GCACTTACAGGCCTTG-1,5,NK,2088.0
GCACTTACATAAAGCA-1,13,B,2653.0
GCAGCAACAAGATTCT-1,1,T_CD8,2962.0
GCAGCAACAAGCGATG-1,16,pDC,6727.0
GCAGCAACACTAAGCC-1,2,T_CD4,6177.0
GCAGCAACACTATGGC-1,0,T_CD4,3912.0
GCAGCAACAGACAAAC-1,7,Mono_CD14,5227.0
GCAGCAACAGGGAGGA-1,15,T_CD8,2443.0
GCAGCAACATAAGTCT-1,6,Mono_CD14,3643.0
GCAGCAACATGGCCTG-1,6,Mono_CD14,6078.0
GCAGCAACATTGACAT-1,1,T_CD8,3161.0
GCAGCCAGTCTTGCAT-1,0,T_CD4,2227.0
GCAGCCAGTGATGAGG-1,6,Mono_CD14,4067.0
GCAGCCAGTGGCTTCC-1,10,NK,4031.0
GCAGCCAGTTTACTTG-1,2,T_CD4,2780.0
GCAGCCAGTTTCAGGA-1,6,Mono_CD14,4522.0
GCAGCTATCAGCACCA-1,13,B,4395.0
GCAGCTATCATTATGG-1,13,B,3542.0
GCAGCTATCCCTGATC-1,0,T_CD4,3514.0
GCAGCTATCCGCCTAT-1,2,T_CD4,4762.0
GCAGCTATCCGTTATT-1,13,B,2908.0
GCAGCTATCCTCGATC-1,3,Mono_CD14,278.0
GCAGCTATCGTTAACA-1,1,T_CD8,2364.0
GCAGGAAGTCATAGAT-1,1,T_CD8,3332.0
GCAGGAAGTGCATTAG-1,7,Mono_CD14,4819.0
GCAGGAAGTTGTAACG-1,2,T_CD4,4004.0
GCAGGACCAAGGACCA-1,6,Mono_CD14,4097.0
GCAGGACCAATATACC-1,5,NK,3127.0
GCAGGACCACAATGCC-1,1,T_CD8,2913.0
GCAGGACCACTAAATC-1,8,dropped,8709.0
GCAGGACCAGAATGAC-1,2,T_CD4,7267.0
GCAGGACCAGCATGAG-1,5,NK,3520.0
GCAGGACCAGGAACCA-1,8,dropped,15541.0
GCAGGACCAGTTGCGT-1,6,Mono_CD14,3129.0
GCAGGACCATAGCTTG-1,12,dropped,10993.0
GCAGGACCATTAAACC-1,0,T_CD4,2602.0
GCAGGACCATTAGCCA-1,5,NK,3645.0
GCAGGATAGCGAAGTA-1,6,Mono_CD14,3520.0
GCAGGATAGGTACCGC-1,0,T_CD4,1314.0
GCAGGATAGTTTCCGC-1,12,dropped,7916.0
GCAGGCAAGACAACGA-1,1,T_CD8,4194.0
GCAGGCAAGATAGACG-1,6,Mono_CD14,2719.0
GCAGGCAAGCGTGCGT-1,1,T_CD8,3711.0
GCAGGCAAGCTAAAGG-1,15,T_CD8,3058.0
GCAGGCAAGCTAAGTC-1,6,Mono_CD14,4012.0
GCAGGCAAGGCTGTGC-1,15,T_CD8,3920.0
GCAGGCAAGTATTGTG-1,2,T_CD4,4235.0
GCAGGCTTCACTCAAA-1,2,T_CD4,4969.0
GCAGGCTTCAGCACGC-1,0,T_CD4,2779.0
GCAGGCTTCATAACCA-1,7,Mono_CD14,4885.0
GCAGGCTTCATGGTTA-1,10,NK,1766.0
GCAGGCTTCGGTTAGT-1,15,T_CD8,3317.0
GCAGGCTTCTAATCAG-1,6,Mono_CD14,3608.0
GCAGGTGAGGACCTCA-1,6,Mono_CD14,2405.0
GCAGGTGAGGACTTAC-1,0,T_CD4,2811.0
GCAGGTGAGGTCGAGG-1,15,T_CD8,2732.0
GCAGGTGAGGTCGATT-1,6,Mono_CD14,4416.0
GCAGGTGAGGTGAGAC-1,7,Mono_CD14,4242.0
GCAGGTTGTCACAAAT-1,13,B,3310.0
GCAGGTTGTCACGAAC-1,0,T_CD4,3073.0
GCAGGTTGTCCACAAA-1,17,dropped,8194.0
GCAGGTTGTGCTGGTG-1,13,B,2323.0
GCATATATCAATGAGG-1,16,pDC,6454.0
GCATATATCACGCATG-1,7,Mono_CD14,4755.0
GCATATATCATGCATA-1,6,Mono_CD14,4296.0
GCATATATCATGCTCC-1,7,Mono_CD14,4388.0
GCATATATCCCATAGG-1,1,T_CD8,2115.0
GCATATATCCTCCTAA-1,2,T_CD4,2878.0
GCATATATCCTGGTCT-1,6,Mono_CD14,6023.0
GCATATATCCTTCTAG-1,4,Mono_CD16,6320.0
GCATATATCGCCTAAG-1,7,Mono_CD14,4490.0
GCATATATCTTAGGAC-1,7,Mono_CD14,5081.0
GCATCCTTCAATCATG-1,15,T_CD8,6102.0
GCATCCTTCAATCTCT-1,15,T_CD8,4016.0
GCATCCTTCACTTCAT-1,2,T_CD4,4731.0
GCATCCTTCCTTAGTT-1,4,Mono_CD16,12115.0
GCATCCTTCGGTCAGC-1,2,T_CD4,3260.0
GCATCCTTCGTTATCT-1,2,T_CD4,9338.0
GCATCCTTCTAACCTT-1,2,T_CD4,4028.0
GCATCCTTCTCCATAT-1,4,Mono_CD16,8203.0
GCATGAAAGAAAGCAT-1,0,T_CD4,2079.0
GCATGAAAGCCACATG-1,15,T_CD8,1533.0
GCATGAAAGGACACTT-1,6,Mono_CD14,6338.0
GCATGAAAGGATAAAC-1,1,T_CD8,2964.0
GCATGAAAGTCACTCC-1,13,B,3187.0
GCATGAGCAATATACC-1,2,T_CD4,4932.0
GCATGAGCACACCAAC-1,2,T_CD4,3953.0
GCATGAGCACGAATCC-1,2,T_CD4,4352.0
GCATGAGCAGTAAAGC-1,8,dropped,4620.0
GCATGAGCATAATGTC-1,5,NK,3004.0
GCATGAGCATCATGTG-1,1,T_CD8,2415.0
GCATTAGGTAATGGCC-1,0,T_CD4,1943.0
GCATTAGGTCATAAGT-1,13,B,5683.0
GCATTAGGTCATGCAA-1,4,Mono_CD16,7291.0
GCATTAGGTCCTTCAG-1,4,Mono_CD16,6475.0
GCATTAGGTGCTAGCG-1,1,T_CD8,3172.0
GCATTAGGTGGTTAGC-1,8,dropped,7987.0
GCATTAGGTGTTCCCA-1,1,T_CD8,2768.0
GCATTAGGTTAGGTTG-1,13,B,2590.0
GCATTAGGTTGGCCGA-1,6,Mono_CD14,3276.0
GCATTAGGTTTATCGC-1,8,dropped,11510.0
GCATTGCCAAGTGTTT-1,2,T_CD4,3358.0
GCATTGCCACACTAAT-1,2,T_CD4,3804.0
GCATTGCCACATACTG-1,1,T_CD8,3842.0
GCATTGCCACTGACTA-1,2,T_CD4,3415.0
GCATTGCCAGGCAAGC-1,13,B,4365.0
GCATTGCCATCACAGC-1,8,dropped,5893.0
GCATTGCCATTCCTGT-1,7,Mono_CD14,6479.0
GCATTGCCATTGTCCT-1,2,T_CD4,6406.0
GCCAACATCAGCAAAG-1,2,T_CD4,5799.0
GCCAACATCAGGAAGC-1,0,T_CD4,2903.0
GCCAACATCAGGTTTA-1,0,T_CD4,2071.0
GCCAACATCCAGGAAA-1,1,T_CD8,3675.0
GCCAACATCCTGTTCA-1,6,Mono_CD14,4661.0
GCCAACATCTAATCAG-1,0,T_CD4,2894.0
GCCAACATCTCAATGA-1,2,T_CD4,3617.0
GCCAATAGTAACTACG-1,1,T_CD8,3059.0
GCCAATAGTCAAGTAT-1,8,dropped,10078.0
GCCAATAGTGAGGTAG-1,0,T_CD4,2868.0
GCCAATAGTGATGAAA-1,6,Mono_CD14,3711.0
GCCAATAGTGCTCACC-1,13,B,2889.0
GCCAATAGTTCCATTA-1,9,dropped,10830.0
GCCAATAGTTGGCGTG-1,2,T_CD4,2920.0
GCCAATAGTTTGGGTA-1,1,T_CD8,4698.0
GCCAATTAGGAACCGG-1,6,Mono_CD14,4325.0
GCCAATTAGGACCAGG-1,1,T_CD8,6284.0
GCCAATTAGGCGGGTA-1,0,T_CD4,2960.0
GCCAATTAGGTAAGGC-1,7,Mono_CD14,2407.0
GCCAATTAGGTCCTGA-1,13,B,2709.0
GCCAATTAGGTTACGT-1,7,Mono_CD14,4205.0
GCCAATTAGTCATGCG-1,0,T_CD4,3784.0
GCCACAATCAGTTCCC-1,0,T_CD4,2878.0
GCCACAATCCGCATGA-1,1,T_CD8,2958.0
GCCACAATCCTTTACG-1,2,T_CD4,3495.0
GCCACAATCTAACTGA-1,0,T_CD4,2634.0
GCCACACAGCTAAGTC-1,11,DC,7071.0
GCCACACAGCTCGCTT-1,7,Mono_CD14,4815.0
GCCACACAGGACCTGC-1,14,dropped,10251.0
GCCACACAGGCAATAG-1,0,T_CD4,2423.0
GCCACACAGGGATGCG-1,13,B,3853.0
GCCACACAGGTCCTGA-1,2,T_CD4,4663.0
GCCACACAGGTGTTAC-1,0,T_CD4,6288.0
GCCACACAGTAACGAG-1,4,Mono_CD16,5903.0
GCCACACAGTCATGCG-1,6,Mono_CD14,5858.0
GCCACTAAGCCTGTGA-1,2,T_CD4,4675.0
GCCACTAAGGCCTTAG-1,2,T_CD4,4176.0
GCCACTAAGGCGCACT-1,13,B,3733.0
GCCACTAAGGTTTGCG-1,7,Mono_CD14,4523.0
GCCACTAAGTCAATTG-1,0,T_CD4,6149.0
GCCACTAAGTCATTTC-1,13,B,4096.0
GCCAGGAAGCCTTAAA-1,13,B,2886.0
GCCAGGAAGCTATTAG-1,2,T_CD4,4036.0
GCCAGGAAGGCAAGTA-1,15,T_CD8,3075.0
GCCAGGAAGGTGCGGA-1,6,Mono_CD14,4467.0
GCCAGGAAGTCAGTAC-1,1,T_CD8,3268.0
GCCAGGAAGTTGCGTG-1,2,T_CD4,3529.0
GCCAGGTTCATTGCGG-1,5,NK,2911.0
GCCAGGTTCCCTCAGT-1,6,Mono_CD14,5420.0
GCCAGGTTCCTAATAG-1,1,T_CD8,5174.0
GCCAGGTTCCTTCAAT-1,6,Mono_CD14,5531.0
GCCAGGTTCTTAGTCT-1,6,Mono_CD14,7101.0
GCCATGATCAAGGACA-1,13,B,4116.0
GCCATGATCATCCACC-1,2,T_CD4,3234.0
GCCATGATCCAGGGAG-1,8,dropped,9287.0
GCCATTACAACCTAAT-1,15,T_CD8,4033.0
GCCATTACACAAACTT-1,0,T_CD4,4958.0
GCCATTACACTGGCTG-1,15,T_CD8,4126.0
GCCATTACAGAATGAC-1,6,Mono_CD14,5442.0
GCCATTACAGAGGCTA-1,5,NK,3317.0
GCCATTACAGGAACAT-1,7,Mono_CD14,6164.0
GCCCAAATCCAACTGG-1,7,Mono_CD14,7217.0
GCCCAAATCCATAATG-1,15,T_CD8,2949.0
GCCCAAATCCGCACAA-1,2,T_CD4,4278.0
GCCCAAATCTACCTGC-1,2,T_CD4,5132.0
GCCCATAAGCAAGGTA-1,7,Mono_CD14,2912.0
GCCCATAAGGATCACT-1,1,T_CD8,4979.0
GCCCATAAGTCTTGAA-1,6,Mono_CD14,4792.0
GCCCGTTGTAGTTACG-1,2,T_CD4,3418.0
GCCCGTTGTCTTGCAT-1,2,T_CD4,3792.0
GCCCGTTGTGAGGTAG-1,4,Mono_CD16,8105.0
GCCCGTTGTGCAATGC-1,1,T_CD8,3397.0
GCCCGTTGTGTTGCTT-1,1,T_CD8,870.0
GCCCGTTGTTAGCTGA-1,0,T_CD4,2914.0
GCCCGTTGTTTCCGGC-1,0,T_CD4,3771.0
GCCCTCATCAGGTCCA-1,2,T_CD4,4411.0
GCCCTCATCCACAATA-1,6,Mono_CD14,2505.0
GCCCTCATCCCGAACA-1,0,T_CD4,2240.0
GCCCTCATCCGCATGA-1,0,T_CD4,6041.0
GCCCTCATCGACAAAG-1,15,T_CD8,5011.0
GCCCTCATCGCACACA-1,0,T_CD4,2735.0
GCCCTCATCGTTACTT-1,1,T_CD8,4570.0
GCCGTGAGTAAAGCGG-1,6,Mono_CD14,2159.0
GCCGTGAGTACCGTAA-1,4,Mono_CD16,6017.0
GCCGTGAGTGGTTAGC-1,8,dropped,6869.0
GCCGTGAGTTGCCTCA-1,13,B,2905.0
GCCTAATAGCCTGGTA-1,2,T_CD4,3477.0
GCCTAATAGCTTCCCG-1,1,T_CD8,4984.0
GCCTAATAGCTTGCTC-1,0,T_CD4,2370.0
GCCTACTTCCGCAACA-1,13,B,2648.0
GCCTACTTCGCTAAAC-1,1,T_CD8,4323.0
GCCTACTTCTTAGTGA-1,10,NK,3497.0
GCCTATTGTCATGAGC-1,1,T_CD8,2072.0
GCCTATTGTGTCACGG-1,7,Mono_CD14,5598.0
GCCTATTGTTGAGGTC-1,11,DC,8433.0
GCCTATTGTTGGATAT-1,2,T_CD4,2865.0
GCCTATTGTTTGAGGC-1,11,DC,4384.0
GCCTCAAAGAGGAAGG-1,15,T_CD8,2779.0
GCCTCAAAGCATGTCG-1,8,dropped,8527.0
GCCTCAAAGCCAAATC-1,6,Mono_CD14,5199.0
GCCTCAAAGGAACGCG-1,2,T_CD4,3738.0
GCCTCAAAGGACCTGC-1,7,Mono_CD14,5590.0
GCCTCAAAGGACTTAC-1,6,Mono_CD14,8801.0
GCCTCCATCGAGGAGT-1,13,B,3417.0
GCCTCCATCGATTCTT-1,6,Mono_CD14,5603.0
GCCTCGACAAACCTAT-1,1,T_CD8,2626.0
GCCTCGACACCTGGTG-1,6,Mono_CD14,2968.0
GCCTCGACAGGAACCA-1,7,Mono_CD14,5488.0
GCCTCGACAGGCATGA-1,8,dropped,7655.0
GCCTCGACAGTCTAAT-1,6,Mono_CD14,3980.0
GCCTCGACATGCTCCC-1,6,Mono_CD14,3231.0
GCCTCGACATTGTGTG-1,1,T_CD8,2820.0
GCCTGACAGATGGACA-1,12,dropped,3840.0
GCCTGACAGATTGAGG-1,13,B,3245.0
GCCTGACAGCCAAATC-1,0,T_CD4,2720.0
GCCTGACAGCCGCAGT-1,0,T_CD4,3137.0
GCCTGACAGCCTGAGC-1,2,T_CD4,4345.0
GCCTGACAGCTAAAGG-1,8,dropped,9958.0
GCCTGACAGCTAGAAG-1,7,Mono_CD14,4933.0
GCCTGACAGCTATGAC-1,13,B,3059.0
GCCTGACAGGAACACA-1,1,T_CD8,1462.0
GCCTGACAGGACCTCA-1,11,DC,8562.0
GCCTGACAGGATCACT-1,8,dropped,10623.0
GCCTGACAGGTGTCCA-1,2,T_CD4,3890.0
GCCTGACAGTCACCTC-1,15,T_CD8,3806.0
GCCTGACAGTCATGCG-1,13,B,2734.0
GCCTGACAGTGGACAA-1,6,Mono_CD14,5393.0
GCCTGAGGTCGTTACT-1,6,Mono_CD14,1953.0
GCCTGAGGTGGATTGC-1,1,T_CD8,2742.0
GCCTGAGGTGGTTCCC-1,6,Mono_CD14,3580.0
GCCTGAGGTTATGTGG-1,0,T_CD4,6172.0
GCCTGAGGTTGCATCT-1,1,T_CD8,3105.0
GCCTGAGGTTGCGCGA-1,15,T_CD8,3615.0
GCCTGCTGTAGCCTAA-1,0,T_CD4,2063.0
GCCTGCTGTAGGTTAT-1,1,T_CD8,4376.0
GCCTGCTGTATTGGAT-1,0,T_CD4,3075.0
GCCTGCTGTCATTGTC-1,2,T_CD4,4152.0
GCCTGCTGTCTTTATG-1,6,Mono_CD14,5694.0
GCCTGCTGTGTTTGTC-1,5,NK,4142.0
GCCTGCTGTTAGCATG-1,6,Mono_CD14,4065.0
GCCTGCTGTTAGCCAA-1,7,Mono_CD14,5718.0
GCCTGCTGTTCAAGAT-1,1,T_CD8,3984.0
GCCTGCTGTTCACTGT-1,13,B,2045.0
GCCTGTGCAATGAAGC-1,3,Mono_CD14,452.0
GCCTGTGCACCTCAGG-1,8,dropped,9131.0
GCCTGTGCACTAAGAA-1,6,Mono_CD14,4720.0
GCCTGTGCATCACTTC-1,2,T_CD4,4199.0
GCCTTAACAAATTCGT-1,15,T_CD8,3669.0
GCCTTAACAACCCTAA-1,0,T_CD4,2532.0
GCCTTAACAAGCTAAA-1,0,T_CD4,5468.0
GCCTTAACACAGCCTG-1,7,Mono_CD14,6793.0
GCCTTAACACATAACT-1,5,NK,1314.0
GCCTTAACACATACTG-1,1,T_CD8,4082.0
GCCTTAACACATTGCA-1,4,Mono_CD16,6614.0
GCCTTAACATGCATAT-1,0,T_CD4,2545.0
GCCTTAACATTGTGTG-1,6,Mono_CD14,4840.0
GCCTTACTCACATTGA-1,7,Mono_CD14,7068.0
GCCTTACTCACCAATA-1,7,Mono_CD14,5710.0
GCCTTACTCATGGCTG-1,2,T_CD4,5025.0
GCCTTACTCCCTGTTA-1,6,Mono_CD14,4899.0
GCCTTACTCCTCACTA-1,2,T_CD4,11131.0
GCCTTACTCCTGGTGA-1,0,T_CD4,3795.0
GCCTTACTCCTTAGTT-1,3,Mono_CD14,408.0
GCCTTAGAGCATGGTT-1,0,T_CD4,3526.0
GCCTTAGAGCATTAGC-1,15,T_CD8,3582.0
GCCTTAGAGGACCTGC-1,12,dropped,5597.0
GCCTTAGAGGTCCTGA-1,0,T_CD4,2148.0
GCCTTGCGTACCAGGT-1,6,Mono_CD14,3843.0
GCCTTGCGTGCTAGAC-1,4,Mono_CD16,5992.0
GCCTTGCGTGCTCACC-1,2,T_CD4,5009.0
GCCTTGCGTGGGAACA-1,6,Mono_CD14,4446.0
GCCTTGCGTTCCTGAT-1,13,B,2633.0
GCCTTGCGTTGAGCCG-1,6,Mono_CD14,2782.0
GCCTTGCGTTTATTCG-1,6,Mono_CD14,3974.0
GCCTTTATCCTAAGAC-1,1,T_CD8,4312.0
GCCTTTATCGAGCAAA-1,0,T_CD4,2554.0
GCCTTTATCGTGCTTC-1,15,T_CD8,2742.0
GCCTTTGGTAACAGGG-1,13,B,2574.0
GCCTTTGGTCAAGTGC-1,2,T_CD4,6451.0
GCCTTTGGTGCCTCAC-1,0,T_CD4,2919.0
GCCTTTGGTGTGCACG-1,1,T_CD8,3395.0
GCCTTTGGTGTTAAAC-1,2,T_CD4,5037.0
GCCTTTGGTTCGGGAT-1,2,T_CD4,3242.0
GCCTTTGGTTGGTTAG-1,0,T_CD4,2463.0
GCCTTTGGTTGGTTGA-1,2,T_CD4,4844.0
GCGAAGCCAGGAACTG-1,6,Mono_CD14,3118.0
GCGAAGCCAGGCTAGA-1,13,B,9482.0
GCGAAGTAGGACCTGC-1,5,NK,1331.0
GCGAAGTAGGAGGTTA-1,2,T_CD4,3744.0
GCGAAGTAGGCAACAA-1,15,T_CD8,2719.0
GCGAAGTAGGTGTTAC-1,7,Mono_CD14,5084.0
GCGAAGTAGTAGCCAT-1,11,DC,9385.0
GCGAAGTAGTGACCTG-1,2,T_CD4,2361.0
GCGAAGTAGTGATTCA-1,2,T_CD4,3205.0
GCGAGTGAGCATGAAG-1,5,NK,5830.0
GCGAGTGAGCTGGACC-1,1,T_CD8,3561.0
GCGAGTGAGGACCAGG-1,7,Mono_CD14,5258.0
GCGATATTCACATTGA-1,11,DC,8363.0
GCGATATTCACTCAAA-1,1,T_CD8,3161.0
GCGATATTCCGCCTCA-1,10,NK,3821.0
GCGATATTCCTAATGA-1,11,DC,8953.0
GCGATATTCTCACTAT-1,8,dropped,10508.0
GCGATATTCTTTGTAC-1,2,T_CD4,3350.0
GCGATTAGTAGTAAGA-1,13,B,3177.0
GCGATTAGTATTGCAG-1,6,Mono_CD14,4246.0
GCGATTAGTGCAACTA-1,1,T_CD8,4156.0
GCGATTAGTGGATTCA-1,0,T_CD4,3130.0
GCGATTAGTTACTTGC-1,10,NK,3773.0
GCGATTAGTTGGATAT-1,7,Mono_CD14,6416.0
GCGATTTAGCATGGTT-1,13,B,2834.0
GCGATTTAGGCTACAT-1,5,NK,3977.0
GCGATTTAGGCTACTG-1,7,Mono_CD14,4303.0
GCGATTTAGTATTGTG-1,3,Mono_CD14,1822.0
GCGATTTAGTCACTAA-1,7,Mono_CD14,5894.0
GCGATTTAGTCTCACC-1,7,Mono_CD14,4754.0
GCGATTTAGTTAGACC-1,3,Mono_CD14,545.0
GCGATTTAGTTGTCAA-1,10,NK,3954.0
GCGCAAACAACTGGGA-1,7,Mono_CD14,4681.0
GCGCAAACAATGCCCG-1,0,T_CD4,5154.0
GCGCAAACACTAAGTT-1,1,T_CD8,3474.0
GCGCAAACACTTCATC-1,10,NK,10828.0
GCGCAAACAGGCTTCG-1,5,NK,1822.0
GCGCAAACATTATGGT-1,4,Mono_CD16,5922.0
GCGCAATGTCACGAAC-1,10,NK,2654.0
GCGCAATGTCCACAAA-1,0,T_CD4,2450.0
GCGCAATGTTAACGGC-1,1,T_CD8,3026.0
GCGCAATGTTACATCC-1,4,Mono_CD16,6283.0
GCGCAATGTTGCGGAT-1,15,T_CD8,2525.0
GCGCCTTGTTACCGGG-1,13,B,1510.0
GCGCCTTGTTCGCTCA-1,1,T_CD8,2521.0
GCGCCTTGTTGGTTCT-1,15,T_CD8,3748.0
GCGCCTTGTTTGGCGG-1,2,T_CD4,6686.0
GCGCGATTCAAGCTAC-1,0,T_CD4,2543.0
GCGCGATTCAATCTCT-1,6,Mono_CD14,5296.0
GCGCGATTCACGCATG-1,3,Mono_CD14,570.0
GCGCGATTCAGTATTG-1,7,Mono_CD14,2829.0
GCGCGATTCCGCAAGC-1,0,T_CD4,2053.0
GCGCGATTCCTCCCTC-1,13,B,3073.0
GCGCGATTCCTGGCTT-1,6,Mono_CD14,5472.0
GCGCGATTCCTTGAGG-1,7,Mono_CD14,4121.0
GCGCGATTCTTGACCC-1,1,T_CD8,3142.0
GCGCTAGGTCAATAGT-1,15,T_CD8,2814.0
GCGCTAGGTCCTAAGA-1,2,T_CD4,3984.0
GCGCTAGGTTGGGTTA-1,1,T_CD8,3073.0
GCGCTAGGTTTGCAGA-1,2,T_CD4,3900.0
GCGCTTAAGCCTGATG-1,15,T_CD8,3869.0
GCGCTTAAGGTGAGAC-1,8,dropped,5923.0
GCGCTTAAGTCATGCG-1,2,T_CD4,4015.0
GCGCTTAAGTGAAGTG-1,10,NK,3152.0
GCGCTTAAGTTTGGGT-1,10,NK,7027.0
GCGCTTGCAACCGCCA-1,12,dropped,5838.0
GCGCTTGCAATTAGCT-1,7,Mono_CD14,3196.0
GCGCTTGCACATGCTA-1,7,Mono_CD14,5138.0
GCGCTTGCACCGTTCC-1,6,Mono_CD14,5945.0
GCGCTTGCACCTAAGC-1,0,T_CD4,3227.0
GCGCTTGCAGCAATAA-1,4,Mono_CD16,6864.0
GCGCTTGCATAATTGC-1,2,T_CD4,4133.0
GCGCTTGCATGAAGTA-1,1,T_CD8,2579.0
GCGCTTGCATGTCAGC-1,6,Mono_CD14,3285.0
GCGGAACCAACTAGCC-1,1,T_CD8,3273.0
GCGGAACCAATATACC-1,8,dropped,9899.0
GCGGAACCACATTAAC-1,7,Mono_CD14,5001.0
GCGGAACCACTAGCGT-1,8,dropped,6760.0
GCGGAACCATCATGTG-1,15,T_CD8,3117.0
GCGGAACCATGTCAAT-1,1,T_CD8,3064.0
GCGGATACAAAGGTAC-1,1,T_CD8,3958.0
GCGGATACACCTCAGG-1,3,Mono_CD14,655.0
GCGGATACACGTAAGG-1,0,T_CD4,3574.0
GCGGATACATGACTAT-1,2,T_CD4,4947.0
GCGGGTTTCCCGTTGT-1,6,Mono_CD14,4222.0
GCGGGTTTCGAGGAGT-1,1,T_CD8,3315.0
GCGGTTATCAGCATTA-1,2,T_CD4,2782.0
GCGGTTATCAGGCTAT-1,13,B,3146.0
GCGGTTATCATGCATA-1,7,Mono_CD14,1915.0
GCGGTTATCCTGATGG-1,2,T_CD4,2958.0
GCGGTTATCGATTTAG-1,1,T_CD8,4144.0
GCGGTTATCGTTAACA-1,5,NK,3228.0
GCGGTTATCTAATTGG-1,1,T_CD8,4166.0
GCGGTTATCTAGCTAA-1,1,T_CD8,2499.0
GCGGTTGGTAAGGTTT-1,0,T_CD4,3806.0
GCGGTTGGTAATGACT-1,1,T_CD8,3637.0
GCGGTTGGTTCACCCA-1,5,NK,2654.0
GCGGTTGGTTCCTCCT-1,0,T_CD4,2610.0
GCGGTTGGTTTATTCG-1,13,B,2365.0
GCGTAACGTAACCTAG-1,6,Mono_CD14,3509.0
GCGTAACGTCCAAATG-1,13,B,2877.0
GCGTAACGTCCTTCAG-1,6,Mono_CD14,4632.0
GCGTAACGTGATCATG-1,15,T_CD8,2788.0
GCGTAACGTGATTTGG-1,0,T_CD4,3108.0
GCGTAACGTTAGACCA-1,15,T_CD8,2007.0
GCGTAACGTTCAAGAT-1,2,T_CD4,3631.0
GCGTAACGTTCACTGT-1,0,T_CD4,2338.0
GCGTAACGTTTCGCGC-1,5,NK,4338.0
GCGTGCTAGACTAAGG-1,2,T_CD4,3280.0
GCGTGCTAGCAAGACA-1,2,T_CD4,2299.0
GCGTGCTAGCATGTCG-1,8,dropped,10341.0
GCGTGCTAGGAACACA-1,1,T_CD8,2814.0
GCGTGCTAGGCCTAAT-1,2,T_CD4,3330.0
GCGTGCTAGGGTGAGT-1,0,T_CD4,2038.0
GCGTGCTAGGTTTACA-1,1,T_CD8,3346.0
GCGTGCTAGTCATCCC-1,6,Mono_CD14,6217.0
GCGTTTCTCCAGGAAA-1,1,T_CD8,3226.0
GCGTTTCTCCTAAGGT-1,2,T_CD4,4024.0
GCGTTTCTCGCTTCTA-1,4,Mono_CD16,8323.0
GCGTTTCTCGTTAGCG-1,3,Mono_CD14,173.0
GCTAACAGTAAGTCGC-1,6,Mono_CD14,2821.0
GCTAACAGTACCGTAA-1,2,T_CD4,5570.0
GCTAACAGTAGGTTAT-1,0,T_CD4,2409.0
GCTAACCCAAGCCACT-1,8,dropped,10620.0
GCTAACCCAGTAGGTG-1,10,NK,2334.0
GCTAAGAAGCTAAGTC-1,7,Mono_CD14,3848.0
GCTAAGAAGCTCAAAC-1,6,Mono_CD14,2700.0
GCTAAGAAGCTGTACG-1,5,NK,2441.0
GCTAAGAAGGTGCGGA-1,2,T_CD4,4309.0
GCTAAGAAGTTGTCCC-1,11,DC,6235.0
GCTAAGCGTCAGGAAG-1,0,T_CD4,3126.0
GCTAAGCGTTAGTTGG-1,1,T_CD8,2522.0
GCTAAGTTCAAACACC-1,2,T_CD4,3387.0
GCTAAGTTCAAATCGC-1,2,T_CD4,5566.0
GCTAAGTTCCTAAGTA-1,1,T_CD8,3871.0
GCTAAGTTCGCTTCTA-1,1,T_CD8,4090.0
GCTAATATCAGGTCCA-1,1,T_CD8,2031.0
GCTAATATCCAAGTTA-1,6,Mono_CD14,4415.0
GCTAATATCCTTGCGT-1,1,T_CD8,5359.0
GCTAATATCGTAATCA-1,8,dropped,8951.0
GCTAATATCTTGGATA-1,6,Mono_CD14,4370.0
GCTAGCCAGACAACAG-1,4,Mono_CD16,5863.0
GCTAGCCAGGCTAGAA-1,6,Mono_CD14,6322.0
GCTAGCCAGGCTCATG-1,6,Mono_CD14,5541.0
GCTAGCCAGTGAGGGT-1,3,Mono_CD14,732.0
GCTAGCGGTAGTAAGA-1,0,T_CD4,3204.0
GCTAGCGGTCCTTTAA-1,5,NK,2997.0
GCTAGCGGTCTAACAG-1,5,NK,2730.0
GCTAGCGGTTAAGTGT-1,6,Mono_CD14,3260.0
GCTAGCGGTTGACTTC-1,0,T_CD4,1763.0
GCTAGCGGTTTAACCC-1,1,T_CD8,2806.0
GCTAGCGGTTTATGGG-1,0,T_CD4,2024.0
GCTAGCTCAACCTAAT-1,15,T_CD8,3353.0
GCTAGCTCATAAGGAC-1,0,T_CD4,2257.0
GCTAGCTCATGTCAAT-1,13,B,3286.0
GCTAGCTCATGTGGGA-1,0,T_CD4,2682.0
GCTAGCTCATTAAACC-1,7,Mono_CD14,7096.0
GCTAGTGTCAATCTAG-1,6,Mono_CD14,6289.0
GCTAGTGTCACGAATC-1,2,T_CD4,2658.0
GCTAGTGTCCCGAACA-1,1,T_CD8,3291.0
GCTAGTGTCCGCATGA-1,2,T_CD4,3856.0
GCTAGTGTCCGCCTAT-1,2,T_CD4,6243.0
GCTATAGGTAGGATCC-1,6,Mono_CD14,5595.0
GCTATAGGTCACGAAC-1,0,T_CD4,3008.0
GCTATAGGTCAGGCCA-1,2,T_CD4,3599.0
GCTATAGGTCCTAAGA-1,15,T_CD8,3127.0
GCTATAGGTGGTTCCC-1,5,NK,3370.0
GCTATCCTCAGCACGC-1,6,Mono_CD14,4435.0
GCTATCCTCATGGCTG-1,2,T_CD4,3776.0
GCTATCCTCCAGGTTG-1,12,dropped,9657.0
GCTATCCTCCGCAAGC-1,6,Mono_CD14,5619.0
GCTATCCTCCTTAGTT-1,0,T_CD4,4351.0
GCTATCCTCGATAACC-1,1,T_CD8,5172.0
GCTATCCTCGCTAAGT-1,7,Mono_CD14,4046.0
GCTATCCTCTTGCAAA-1,2,T_CD4,4315.0
GCTATTGCAACAGGAT-1,5,NK,4268.0
GCTATTGCAACTGGCT-1,2,T_CD4,3586.0
GCTATTGCAAGGTACG-1,7,Mono_CD14,5580.0
GCTATTGCAAGTGTCC-1,6,Mono_CD14,3643.0
GCTATTGCAATAGCAA-1,6,Mono_CD14,3787.0
GCTATTGCAATCCTGA-1,0,T_CD4,2927.0
GCTATTGCACATAACT-1,4,Mono_CD16,6608.0
GCTATTGCACTAAGCC-1,1,T_CD8,3804.0
GCTATTGCAGTACCGT-1,15,T_CD8,2885.0
GCTATTGCAGTTTGTG-1,4,Mono_CD16,9930.0
GCTCAACCAATAAGCA-1,6,Mono_CD14,6168.0
GCTCAACCACAAACTT-1,8,dropped,8006.0
GCTCAACCAGGACCTT-1,15,T_CD8,4006.0
GCTCACAAGACAAAGT-1,2,T_CD4,2669.0
GCTCACAAGACAAGTG-1,6,Mono_CD14,3254.0
GCTCACAAGATGGAGC-1,0,T_CD4,2484.0
GCTCACAAGGAATAAC-1,8,dropped,8261.0
GCTCACAAGGCTGGCT-1,1,T_CD8,3079.0
GCTCACAAGTATCGCG-1,1,T_CD8,2764.0
GCTCACAAGTGGCGGA-1,0,T_CD4,3268.0
GCTCACAAGTGTGATC-1,13,B,2590.0
GCTCACAAGTTATGTG-1,12,dropped,5978.0
GCTCATTGTCATCAAG-1,7,Mono_CD14,4697.0
GCTCATTGTCTAACAG-1,5,NK,3911.0
GCTCATTGTGAGAAAC-1,15,T_CD8,4351.0
GCTCATTGTGCATTTC-1,7,Mono_CD14,4790.0
GCTCATTGTGCCGCAA-1,12,dropped,6362.0
GCTCATTGTGCCTCAC-1,4,Mono_CD16,5029.0
GCTCATTGTTAAATGC-1,7,Mono_CD14,6038.0
GCTCATTGTTCACCAT-1,1,T_CD8,3908.0
GCTCATTGTTGTGACA-1,2,T_CD4,3693.0
GCTCATTGTTTGTTGC-1,6,Mono_CD14,4549.0
GCTCCTTAGTCAATCA-1,6,Mono_CD14,3475.0
GCTCCTTAGTTAGTTG-1,16,pDC,5628.0
GCTCGATCAACTGGGA-1,2,T_CD4,2745.0
GCTCGATCAAGATTCT-1,0,T_CD4,2704.0
GCTCGATCAGCAATAA-1,10,NK,6066.0
GCTCGATCAGCTAATT-1,15,T_CD8,1757.0
GCTCGATCAGGCAAGC-1,2,T_CD4,2637.0
GCTCGATCAGGCATCT-1,13,B,3221.0
GCTCGATCAGGCTAAG-1,2,T_CD4,1986.0
GCTCGATCATAGACTT-1,7,Mono_CD14,7034.0
GCTCGATCATCAGTAT-1,8,dropped,5064.0
GCTCGATCATCCCTCA-1,8,dropped,7479.0
GCTCGATCATGCTTAG-1,1,T_CD8,2671.0
GCTCGATCATGTTGGC-1,5,NK,2835.0
GCTCGATCATTGGGAG-1,0,T_CD4,2183.0
GCTCTGGCAACCCTAA-1,6,Mono_CD14,2485.0
GCTCTGGCACAATGCC-1,2,T_CD4,4206.0
GCTCTGGCACCTCGCT-1,2,T_CD4,3365.0
GCTCTGGCAGCTAACC-1,2,T_CD4,4412.0
GCTCTGGCATCTTGAG-1,0,T_CD4,2699.0
GCTCTGGCATGGCCTG-1,5,NK,2327.0
GCTCTGGCATGTTTGG-1,1,T_CD8,2916.0
GCTCTGGCATTATGCG-1,15,T_CD8,3134.0
GCTCTGTTCAAACCTA-1,0,T_CD4,3286.0
GCTCTGTTCACTAAGC-1,2,T_CD4,3699.0
GCTCTGTTCCACAATA-1,0,T_CD4,2018.0
GCTCTGTTCCCGAACA-1,1,T_CD8,3096.0
GCTCTGTTCCGCTAGA-1,6,Mono_CD14,3314.0
GCTCTGTTCCTTTACG-1,6,Mono_CD14,4497.0
GCTGACATCATGGCCA-1,1,T_CD8,2827.0
GCTGACATCCATAAGC-1,6,Mono_CD14,4296.0
GCTGACATCGATATTG-1,10,NK,3329.0
GCTGACCAGCACGATT-1,6,Mono_CD14,6086.0
GCTGACCAGCATTATG-1,6,Mono_CD14,4656.0
GCTGACCAGCGTGCAC-1,8,dropped,9642.0
GCTGACCAGGAGGACT-1,0,T_CD4,2894.0
GCTGACCAGGCGCACT-1,0,T_CD4,3084.0
GCTGACCAGGGATGAC-1,1,T_CD8,4138.0
GCTGAGGAGATTCCTT-1,7,Mono_CD14,4755.0
GCTGAGGAGGCACAGG-1,0,T_CD4,2541.0
GCTGAGGAGGCCCAGT-1,0,T_CD4,2843.0
GCTGAGGAGGTCCTGA-1,7,Mono_CD14,4584.0
GCTGATCCAAAGGTAC-1,3,Mono_CD14,239.0
GCTGATCCAACCTAAT-1,2,T_CD4,3423.0
GCTGATCCAGCAGGTA-1,5,NK,3370.0
GCTGATCCAGTTTGTG-1,0,T_CD4,1699.0
GCTGATCCATCCCTCA-1,1,T_CD8,7043.0
GCTGATCCATGATTGT-1,11,DC,8162.0
GCTGCAATCATAACCA-1,8,dropped,7449.0
GCTGCAATCATCAGTA-1,0,T_CD4,3632.0
GCTGCAATCATGCATA-1,0,T_CD4,2785.0
GCTGCAATCCGGAACC-1,2,T_CD4,4077.0
GCTGCAATCCTGGTGA-1,1,T_CD8,3356.0
GCTGCAATCGAGGTGG-1,14,dropped,21972.0
GCTGCAATCGATTTGA-1,2,T_CD4,3789.0
GCTGCAATCGCTAGTG-1,6,Mono_CD14,2962.0
GCTGCAATCGTTTCCA-1,6,Mono_CD14,4387.0
GCTGCAATCTTGAGGT-1,7,Mono_CD14,5149.0
GCTGCACAGATGGAGC-1,9,dropped,7840.0
GCTGCACAGCCATCAG-1,10,NK,3423.0
GCTGCACAGCCGCTAA-1,7,Mono_CD14,6404.0
GCTGCACAGGCCAATT-1,11,DC,8600.0
GCTGCACAGGCCGGAA-1,6,Mono_CD14,2683.0
GCTGCACAGGGACTAA-1,7,Mono_CD14,6987.0
GCTGCACAGGTCCTGA-1,2,T_CD4,3149.0
GCTGCACAGTAGAGGC-1,6,Mono_CD14,6827.0
GCTGCACAGTGACCTG-1,2,T_CD4,3528.0
GCTGCATCAACCCTAA-1,0,T_CD4,2789.0
GCTGCATCACTTCACT-1,13,B,2087.0
GCTGCATCATAGACCC-1,6,Mono_CD14,5101.0
GCTGGATGTCAATGTG-1,4,Mono_CD16,3443.0
GCTGGATGTGACCTGG-1,1,T_CD8,4132.0
GCTGGATGTGAGAAAC-1,2,T_CD4,4355.0
GCTGGATGTTAGTACG-1,6,Mono_CD14,7106.0
GCTGGATGTTTACGTC-1,0,T_CD4,2730.0
GCTGGATGTTTAGTCC-1,2,T_CD4,3741.0
GCTGGTTCAAGTGAAC-1,15,T_CD8,5234.0
GCTGGTTCAAGTGTCC-1,7,Mono_CD14,4924.0
GCTGGTTCAATTAAGG-1,2,T_CD4,3842.0
GCTGGTTCAATTGACT-1,0,T_CD4,4542.0
GCTGGTTCACAAAGAC-1,6,Mono_CD14,4026.0
GCTGGTTCACAATTAC-1,6,Mono_CD14,3163.0
GCTGGTTCACCACAAC-1,5,NK,3166.0
GCTGGTTCACTCAACA-1,2,T_CD4,4392.0
GCTGGTTCAGGAAGCC-1,6,Mono_CD14,4211.0
GCTGGTTCAGGTTCAC-1,0,T_CD4,2462.0
GCTGGTTCATAAACCT-1,13,B,3247.0
GCTGGTTCATGAATCT-1,13,B,6769.0
GCTGGTTCATGGCCTG-1,6,Mono_CD14,4869.0
GCTGTAAGTAAACAAG-1,4,Mono_CD16,6438.0
GCTGTAAGTATTCGCT-1,0,T_CD4,2779.0
GCTGTAAGTCCACAAA-1,2,T_CD4,5719.0
GCTGTAAGTTACAACG-1,0,T_CD4,2162.0
GCTGTAAGTTGTTGGA-1,1,T_CD8,3596.0
GCTGTAAGTTTGGCGG-1,15,T_CD8,5395.0
GCTGTACCAATTAAGG-1,15,T_CD8,3789.0
GCTGTACCAATTAGGA-1,10,NK,7386.0
GCTGTACCAATTATGC-1,8,dropped,12064.0
GCTGTACCACAAACTT-1,0,T_CD4,2356.0
GCTGTACCACAGAACG-1,1,T_CD8,3387.0
GCTGTACCACCAACCG-1,6,Mono_CD14,6953.0
GCTGTACCACCCTCAC-1,6,Mono_CD14,4836.0
GCTGTACCACTAGGTC-1,11,DC,9393.0
GCTGTACCAGCGCTTG-1,15,T_CD8,2787.0
GCTGTACCATCCCGCT-1,7,Mono_CD14,7040.0
GCTGTGATCAATCTCT-1,7,Mono_CD14,8014.0
GCTGTGATCCCTGGAA-1,3,Mono_CD14,183.0
GCTGTGATCGCACACA-1,6,Mono_CD14,4717.0
GCTGTGATCTAAGTCA-1,0,T_CD4,3614.0
GCTGTGCAGCAACAAG-1,2,T_CD4,3410.0
GCTGTGCAGCTTACTT-1,6,Mono_CD14,9625.0
GCTGTGCAGGACAACA-1,1,T_CD8,3499.0
GCTGTGCAGGATTGCT-1,0,T_CD4,2133.0
GCTGTGCAGGGCTTTG-1,12,dropped,5690.0
GCTGTGCAGTTCCTGC-1,1,T_CD8,6959.0
GCTGTGCAGTTTGCGG-1,13,B,2527.0
GCTTAAATCCCGCCTA-1,6,Mono_CD14,7337.0
GCTTAAATCGAAGTGA-1,0,T_CD4,2087.0
GCTTAAATCGGCCATA-1,0,T_CD4,2511.0
GCTTAAATCGGCTAGC-1,1,T_CD8,2746.0
GCTTAACAGAAACTGG-1,0,T_CD4,2015.0
GCTTAACAGAACCTAC-1,6,Mono_CD14,3692.0
GCTTAACAGACTCGCA-1,2,T_CD4,2683.0
GCTTAACAGATGGACA-1,1,T_CD8,3069.0
GCTTAACAGGACACTT-1,6,Mono_CD14,5133.0
GCTTAACAGGCATTGT-1,1,T_CD8,3441.0
GCTTAACAGGTGAAGC-1,13,B,1953.0
GCTTAACAGTACTGGT-1,4,Mono_CD16,8112.0
GCTTAACAGTGAGCAA-1,6,Mono_CD14,3935.0
GCTTAACAGTGAGCGG-1,8,dropped,9068.0
GCTTACCTCCGCAAGC-1,4,Mono_CD16,5952.0
GCTTACCTCCTAAGTA-1,2,T_CD4,2530.0
GCTTACCTCCTGAGTG-1,1,T_CD8,2190.0
GCTTACCTCCTGCGAA-1,6,Mono_CD14,7130.0
GCTTACCTCGGCTAGC-1,6,Mono_CD14,6079.0
GCTTACCTCGTGCTTC-1,6,Mono_CD14,4132.0
GCTTAGTAGAGAGGCT-1,13,B,2934.0
GCTTAGTAGCGAAGTA-1,2,T_CD4,6355.0
GCTTAGTAGGCAAGTA-1,1,T_CD8,2650.0
GCTTAGTAGGCGCTAC-1,13,B,3346.0
GCTTAGTAGGTCCACA-1,6,Mono_CD14,5282.0
GCTTAGTAGTTAGCCG-1,0,T_CD4,2497.0
GCTTAGTAGTTAGCTA-1,0,T_CD4,3275.0
GCTTAGTAGTTAGTGC-1,2,T_CD4,7277.0
GCTTATCGTAGTTACG-1,6,Mono_CD14,4975.0
GCTTATCGTCACACCC-1,0,T_CD4,4037.0
GCTTATCGTGAGAAAC-1,2,T_CD4,3878.0
GCTTATCGTGTTCCCA-1,8,dropped,4511.0
GCTTATCGTTAAGTGT-1,5,NK,2381.0
GCTTATCGTTACCGGG-1,1,T_CD8,2723.0
GCTTATCGTTACTTGC-1,2,T_CD4,5225.0
GCTTATCGTTGCTGGG-1,1,T_CD8,3211.0
GCTTATCGTTGTAAAC-1,6,Mono_CD14,5405.0
GCTTATCGTTTCAGGA-1,0,T_CD4,1130.0
GCTTCGCGTCAAGACC-1,1,T_CD8,3870.0
GCTTCGCGTCATCATC-1,7,Mono_CD14,4483.0
GCTTCGCGTCTAGCTT-1,0,T_CD4,5395.0
GCTTCGCGTGACATAT-1,1,T_CD8,1861.0
GCTTCGCGTGGAGCAA-1,2,T_CD4,1676.0
GCTTCGCGTGTTGTAG-1,0,T_CD4,2551.0
GCTTCGCGTTGCTGGG-1,0,T_CD4,3693.0
GCTTGACCACCTAATG-1,2,T_CD4,4232.0
GCTTGACCACCTGCCT-1,2,T_CD4,3349.0
GCTTGACCAGCAACCT-1,0,T_CD4,3275.0
GCTTGACCATCATGGC-1,1,T_CD8,3442.0
GCTTGACCATCTAGCA-1,0,T_CD4,2442.0
GCTTGACCATTAAAGG-1,8,dropped,5386.0
GCTTGTTGTAATCGCA-1,15,T_CD8,2736.0
GCTTGTTGTCCTTCAG-1,15,T_CD8,3510.0
GCTTGTTGTTAGCATG-1,15,T_CD8,1505.0
GCTTGTTGTTCATTTG-1,10,NK,3203.0
GCTTGTTGTTCTTTAG-1,13,B,3277.0
GCTTGTTGTTTATCGC-1,6,Mono_CD14,2742.0
GCTTTACGTCACCTAT-1,7,Mono_CD14,8089.0
GCTTTACGTCTCAGCC-1,7,Mono_CD14,3346.0
GCTTTACGTGAGGTAG-1,6,Mono_CD14,3528.0
GCTTTACGTTTCCGGC-1,13,B,2458.0
GCTTTATTCGCTAGAT-1,0,T_CD4,4495.0
GCTTTCATCAATCATG-1,11,DC,13955.0
GCTTTCATCATGTGGT-1,0,T_CD4,2479.0
GCTTTCATCGCTCACT-1,2,T_CD4,4318.0
GCTTTCATCGGTTCCT-1,3,Mono_CD14,1943.0
GCTTTGTGTACCGTAA-1,7,Mono_CD14,3333.0
GCTTTGTGTCCTTTAA-1,10,NK,4965.0
GCTTTGTGTGTAATAC-1,8,dropped,9115.0
GGAAACTCAAAGCCTC-1,4,Mono_CD16,6928.0
GGAAACTCAAGGGTTG-1,1,T_CD8,2516.0
GGAAACTCACAAGCCT-1,0,T_CD4,4343.0
GGAAACTCACAGCCTG-1,6,Mono_CD14,2553.0
GGAAACTCACAGGATG-1,3,Mono_CD14,1710.0
GGAAACTCACCTGGTG-1,15,T_CD8,2721.0
GGAAACTCACGTAATT-1,2,T_CD4,2388.0
GGAAACTCAGCTAATT-1,3,Mono_CD14,2244.0
GGAAACTCAGGCCAAA-1,0,T_CD4,4648.0
GGAAACTCATAGCTTG-1,0,T_CD4,2757.0
GGAAACTCATCAATCG-1,6,Mono_CD14,7898.0
GGAAACTCATCGCTTT-1,2,T_CD4,4843.0
GGAACAATCATGGCCA-1,1,T_CD8,4002.0
GGAACAATCCGTTAAA-1,6,Mono_CD14,4494.0
GGAACAATCGCATTAA-1,10,NK,3771.0
GGAACAATCGCTCACT-1,7,Mono_CD14,6007.0
GGAACAATCGGTCAAT-1,16,pDC,6884.0
GGAACCACAAAGCCTC-1,15,T_CD8,3242.0
GGAACCACAAAGCTCC-1,1,T_CD8,3243.0
GGAACCACAACCCTCC-1,0,T_CD4,2614.0
GGAACCACAATCTCTC-1,1,T_CD8,2745.0
GGAACCACATTGTGGC-1,7,Mono_CD14,6681.0
GGAACCTGTTGGCCGA-1,1,T_CD8,2316.0
GGAACCTGTTTACGTC-1,10,NK,4351.0
GGAACCTGTTTCAGGA-1,7,Mono_CD14,7402.0
GGAACGGTCAATGAGG-1,2,T_CD4,2740.0
GGAACGGTCCGCCTAT-1,6,Mono_CD14,5282.0
GGAACGGTCCTTGCGT-1,0,T_CD4,2476.0
GGAACGGTCTGGCTTC-1,8,dropped,6719.0
GGAACGGTCTTAGCCC-1,8,dropped,13772.0
GGAACTAAGAAAGCAT-1,16,pDC,5505.0
GGAACTAAGGGTGGAT-1,6,Mono_CD14,3977.0
GGAACTAAGGGTTATC-1,13,B,3362.0
GGAACTAAGTCTGGGC-1,8,dropped,5725.0
GGAACTAAGTGGACAA-1,2,T_CD4,4114.0
GGAAGCTAGATAAAGC-1,2,T_CD4,2895.0
GGAAGCTAGCACGTTG-1,5,NK,2743.0
GGAAGCTAGCATCCAG-1,0,T_CD4,2823.0
GGAAGCTAGCTGTAAC-1,1,T_CD8,2766.0
GGAAGCTAGGGACTAA-1,6,Mono_CD14,2068.0
GGAAGCTAGGGCCACT-1,0,T_CD4,3091.0
GGAAGCTAGTGAGCAA-1,6,Mono_CD14,3437.0
GGAAGCTAGTGAGGGT-1,2,T_CD4,3582.0
GGAAGCTAGTTGGATC-1,2,T_CD4,2538.0
GGAAGTATCAGAAACG-1,6,Mono_CD14,5602.0
GGAAGTATCCTCACTA-1,5,NK,4261.0
GGAAGTATCGCTCCAT-1,2,T_CD4,3811.0
GGAAGTATCTGCAAAC-1,0,T_CD4,2038.0
GGAAGTATCTTGGATA-1,2,T_CD4,5887.0
GGAATCTTCAAAGGCA-1,2,T_CD4,2995.0
GGAATCTTCACAGCGC-1,0,T_CD4,1690.0
GGAATCTTCACAGGAA-1,6,Mono_CD14,5331.0
GGAATCTTCTACCTAT-1,2,T_CD4,3892.0
GGACAGCCAAGGTGGC-1,1,T_CD8,3808.0
GGACAGCCAATCGCAC-1,4,Mono_CD16,8407.0
GGACAGCCACGAATCC-1,2,T_CD4,3915.0
GGACAGCCACTGACCG-1,13,B,3581.0
GGACAGCCAGATTCAT-1,0,T_CD4,2109.0
GGACAGCCAGCGCTTG-1,5,NK,2529.0
GGACAGCCATACTCCT-1,13,B,3986.0
GGACAGCCATAGCTGC-1,6,Mono_CD14,5494.0
GGACATAAGGAGGGTT-1,5,NK,3131.0
GGACATAAGGGATGCG-1,7,Mono_CD14,4020.0
GGACATAAGTTAGTTG-1,2,T_CD4,4045.0
GGACATAAGTTGCGTG-1,2,T_CD4,4441.0
GGACCGAAGACTCGCA-1,0,T_CD4,2560.0
GGACCGAAGCGCTAAT-1,1,T_CD8,2521.0
GGACCGAAGCTGAGGG-1,6,Mono_CD14,3572.0
GGACCGAAGGCGCACT-1,1,T_CD8,2342.0
GGACCGAAGTTGCGTG-1,0,T_CD4,2076.0
GGACCTCAGACCATAC-1,2,T_CD4,3168.0
GGACCTCAGACTTATG-1,3,Mono_CD14,2177.0
GGACCTCAGATAAAGC-1,5,NK,2598.0
GGACCTCAGGCACAGG-1,13,B,1061.0
GGACCTCAGGGCTTTG-1,4,Mono_CD16,5636.0
GGACCTCAGTCTTGAA-1,0,T_CD4,2472.0
GGACGAAGTACGGGTT-1,13,B,2820.0
GGACGAAGTTAGGATT-1,0,T_CD4,2062.0
GGACGAAGTTTAACGG-1,6,Mono_CD14,5181.0
GGACGGATCAGGCTAT-1,13,B,3247.0
GGACGGATCATGCTAA-1,3,Mono_CD14,1035.0
GGACGGATCCAATTAG-1,13,B,2614.0
GGACGGATCGGCTATG-1,15,T_CD8,3589.0
GGACGGATCTAATTGG-1,1,T_CD8,4115.0
GGACGGATCTCAATAG-1,1,T_CD8,3468.0
GGACGGATCTCCTCTT-1,4,Mono_CD16,7820.0
GGACGGATCTGGCTTC-1,15,T_CD8,4564.0
GGACGGATCTTGAGCG-1,6,Mono_CD14,3663.0
GGACTAAAGCTACTGG-1,15,T_CD8,3344.0
GGACTAAAGCTTAACA-1,2,T_CD4,2439.0
GGACTAAAGGAACACA-1,13,B,5413.0
GGACTAAAGGCTTAAC-1,0,T_CD4,3487.0
GGACTAAAGGTCATTA-1,5,NK,4829.0
GGACTAAAGTCAATCA-1,15,T_CD8,2753.0
GGACTAAAGTCCTTCA-1,15,T_CD8,3930.0
GGACTAAAGTGAGGTA-1,2,T_CD4,3887.0
GGACTAAAGTGTGATC-1,2,T_CD4,2864.0
GGAGCAAGTACCAGGT-1,6,Mono_CD14,3035.0
GGAGCAAGTCTTTGAC-1,15,T_CD8,2481.0
GGAGCAAGTGAGACTC-1,11,DC,3133.0
GGAGCAAGTGTGAGAG-1,6,Mono_CD14,2621.0
GGAGCAAGTTATAGCG-1,0,T_CD4,2405.0
GGAGCAAGTTTGGGCG-1,6,Mono_CD14,4331.0
GGAGCATAGACAACGA-1,10,NK,3363.0
GGAGCATAGCCGCTTT-1,7,Mono_CD14,6877.0
GGAGCATAGGACAATG-1,1,T_CD8,2655.0
GGAGCATAGGCCGGAA-1,2,T_CD4,2068.0
GGAGCATAGGTCCTGA-1,12,dropped,6021.0
GGAGCATAGTCTGGGC-1,5,NK,2699.0
GGAGCATAGTTAGACC-1,2,T_CD4,3603.0
GGAGCGATCACGCATG-1,6,Mono_CD14,5377.0
GGAGCGATCACTTTAC-1,1,T_CD8,1253.0
GGAGCGATCAGCATTA-1,7,Mono_CD14,4500.0
GGAGCGATCCACCTGT-1,4,Mono_CD16,6408.0
GGAGCGATCCTAGTTT-1,10,NK,6872.0
GGAGCGATCCTTGCGT-1,2,T_CD4,3266.0
GGAGCGATCGATTTGA-1,0,T_CD4,1726.0
GGAGCGATCTACTAAG-1,2,T_CD4,5027.0
GGAGCGATCTTTAGGA-1,6,Mono_CD14,4194.0
GGAGGTTAGACACTTA-1,8,dropped,11376.0
GGAGGTTAGATAGACG-1,6,Mono_CD14,4389.0
GGAGGTTAGCATGTTA-1,0,T_CD4,1956.0
GGAGGTTAGGAAGCTA-1,15,T_CD8,2454.0
GGAGGTTAGGCCCAGT-1,2,T_CD4,1603.0
GGAGGTTAGGCCGGAA-1,2,T_CD4,3575.0
GGAGGTTAGGTAACGA-1,6,Mono_CD14,5495.0
GGAGGTTAGTCACTAA-1,15,T_CD8,1913.0
GGAGTCTGTCGTTATC-1,8,dropped,9348.0
GGAGTCTGTGAGCAAG-1,1,T_CD8,3724.0
GGAGTCTGTTGGTTGA-1,2,T_CD4,2113.0
GGAGTCTGTTGTAAAC-1,2,T_CD4,4775.0
GGAGTCTGTTTAGCTC-1,0,T_CD4,3261.0
GGAGTGAGTCATAACG-1,1,T_CD8,3359.0
GGAGTGAGTGACATAT-1,7,Mono_CD14,3782.0
GGAGTGAGTTGGTGAC-1,10,NK,3514.0
GGATAACCAATCTCTC-1,2,T_CD4,6696.0
GGATAACCAATGCCCG-1,2,T_CD4,3684.0
GGATAACCAATTAGGA-1,15,T_CD8,2777.0
GGATAACCACTGACTA-1,0,T_CD4,2026.0
GGATAACCAGATTCAT-1,13,B,6582.0
GGATAACCAGTTAAAG-1,2,T_CD4,3829.0
GGATAACCATGCTTAG-1,6,Mono_CD14,6037.0
GGATACTTCACGCATG-1,6,Mono_CD14,8382.0
GGATACTTCATAACGC-1,5,NK,4374.0
GGATACTTCCATAAGC-1,7,Mono_CD14,6057.0
GGATACTTCGAGGAAC-1,2,T_CD4,3839.0
GGATACTTCGGGATTT-1,7,Mono_CD14,5266.0
GGATACTTCTCATCAT-1,5,NK,3480.0
GGATACTTCTGTGCAG-1,1,T_CD8,2919.0
GGATATTGTGAACAAA-1,3,Mono_CD14,317.0
GGATGAATCATGCAAC-1,2,T_CD4,2547.0
GGATGAATCATGGCCA-1,6,Mono_CD14,6924.0
GGATGAATCCATAAGC-1,6,Mono_CD14,5662.0
GGATGAATCCTAATTC-1,15,T_CD8,3594.0
GGATGAATCGCGACAC-1,3,Mono_CD14,2199.0
GGATGAATCTACTAAG-1,6,Mono_CD14,4724.0
GGATGAATCTGGCAAT-1,7,Mono_CD14,3615.0
GGATGGCCAACCTAAT-1,0,T_CD4,2480.0
GGATGGCCAACCTGGT-1,15,T_CD8,4482.0
GGATGGCCAATTAGCT-1,0,T_CD4,2256.0
GGATGGCCACCTCAGG-1,0,T_CD4,2346.0
GGATGGCCACCTGTAA-1,11,DC,6356.0
GGATGGCCAGGCATCT-1,15,T_CD8,5380.0
GGATGGCCAGTAGGTG-1,1,T_CD8,4227.0
GGATGGCCATCGCTCC-1,15,T_CD8,4479.0
GGATGGCCATGAGCAG-1,6,Mono_CD14,6219.0
GGATGTAAGACACTTA-1,6,Mono_CD14,4436.0
GGATGTAAGGAACGCG-1,4,Mono_CD16,4873.0
GGATGTAAGGGCCACT-1,6,Mono_CD14,3914.0
GGATGTAAGGGTGAAC-1,1,T_CD8,4737.0
GGATGTAAGTCATTAG-1,6,Mono_CD14,4836.0
GGATTATGTAATCCCT-1,5,NK,3030.0
GGATTATGTACCCACC-1,1,T_CD8,3401.0
GGATTATGTATTGTCC-1,15,T_CD8,3342.0
GGATTATGTGAACAAA-1,8,dropped,7833.0
GGATTATGTGCAATAT-1,0,T_CD4,2353.0
GGATTATGTGCTCACC-1,0,T_CD4,2686.0
GGATTATGTGGCTTCC-1,1,T_CD8,1838.0
GGATTATGTTGCCTCA-1,0,T_CD4,3264.0
GGATTATGTTGCTGGG-1,8,dropped,11353.0
GGATTATGTTTCCTCC-1,7,Mono_CD14,5024.0
GGATTCAGTATTCGTC-1,2,T_CD4,2622.0
GGATTCAGTGCTCCAC-1,2,T_CD4,8810.0
GGATTCAGTTATTGCC-1,7,Mono_CD14,5094.0
GGATTCAGTTTAGCGA-1,13,B,3412.0
GGATTCAGTTTGGGCG-1,2,T_CD4,3827.0
GGATTGCGTAATAACC-1,13,B,2881.0
GGATTGCGTGGGAACA-1,1,T_CD8,3729.0
GGATTGCGTTGCAATG-1,1,T_CD8,6848.0
GGATTTATCAAGACTC-1,2,T_CD4,3275.0
GGATTTATCACTAATG-1,0,T_CD4,3129.0
GGATTTATCCCTCACG-1,5,NK,3116.0
GGATTTATCGTACCGA-1,14,dropped,13212.0
GGATTTATCTTCAATC-1,1,T_CD8,5014.0
GGCAAATCAAATGCCC-1,2,T_CD4,4008.0
GGCAAATCAACAGGAT-1,15,T_CD8,3148.0
GGCAAATCAATCTCTC-1,0,T_CD4,2378.0
GGCAAATCACAAAGAC-1,1,T_CD8,4268.0
GGCAAATCACCCACAG-1,6,Mono_CD14,6106.0
GGCAAATCACTCAACA-1,0,T_CD4,2343.0
GGCAAATCAGAACCGA-1,6,Mono_CD14,4996.0
GGCAAATCAGAGGGAG-1,0,T_CD4,1993.0
GGCAAATCAGGAATCG-1,1,T_CD8,2540.0
GGCAAATCATATTGAC-1,15,T_CD8,3686.0
GGCAAATCATCCAGGT-1,2,T_CD4,6651.0
GGCAAATCATGATTGT-1,1,T_CD8,3155.0
GGCAAATCATTATGCG-1,0,T_CD4,2854.0
GGCAAGCCAACATAAG-1,7,Mono_CD14,3826.0
GGCAAGCCAATCCCTT-1,7,Mono_CD14,5567.0
GGCAAGCCACAGGATG-1,2,T_CD4,7280.0
GGCAAGCCAGAATGAC-1,6,Mono_CD14,3864.0
GGCAAGCCAGCCAGAA-1,2,T_CD4,2436.0
GGCAAGCCAGCTAACC-1,1,T_CD8,3863.0
GGCAAGCCATGAGTTT-1,11,DC,6070.0
GGCAATCGTCAGGAAG-1,1,T_CD8,2003.0
GGCAATCGTCATAACG-1,6,Mono_CD14,6627.0
GGCAATCGTGAGGTAG-1,6,Mono_CD14,3063.0
GGCAATCGTGATGAGG-1,7,Mono_CD14,3009.0
GGCAATCGTGTGAGAG-1,15,T_CD8,2979.0
GGCAATCGTTGCCTCA-1,15,T_CD8,942.0
GGCAATCGTTTGACCT-1,7,Mono_CD14,6660.0
GGCAGGATCAACAAGG-1,1,T_CD8,2621.0
GGCAGGATCATCCTAT-1,3,Mono_CD14,927.0
GGCAGGATCCTTGTTG-1,2,T_CD4,4049.0
GGCAGGATCGTGCCTT-1,6,Mono_CD14,2700.0
GGCAGGATCGTGCTTC-1,2,T_CD4,2482.0
GGCATGGAGCAAGGTA-1,8,dropped,6011.0
GGCATGGAGCTATGAC-1,7,Mono_CD14,5633.0
GGCATGGAGCTTCCCG-1,1,T_CD8,3619.0
GGCATGGAGGCTTAGT-1,2,T_CD4,3528.0
GGCATGGAGTAAGAAC-1,1,T_CD8,3926.0
GGCATGGAGTTCCCAC-1,7,Mono_CD14,5682.0
GGCATGGAGTTGGCCA-1,7,Mono_CD14,6353.0
GGCATGGAGTTTGCGG-1,10,NK,5470.0
GGCATTAGTAGCCTAA-1,15,T_CD8,2958.0
GGCATTAGTGATCATG-1,4,Mono_CD16,5992.0
GGCATTAGTGCTGGTG-1,6,Mono_CD14,5288.0
GGCATTAGTTGTGATG-1,0,T_CD4,3337.0
GGCATTAGTTTAACGG-1,10,NK,4516.0
GGCATTGTCAGGTTTA-1,1,T_CD8,3812.0
GGCATTGTCATTACGA-1,2,T_CD4,3243.0
GGCATTGTCCTCACAC-1,4,Mono_CD16,3450.0
GGCATTGTCGTCCTTA-1,0,T_CD4,3054.0
GGCATTGTCTCACAAA-1,6,Mono_CD14,4467.0
GGCATTGTCTTAGGAC-1,2,T_CD4,3072.0
GGCCAACTCAATGTCA-1,16,pDC,6467.0
GGCCAACTCCCGTTTA-1,2,T_CD4,6282.0
GGCCAACTCCCTCACG-1,5,NK,3342.0
GGCCAACTCCTCATGC-1,6,Mono_CD14,4154.0
GGCCAACTCGCTCCAT-1,15,T_CD8,4690.0
GGCCAACTCTTAGTCT-1,7,Mono_CD14,7093.0
GGCCAGTTCTTGTCCA-1,7,Mono_CD14,5497.0
GGCCATCAGGCTAGAA-1,0,T_CD4,2518.0
GGCCATCAGTCACCTC-1,1,T_CD8,1167.0
GGCCGTTAGCAACAAG-1,2,T_CD4,2486.0
GGCCGTTAGCATGGTT-1,15,T_CD8,3178.0
GGCCGTTAGGCCTAAT-1,2,T_CD4,3933.0
GGCCGTTAGTCTGGGC-1,3,Mono_CD14,124.0
GGCCGTTAGTCTTGAA-1,16,pDC,4121.0
GGCCTAATCATCCTCA-1,13,B,5417.0
GGCCTAATCCAGGTCA-1,7,Mono_CD14,6005.0
GGCCTAATCCCTCACG-1,15,T_CD8,4338.0
GGCCTAATCCCTGTTA-1,2,T_CD4,4563.0
GGCCTAATCCGTCCAT-1,6,Mono_CD14,4105.0
GGCCTAATCGATATTG-1,7,Mono_CD14,4354.0
GGCCTAATCTAGCTTT-1,15,T_CD8,5636.0
GGCCTAATCTTAGGGT-1,17,dropped,7803.0
GGCCTCTGTAGTTACG-1,2,T_CD4,4801.0
GGCCTCTGTCCGGTTC-1,7,Mono_CD14,8155.0
GGCCTCTGTCCTCCAA-1,2,T_CD4,2241.0
GGCCTCTGTCTTTGAC-1,0,T_CD4,3135.0
GGCCTCTGTTATGTGG-1,1,T_CD8,3072.0
GGCCTCTGTTGGATCA-1,6,Mono_CD14,3599.0
GGCCTCTGTTGTTGTC-1,6,Mono_CD14,7017.0
GGCCTTAAGATAGACG-1,0,T_CD4,3583.0
GGCCTTAAGCTTCCCG-1,7,Mono_CD14,5229.0
GGCCTTAAGTTGTCCC-1,8,dropped,10331.0
GGCCTTCGTAACAGGG-1,7,Mono_CD14,2145.0
GGCCTTCGTCACAGCG-1,2,T_CD4,2416.0
GGCCTTCGTCACCAAA-1,15,T_CD8,3197.0
GGCCTTCGTGCACGCA-1,2,T_CD4,2504.0
GGCGATACAAGCGAGC-1,13,B,3409.0
GGCGATACACGCAACT-1,2,T_CD4,3413.0
GGCGATACAGCTCATA-1,2,T_CD4,4883.0
GGCGATACAGTATGTT-1,2,T_CD4,4514.0
GGCGATACATAATCCG-1,13,B,2836.0
GGCGATACATAATGTC-1,6,Mono_CD14,5243.0
GGCGATACATCACTTC-1,6,Mono_CD14,5316.0
GGCGATACATTGCAGC-1,0,T_CD4,2127.0
GGCGCTAGTCCGGTTC-1,2,T_CD4,2653.0
GGCGCTAGTGGACATC-1,13,B,2599.0
GGCGCTAGTGTAATAC-1,7,Mono_CD14,4294.0
GGCGCTAGTTCGCGCT-1,6,Mono_CD14,5350.0
GGCGGTAAGAGAAGGG-1,3,Mono_CD14,1970.0
GGCGGTAAGCTTACTT-1,7,Mono_CD14,4206.0
GGCGGTAAGGCTATGT-1,1,T_CD8,3228.0
GGCGGTAAGGGCCACT-1,0,T_CD4,2497.0
GGCGGTAAGTACCGCA-1,0,T_CD4,3276.0
GGCGGTAAGTAGCGCC-1,2,T_CD4,3859.0
GGCGGTAAGTCATTAG-1,2,T_CD4,2657.0
GGCGGTTTCAAACCGT-1,0,T_CD4,3036.0
GGCGGTTTCAGCACGC-1,6,Mono_CD14,7318.0
GGCGGTTTCAGGTTTA-1,15,T_CD8,3429.0
GGCGGTTTCGATTTAG-1,7,Mono_CD14,6001.0
GGCGGTTTCGGGACTC-1,15,T_CD8,2660.0
GGCGGTTTCTTCAATC-1,6,Mono_CD14,3544.0
GGCGTTATCACGAATC-1,5,NK,3288.0
GGCGTTATCGCTATAA-1,6,Mono_CD14,3618.0
GGCGTTATCGGTTTGG-1,5,NK,3079.0
GGCGTTATCTGTAATG-1,8,dropped,7037.0
GGCTAGACAAAGCTAA-1,2,T_CD4,3379.0
GGCTAGACACAAAGCG-1,4,Mono_CD16,4686.0
GGCTAGACAGACAAAC-1,2,T_CD4,4144.0
GGCTAGACATCACAGC-1,5,NK,3924.0
GGCTAGACATTGTGAT-1,7,Mono_CD14,4137.0
GGCTAGTGTACGCGCA-1,3,Mono_CD14,379.0
GGCTAGTGTCACGGAT-1,5,NK,2336.0
GGCTAGTGTGAGGTAG-1,0,T_CD4,3178.0
GGCTAGTGTGGAAGGC-1,6,Mono_CD14,1554.0
GGCTAGTGTGTCCAAA-1,2,T_CD4,2092.0
GGCTATGTCACTAGGT-1,4,Mono_CD16,5760.0
GGCTATGTCCCGAAGC-1,0,T_CD4,3279.0
GGCTATGTCCCTGGTT-1,8,dropped,11867.0
GGCTATGTCCGTGACA-1,1,T_CD8,3241.0
GGCTATGTCGCAGGCT-1,16,pDC,3913.0
GGCTATGTCGCTTCTA-1,0,T_CD4,2233.0
GGCTATGTCGGTCAAT-1,7,Mono_CD14,5512.0
GGCTATGTCTCGCCTG-1,6,Mono_CD14,4433.0
GGCTATGTCTTTAGGA-1,0,T_CD4,3663.0
GGCTATTAGCCACAAT-1,0,T_CD4,3290.0
GGCTATTAGCTCAATA-1,6,Mono_CD14,3152.0
GGCTATTAGGGACTAA-1,13,B,3254.0
GGCTATTAGGGCCACT-1,1,T_CD8,4778.0
GGCTATTAGTCATTGA-1,1,T_CD8,4033.0
GGCTCAATCACAGCGC-1,15,T_CD8,2941.0
GGCTCAATCCACAATA-1,1,T_CD8,2121.0
GGCTCAATCCCTCTAA-1,0,T_CD4,3147.0
GGCTCAATCGAGCAAA-1,1,T_CD8,3392.0
GGCTCAATCGCAACAT-1,13,B,5207.0
GGCTCAATCTTGGACG-1,1,T_CD8,3204.0
GGCTCACAGTAACCCG-1,13,B,6811.0
GGCTCACAGTTGGCCA-1,2,T_CD4,3287.0
GGCTGAGAGAAGGTGC-1,0,T_CD4,1554.0
GGCTGAGAGCCTCTGT-1,4,Mono_CD16,4303.0
GGCTGAGAGGACCGCT-1,15,T_CD8,2799.0
GGCTGAGAGGATAAAC-1,0,T_CD4,4180.0
GGCTGAGAGGCATTGT-1,0,T_CD4,3980.0
GGCTGAGAGTCATTGA-1,1,T_CD8,3578.0
GGCTGGTTCCAGGAAA-1,9,dropped,9421.0
GGCTGTCAGCTGGAAA-1,7,Mono_CD14,3225.0
GGCTGTCAGCTTACTT-1,1,T_CD8,3188.0
GGCTGTCAGGAGGCAT-1,6,Mono_CD14,4418.0
GGCTGTCAGGGATGAC-1,15,T_CD8,3576.0
GGCTGTCAGGGTGGAT-1,15,T_CD8,3108.0
GGCTGTCAGTCCTTCA-1,6,Mono_CD14,4870.0
GGCTTAAGTAGGATCC-1,2,T_CD4,3101.0
GGCTTAAGTCAATACG-1,15,T_CD8,3674.0
GGCTTAAGTCATCCTG-1,2,T_CD4,7960.0
GGCTTAAGTCATGCAA-1,2,T_CD4,3663.0
GGCTTAAGTCCTTCAG-1,2,T_CD4,3136.0
GGCTTAAGTGTTGCTT-1,6,Mono_CD14,3643.0
GGCTTAAGTTAGCAGC-1,6,Mono_CD14,3874.0
GGCTTCAAGCTATATG-1,2,T_CD4,3571.0
GGCTTCAAGCTCAATA-1,6,Mono_CD14,3289.0
GGCTTCAAGCTTTGTT-1,0,T_CD4,3157.0
GGCTTCAAGGAAGCAC-1,0,T_CD4,2044.0
GGCTTCAAGGAGTCTT-1,7,Mono_CD14,4519.0
GGCTTCAAGGCGGGTA-1,5,NK,2515.0
GGGAATATCAAACCTA-1,12,dropped,5760.0
GGGAATATCATCCTCA-1,0,T_CD4,3223.0
GGGAATATCATTACTC-1,2,T_CD4,4380.0
GGGAATATCCAATAGC-1,2,T_CD4,6493.0
GGGAATATCCTCATGC-1,6,Mono_CD14,2177.0
GGGAATATCGTTTCGC-1,2,T_CD4,1311.0
GGGAATATCTGCAAGT-1,1,T_CD8,3615.0
GGGAATATCTTAATGG-1,13,B,2762.0
GGGAGTAGTACCCACC-1,0,T_CD4,2820.0
GGGAGTAGTACCGTTT-1,5,NK,2264.0
GGGAGTAGTAGGTTGC-1,6,Mono_CD14,5669.0
GGGAGTAGTATGGTGC-1,1,T_CD8,2737.0
GGGAGTAGTCCTCCAA-1,1,T_CD8,3305.0
GGGAGTAGTTAATGCG-1,2,T_CD4,3950.0
GGGAGTAGTTCCAGGG-1,2,T_CD4,3386.0
GGGATAATCAGAAACG-1,15,T_CD8,2995.0
GGGATAATCAGCAAGA-1,11,DC,8215.0
GGGATAATCCAAGTTA-1,8,dropped,5772.0
GGGATAATCGAGGAAC-1,6,Mono_CD14,6923.0
GGGATAATCGAGGAGT-1,0,T_CD4,2766.0
GGGATAATCGCGCTAA-1,2,T_CD4,4993.0
GGGATAATCGGTTTGG-1,7,Mono_CD14,4292.0
GGGATAATCGTTAGTA-1,13,B,3815.0
GGGATTAAGACAAAGT-1,13,B,2977.0
GGGATTAAGCATGAAG-1,1,T_CD8,3220.0
GGGATTAAGCCTCTGT-1,0,T_CD4,10226.0
GGGATTAAGCGCAATT-1,5,NK,3110.0
GGGATTAAGGATCACT-1,1,T_CD8,2720.0
GGGATTAAGTATTGGC-1,1,T_CD8,2025.0
GGGATTAAGTCACTAA-1,1,T_CD8,4827.0
GGGCAATAGACAAGTG-1,6,Mono_CD14,3300.0
GGGCAATAGTAAGTCC-1,7,Mono_CD14,4771.0
GGGCAATAGTTAGAGG-1,7,Mono_CD14,7892.0
GGGCAATAGTTCCTCA-1,2,T_CD4,4224.0
GGGCATGAGTAAGTGG-1,1,T_CD8,2896.0
GGGCATGAGTAGCTTA-1,13,B,3751.0
GGGCATTGTAACCACA-1,15,T_CD8,4085.0
GGGCATTGTAGGTTTG-1,7,Mono_CD14,4111.0
GGGCATTGTAGTTACG-1,1,T_CD8,2622.0
GGGCATTGTATTCGCT-1,0,T_CD4,3428.0
GGGCATTGTCCTAACT-1,5,NK,2761.0
GGGCATTGTGCAATAT-1,8,dropped,7657.0
GGGCATTGTGCATTAG-1,0,T_CD4,2035.0
GGGCATTGTGCGCGTA-1,15,T_CD8,2293.0
GGGCATTGTTTCAGGA-1,6,Mono_CD14,2658.0
GGGCCTAGTAACCACA-1,2,T_CD4,3876.0
GGGCCTAGTACCGTAA-1,15,T_CD8,4657.0
GGGCCTAGTGTCCAGG-1,2,T_CD4,6976.0
GGGCCTAGTTGAGGTC-1,2,T_CD4,2510.0
GGGCCTAGTTGCTTCG-1,2,T_CD4,3857.0
GGGCCTAGTTTGTGGA-1,2,T_CD4,3441.0
GGGCGAATCAGGTCCA-1,0,T_CD4,2479.0
GGGCGAATCATGGCCA-1,13,B,4389.0
GGGCGAATCCAGGGAG-1,1,T_CD8,3379.0
GGGCGAATCGGCCAGT-1,0,T_CD4,2917.0
GGGCGAATCGGCTAGC-1,2,T_CD4,4368.0
GGGCGAATCTGTGCAG-1,6,Mono_CD14,4117.0
GGGCTAACAACAGGTG-1,0,T_CD4,2131.0
GGGCTAACAACCCTCC-1,2,T_CD4,5364.0
GGGCTAACAACTAGCC-1,2,T_CD4,3475.0
GGGCTAACACAGGGAC-1,0,T_CD4,3737.0
GGGCTAACACCTAAGC-1,6,Mono_CD14,7702.0
GGGCTAACACCTGCTC-1,10,NK,4577.0
GGGCTAACACTAGCGT-1,3,Mono_CD14,208.0
GGGCTAACACTGGCTG-1,1,T_CD8,3440.0
GGGCTAACAGAAATGC-1,7,Mono_CD14,4547.0
GGGCTAACAGCAAGTG-1,6,Mono_CD14,3138.0
GGGCTAACAGCATGTC-1,2,T_CD4,4438.0
GGGCTAACAGGACCAA-1,0,T_CD4,3573.0
GGGCTAACATTAAGCT-1,2,T_CD4,12743.0
GGGTATTTCCATTACT-1,5,NK,3259.0
GGGTATTTCCCATAAA-1,2,T_CD4,3626.0
GGGTATTTCCCGCAAA-1,2,T_CD4,2763.0
GGGTATTTCCTAATAG-1,13,B,3045.0
GGGTATTTCCTTAGTT-1,0,T_CD4,2521.0
GGGTATTTCGATTTAG-1,6,Mono_CD14,4981.0
GGGTATTTCGGCCATA-1,2,T_CD4,4273.0
GGGTATTTCTCACTAT-1,7,Mono_CD14,7259.0
GGGTCAACAACTAGAA-1,8,dropped,9522.0
GGGTCAACAATTAACC-1,15,T_CD8,3459.0
GGGTCAACACATAGCC-1,16,pDC,5402.0
GGGTCAACATAGTCAT-1,1,T_CD8,2528.0
GGGTCAACATGACTAT-1,2,T_CD4,4400.0
GGGTCACTCCCGTTGT-1,0,T_CD4,2046.0
GGGTCACTCCTAAATG-1,13,B,2362.0
GGGTCACTCGTGCTAG-1,0,T_CD4,2223.0
GGGTCACTCGTTAGCG-1,15,T_CD8,3381.0
GGGTCACTCTAACTGA-1,2,T_CD4,4041.0
GGGTCACTCTTGACCC-1,6,Mono_CD14,3138.0
GGGTGAAGTAGGATCC-1,5,NK,3302.0
GGGTGAAGTATTTGCC-1,15,T_CD8,3652.0
GGGTGAAGTCGCAAAC-1,8,dropped,7583.0
GGGTGAAGTCTAACAG-1,2,T_CD4,3413.0
GGGTGAAGTGCATCGG-1,7,Mono_CD14,2875.0
GGGTGAAGTGTGAGGA-1,7,Mono_CD14,6323.0
GGGTGAAGTGTTGTGA-1,9,dropped,8825.0
GGGTGAAGTTAGGCTA-1,0,T_CD4,2957.0
GGGTGAAGTTCGCTCA-1,1,T_CD8,4085.0
GGGTGAAGTTGTAAAC-1,7,Mono_CD14,3852.0
GGGTGAAGTTGTTGCT-1,6,Mono_CD14,5027.0
GGGTGTTGTCAGGAAG-1,0,T_CD4,2702.0
GGGTGTTGTCATTAGG-1,5,NK,2666.0
GGGTGTTGTCCCGGAA-1,0,T_CD4,2647.0
GGGTGTTGTCCTTCTC-1,7,Mono_CD14,4773.0
GGGTGTTGTGCAACTA-1,5,NK,2398.0
GGGTGTTGTTAATCGG-1,3,Mono_CD14,606.0
GGGTGTTGTTCGCTCA-1,7,Mono_CD14,3686.0
GGGTGTTGTTGCATCT-1,15,T_CD8,2174.0
GGGTGTTGTTTGACCT-1,6,Mono_CD14,3407.0
GGGTGTTGTTTGCTGT-1,6,Mono_CD14,3681.0
GGGTTACGTACCGTAA-1,1,T_CD8,1728.0
GGGTTACGTCAAGTGC-1,1,T_CD8,3531.0
GGGTTACGTGCATTTC-1,2,T_CD4,2569.0
GGGTTACGTGGAAGGC-1,2,T_CD4,3501.0
GGGTTACGTTACAACG-1,6,Mono_CD14,5334.0
GGGTTACGTTATAGCG-1,0,T_CD4,3038.0
GGGTTACGTTGTGACA-1,10,NK,5366.0
GGGTTACGTTTCCTCC-1,1,T_CD8,4794.0
GGGTTATTCACAGCGC-1,12,dropped,7393.0
GGGTTATTCCGTAAAC-1,7,Mono_CD14,5599.0
GGGTTATTCGAAGCGG-1,7,Mono_CD14,5630.0
GGGTTATTCGGTACGC-1,11,DC,20211.0
GGGTTATTCGGTCATG-1,2,T_CD4,3486.0
GGGTTATTCGTGCCTT-1,8,dropped,6916.0
GGGTTATTCTTTAGGA-1,13,B,3772.0
GGGTTTCCAAACTGCC-1,1,T_CD8,2998.0
GGGTTTCCAAGACTCC-1,10,NK,6208.0
GGGTTTCCAGCTTAAT-1,3,Mono_CD14,199.0
GGGTTTCCAGTAGGTG-1,13,B,6556.0
GGGTTTCCAGTTTACG-1,0,T_CD4,5927.0
GGGTTTGTCAAGGACA-1,6,Mono_CD14,4958.0
GGGTTTGTCACTTCAT-1,6,Mono_CD14,3444.0
GGGTTTGTCCGCAACA-1,16,pDC,3916.0
GGGTTTGTCTAAATCG-1,15,T_CD8,3795.0
GGGTTTGTCTAGCTAA-1,13,B,3619.0
GGGTTTGTCTCATCAT-1,2,T_CD4,4275.0
GGGTTTGTCTCCTCTT-1,7,Mono_CD14,5651.0
GGGTTTGTCTTCAATC-1,1,T_CD8,6917.0
GGGTTTGTCTTGAGGT-1,0,T_CD4,2245.0
GGTAAACCAAGCTACC-1,2,T_CD4,3795.0
GGTAAACCAATATGGA-1,2,T_CD4,3951.0
GGTAAACCACAGCCAT-1,15,T_CD8,3618.0
GGTAAACCAGGCCTTG-1,2,T_CD4,3139.0
GGTAACCGTCTTACTA-1,15,T_CD8,3153.0
GGTAACCGTTAGGTTG-1,7,Mono_CD14,5404.0
GGTAACCGTTTCCTCC-1,6,Mono_CD14,4305.0
GGTAACTTCAAACCGT-1,0,T_CD4,3043.0
GGTAACTTCCTTAAGA-1,1,T_CD8,3561.0
GGTAACTTCTTGGACG-1,6,Mono_CD14,5102.0
GGTAAGGGTACTTCAC-1,2,T_CD4,2656.0
GGTAAGGGTCACAAAT-1,8,dropped,7263.0
GGTAAGGGTCACACCC-1,7,Mono_CD14,1995.0
GGTAAGGGTTACGCAA-1,7,Mono_CD14,3495.0
GGTAAGGGTTAGACCA-1,2,T_CD4,3468.0
GGTAAGGGTTGGATAT-1,6,Mono_CD14,2360.0
GGTAATTGTAACGTGC-1,8,dropped,8601.0
GGTAATTGTAGCCTCC-1,6,Mono_CD14,6428.0
GGTAATTGTTTGTCTA-1,15,T_CD8,3221.0
GGTACAAAGCTGGAAA-1,6,Mono_CD14,3332.0
GGTACAAAGCTGGACC-1,7,Mono_CD14,4050.0
GGTACAAAGCTGTAAC-1,2,T_CD4,3150.0
GGTACAAAGGCTGGCT-1,0,T_CD4,2278.0
GGTACAAAGTAAGTCC-1,0,T_CD4,2187.0
GGTACAAAGTTATCTC-1,0,T_CD4,3449.0
GGTACAAAGTTATTCC-1,6,Mono_CD14,6695.0
GGTACCGGTAAGCACC-1,15,T_CD8,3724.0
GGTACCGGTACGGTAC-1,8,dropped,9278.0
GGTACCGGTAGGTTGC-1,13,B,3599.0
GGTACCGGTATGGTGC-1,1,T_CD8,3384.0
GGTACCGGTGGGTACT-1,11,DC,9491.0
GGTACCGGTTAACAGT-1,2,T_CD4,4922.0
GGTACCGGTTGCGGAT-1,1,T_CD8,2972.0
GGTACCGGTTTCCGGC-1,15,T_CD8,3453.0
GGTACTAGTACCAGGT-1,13,B,3075.0
GGTACTAGTGACATGC-1,6,Mono_CD14,4718.0
GGTACTAGTGAGGTGA-1,13,B,3507.0
GGTACTAGTTTAGCGA-1,4,Mono_CD16,5833.0
GGTACTTAGAAAGCAT-1,7,Mono_CD14,13641.0
GGTACTTAGACAAGTG-1,17,dropped,16387.0
GGTACTTAGCAAGGTA-1,2,T_CD4,4796.0
GGTACTTAGCGGTTAT-1,1,T_CD8,3732.0
GGTACTTAGCTTAGTA-1,1,T_CD8,4138.0
GGTACTTAGTCATTAG-1,1,T_CD8,2929.0
GGTACTTAGTTAACCA-1,7,Mono_CD14,5051.0
GGTACTTAGTTCCCGT-1,1,T_CD8,3763.0
GGTACTTAGTTGCCTC-1,6,Mono_CD14,5566.0
GGTAGGAGTATTGTGG-1,15,T_CD8,3201.0
GGTAGGAGTCTAGCTT-1,15,T_CD8,2827.0
GGTAGGAGTGACATGC-1,1,T_CD8,2979.0
GGTAGGAGTTAAGTGT-1,10,NK,6913.0
GGTAGGAGTTAGCTGA-1,4,Mono_CD16,6571.0
GGTAGGAGTTAGTTGG-1,7,Mono_CD14,5132.0
GGTATGTTCAAACACC-1,5,NK,3553.0
GGTATGTTCACAAGCT-1,0,T_CD4,2104.0
GGTATGTTCACAGCGC-1,2,T_CD4,4073.0
GGTATGTTCCAAGTTA-1,11,DC,10967.0
GGTATGTTCCAATTAG-1,4,Mono_CD16,7668.0
GGTATGTTCCATTACT-1,6,Mono_CD14,2843.0
GGTATGTTCCTAAGGT-1,0,T_CD4,2430.0
GGTATGTTCCTCATGC-1,6,Mono_CD14,3130.0
GGTATGTTCGGTTCCT-1,15,T_CD8,2359.0
GGTATGTTCGTTAACA-1,0,T_CD4,2757.0
GGTATGTTCTGGTCCT-1,6,Mono_CD14,5054.0
GGTATTGGTATTGGAT-1,7,Mono_CD14,5136.0
GGTATTGGTCTATCGT-1,2,T_CD4,3776.0
GGTATTGGTGATGAAA-1,13,B,2577.0
GGTATTGGTGCTGTAA-1,6,Mono_CD14,3332.0
GGTATTGGTGGGAACA-1,0,T_CD4,1942.0
GGTATTGGTGTGAGAG-1,0,T_CD4,3131.0
GGTATTGGTTACGCGG-1,15,T_CD8,2849.0
GGTATTGGTTGCGCGA-1,2,T_CD4,4451.0
GGTATTGGTTTCCTCC-1,2,T_CD4,4298.0
GGTATTTCAACTGGGA-1,2,T_CD4,3563.0
GGTATTTCAATAGCCC-1,0,T_CD4,2090.0
GGTATTTCAATATGGA-1,5,NK,4083.0
GGTATTTCACAAAGCG-1,13,B,2710.0
GGTATTTCACAAGCCT-1,1,T_CD8,2562.0
GGTATTTCAGACAAAC-1,13,B,2339.0
GGTATTTCAGGCCATT-1,6,Mono_CD14,4801.0
GGTATTTCAGTCTATG-1,7,Mono_CD14,5240.0
GGTATTTCATCTAGCA-1,11,DC,8893.0
GGTATTTCATTAGGCC-1,2,T_CD4,3629.0
GGTCAAGCAAGTGAAC-1,0,T_CD4,935.0
GGTCAAGCAATCCTGA-1,5,NK,3996.0
GGTCAAGCACATAGCC-1,10,NK,3579.0
GGTCAAGCACCTACTT-1,6,Mono_CD14,4548.0
GGTCAAGCAGCTTACA-1,13,B,4462.0
GGTCAAGCATAGCGGA-1,2,T_CD4,3457.0
GGTCAAGCATGGCCCA-1,1,T_CD8,2898.0
GGTCAATTCAAAGGCA-1,15,T_CD8,1309.0
GGTCAATTCAGGCCTA-1,7,Mono_CD14,3320.0
GGTCAATTCATTTAGG-1,1,T_CD8,3560.0
GGTCAATTCCAATTAG-1,1,T_CD8,3584.0
GGTCAATTCTGTAAGC-1,1,T_CD8,3131.0
GGTCAGGAGAAACTGG-1,6,Mono_CD14,1694.0
GGTCAGGAGCGCATTG-1,1,T_CD8,2579.0
GGTCATTAGACAAGTG-1,8,dropped,9310.0
GGTCATTAGGACCAGG-1,13,B,3620.0
GGTCATTAGGCATGTT-1,15,T_CD8,3451.0
GGTCATTAGGCGCTTA-1,0,T_CD4,2569.0
GGTCATTAGGTGCGGA-1,7,Mono_CD14,2858.0
GGTCATTAGTTCCCGT-1,1,T_CD8,2919.0
GGTCATTAGTTCCTGC-1,6,Mono_CD14,5774.0
GGTCCATCAAGCGATG-1,1,T_CD8,5616.0
GGTCCATCAATAATCC-1,9,dropped,14337.0
GGTCCATCAATAGTCT-1,1,T_CD8,3967.0
GGTCCATCAATGAATG-1,6,Mono_CD14,5425.0
GGTCCATCATAGCAGG-1,10,NK,7220.0
GGTCCATCATCTAGCA-1,1,T_CD8,3423.0
GGTCCATCATTGCGTA-1,5,NK,4037.0
GGTCCGTAGAACCTGT-1,4,Mono_CD16,6654.0
GGTCCGTAGCAGGCCT-1,0,T_CD4,2111.0
GGTCCGTAGCGAGTAA-1,15,T_CD8,3225.0
GGTCCGTAGGACCGCT-1,1,T_CD8,4487.0
GGTCCGTAGTGAACGA-1,7,Mono_CD14,5713.0
GGTCCTGCAACAACAA-1,2,T_CD4,3370.0
GGTCCTGCAACATAAG-1,0,T_CD4,3005.0
GGTCCTGCACACCAAC-1,7,Mono_CD14,6724.0
GGTCCTGCACCCTCAC-1,11,DC,9706.0
GGTCCTGCACCTAATG-1,11,DC,8312.0
GGTCCTGCACTAGCGT-1,1,T_CD8,2608.0
GGTCGGTTCAAACCGT-1,13,B,3541.0
GGTCGGTTCATGCAAC-1,6,Mono_CD14,4313.0
GGTCGGTTCCGCCTAT-1,6,Mono_CD14,4359.0
GGTCGGTTCGCTAGCA-1,6,Mono_CD14,5035.0
GGTCGGTTCGGGATTT-1,13,B,2343.0
GGTCGGTTCTATCGCC-1,6,Mono_CD14,2910.0
GGTCTTGAGACACTTA-1,0,T_CD4,917.0
GGTCTTGAGATACTTG-1,5,NK,4135.0
GGTCTTGAGGCACAGG-1,13,B,4669.0
GGTCTTGAGGTCGAGG-1,1,T_CD8,5693.0
GGTCTTGAGGTCGATT-1,5,NK,4081.0
GGTCTTGAGTGTGATC-1,7,Mono_CD14,5349.0
GGTCTTGAGTTCCTGC-1,2,T_CD4,3015.0
GGTCTTTGTAGACAAA-1,6,Mono_CD14,3785.0
GGTCTTTGTCCTAGTT-1,1,T_CD8,3342.0
GGTCTTTGTGACCTGG-1,5,NK,3527.0
GGTCTTTGTGAGGTAG-1,2,T_CD4,2475.0
GGTGAGCCAAACAACA-1,1,T_CD8,3123.0
GGTGAGCCACATAGCC-1,15,T_CD8,2699.0
GGTGAGCCAGATAGAC-1,11,DC,8094.0
GGTGAGCCAGGGAGCT-1,7,Mono_CD14,3365.0
GGTGAGCCAGGTTATT-1,13,B,3386.0
GGTGAGCCATACCCGG-1,7,Mono_CD14,3036.0
GGTGAGCCATTGTGTG-1,3,Mono_CD14,7704.0
GGTGAGGTCACTTTAC-1,15,T_CD8,2596.0
GGTGAGGTCAGCACGC-1,5,NK,4985.0
GGTGAGGTCCCTCATA-1,2,T_CD4,4325.0
GGTGAGGTCCTAGTCC-1,1,T_CD8,4647.0
GGTGAGGTCGCTATGG-1,1,T_CD8,3359.0
GGTGAGGTCGTCATTT-1,5,NK,3011.0
GGTGAGGTCGTGCCTT-1,1,T_CD8,2586.0
GGTGAGGTCTCCATGC-1,13,B,4476.0
GGTGAGTAGCAAGATG-1,8,dropped,5085.0
GGTGAGTAGCCGCTTT-1,1,T_CD8,3933.0
GGTGAGTAGCGGCTGT-1,2,T_CD4,2147.0
GGTGAGTAGGCGTAAA-1,9,dropped,4144.0
GGTGAGTAGTAGCCAT-1,0,T_CD4,2468.0
GGTGAGTAGTCAGTAC-1,6,Mono_CD14,4088.0
GGTGAGTAGTCCTGAG-1,6,Mono_CD14,7843.0
GGTGAGTAGTCTTGAA-1,0,T_CD4,1613.0
GGTGAGTAGTGAGGGT-1,0,T_CD4,2903.0
GGTGAGTAGTTTCCTG-1,1,T_CD8,2751.0
GGTGATTTCAAGTGAG-1,0,T_CD4,2046.0
GGTGATTTCAGCATTA-1,4,Mono_CD16,8551.0
GGTGATTTCCATCAGG-1,7,Mono_CD14,5404.0
GGTGATTTCCCGAAGC-1,1,T_CD8,2675.0
GGTGATTTCCCTGTTA-1,0,T_CD4,2215.0
GGTGATTTCCGGTATG-1,8,dropped,14599.0
GGTGATTTCCTTCGTA-1,6,Mono_CD14,4273.0
GGTGATTTCGAAGCGG-1,2,T_CD4,2083.0
GGTGATTTCTTGCTAT-1,2,T_CD4,5278.0
GGTGCTGGTCGACTAA-1,0,T_CD4,3638.0
GGTGCTGGTCTAACAG-1,5,NK,4286.0
GGTGCTGGTGCTGTAA-1,2,T_CD4,3108.0
GGTGCTGGTGGATTAT-1,8,dropped,5488.0
GGTGCTGGTTGCACGG-1,15,T_CD8,3600.0
GGTGCTTCACGAATCC-1,2,T_CD4,3787.0
GGTGCTTCAGAGGCTA-1,7,Mono_CD14,4095.0
GGTGCTTCAGATAGAC-1,13,B,4576.0
GGTGCTTCATAAACCT-1,16,pDC,7179.0
GGTGCTTCATCACTTC-1,6,Mono_CD14,5167.0
GGTGCTTCATGACTAT-1,7,Mono_CD14,6666.0
GGTGCTTCATGTTGGC-1,2,T_CD4,3700.0
GGTGCTTCATTATGAC-1,9,dropped,7924.0
GGTGTCCAGCCAGTAT-1,6,Mono_CD14,6144.0
GGTGTCCAGCCATCAG-1,6,Mono_CD14,5255.0
GGTGTCCAGCGTGCGT-1,13,B,1143.0
GGTGTCCAGGAACCGG-1,13,B,3321.0
GGTGTCCAGGCCATCA-1,7,Mono_CD14,6193.0
GGTGTCCAGTGTTGTA-1,6,Mono_CD14,5498.0
GGTGTCCAGTTGCCTC-1,0,T_CD4,2768.0
GGTGTGACAAATACCT-1,13,B,3017.0
GGTGTGACAATTAACC-1,0,T_CD4,1720.0
GGTGTGACACGTAAGG-1,2,T_CD4,2724.0
GGTGTGACAGCCTAAC-1,7,Mono_CD14,6084.0
GGTGTGACAGCTAACC-1,6,Mono_CD14,2720.0
GGTGTGACAGTCTAGC-1,15,T_CD8,3124.0
GGTGTTGTCAAATCGC-1,6,Mono_CD14,1997.0
GGTGTTGTCAAGCGCC-1,6,Mono_CD14,3770.0
GGTGTTGTCCTTAAGA-1,1,T_CD8,3184.0
GGTGTTGTCGCAATCG-1,0,T_CD4,2881.0
GGTTAATGTAACTACG-1,4,Mono_CD16,8382.0
GGTTAATGTAAGCTCA-1,1,T_CD8,3465.0
GGTTAATGTAAGGTCC-1,6,Mono_CD14,5315.0
GGTTAATGTCCTAGTT-1,7,Mono_CD14,4818.0
GGTTAATGTGCTTTAC-1,4,Mono_CD16,12345.0
GGTTAATGTTAGCCAA-1,1,T_CD8,2656.0
GGTTAATGTTCACCCA-1,8,dropped,7936.0
GGTTAATGTTGTAAAC-1,2,T_CD4,2152.0
GGTTACCCAAATTCGT-1,5,NK,2997.0
GGTTACCCAAGTTATC-1,11,DC,9285.0
GGTTACCCAGTTATGT-1,15,T_CD8,3637.0
GGTTACCCATAGCTGC-1,5,NK,3440.0
GGTTACTAGAAAGGAA-1,2,T_CD4,3495.0
GGTTACTAGACAGGTA-1,2,T_CD4,3490.0
GGTTACTAGACTCGCA-1,6,Mono_CD14,2484.0
GGTTACTAGCAAGATG-1,2,T_CD4,3697.0
GGTTACTAGCACTAGT-1,2,T_CD4,3027.0
GGTTACTAGCCACAAT-1,0,T_CD4,2720.0
GGTTACTAGGAAGCTA-1,1,T_CD8,3435.0
GGTTACTAGGACCGCT-1,6,Mono_CD14,9411.0
GGTTACTAGGATTTGC-1,4,Mono_CD16,10904.0
GGTTACTAGGCGGGTA-1,6,Mono_CD14,4587.0
GGTTACTAGTAACCCG-1,1,T_CD8,4670.0
GGTTACTAGTAAGGGC-1,2,T_CD4,5057.0
GGTTACTAGTCCTTCA-1,2,T_CD4,3524.0
GGTTAGCGTAATGGAA-1,6,Mono_CD14,3678.0
GGTTAGCGTGACCTGG-1,0,T_CD4,1746.0
GGTTAGCGTGCAATGC-1,7,Mono_CD14,4332.0
GGTTAGCGTGCTTAGA-1,0,T_CD4,2165.0
GGTTAGCGTGGACATC-1,0,T_CD4,4954.0
GGTTAGCGTGGGAACA-1,15,T_CD8,3023.0
GGTTATATCAAGCCTG-1,0,T_CD4,2452.0
GGTTATATCATGGTGT-1,7,Mono_CD14,6777.0
GGTTATATCCACCTGT-1,8,dropped,8880.0
GGTTATATCGCAACAT-1,7,Mono_CD14,5350.0
GGTTATATCGTGCTTC-1,1,T_CD8,5769.0
GGTTATGGTACAATGT-1,7,Mono_CD14,3556.0
GGTTATGGTCATTAGG-1,0,T_CD4,2715.0
GGTTATGGTGACCTGG-1,7,Mono_CD14,6405.0
GGTTATGGTTAGCCAA-1,2,T_CD4,3797.0
GGTTATGGTTAGGACC-1,1,T_CD8,3115.0
GGTTATGGTTGGTTGA-1,0,T_CD4,2453.0
GGTTATGGTTTAAAGC-1,6,Mono_CD14,5102.0
GGTTCCCGTAACGTGC-1,16,pDC,5750.0
GGTTCCCGTACGCGCA-1,10,NK,3956.0
GGTTCCCGTACGGGTT-1,2,T_CD4,5319.0
GGTTCCCGTCAGGCAT-1,8,dropped,11084.0
GGTTCCCGTTCAAGCA-1,15,T_CD8,2347.0
GGTTCCCGTTCACCAT-1,6,Mono_CD14,3876.0
GGTTCTTGTCCTTAGT-1,4,Mono_CD16,6466.0
GGTTCTTGTCGACTCC-1,4,Mono_CD16,9647.0
GGTTCTTGTGCTTACT-1,7,Mono_CD14,5418.0
GGTTCTTGTGTCACGG-1,1,T_CD8,3982.0
GGTTCTTGTGTCCTGC-1,1,T_CD8,3678.0
GGTTCTTGTTACAACG-1,11,DC,6639.0
GGTTCTTGTTTAACCC-1,0,T_CD4,3905.0
GGTTGACGTACTGATG-1,13,B,4202.0
GGTTGACGTACTTAGG-1,7,Mono_CD14,4892.0
GGTTGACGTATGTGGC-1,2,T_CD4,3677.0
GGTTGACGTCCTTTAA-1,3,Mono_CD14,1061.0
GGTTGACGTGCTTAGA-1,2,T_CD4,3485.0
GGTTGACGTGTCCAAA-1,0,T_CD4,1926.0
GGTTGACGTTCACCCA-1,6,Mono_CD14,3896.0
GGTTGAGCAATTAGGA-1,2,T_CD4,2838.0
GGTTGAGCAGCACGAA-1,0,T_CD4,2054.0
GGTTGAGCAGTAAGTA-1,7,Mono_CD14,3170.0
GGTTGAGCATTGCAGC-1,2,T_CD4,4318.0
GGTTGCATCCAACTGG-1,1,T_CD8,4507.0
GGTTGCATCCTGGCTT-1,3,Mono_CD14,1577.0
GGTTGCATCCTTAGGG-1,2,T_CD4,4279.0
GGTTGCATCGCGCTAA-1,6,Mono_CD14,4209.0
GGTTGCATCGTTTCTG-1,0,T_CD4,882.0
GGTTGCATCTCAATTC-1,0,T_CD4,3589.0
GGTTGCGGTAAACAAG-1,7,Mono_CD14,7436.0
GGTTGCGGTCACACCC-1,6,Mono_CD14,6132.0
GGTTGCGGTCATTAGG-1,0,T_CD4,3914.0
GGTTGCGGTCGTTATC-1,6,Mono_CD14,2762.0
GGTTGCGGTGCGCAAT-1,11,DC,6904.0
GGTTGCGGTGGGTACT-1,1,T_CD8,3269.0
GGTTGCGGTTAACAGT-1,2,T_CD4,3605.0
GGTTGCGGTTAGCATG-1,1,T_CD8,1614.0
GGTTGCGGTTCACCAT-1,4,Mono_CD16,8597.0
GGTTGCGGTTTGCAGA-1,7,Mono_CD14,5597.0
GGTTGCTCAACCCTAA-1,2,T_CD4,3915.0
GGTTGCTCAACTAACT-1,7,Mono_CD14,2009.0
GGTTGCTCAAGCCACT-1,6,Mono_CD14,2534.0
GGTTGCTCAAGGTGCA-1,13,B,3146.0
GGTTGCTCACTCGCTC-1,1,T_CD8,3124.0
GGTTGCTCACTTCATC-1,3,Mono_CD14,314.0
GGTTGCTCAGTAGGTG-1,6,Mono_CD14,6455.0
GGTTGCTCATAGCTGC-1,0,T_CD4,3097.0
GGTTGCTCATGAGTTT-1,6,Mono_CD14,6960.0
GGTTGGTGTAATAACC-1,1,T_CD8,3508.0
GGTTGGTGTAATCGCA-1,6,Mono_CD14,2351.0
GGTTGGTGTAGGTTTG-1,6,Mono_CD14,4990.0
GGTTGGTGTCCGTAGG-1,1,T_CD8,3348.0
GGTTGGTGTCCTAAGA-1,1,T_CD8,3855.0
GGTTGGTGTGGGAACA-1,0,T_CD4,3140.0
GGTTGGTGTTCAAGCA-1,2,T_CD4,1211.0
GGTTGGTGTTGTAACG-1,12,dropped,4884.0
GGTTGGTGTTTAACGG-1,0,T_CD4,2713.0
GGTTTAATCACATTGA-1,0,T_CD4,2116.0
GGTTTAATCACTAATG-1,1,T_CD8,4658.0
GGTTTAATCAGTTCCC-1,0,T_CD4,3130.0
GGTTTAATCATGCGTG-1,12,dropped,2240.0
GGTTTAATCGGCTAGC-1,15,T_CD8,3181.0
GGTTTAATCGTCAAGT-1,13,B,3177.0
GGTTTAATCTCACTAT-1,2,T_CD4,3951.0
GGTTTAATCTGTGCCT-1,6,Mono_CD14,4630.0
GGTTTCCTCATGCATA-1,5,NK,3465.0
GGTTTCCTCCAGGTCA-1,11,DC,7560.0
GGTTTCCTCCGGGACT-1,6,Mono_CD14,5350.0
GGTTTCCTCCTACCTA-1,0,T_CD4,2258.0
GGTTTCCTCCTTGCGT-1,0,T_CD4,3722.0
GGTTTCCTCGTGCTTC-1,6,Mono_CD14,4496.0
GGTTTCCTCGTTACAA-1,4,Mono_CD16,6806.0
GGTTTCCTCTGTAATG-1,1,T_CD8,5510.0
GGTTTCTGTAGGTTGC-1,7,Mono_CD14,4827.0
GGTTTCTGTCTTGCAT-1,7,Mono_CD14,7617.0
GGTTTCTGTGAGACTC-1,2,T_CD4,5739.0
GGTTTCTGTGCAACTA-1,6,Mono_CD14,5066.0
GGTTTCTGTGCTCCAC-1,1,T_CD8,5014.0
GGTTTCTGTGGTGAGA-1,6,Mono_CD14,3303.0
GGTTTCTGTTCCATTA-1,4,Mono_CD16,6482.0
GGTTTCTGTTTACGTC-1,1,T_CD8,3990.0
GGTTTGTAGGGCTAAA-1,2,T_CD4,4534.0
GGTTTGTAGGTCCTAG-1,1,T_CD8,2578.0
GGTTTGTAGTCCTTCA-1,1,T_CD8,4316.0
GGTTTGTAGTGGCGGA-1,8,dropped,6453.0
GGTTTGTAGTTATGGC-1,8,dropped,8676.0
GGTTTGTAGTTGTCTT-1,0,T_CD4,1757.0
GTAAAGCCAAAGCGCA-1,2,T_CD4,3911.0
GTAAAGCCAATCTCTC-1,0,T_CD4,2227.0
GTAAAGCCACCACAAC-1,16,pDC,4969.0
GTAAAGCCAGCCGCTA-1,7,Mono_CD14,4141.0
GTAAAGCCAGTGAACG-1,13,B,2082.0
GTAAAGCCAGTTAGCC-1,1,T_CD8,4128.0
GTAAAGCCATCCTGAA-1,0,T_CD4,2966.0
GTAAAGCCATTAAGCT-1,6,Mono_CD14,5262.0
GTAAGCAAGAGAGGAG-1,6,Mono_CD14,4052.0
GTAAGCAAGGACCTGC-1,0,T_CD4,2366.0
GTAAGCAAGTAACTCA-1,7,Mono_CD14,6723.0
GTAAGCAAGTGTTGTA-1,0,T_CD4,2710.0
GTAAGCGCAAGTGTTT-1,6,Mono_CD14,4553.0
GTAAGCGCACCTATAG-1,2,T_CD4,2729.0
GTAAGCGCACTTAACG-1,6,Mono_CD14,4528.0
GTAAGCGCAGGACACA-1,15,T_CD8,3361.0
GTAAGCGCATAAGCAA-1,7,Mono_CD14,5387.0
GTAAGCTTCAATTACG-1,6,Mono_CD14,4682.0
GTAAGCTTCACCATTT-1,7,Mono_CD14,10110.0
GTAAGCTTCACGCCAA-1,0,T_CD4,2389.0
GTAAGCTTCAGGCCTA-1,4,Mono_CD16,10205.0
GTAAGCTTCCTAGTTT-1,1,T_CD8,2764.0
GTAAGCTTCCTTAGTT-1,2,T_CD4,2599.0
GTAAGCTTCCTTGTTG-1,1,T_CD8,4115.0
GTAAGCTTCTGTAATG-1,7,Mono_CD14,3851.0
GTAAGGTCAATGCGCT-1,13,B,2893.0
GTAAGGTCAGGCAAGC-1,2,T_CD4,5202.0
GTAAGGTCATAAAGCA-1,2,T_CD4,3794.0
GTAAGGTCATCGCTTT-1,4,Mono_CD16,11544.0
GTAAGGTCATGCTATG-1,4,Mono_CD16,7856.0
GTAATAGCAATAACGA-1,13,B,2465.0
GTAATAGCACCTGGTG-1,6,Mono_CD14,5286.0
GTAATAGCAGCTTAGC-1,3,Mono_CD14,3160.0
GTAATAGCAGGATGGC-1,7,Mono_CD14,4134.0
GTAATAGCAGGCTACT-1,15,T_CD8,2259.0
GTAATAGCAGGTTATT-1,7,Mono_CD14,5595.0
GTAATAGCATGATTGT-1,7,Mono_CD14,5320.0
GTAATAGCATTGTGCA-1,4,Mono_CD16,6715.0
GTACAATGTATTTGCC-1,6,Mono_CD14,13431.0
GTACAATGTCCGCTGT-1,2,T_CD4,2578.0
GTACAATGTGCTGTAA-1,15,T_CD8,3600.0
GTACAATGTGGAAACG-1,2,T_CD4,5004.0
GTACAATGTTAGTACG-1,0,T_CD4,2787.0
GTACAATGTTTAGTCC-1,7,Mono_CD14,5751.0
GTACACCCAAACCTTG-1,2,T_CD4,3913.0
GTACACCCAAGTCGCT-1,13,B,2973.0
GTACACCCACCGTTCC-1,2,T_CD4,3578.0
GTACACCCAGGATGGC-1,2,T_CD4,3018.0
GTACACCCAGTAAGTA-1,0,T_CD4,3157.0
GTACCGGGTACCTTAC-1,11,DC,9155.0
GTACCGGGTATACTGG-1,6,Mono_CD14,4092.0
GTACCGGGTCAATACG-1,0,T_CD4,2638.0
GTACCGGGTCGTTATC-1,8,dropped,8732.0
GTACCGGGTGACATAT-1,6,Mono_CD14,3312.0
GTACCGGGTTCACCCA-1,13,B,2446.0
GTACCTTGTAACCACA-1,0,T_CD4,4754.0
GTACCTTGTACCTTAC-1,1,T_CD8,3159.0
GTACCTTGTAGACAAA-1,15,T_CD8,3269.0
GTACCTTGTATGGTGC-1,6,Mono_CD14,4090.0
GTACCTTGTCCACAAA-1,1,T_CD8,3343.0
GTACCTTGTGTGCACG-1,0,T_CD4,3037.0
GTACCTTGTTAGGCTA-1,2,T_CD4,4747.0
GTACCTTGTTTGAGCA-1,15,T_CD8,2858.0
GTACGTAGTAACCAGC-1,13,B,3519.0
GTACGTAGTACCGTAA-1,7,Mono_CD14,6047.0
GTACGTAGTAGTAAGA-1,6,Mono_CD14,4002.0
GTACGTAGTCTTACTA-1,1,T_CD8,3132.0
GTACGTAGTGCATCGG-1,14,dropped,19218.0
GTACGTAGTGTCCAGG-1,7,Mono_CD14,3428.0
GTACGTAGTTAGTGAT-1,3,Mono_CD14,1237.0
GTACGTAGTTCATTTG-1,7,Mono_CD14,5343.0
GTACTAATCACGTTAA-1,2,T_CD4,4031.0
GTACTAATCACTAGGT-1,10,NK,3802.0
GTACTAATCAGGATGA-1,13,B,3086.0
GTACTAATCTAATTGG-1,0,T_CD4,3569.0
GTACTAGGTGGTGAGA-1,1,T_CD8,2965.0
GTACTAGGTTGCATCT-1,0,T_CD4,2743.0
GTACTGGTCAAGCGCC-1,0,T_CD4,2638.0
GTACTGGTCAATCATG-1,15,T_CD8,3358.0
GTACTGGTCCCGCCTA-1,0,T_CD4,5162.0
GTACTGGTCGCATTAA-1,0,T_CD4,3314.0
GTACTGGTCTAGCTAA-1,15,T_CD8,3301.0
GTACTGGTCTTAAGTG-1,15,T_CD8,3169.0
GTACTTAAGAGGGACT-1,6,Mono_CD14,4641.0
GTACTTAAGCTAAGTC-1,7,Mono_CD14,4821.0
GTACTTAAGTGAGGGT-1,13,B,2300.0
GTACTTCGTAGCCATA-1,8,dropped,4257.0
GTACTTCGTCATGCCC-1,13,B,2895.0
GTACTTCGTCATTAGG-1,16,pDC,5169.0
GTACTTCGTCGTAAAT-1,2,T_CD4,4022.0
GTACTTCGTGGATTAT-1,2,T_CD4,3587.0
GTACTTCGTTGCAATG-1,16,pDC,6109.0
GTACTTCGTTTAAAGC-1,17,dropped,11438.0
GTAGCCATCGGCCATA-1,1,T_CD8,3610.0
GTAGCCATCGTCCTTA-1,6,Mono_CD14,4068.0
GTAGCCATCTTACTCG-1,6,Mono_CD14,7302.0
GTAGCCATCTTTAAGG-1,7,Mono_CD14,5348.0
GTAGCGCTCAAATCGC-1,3,Mono_CD14,583.0
GTAGCGCTCACAGGAA-1,1,T_CD8,3497.0
GTAGCGCTCGAAGTGA-1,8,dropped,4990.0
GTAGCGCTCGCTAGAT-1,6,Mono_CD14,3321.0
GTAGCGCTCGTTAACA-1,11,DC,6792.0
GTAGCTGTCACGTTAA-1,2,T_CD4,2359.0
GTAGCTGTCAGGCCTA-1,13,B,5569.0
GTAGCTGTCCGGCTAA-1,15,T_CD8,3460.0
GTAGCTGTCGGCTATG-1,6,Mono_CD14,4092.0
GTAGCTGTCGTGCTTC-1,15,T_CD8,2510.0
GTAGGAGGTCAAGTAT-1,2,T_CD4,2706.0
GTAGGAGGTGGAAGGC-1,6,Mono_CD14,3469.0
GTAGGAGGTTCATCTA-1,2,T_CD4,3513.0
GTAGGAGGTTTGCTGT-1,2,T_CD4,4852.0
GTAGGAGGTTTGTGGA-1,5,NK,3265.0
GTAGGATCAACTAACT-1,0,T_CD4,1311.0
GTAGGATCACAAAGGT-1,7,Mono_CD14,5167.0
GTAGGATCACAGGAAT-1,1,T_CD8,2648.0
GTAGGATCACCTACGG-1,0,T_CD4,2741.0
GTAGGATCACTAGGTC-1,4,Mono_CD16,7177.0
GTAGGATCAGCCTTGG-1,2,T_CD4,3956.0
GTAGGATCAGCTAACC-1,6,Mono_CD14,8563.0
GTAGGATCAGGAATCG-1,7,Mono_CD14,3888.0
GTAGGCGAGAGAAGGG-1,1,T_CD8,2890.0
GTAGGCGAGAGGAAGG-1,0,T_CD4,2869.0
GTAGGCGAGGTGAAAT-1,0,T_CD4,2628.0
GTAGGTGCAACACCTA-1,16,pDC,5195.0
GTAGGTGCAACGTGCT-1,15,T_CD8,2732.0
GTAGGTGCAACTGGGA-1,7,Mono_CD14,6264.0
GTAGGTGCAAGCCACT-1,4,Mono_CD16,5236.0
GTAGGTGCACGCAACT-1,2,T_CD4,5267.0
GTAGGTGCATAAGCAA-1,2,T_CD4,5393.0
GTAGGTGCATAATCCG-1,7,Mono_CD14,3290.0
GTAGGTGCATATAACC-1,0,T_CD4,2582.0
GTAGTTATCAATAGCC-1,13,B,3001.0
GTAGTTATCACCGGTA-1,15,T_CD8,3763.0
GTAGTTATCGCTAAAC-1,1,T_CD8,3089.0
GTAGTTATCTGCAAAC-1,8,dropped,9549.0
GTAGTTTCAAACTCAT-1,9,dropped,10321.0
GTAGTTTCAATTAGCT-1,1,T_CD8,6100.0
GTAGTTTCAGCCGCTA-1,2,T_CD4,3806.0
GTAGTTTCAGGAACAT-1,7,Mono_CD14,5536.0
GTAGTTTCAGTTTGGC-1,1,T_CD8,1637.0
GTAGTTTCATAGGCGA-1,8,dropped,5320.0
GTATCGCCAAGTGTTT-1,6,Mono_CD14,2710.0
GTATCGCCAATAGCCC-1,2,T_CD4,3519.0
GTATCGCCACAATGTT-1,0,T_CD4,3209.0
GTATCGCCATAAAGCA-1,7,Mono_CD14,7789.0
GTATCGCCATGCAACC-1,1,T_CD8,2780.0
GTATGTGGTCAATGTG-1,6,Mono_CD14,4285.0
GTATGTGGTCATAACG-1,13,B,7786.0
GTATGTGGTCCCGAAG-1,0,T_CD4,3073.0
GTATGTGGTGGCTTCC-1,5,NK,3533.0
GTATGTGGTTAGCAGC-1,1,T_CD8,4583.0
GTATGTTCAAGGGTTG-1,0,T_CD4,3777.0
GTATGTTCAATCCTAG-1,13,B,2527.0
GTATGTTCACCAACCG-1,15,T_CD8,3179.0
GTATGTTCAGAGGGAG-1,2,T_CD4,3277.0
GTATGTTCAGGTTATT-1,1,T_CD8,4250.0
GTATGTTCATGTTGCA-1,3,Mono_CD14,950.0
GTATGTTCATTAGGTT-1,2,T_CD4,4670.0
GTATTCAAGCCTGGTA-1,0,T_CD4,2125.0
GTATTCAAGGAAGTAT-1,6,Mono_CD14,3744.0
GTATTCAAGTTATCCT-1,2,T_CD4,3358.0
GTATTGATCAAGCTAC-1,0,T_CD4,2970.0
GTATTGATCACGTTAA-1,0,T_CD4,3972.0
GTATTGATCCAGGAAA-1,0,T_CD4,2469.0
GTATTGATCCCATAAA-1,13,B,8039.0
GTATTGATCGATTATG-1,15,T_CD8,3982.0
GTATTGATCTATGACA-1,6,Mono_CD14,3679.0
GTATTGATCTCAATTC-1,0,T_CD4,2132.0
GTATTGCAGCAAGGAC-1,2,T_CD4,2854.0
GTATTGCAGCACTAGT-1,0,T_CD4,3046.0
GTATTGCAGCCTTAAA-1,2,T_CD4,3903.0
GTATTGCAGCGCTAAT-1,7,Mono_CD14,7351.0
GTATTGCAGTAGGATG-1,6,Mono_CD14,4083.0
GTATTGCAGTGAGCGG-1,2,T_CD4,2133.0
GTATTGCAGTTATCCT-1,2,T_CD4,3374.0
GTATTGTCACTGGCCA-1,0,T_CD4,4239.0
GTATTGTCAGGCTTCG-1,3,Mono_CD14,551.0
GTATTGTCATAAGGAC-1,0,T_CD4,2399.0
GTATTGTCATACCCGG-1,2,T_CD4,3689.0
GTATTGTCATGGTTAT-1,0,T_CD4,4122.0
GTCAAACTCACTAATG-1,2,T_CD4,3813.0
GTCAAACTCACTTCAT-1,1,T_CD8,4072.0
GTCAAACTCATCCTCA-1,6,Mono_CD14,11021.0
GTCAAACTCCCTCAAC-1,9,dropped,9360.0
GTCAAACTCCTAAGGT-1,10,NK,4371.0
GTCAAACTCGACAAAG-1,5,NK,3165.0
GTCAAACTCGCTATGG-1,6,Mono_CD14,3379.0
GTCAATATCACAGACT-1,13,B,6464.0
GTCAATATCACAGGAA-1,1,T_CD8,3288.0
GTCAATATCATCACTT-1,0,T_CD4,3346.0
GTCAATATCATGCAAC-1,0,T_CD4,2447.0
GTCAATATCATTTGTC-1,0,T_CD4,2102.0
GTCAATATCCCATAAA-1,13,B,2690.0
GTCAATATCCGCAAGC-1,4,Mono_CD16,9478.0
GTCAATATCGCACACA-1,15,T_CD8,3807.0
GTCAATATCGGGACCT-1,2,T_CD4,3753.0
GTCAATATCTAATTGG-1,13,B,3087.0
GTCAATATCTTGGACG-1,0,T_CD4,2399.0
GTCAATATCTTTGACT-1,6,Mono_CD14,6525.0
GTCAGGCTCAGTATTG-1,15,T_CD8,2770.0
GTCAGGCTCCAGGAAA-1,0,T_CD4,2399.0
GTCAGGCTCCCAGTAG-1,13,B,3242.0
GTCAGGCTCCCGTTTA-1,5,NK,3615.0
GTCAGGCTCCGCCTAT-1,8,dropped,9511.0
GTCAGGCTCCGGTATG-1,6,Mono_CD14,3412.0
GTCAGGCTCCGTGACA-1,8,dropped,9863.0
GTCAGGCTCTAAGTCA-1,7,Mono_CD14,5895.0
GTCAGGCTCTTAGGAC-1,15,T_CD8,3009.0
GTCATCACAACTAGGG-1,8,dropped,10815.0
GTCATCACAAGACTCC-1,1,T_CD8,3601.0
GTCATCACACCGGTAT-1,1,T_CD8,2966.0
GTCATCACACGTGCTG-1,7,Mono_CD14,6792.0
GTCATCACACTGGCCA-1,7,Mono_CD14,6373.0
GTCATCACAGAGGGAG-1,6,Mono_CD14,3282.0
GTCATCACAGCCGCTA-1,15,T_CD8,3350.0
GTCATCACAGGCTTGT-1,0,T_CD4,1347.0
GTCATCACATAAACCT-1,13,B,2692.0
GTCATCACATATTGAC-1,0,T_CD4,2075.0
GTCATCCTCCGCAAGC-1,1,T_CD8,3358.0
GTCATCCTCCTGATTT-1,13,B,3642.0
GTCATCCTCGATCAGT-1,6,Mono_CD14,3664.0
GTCATCCTCTTGAGCG-1,1,T_CD8,2610.0
GTCATGAGTAAGCTCA-1,6,Mono_CD14,4134.0
GTCATGAGTAGCCATA-1,1,T_CD8,3534.0
GTCATGAGTATCTGGA-1,16,pDC,6037.0
GTCATGAGTCAAACTG-1,4,Mono_CD16,5839.0
GTCATGAGTGCGCGTA-1,3,Mono_CD14,2579.0
GTCATGAGTGGATTAT-1,1,T_CD8,2615.0
GTCATGAGTGTTGTGA-1,6,Mono_CD14,3777.0
GTCATGAGTTAACAGT-1,2,T_CD4,2889.0
GTCATGAGTTACCTGT-1,0,T_CD4,3487.0
GTCATGAGTTCTTTAG-1,10,NK,3037.0
GTCATGAGTTGAATCG-1,13,B,3503.0
GTCATGCCAATAACGA-1,0,T_CD4,2501.0
GTCATGCCAATCCTAG-1,5,NK,3380.0
GTCATGCCACAATGTT-1,15,T_CD8,2725.0
GTCATGCCACTAGCGT-1,12,dropped,6495.0
GTCATGCCAGCACCAT-1,5,NK,3602.0
GTCATGCCAGGTTAAA-1,15,T_CD8,3747.0
GTCATGCCAGTAGCCT-1,13,B,3650.0
GTCATGCCATCCTGAA-1,7,Mono_CD14,4864.0
GTCATGCCATCGCTCC-1,1,T_CD8,2346.0
GTCATGCCATGGCCTG-1,1,T_CD8,3964.0
GTCATGCCATTCCTGT-1,0,T_CD4,8094.0
GTCATGCCATTGACAT-1,2,T_CD4,3021.0
GTCATTAAGCCATCAG-1,2,T_CD4,5670.0
GTCATTAAGCCTGTTC-1,11,DC,8661.0
GTCATTAAGCGCCTAA-1,7,Mono_CD14,3678.0
GTCATTAAGGACTTAC-1,4,Mono_CD16,3681.0
GTCATTAAGTAAGTGG-1,1,T_CD8,6788.0
GTCATTAAGTCAATTG-1,1,T_CD8,3501.0
GTCATTAAGTTGGCCA-1,0,T_CD4,8233.0
GTCATTAAGTTTGCGG-1,2,T_CD4,3177.0
GTCCAAGTCAAGTGAG-1,7,Mono_CD14,4967.0
GTCCAAGTCAGGGCCT-1,7,Mono_CD14,7285.0
GTCCAAGTCCCTTGCG-1,4,Mono_CD16,6585.0
GTCCAAGTCCTTCGTA-1,6,Mono_CD14,6883.0
GTCCAAGTCGTTTCCA-1,1,T_CD8,3036.0
GTCCAAGTCTAGCGTG-1,6,Mono_CD14,5712.0
GTCCAGGGTAATGGCC-1,8,dropped,10032.0
GTCCAGGGTATTTGCC-1,7,Mono_CD14,6197.0
GTCCAGGGTCAATAGT-1,2,T_CD4,4830.0
GTCCAGGGTCCTCCAA-1,4,Mono_CD16,5925.0
GTCCAGGGTGAGCACT-1,10,NK,2218.0
GTCCAGGGTTCGGTAA-1,0,T_CD4,3914.0
GTCCATTGTAACCTAG-1,2,T_CD4,5204.0
GTCCATTGTAATCGCA-1,10,NK,10175.0
GTCCATTGTAGGATTT-1,2,T_CD4,2194.0
GTCCATTGTCACAGCG-1,1,T_CD8,3368.0
GTCCATTGTGCTTAGA-1,1,T_CD8,3766.0
GTCCATTGTGTCCAGG-1,0,T_CD4,3932.0
GTCCATTGTTACAAAC-1,6,Mono_CD14,4552.0
GTCCATTGTTAGCCAA-1,2,T_CD4,3300.0
GTCCATTGTTATGTGG-1,2,T_CD4,5890.0
GTCCATTGTTGCACAA-1,16,pDC,4273.0
GTCCATTGTTGGCCGA-1,6,Mono_CD14,4637.0
GTCCGTAAGCACAGGG-1,11,DC,5917.0
GTCCGTAAGCGAGGTG-1,6,Mono_CD14,4312.0
GTCCGTAAGGACACTT-1,0,T_CD4,2030.0
GTCCGTAAGGTCTTGG-1,4,Mono_CD16,6730.0
GTCCTAGAGACTTATG-1,7,Mono_CD14,5840.0
GTCCTAGAGCATTATG-1,15,T_CD8,2646.0
GTCCTAGAGCCTGTGA-1,2,T_CD4,2868.0
GTCCTAGAGCTGTCAG-1,15,T_CD8,3579.0
GTCCTAGAGGACCTCA-1,5,NK,4264.0
GTCCTAGAGGGTCCAC-1,6,Mono_CD14,4391.0
GTCCTAGAGTACCGCA-1,2,T_CD4,4318.0
GTCCTAGAGTCACCAG-1,2,T_CD4,3904.0
GTCCTCAGTATTGCAG-1,5,NK,1839.0
GTCCTCAGTGCAACTA-1,1,T_CD8,2702.0
GTCCTCAGTGCGCAAT-1,2,T_CD4,3913.0
GTCCTCAGTGTGCACG-1,2,T_CD4,3316.0
GTCCTCAGTTAGAGGG-1,0,T_CD4,2624.0
GTCCTCAGTTATAGCG-1,2,T_CD4,3380.0
GTCCTCAGTTCCATTA-1,1,T_CD8,4218.0
GTCCTCAGTTGTAAAC-1,15,T_CD8,3758.0
GTCCTCCCAAGGAATC-1,13,B,4684.0
GTCCTCCCACCACAAC-1,2,T_CD4,5217.0
GTCCTCCCACCTATAG-1,6,Mono_CD14,7300.0
GTCCTCCCAGAAATTG-1,7,Mono_CD14,1875.0
GTCCTCCCAGGCGATA-1,2,T_CD4,2828.0
GTCCTCCCAGTTTACG-1,13,B,2822.0
GTCCTCCCATTGCGGT-1,2,T_CD4,4213.0
GTCGAAGCAATTAGGA-1,5,NK,1726.0
GTCGAAGCACTAAGAA-1,7,Mono_CD14,4852.0
GTCGAAGCACTGGCCA-1,5,NK,2884.0
GTCGAAGCAGGTTAAA-1,6,Mono_CD14,3311.0
GTCGAGGAGACTTACA-1,2,T_CD4,4496.0
GTCGAGGAGCTCAAAC-1,4,Mono_CD16,5316.0
GTCGAGGAGGATGATG-1,7,Mono_CD14,5023.0
GTCGAGGAGGGCCATC-1,0,T_CD4,5855.0
GTCGAGGAGTAACCCG-1,2,T_CD4,3979.0
GTCGAGGAGTTATTCC-1,0,T_CD4,1681.0
GTCGAGGAGTTTGGGT-1,1,T_CD8,2581.0
GTCGCAATCACTCAAA-1,2,T_CD4,1873.0
GTCGCAATCATGCAAC-1,2,T_CD4,3886.0
GTCGCAATCATGCTAA-1,0,T_CD4,2921.0
GTCGCAATCCCTCATA-1,8,dropped,8961.0
GTCGCAATCCGTGACA-1,1,T_CD8,4198.0
GTCGCAATCTCAATAG-1,1,T_CD8,3267.0
GTCGCAATCTGTAAGC-1,7,Mono_CD14,5966.0
GTCGCAATCTTGTTCG-1,8,dropped,13413.0
GTCGGTTCAGCCAGTT-1,0,T_CD4,2357.0
GTCGGTTCAGTTTGGC-1,7,Mono_CD14,5485.0
GTCGGTTCATAATCAC-1,4,Mono_CD16,6052.0
GTCGGTTCATCTTGAG-1,13,B,2288.0
GTCGGTTCATTGACAT-1,6,Mono_CD14,4454.0
GTCTAACAGCGAGGTG-1,8,dropped,6040.0
GTCTAACAGGCCCAGT-1,0,T_CD4,2666.0
GTCTAACAGGGACTAA-1,6,Mono_CD14,4909.0
GTCTAACAGTGATTCA-1,0,T_CD4,3667.0
GTCTAACAGTTGGATC-1,6,Mono_CD14,3928.0
GTCTAATCAAACTGCC-1,10,NK,4155.0
GTCTAATCAATAACCT-1,1,T_CD8,3604.0
GTCTAATCAATAGCAA-1,2,T_CD4,4586.0
GTCTAATCAATTGACT-1,13,B,1824.0
GTCTAATCACCCTCAC-1,7,Mono_CD14,5388.0
GTCTAATCAGCTTAAT-1,5,NK,3771.0
GTCTAATCATAGCGGA-1,13,B,5239.0
GTCTAGCCAAAGCGGC-1,13,B,3547.0
GTCTAGCCACTAGCGT-1,6,Mono_CD14,5490.0
GTCTAGCCACTGACTA-1,3,Mono_CD14,2777.0
GTCTAGCCATAGCTGC-1,4,Mono_CD16,6047.0
GTCTAGCCATAGTCAT-1,6,Mono_CD14,4912.0
GTCTAGCCATCGCTCC-1,1,T_CD8,2847.0
GTCTAGCCATGTTGTG-1,2,T_CD4,3758.0
GTCTATCGTAAACAAG-1,3,Mono_CD14,135.0
GTCTATCGTAAAGCGG-1,3,Mono_CD14,788.0
GTCTATCGTAGCCTAA-1,13,B,2857.0
GTCTATCGTATTGTCC-1,7,Mono_CD14,5421.0
GTCTATCGTCAGTAAT-1,1,T_CD8,2659.0
GTCTATCGTGAGGTAG-1,7,Mono_CD14,4151.0
GTCTATCGTGTCCTGC-1,6,Mono_CD14,3654.0
GTCTATCGTTATGTGG-1,5,NK,2892.0
GTCTATCGTTGGATAT-1,8,dropped,16836.0
GTCTATCGTTGTTGCT-1,2,T_CD4,5919.0
GTCTATGCAAGCTAAA-1,1,T_CD8,2688.0
GTCTATGCAATAACCT-1,6,Mono_CD14,4922.0
GTCTATGCACGAATCC-1,6,Mono_CD14,4285.0
GTCTATGCAGACAAAC-1,2,T_CD4,3757.0
GTCTATGCAGTAAAGC-1,6,Mono_CD14,5691.0
GTCTATGCAGTAGCCT-1,7,Mono_CD14,5816.0
GTCTATGCATTGTGTG-1,6,Mono_CD14,4465.0
GTCTCACTCAAATCGC-1,1,T_CD8,3217.0
GTCTCACTCAGGTTTA-1,4,Mono_CD16,7101.0
GTCTCACTCATCACTT-1,16,pDC,6088.0
GTCTCACTCATGAAGG-1,6,Mono_CD14,4603.0
GTCTCACTCCATTACT-1,8,dropped,12733.0
GTCTCACTCCCGAAGC-1,2,T_CD4,2633.0
GTCTCACTCCGGGACT-1,1,T_CD8,3070.0
GTCTCACTCGTACCGA-1,15,T_CD8,5714.0
GTCTCACTCTAATCAG-1,1,T_CD8,3604.0
GTCTCACTCTTGTCTG-1,2,T_CD4,3458.0
GTCTCACTCTTTGTAC-1,15,T_CD8,3737.0
GTCTTGCTCACATTGA-1,6,Mono_CD14,4445.0
GTCTTGCTCAGAAACG-1,4,Mono_CD16,7549.0
GTCTTGCTCATGCGTG-1,1,T_CD8,2500.0
GTCTTGCTCCGTCCAT-1,0,T_CD4,2084.0
GTCTTGCTCGATATTG-1,2,T_CD4,5757.0
GTCTTGCTCTTTAGGA-1,4,Mono_CD16,4713.0
GTCTTGCTCTTTGACT-1,0,T_CD4,7405.0
GTCTTTAGTACTTCAC-1,13,B,3094.0
GTCTTTAGTCAAAGAA-1,6,Mono_CD14,3915.0
GTCTTTAGTCAATACG-1,6,Mono_CD14,5436.0
GTCTTTAGTCCGCTGT-1,9,dropped,5104.0
GTCTTTAGTGATGAAA-1,2,T_CD4,4298.0
GTCTTTAGTTGCACAA-1,1,T_CD8,2397.0
GTCTTTAGTTGCACGG-1,8,dropped,6133.0
GTCTTTAGTTTGGGCG-1,6,Mono_CD14,3634.0
GTCTTTGTCAATACGC-1,6,Mono_CD14,4770.0
GTCTTTGTCAGCTAAC-1,6,Mono_CD14,5130.0
GTCTTTGTCCACAATA-1,0,T_CD4,2374.0
GTCTTTGTCCGTTAAA-1,3,Mono_CD14,393.0
GTCTTTGTCCTCACTA-1,1,T_CD8,2842.0
GTCTTTGTCTCACAAA-1,11,DC,9323.0
GTCTTTGTCTCCTCTT-1,13,B,3421.0
GTCTTTGTCTTGAGGT-1,1,T_CD8,4380.0
GTGAACAAGCTATGAC-1,1,T_CD8,3979.0
GTGAACAAGGCTTAGT-1,0,T_CD4,2139.0
GTGAACAAGTAACGGA-1,6,Mono_CD14,4404.0
GTGAACAAGTAGCGCC-1,2,T_CD4,3497.0
GTGAACAAGTCAATTG-1,2,T_CD4,3495.0
GTGAACAAGTGAAGTG-1,4,Mono_CD16,7191.0
GTGAACAAGTTAGCCG-1,0,T_CD4,2824.0
GTGAACAAGTTATCCT-1,10,NK,6803.0
GTGAATCTCACTAGGT-1,0,T_CD4,3025.0
GTGAATCTCCGGTTAG-1,7,Mono_CD14,2010.0
GTGAATCTCGCTAGAT-1,11,DC,12153.0
GTGAGCGAGCTAGAAG-1,7,Mono_CD14,3946.0
GTGAGCGAGGCCTGGT-1,1,T_CD8,2769.0
GTGAGGAGTAACGTGC-1,2,T_CD4,3351.0
GTGAGGAGTAATAACC-1,0,T_CD4,2338.0
GTGAGGAGTAGGTTAT-1,7,Mono_CD14,4853.0
GTGAGGAGTGCTCACC-1,10,NK,7427.0
GTGAGGAGTGTGAGAG-1,10,NK,2326.0
GTGAGGAGTGTTCCCA-1,2,T_CD4,2848.0
GTGAGGAGTTACGCAA-1,0,T_CD4,2879.0
GTGAGGAGTTGCGGAT-1,0,T_CD4,3275.0
GTGAGGAGTTTGCAGA-1,7,Mono_CD14,4271.0
GTGATCAGTAATCGTG-1,1,T_CD8,2652.0
GTGATCAGTATTTGCC-1,7,Mono_CD14,4410.0
GTGATCAGTCCGTGAG-1,6,Mono_CD14,3798.0
GTGATCAGTCCTCCAA-1,8,dropped,10588.0
GTGATCAGTGATCATG-1,6,Mono_CD14,3212.0
GTGATCAGTGTTTGCT-1,7,Mono_CD14,5438.0
GTGATCAGTTCGCTTG-1,6,Mono_CD14,3585.0
GTGATCAGTTGCTTCG-1,6,Mono_CD14,5325.0
GTGATGAAGAAAGCAT-1,4,Mono_CD16,6032.0
GTGATGAAGACCATAC-1,13,B,3159.0
GTGATGAAGACTCGCA-1,6,Mono_CD14,6035.0
GTGATGAAGAGGCTAA-1,7,Mono_CD14,5325.0
GTGATGAAGATTGAGG-1,10,NK,6408.0
GTGATGAAGGTTTGAC-1,7,Mono_CD14,5535.0
GTGATGAAGTACCGCA-1,2,T_CD4,2702.0
GTGATGAAGTGTTGTA-1,7,Mono_CD14,4064.0
GTGATGAAGTTAGTGC-1,6,Mono_CD14,1976.0
GTGATGAAGTTTGGGT-1,1,T_CD8,3753.0
GTGCAAGCAACTAACT-1,2,T_CD4,4608.0
GTGCAAGCAAGGTGCA-1,6,Mono_CD14,4179.0
GTGCAAGCAATGAGGT-1,2,T_CD4,16952.0
GTGCAAGCACCTGGTG-1,7,Mono_CD14,5055.0
GTGCAAGCAGGATGGC-1,13,B,3339.0
GTGCAAGCATGAATAG-1,7,Mono_CD14,4039.0
GTGCAAGCATGCTTAG-1,5,NK,3303.0
GTGCACGGTATGTGGC-1,6,Mono_CD14,4267.0
GTGCACGGTATTGAGT-1,13,B,3702.0
GTGCACGGTCAAGTAT-1,0,T_CD4,2624.0
GTGCACGGTCAATACG-1,11,DC,6905.0
GTGCACGGTGATGATT-1,1,T_CD8,3759.0
GTGCACGGTGGTTATG-1,0,T_CD4,3402.0
GTGCACGGTTCACCAT-1,1,T_CD8,3898.0
GTGCACGGTTGTAAAC-1,6,Mono_CD14,3979.0
GTGCACGGTTTACCGT-1,2,T_CD4,3233.0
GTGCACGGTTTCCACG-1,0,T_CD4,2670.0
GTGCATTAGCACGTTG-1,7,Mono_CD14,4190.0
GTGCATTAGCCTTAAA-1,6,Mono_CD14,3064.0
GTGCATTAGGACGTAA-1,6,Mono_CD14,4368.0
GTGCATTAGGGCCACT-1,2,T_CD4,2837.0
GTGCATTAGGTCATTA-1,7,Mono_CD14,4680.0
GTGCATTAGGTCGAGG-1,0,T_CD4,2452.0
GTGCATTAGTTAGACC-1,8,dropped,16422.0
GTGCATTAGTTAGCCG-1,0,T_CD4,2756.0
GTGCCTTTCACAGACT-1,13,B,3024.0
GTGCCTTTCCTGCGAA-1,0,T_CD4,2665.0
GTGCCTTTCGCTCCAT-1,11,DC,8497.0
GTGCCTTTCGTTACAA-1,15,T_CD8,3275.0
GTGCCTTTCTCCATAT-1,7,Mono_CD14,5844.0
GTGCCTTTCTGGCAAT-1,6,Mono_CD14,6048.0
GTGCCTTTCTGTAATG-1,15,T_CD8,4352.0
GTGCGCAGTACCCACC-1,11,DC,2518.0
GTGCGCAGTGACATAT-1,13,B,2477.0
GTGCGCAGTGCATTAG-1,16,pDC,4414.0
GTGCGCAGTTTCGCCA-1,0,T_CD4,4590.0
GTGCGGTTCAAACACC-1,5,NK,1782.0
GTGCGGTTCCACCCTG-1,7,Mono_CD14,5450.0
GTGCGGTTCCGCAAGC-1,6,Mono_CD14,5154.0
GTGCGGTTCCTCACTA-1,15,T_CD8,3465.0
GTGCGGTTCCTTAAGA-1,0,T_CD4,2843.0
GTGCGGTTCGAAGCGG-1,0,T_CD4,3297.0
GTGCGGTTCGCTAAGT-1,4,Mono_CD16,4964.0
GTGCTCAAGAGGAAGG-1,13,B,2453.0
GTGCTCAAGCAATAGG-1,2,T_CD4,3460.0
GTGCTCAAGCTATATG-1,0,T_CD4,2784.0
GTGCTCAAGGCTAAGA-1,7,Mono_CD14,4270.0
GTGCTCAAGGCTGGCT-1,2,T_CD4,4772.0
GTGCTCAAGTATCGCG-1,6,Mono_CD14,3875.0
GTGCTCCGTACGATTG-1,1,T_CD8,3182.0
GTGCTCCGTACGTTTC-1,0,T_CD4,2035.0
GTGCTCCGTACTTCAC-1,6,Mono_CD14,5771.0
GTGCTCCGTTACAAAC-1,6,Mono_CD14,4280.0
GTGCTGATCCCGCATT-1,2,T_CD4,4507.0
GTGCTGATCCTCACAC-1,1,T_CD8,3268.0
GTGCTGATCCTTAATC-1,7,Mono_CD14,3597.0
GTGCTGATCCTTCGTA-1,6,Mono_CD14,3729.0
GTGCTGATCGACAAAG-1,11,DC,7646.0
GTGCTGATCGTAATCA-1,2,T_CD4,4670.0
GTGCTGATCTAAGTCA-1,13,B,2355.0
GTGCTGATCTTGAGCG-1,11,DC,7324.0
GTGCTGGGTATTGCAG-1,0,T_CD4,3766.0
GTGCTGGGTATTGTCC-1,13,B,2371.0
GTGCTGGGTCATCAAG-1,1,T_CD8,2905.0
GTGCTGGGTTAGCATG-1,0,T_CD4,3638.0
GTGCTGGGTTGAGGTC-1,2,T_CD4,5808.0
GTGCTTACAAGATTCT-1,2,T_CD4,5354.0
GTGCTTACAATAGTCT-1,1,T_CD8,3146.0
GTGCTTACAATTGACT-1,6,Mono_CD14,1920.0
GTGCTTACAGCAACCT-1,1,T_CD8,4442.0
GTGCTTACAGGAAGCC-1,2,T_CD4,2900.0
GTGCTTCTCCTGGTGA-1,2,T_CD4,4369.0
GTGCTTCTCCTTAATC-1,5,NK,2742.0
GTGGACACAAGCGAGC-1,7,Mono_CD14,4342.0
GTGGACACAATGCCTA-1,6,Mono_CD14,3288.0
GTGGACACACAAAGAC-1,2,T_CD4,2938.0
GTGGACACACCAACCG-1,8,dropped,6795.0
GTGGACACACTGACTA-1,16,pDC,6949.0
GTGGACACAGCCAGTT-1,1,T_CD8,2182.0
GTGGACACAGGACCTT-1,5,NK,4909.0
GTGGACACAGGCGATA-1,7,Mono_CD14,4519.0
GTGGATGCACCAGCAT-1,8,dropped,7848.0
GTGGATGCACCGGTAT-1,15,T_CD8,2981.0
GTGGATGCAGTAGCCT-1,1,T_CD8,2973.0
GTGGATGCATAAAGCA-1,2,T_CD4,3049.0
GTGGATGCATAGTCAT-1,1,T_CD8,4609.0
GTGGATGCATCTAGCA-1,1,T_CD8,3921.0
GTGGCTTCAAGGAATC-1,13,B,727.0
GTGGTTAGTAGGTGTC-1,2,T_CD4,3068.0
GTGGTTAGTCATAGAT-1,11,DC,11601.0
GTGGTTAGTGGAGCAA-1,0,T_CD4,2515.0
GTGGTTAGTTGCATCT-1,1,T_CD8,3329.0
GTGTAACTCAAGTGTC-1,1,T_CD8,3988.0
GTGTAACTCAATGACC-1,13,B,2215.0
GTGTAACTCAATGAGG-1,6,Mono_CD14,3119.0
GTGTAACTCAATGTCA-1,0,T_CD4,2696.0
GTGTAACTCCACCCTG-1,13,B,1939.0
GTGTAACTCCTGCGAA-1,6,Mono_CD14,4961.0
GTGTAACTCGGCTAGC-1,13,B,2610.0
GTGTAACTCGTTAAGC-1,1,T_CD8,3771.0
GTGTCCAAGAACCTAC-1,1,T_CD8,3440.0
GTGTCCAAGCCGGTAC-1,10,NK,2651.0
GTGTCCAAGGCAAGTA-1,5,NK,2800.0
GTGTCCAAGGGATGAC-1,6,Mono_CD14,4280.0
GTGTCCAAGGGTGAAC-1,6,Mono_CD14,5340.0
GTGTCCAAGGTCTTGG-1,15,T_CD8,2507.0
GTGTCCAAGTCATTGA-1,9,dropped,13066.0
GTGTCCAAGTCATTTC-1,12,dropped,5073.0
GTGTCCAAGTGTGATC-1,7,Mono_CD14,4289.0
GTGTGAGCAAATTCGT-1,6,Mono_CD14,2864.0
GTGTGAGCAACTAACT-1,1,T_CD8,3059.0
GTGTGAGCAAGCTACC-1,5,NK,2899.0
GTGTGAGCAGTAGGTG-1,2,T_CD4,2599.0
GTGTGCGGTAAAGCAA-1,4,Mono_CD16,5018.0
GTGTGCGGTACCAGGT-1,15,T_CD8,2828.0
GTGTGCGGTACCGAAC-1,7,Mono_CD14,4472.0
GTGTGCGGTACCGGAT-1,13,B,2327.0
GTGTGCGGTCGCGCAA-1,13,B,3524.0
GTGTGCGGTTAATGAC-1,1,T_CD8,3336.0
GTGTGTTAGAAGGTGC-1,0,T_CD4,5472.0
GTGTGTTAGCTATATG-1,2,T_CD4,2507.0
GTGTGTTAGGAACCGG-1,2,T_CD4,1743.0
GTGTGTTAGGACAACA-1,5,NK,2617.0
GTGTGTTAGGATAAAC-1,2,T_CD4,2637.0
GTGTGTTAGGCATGTT-1,8,dropped,6961.0
GTGTTACAGCTTATGA-1,2,T_CD4,2153.0
GTGTTACAGGAAACTG-1,2,T_CD4,3724.0
GTGTTACAGGACCGCT-1,6,Mono_CD14,3774.0
GTGTTACAGGCTGTGC-1,0,T_CD4,3178.0
GTGTTACAGGCTTAAC-1,15,T_CD8,3070.0
GTGTTACAGTGTGATC-1,9,dropped,6560.0
GTGTTACAGTTCCTGC-1,7,Mono_CD14,4592.0
GTGTTCCTCAAACCTA-1,1,T_CD8,3082.0
GTGTTCCTCACGAATC-1,0,T_CD4,3120.0
GTGTTCCTCAGTGAAG-1,16,pDC,8188.0
GTGTTCCTCCCGAAGC-1,2,T_CD4,1863.0
GTGTTCCTCTAAGTCA-1,6,Mono_CD14,3085.0
GTGTTCCTCTGTGCCT-1,2,T_CD4,2670.0
GTTAAACGTACAAAGA-1,10,NK,3330.0
GTTAAACGTAGCCTAA-1,2,T_CD4,3244.0
GTTAAACGTCAAGTGC-1,15,T_CD8,3833.0
GTTAAACGTCGCAATA-1,6,Mono_CD14,4803.0
GTTAAACGTTCGGTAA-1,0,T_CD4,2296.0
GTTAAACGTTGGTTAG-1,7,Mono_CD14,5081.0
GTTAAACGTTTCCACG-1,2,T_CD4,2027.0
GTTAACCAGAATGACG-1,6,Mono_CD14,5127.0
GTTAACCAGAGGCTAA-1,10,NK,3958.0
GTTAACCAGCTGCACA-1,1,T_CD8,3433.0
GTTAACCAGGGATGAC-1,6,Mono_CD14,6563.0
GTTAACCAGGTAACGA-1,0,T_CD4,2986.0
GTTAACCAGGTAGCTT-1,1,T_CD8,5091.0
GTTAACCAGTAAGAAC-1,7,Mono_CD14,5751.0
GTTAACGGTACCTTAC-1,1,T_CD8,3724.0
GTTAACGGTATTACCC-1,2,T_CD4,2682.0
GTTAACGGTCATAACG-1,1,T_CD8,2489.0
GTTAACGGTGAGGTGA-1,13,B,4277.0
GTTAACGGTTAGCCAA-1,1,T_CD8,5844.0
GTTAACGGTTAGTACG-1,3,Mono_CD14,111.0
GTTAACGGTTCCAGGG-1,4,Mono_CD16,8653.0
GTTAACGGTTTATCGC-1,6,Mono_CD14,3162.0
GTTAAGCTCATTAGGC-1,0,T_CD4,2635.0
GTTAAGCTCATTTGCT-1,7,Mono_CD14,6892.0
GTTAAGCTCCTGTTCA-1,0,T_CD4,5069.0
GTTAAGCTCCTTCAAT-1,7,Mono_CD14,8572.0
GTTAAGCTCGGGATTT-1,1,T_CD8,3265.0
GTTAAGCTCGTTATAG-1,13,B,8136.0
GTTAAGCTCTCCTCAA-1,7,Mono_CD14,5993.0
GTTAAGCTCTTACTCG-1,7,Mono_CD14,7244.0
GTTAAGTGTATTGGTG-1,7,Mono_CD14,5315.0
GTTAAGTGTCAAAGAA-1,2,T_CD4,2952.0
GTTAAGTGTCACTCGC-1,13,B,3465.0
GTTAAGTGTCCGCTGT-1,1,T_CD8,2354.0
GTTAAGTGTCTTTATG-1,6,Mono_CD14,3076.0
GTTAAGTGTGGAGCAA-1,7,Mono_CD14,3553.0
GTTAAGTGTTAGGCGT-1,6,Mono_CD14,8128.0
GTTAATGTCAAACCTA-1,11,DC,12588.0
GTTAATGTCCTAGTTT-1,12,dropped,7688.0
GTTAATGTCGCATCCT-1,4,Mono_CD16,6234.0
GTTACAGGTAGGTTAT-1,0,T_CD4,3039.0
GTTACAGGTAGTTAAC-1,10,NK,10538.0
GTTACAGGTATTGTGG-1,6,Mono_CD14,3232.0
GTTACAGGTCAATAGT-1,4,Mono_CD16,7466.0
GTTACAGGTGTTGTAG-1,13,B,3607.0
GTTACAGGTTTGGGCG-1,10,NK,4996.0
GTTACCTGTAACCAGC-1,0,T_CD4,4855.0
GTTACCTGTACGATTG-1,13,B,3291.0
GTTACCTGTAGTTAAC-1,6,Mono_CD14,3494.0
GTTACCTGTATCTGGA-1,16,pDC,4990.0
GTTACCTGTCCGTGAG-1,1,T_CD8,4161.0
GTTACCTGTCTTGCAT-1,13,B,3879.0
GTTACCTGTGAAACAA-1,6,Mono_CD14,5261.0
GTTACCTGTGGTTATG-1,2,T_CD4,3296.0
GTTACGCCAAGTAAGC-1,12,dropped,10330.0
GTTACGCCAATTGAGA-1,0,T_CD4,2476.0
GTTACGCCACCGGCTA-1,13,B,2954.0
GTTACGCCACCTGCTC-1,4,Mono_CD16,8759.0
GTTACGCCACTGGCCA-1,8,dropped,8518.0
GTTACGCCAGAAATGC-1,0,T_CD4,2097.0
GTTACGCCAGCCAGAA-1,9,dropped,7344.0
GTTACGCCAGCTAACC-1,6,Mono_CD14,6016.0
GTTACGTAGAACCTAC-1,6,Mono_CD14,4905.0
GTTACGTAGCGAAGTA-1,13,B,2068.0
GTTACGTAGCTAGAAG-1,15,T_CD8,3262.0
GTTACGTAGCTATATG-1,0,T_CD4,3792.0
GTTACGTAGCTGGAAA-1,6,Mono_CD14,2246.0
GTTACGTAGCTTTGGG-1,2,T_CD4,4109.0
GTTACGTAGCTTTGTT-1,13,B,3855.0
GTTACGTAGTGATTCA-1,6,Mono_CD14,3391.0
GTTACGTAGTTATCTC-1,0,T_CD4,2885.0
GTTACTAAGGCCATCA-1,1,T_CD8,5311.0
GTTACTCGTAATCACG-1,4,Mono_CD16,8267.0
GTTACTCGTACGGGTT-1,1,T_CD8,3307.0
GTTACTCGTCAAAGGG-1,6,Mono_CD14,4480.0
GTTACTCGTCGTAAAT-1,1,T_CD8,1801.0
GTTACTCGTCTTTATG-1,0,T_CD4,3060.0
GTTACTCGTGATTTGG-1,1,T_CD8,3756.0
GTTACTCGTTAGGTTG-1,7,Mono_CD14,5652.0
GTTACTCGTTCTTTAG-1,0,T_CD4,2467.0
GTTACTCGTTGCTTCG-1,6,Mono_CD14,3848.0
GTTACTCGTTTGAGGC-1,6,Mono_CD14,4302.0
GTTAGACTCCGCAAGC-1,6,Mono_CD14,3222.0
GTTAGACTCGTTAGTA-1,5,NK,4084.0
GTTAGGCGTAAGCTTG-1,15,T_CD8,2756.0
GTTAGGCGTAGCAGCT-1,16,pDC,5595.0
GTTAGGCGTCCTCCAA-1,1,T_CD8,2679.0
GTTAGGCGTGGTTCCC-1,2,T_CD4,2712.0
GTTAGGCGTGTGCAAC-1,0,T_CD4,1258.0
GTTAGGCGTTAAGCCA-1,8,dropped,9092.0
GTTAGGCGTTGCGCGA-1,2,T_CD4,4183.0
GTTCACCTCGGTAACT-1,0,T_CD4,2411.0
GTTCACCTCTAACCTT-1,0,T_CD4,2526.0
GTTCACCTCTGGCTTC-1,8,dropped,10726.0
GTTCATTTCAAACTCA-1,12,dropped,5299.0
GTTCATTTCAATCATG-1,2,T_CD4,9472.0
GTTCATTTCGCCTGTT-1,5,NK,1849.0
GTTCATTTCTTGGATA-1,0,T_CD4,2866.0
GTTCCCAGTAGCCATA-1,7,Mono_CD14,6411.0
GTTCCCAGTCCTGATT-1,1,T_CD8,3597.0
GTTCCCAGTGGGTGAA-1,6,Mono_CD14,5266.0
GTTCCCAGTGTCCAGG-1,2,T_CD4,7240.0
GTTCCCAGTTACATCC-1,6,Mono_CD14,3243.0
GTTCCTGGTAACGAGG-1,13,B,3082.0
GTTCCTGGTCCAAGAC-1,6,Mono_CD14,5672.0
GTTCCTGGTCGCGCAA-1,2,T_CD4,9342.0
GTTCCTGGTCGTAATG-1,7,Mono_CD14,5033.0
GTTCCTGGTCTCAGCC-1,6,Mono_CD14,4078.0
GTTCCTGGTGGATTAT-1,7,Mono_CD14,6135.0
GTTCCTGGTTAAGGCC-1,2,T_CD4,4191.0
GTTCCTGGTTACCTGT-1,7,Mono_CD14,5272.0
GTTCCTGGTTCAAGCA-1,15,T_CD8,3137.0
GTTCCTGGTTCACTGT-1,15,T_CD8,2986.0
GTTCCTGGTTTACGTC-1,15,T_CD8,2980.0
GTTCCTTCAAACTCAT-1,6,Mono_CD14,5202.0
GTTCCTTCAAATTGCT-1,7,Mono_CD14,6179.0
GTTCCTTCACAGGGAC-1,0,T_CD4,1532.0
GTTCCTTCACCAACCG-1,0,T_CD4,21343.0
GTTCCTTCAGGCTAAG-1,1,T_CD8,3183.0
GTTCCTTCATGAGTTT-1,0,T_CD4,3306.0
GTTCCTTCATTAGCCA-1,6,Mono_CD14,5281.0
GTTCGCGCAACCCTCC-1,0,T_CD4,2270.0
GTTCGCGCACAGGAAT-1,1,T_CD8,4878.0
GTTCGCGCAGGACCAA-1,2,T_CD4,3573.0
GTTCGCGCAGTCTAGC-1,7,Mono_CD14,5529.0
GTTCGCGCATACTCCT-1,13,B,3985.0
GTTCGCGCATCACTTC-1,2,T_CD4,4069.0
GTTCGCTTCACGCATG-1,13,B,2959.0
GTTCGCTTCAGCACCA-1,9,dropped,9803.0
GTTCGCTTCAGTTCCC-1,1,T_CD8,3793.0
GTTCGCTTCATTAGGC-1,6,Mono_CD14,5102.0
GTTCGCTTCCAGGAAA-1,7,Mono_CD14,3899.0
GTTCGCTTCCCGCATT-1,0,T_CD4,3621.0
GTTCGCTTCCCTCATA-1,11,DC,5142.0
GTTCGCTTCCGTTAAA-1,6,Mono_CD14,4673.0
GTTCGCTTCCTCATCA-1,1,T_CD8,4665.0
GTTCGCTTCGAGGAAC-1,15,T_CD8,3250.0
GTTCGCTTCTCACTCA-1,7,Mono_CD14,5106.0
GTTCGCTTCTTAAGTG-1,2,T_CD4,3132.0
GTTCTCATCAATGACC-1,5,NK,2988.0
GTTCTCATCACGCCAA-1,0,T_CD4,3092.0
GTTCTCATCACGTTAA-1,1,T_CD8,3178.0
GTTCTCATCCATAAGC-1,13,B,3537.0
GTTCTCATCCTCACTA-1,1,T_CD8,1756.0
GTTCTCATCCTCATCA-1,7,Mono_CD14,7397.0
GTTCTCATCCTTAAGA-1,15,T_CD8,3203.0
GTTCTCATCGGTAACT-1,4,Mono_CD16,8318.0
GTTCTCATCGTTCACC-1,15,T_CD8,4168.0
GTTCTCATCTACCTCA-1,6,Mono_CD14,7261.0
GTTCTCATCTATGACA-1,8,dropped,14490.0
GTTCTCATCTCCATAT-1,0,T_CD4,1162.0
GTTCTCATCTGTAAGC-1,3,Mono_CD14,2512.0
GTTCTTAGTACCTTAC-1,6,Mono_CD14,5900.0
GTTCTTAGTTCACCCA-1,4,Mono_CD16,7563.0
GTTCTTAGTTGGCGTG-1,6,Mono_CD14,4813.0
GTTCTTAGTTGTAAAC-1,2,T_CD4,4520.0
GTTCTTGTCACGAATC-1,2,T_CD4,4244.0
GTTCTTGTCACTAAGC-1,1,T_CD8,2642.0
GTTCTTGTCAGAAACG-1,0,T_CD4,1410.0
GTTCTTGTCATTGCGG-1,6,Mono_CD14,7136.0
GTTCTTGTCCCGCAAA-1,6,Mono_CD14,5826.0
GTTCTTGTCCCTCACG-1,1,T_CD8,3214.0
GTTCTTGTCTGGCATG-1,1,T_CD8,3315.0
GTTCTTGTCTTGACCC-1,11,DC,7823.0
GTTGCATAGCAGCTAT-1,7,Mono_CD14,4794.0
GTTGCATAGCGTGCGT-1,0,T_CD4,3738.0
GTTGCATAGCTCGCTT-1,8,dropped,8076.0
GTTGCATAGGAACGGT-1,7,Mono_CD14,5615.0
GTTGCCCGTAAACAAG-1,7,Mono_CD14,4167.0
GTTGCCCGTAGTTAAC-1,6,Mono_CD14,3648.0
GTTGCCCGTCACAAAT-1,2,T_CD4,3010.0
GTTGCCCGTCCTTTAA-1,15,T_CD8,4679.0
GTTGCCCGTCGTAATG-1,1,T_CD8,2656.0
GTTGCCCGTGATTACG-1,3,Mono_CD14,627.0
GTTGCCCGTGTGCAAC-1,13,B,3280.0
GTTGCCCGTTACAAAC-1,13,B,3150.0
GTTGCCCGTTACTTGC-1,1,T_CD8,3257.0
GTTGCCCGTTCGGTAA-1,0,T_CD4,3376.0
GTTGCCCGTTTCCTCC-1,13,B,3177.0
GTTGCGGGTAGGTTTG-1,5,NK,2684.0
GTTGCGGGTGAGCAAG-1,15,T_CD8,1979.0
GTTGCGGGTGCTCACC-1,2,T_CD4,4938.0
GTTGCGGGTTGCACGG-1,6,Mono_CD14,4957.0
GTTGCTGAGATAAAGC-1,0,T_CD4,2521.0
GTTGCTGAGCGAGGTG-1,0,T_CD4,3089.0
GTTGCTGAGTTTGGTA-1,6,Mono_CD14,4506.0
GTTGGAGCAAGGTCCT-1,7,Mono_CD14,4201.0
GTTGGAGCACGAACAG-1,1,T_CD8,3026.0
GTTGGAGCAGCAAGAT-1,0,T_CD4,2201.0
GTTGGAGCAGCAAGGC-1,2,T_CD4,1452.0
GTTGGAGCATTGTGAT-1,15,T_CD8,2246.0
GTTGGCCAGCGTGCGT-1,7,Mono_CD14,4415.0
GTTGGCCAGCTGCACA-1,11,DC,6908.0
GTTGGCCAGCTGGACC-1,6,Mono_CD14,5390.0
GTTGGCCAGCTTAGTA-1,2,T_CD4,4906.0
GTTGGCCAGGCTACAT-1,2,T_CD4,3152.0
GTTGGCCAGGTGTTAC-1,6,Mono_CD14,5696.0
GTTGGCGGTAAATTGC-1,2,T_CD4,2661.0
GTTGGCGGTAGTCAAT-1,6,Mono_CD14,5415.0
GTTGGCGGTATTACCC-1,2,T_CD4,1995.0
GTTGGCGGTATTGAGT-1,5,NK,2975.0
GTTGGCGGTGCTAGAC-1,2,T_CD4,2737.0
GTTGGCGGTGGATGTC-1,6,Mono_CD14,5203.0
GTTGGCGGTGGTTCCC-1,6,Mono_CD14,3631.0
GTTGGCGGTTAGCCAA-1,6,Mono_CD14,5468.0
GTTGGCGGTTCAAGCA-1,0,T_CD4,1813.0
GTTGGCGGTTCATCTA-1,13,B,4339.0
GTTGGCGGTTGGTTGA-1,15,T_CD8,3605.0
GTTGGCGGTTTGGTTC-1,15,T_CD8,957.0
GTTGTGAGTAAGGTCC-1,6,Mono_CD14,2331.0
GTTGTGAGTAATCGTG-1,6,Mono_CD14,3845.0
GTTGTGAGTAGCTGCG-1,2,T_CD4,2458.0
GTTGTGAGTCACGAAC-1,0,T_CD4,2208.0
GTTGTGAGTTTCCTCC-1,4,Mono_CD16,6956.0
GTTGTGAGTTTGCGCC-1,4,Mono_CD16,4259.0
GTTGTTGCAGCAACCT-1,15,T_CD8,3831.0
GTTGTTGCATCAGTAT-1,1,T_CD8,3245.0
GTTTAACCAAAGCGGC-1,0,T_CD4,1990.0
GTTTAACCAATCGCAC-1,4,Mono_CD16,5714.0
GTTTAACCAATTGAGA-1,1,T_CD8,4791.0
GTTTAACCAGGCTAGA-1,15,T_CD8,2445.0
GTTTAACCAGTAAGTA-1,2,T_CD4,4470.0
GTTTAACCAGTCTAAT-1,5,NK,4709.0
GTTTAACCATAAGCAA-1,3,Mono_CD14,1817.0
GTTTAACCATAATCCG-1,12,dropped,11940.0
GTTTAACCATAATGAG-1,1,T_CD8,3245.0
GTTTACCGTGAGCAAG-1,6,Mono_CD14,4569.0
GTTTACCGTTGAGGTC-1,6,Mono_CD14,5661.0
GTTTAGCAGATGCCTG-1,1,T_CD8,2529.0
GTTTAGCAGGAGTCTT-1,6,Mono_CD14,5812.0
GTTTAGCAGGGATGCG-1,4,Mono_CD16,6893.0
GTTTAGCAGGGATTAG-1,0,T_CD4,2113.0
GTTTAGCAGTAAACCC-1,0,T_CD4,3618.0
GTTTAGCAGTATTGGC-1,2,T_CD4,4039.0
GTTTAGCAGTTCCTCA-1,0,T_CD4,2857.0
GTTTATCTCAATGTCA-1,2,T_CD4,4545.0
GTTTATCTCCGCTAGA-1,10,NK,6388.0
GTTTATCTCTACCTGC-1,2,T_CD4,5190.0
GTTTATCTCTTAATGG-1,6,Mono_CD14,2366.0
GTTTCAGCAAAGCCTC-1,7,Mono_CD14,6853.0
GTTTCAGCAACCTGGT-1,2,T_CD4,2973.0
GTTTCAGCAATCTCTC-1,2,T_CD4,4538.0
GTTTCAGCACAGGGAC-1,6,Mono_CD14,3997.0
GTTTCAGCAGGTATTT-1,15,T_CD8,3071.0
GTTTCAGCATGGCCCA-1,1,T_CD8,4502.0
GTTTCAGCATTGCGAC-1,6,Mono_CD14,5744.0
GTTTCCTCAACATAAG-1,7,Mono_CD14,4059.0
GTTTCCTCAATAGCCC-1,7,Mono_CD14,5753.0
GTTTCCTCAATGAATG-1,11,DC,8989.0
GTTTCCTCAATTGACT-1,8,dropped,11048.0
GTTTCCTCACAACAAA-1,0,T_CD4,3364.0
GTTTCCTCACATACTG-1,15,T_CD8,3575.0
GTTTCCTCAGGCTAAG-1,6,Mono_CD14,2669.0
GTTTCCTCATGGCCTG-1,1,T_CD8,1808.0
GTTTCTAGTAGCCTAA-1,3,Mono_CD14,2304.0
GTTTCTAGTCAAAGGG-1,2,T_CD4,2298.0
GTTTCTAGTCACAAAT-1,6,Mono_CD14,3250.0
GTTTCTAGTCACCAAA-1,6,Mono_CD14,2625.0
GTTTCTAGTCATGAGC-1,13,B,2840.0
GTTTCTAGTGAATCGC-1,2,T_CD4,2884.0
GTTTCTAGTGATCAGC-1,2,T_CD4,3106.0
GTTTCTAGTGCCTCAC-1,7,Mono_CD14,10894.0
GTTTCTAGTGTGAGAG-1,13,B,3085.0
GTTTCTAGTGTGCAAC-1,1,T_CD8,2520.0
GTTTCTAGTTAACGAT-1,2,T_CD4,2753.0
GTTTCTAGTTAATGCG-1,0,T_CD4,3158.0
GTTTCTAGTTAGTTGG-1,6,Mono_CD14,4983.0
GTTTCTAGTTGAAGCC-1,13,B,2275.0
GTTTCTAGTTGCAGTA-1,1,T_CD8,4552.0
GTTTGCTGTCAAGTGC-1,6,Mono_CD14,4585.0
GTTTGCTGTCTTGCAT-1,5,NK,5879.0
GTTTGCTGTGGAAGGC-1,0,T_CD4,2716.0
GTTTGCTGTGGACATC-1,1,T_CD8,4017.0
GTTTGCTGTGGATGTC-1,3,Mono_CD14,1851.0
GTTTGCTGTGTTCCCA-1,3,Mono_CD14,765.0
GTTTGCTGTTACCGGG-1,6,Mono_CD14,3398.0
GTTTGCTGTTTGGGCG-1,0,T_CD4,792.0
GTTTGTAAGAGGCTAA-1,6,Mono_CD14,5917.0
GTTTGTAAGATGGAGC-1,7,Mono_CD14,4326.0
GTTTGTAAGGAGGCAT-1,8,dropped,7874.0
GTTTGTAAGGATTGAG-1,2,T_CD4,6083.0
GTTTGTAAGGCCTGGT-1,8,dropped,8880.0
GTTTGTAAGTGAGCAA-1,0,T_CD4,1567.0
GTTTGTAAGTTACTTC-1,1,T_CD8,1257.0
GTTTGTAAGTTTGAGC-1,7,Mono_CD14,3790.0
GTTTGTCGTATGGTGC-1,12,dropped,8663.0
GTTTGTCGTCTAGCTT-1,7,Mono_CD14,4659.0
GTTTGTCGTGATGAGG-1,13,B,2568.0
GTTTGTCGTGTGCACG-1,11,DC,5667.0
GTTTGTCGTTAGGCGT-1,5,NK,3126.0
GTTTGTCGTTCACCAT-1,6,Mono_CD14,5116.0
GTTTGTCGTTCATTTG-1,2,T_CD4,2837.0
GTTTGTTTCATGGCCA-1,1,T_CD8,3710.0
GTTTGTTTCATTAGGC-1,11,DC,10947.0
GTTTGTTTCCACCCTG-1,2,T_CD4,2697.0
GTTTGTTTCCCTGATC-1,5,NK,3804.0
GTTTGTTTCCGGTATG-1,1,T_CD8,4917.0
GTTTGTTTCCTGGTGA-1,2,T_CD4,2811.0
GTTTGTTTCTACCTGC-1,15,T_CD8,2894.0
GTTTGTTTCTGCAACG-1,6,Mono_CD14,5907.0
TAAACAGCAACCCTAA-1,2,T_CD4,3580.0
TAAACAGCACCTAATG-1,0,T_CD4,5952.0
TAAACAGCACCTGCCT-1,2,T_CD4,3740.0
TAAACAGCACTTCACT-1,13,B,3207.0
TAAACAGCAGGATAAC-1,0,T_CD4,2939.0
TAAACAGCAGTAATAG-1,6,Mono_CD14,3316.0
TAAAGCCTCAATCATG-1,6,Mono_CD14,2594.0
TAAAGCCTCCCGCAAA-1,15,T_CD8,2640.0
TAAAGCCTCCGTAAAC-1,2,T_CD4,4371.0
TAAAGCCTCGAGCTAT-1,4,Mono_CD16,11405.0
TAAAGCCTCTAAATCG-1,2,T_CD4,2880.0
TAACAAGCAAACTGTT-1,6,Mono_CD14,4979.0
TAACAAGCAACAGCCT-1,13,B,2210.0
TAACAAGCAATAGTCT-1,2,T_CD4,3676.0
TAACAAGCACAGGGAC-1,0,T_CD4,2174.0
TAACAAGCACTTCATC-1,1,T_CD8,3706.0
TAACAAGCAGGCTAAG-1,0,T_CD4,4816.0
TAACAAGCATATTGAC-1,7,Mono_CD14,4152.0
TAACCAGGTATTGGTG-1,4,Mono_CD16,6406.0
TAACCAGGTTTGCAGA-1,6,Mono_CD14,4403.0
TAACCGGTCAAGGACA-1,0,T_CD4,3434.0
TAACCGGTCAATCTCT-1,1,T_CD8,3390.0
TAACCGGTCCTTCTAG-1,0,T_CD4,2649.0
TAACCGGTCGCTAAAC-1,7,Mono_CD14,4347.0
TAACCGGTCGGCTATG-1,2,T_CD4,4465.0
TAACCGGTCGGTCAAT-1,2,T_CD4,4000.0
TAACCGGTCTAACTGA-1,12,dropped,7792.0
TAACCGGTCTGGCATG-1,0,T_CD4,2269.0
TAACCTAAGAGGAGTC-1,12,dropped,6526.0
TAACCTAAGCAACATC-1,1,T_CD8,5379.0
TAACCTAAGCTCCTTA-1,6,Mono_CD14,7785.0
TAACCTAAGTCACTCC-1,4,Mono_CD16,7750.0
TAACCTAAGTCCTTCA-1,0,T_CD4,2754.0
TAAGCCAGTAATGGAA-1,15,T_CD8,2444.0
TAAGCCAGTACCGAAC-1,2,T_CD4,4565.0
TAAGCCAGTGATGAAA-1,7,Mono_CD14,3269.0
TAAGCCAGTGATTACG-1,2,T_CD4,5180.0
TAAGCCAGTGCCGCAA-1,1,T_CD8,2911.0
TAAGCCAGTGCTCCAC-1,15,T_CD8,3533.0
TAAGCCAGTGGTGAGA-1,0,T_CD4,4667.0
TAAGCCAGTTGCTTCG-1,6,Mono_CD14,3911.0
TAAGCCTAGACAGGTA-1,1,T_CD8,3440.0
TAAGCCTAGCGGGCAA-1,15,T_CD8,2629.0
TAAGCCTAGCTGGCTA-1,6,Mono_CD14,3429.0
TAAGCCTAGGCTACTG-1,5,NK,3407.0
TAAGCCTAGTCACTAA-1,2,T_CD4,3250.0
TAAGCCTAGTTGGCCA-1,2,T_CD4,6399.0
TAAGCTATCAAGCCTG-1,1,T_CD8,3236.0
TAAGCTATCACTAATG-1,8,dropped,6800.0
TAAGCTATCAGCACCA-1,7,Mono_CD14,6016.0
TAAGCTATCCTAAGAC-1,3,Mono_CD14,106.0
TAAGCTATCGAGCTAT-1,0,T_CD4,2574.0
TAAGCTATCGCCTAAG-1,15,T_CD8,2328.0
TAAGCTATCGCTAGCA-1,1,T_CD8,3681.0
TAAGCTATCGCTCCAT-1,6,Mono_CD14,3466.0
TAAGCTATCTCGCCCA-1,1,T_CD8,2771.0
TAAGCTGGTCAATAGT-1,0,T_CD4,4162.0
TAAGCTGGTTGTTGTC-1,7,Mono_CD14,4739.0
TAAGCTGGTTTATTCG-1,6,Mono_CD14,5013.0
TAAGGACCAACTAGAA-1,13,B,5950.0
TAAGGACCAATTGCGC-1,2,T_CD4,3064.0
TAAGGACCACCTCACC-1,5,NK,2866.0
TAAGGACCACTGACCG-1,8,dropped,6836.0
TAAGGACCACTTGTTC-1,4,Mono_CD16,7495.0
TAAGGACCAGCTAACC-1,8,dropped,12798.0
TAAGGACCAGGATTAA-1,1,T_CD8,3464.0
TAAGGACCATGCTATG-1,7,Mono_CD14,3729.0
TAAGGCTTCGTTCACC-1,2,T_CD4,3869.0
TAAGGCTTCTGGCTTC-1,0,T_CD4,5123.0
TAAGTAGCAAGGAATC-1,1,T_CD8,3699.0
TAAGTAGCAATATACC-1,6,Mono_CD14,3311.0
TAAGTAGCAATTTAGC-1,0,T_CD4,2541.0
TAAGTAGCACGTGCTG-1,12,dropped,4503.0
TAAGTAGCAGAAATGC-1,0,T_CD4,2577.0
TAAGTAGCAGGCATCT-1,1,T_CD8,2669.0
TAAGTAGCATAGGCGA-1,1,T_CD8,3693.0
TAAGTAGCATCCCTCA-1,6,Mono_CD14,4649.0
TAAGTAGCATGACTAT-1,1,T_CD8,3753.0
TAAGTAGCATTGACAT-1,6,Mono_CD14,4183.0
TAAGTAGCATTGTCCT-1,2,T_CD4,2711.0
TAAGTGCTCAAACACC-1,1,T_CD8,3577.0
TAAGTGCTCACGTTAA-1,0,T_CD4,2409.0
TAAGTGCTCACTTTAC-1,1,T_CD8,1170.0
TAAGTGCTCCGCAAAT-1,5,NK,2914.0
TAAGTGCTCCTTGCAC-1,0,T_CD4,2639.0
TAAGTGCTCGCGACAC-1,0,T_CD4,1860.0
TAAGTGCTCGGGACCT-1,7,Mono_CD14,10381.0
TAAGTGCTCGTTTCTG-1,0,T_CD4,1100.0
TAATCACCAAACTGTT-1,0,T_CD4,3584.0
TAATCACCAAAGGCCA-1,0,T_CD4,1098.0
TAATCACCAAGCCAGA-1,6,Mono_CD14,6518.0
TAATCACCAATAATGG-1,6,Mono_CD14,5645.0
TAATCACCAATTGAGA-1,5,NK,3010.0
TAATCACCACCCACCT-1,1,T_CD8,3507.0
TAATCACCACTCGCTC-1,6,Mono_CD14,5387.0
TAATCACCAGAGAGCC-1,6,Mono_CD14,3838.0
TAATCACCAGCAATAA-1,5,NK,3197.0
TAATCACCAGTACCGT-1,0,T_CD4,3856.0
TAATCACCATACTCCT-1,4,Mono_CD16,6727.0
TAATCACCATCAGTAT-1,16,pDC,6021.0
TAATCCGCAAACGGGC-1,6,Mono_CD14,4657.0
TAATCCGCAAGACTCC-1,8,dropped,11589.0
TAATCCGCAGCAACCT-1,15,T_CD8,2578.0
TAATCCGCAGTAGGAT-1,6,Mono_CD14,5451.0
TAATCCGCATGTGGGA-1,5,NK,2618.0
TAATCCGCATTGACAT-1,2,T_CD4,4052.0
TAATGCATCAATGTGC-1,2,T_CD4,3377.0
TAATGCATCAATTACG-1,12,dropped,4808.0
TAATGCATCACCAATA-1,6,Mono_CD14,9816.0
TAATGCATCCAGCACA-1,7,Mono_CD14,10530.0
TAATGCATCCGCAACA-1,2,T_CD4,4823.0
TAATGCATCGGTTCCT-1,7,Mono_CD14,4049.0
TAATGCATCGTTTCCA-1,1,T_CD8,2060.0
TAATGCATCTAAGTGC-1,7,Mono_CD14,5125.0
TAATGCATCTATTGTC-1,3,Mono_CD14,150.0
TAATGCATCTCAATTC-1,0,T_CD4,3686.0
TAATGCATCTCCTCAA-1,15,T_CD8,2705.0
TAATGCATCTCCTCTT-1,4,Mono_CD16,6699.0
TAATGCATCTTAATGG-1,0,T_CD4,3240.0
TAATGGACACCTGCCT-1,17,dropped,12757.0
TAATGGACATAGCAGG-1,6,Mono_CD14,4857.0
TAATGGTGTAACAGGG-1,7,Mono_CD14,6552.0
TAATGGTGTATGGTGC-1,13,B,2753.0
TAATGGTGTCAATAGT-1,6,Mono_CD14,4812.0
TAATGGTGTGACATAT-1,3,Mono_CD14,1121.0
TAATGGTGTGTTTGTC-1,6,Mono_CD14,4672.0
TAATGGTGTTAAGTGT-1,11,DC,6381.0
TAATGGTGTTCAAGCA-1,1,T_CD8,2244.0
TAATGGTGTTCGGGAT-1,0,T_CD4,1540.0
TAATGGTGTTTGGTTC-1,3,Mono_CD14,1677.0
TAATTGCCAAATGCCC-1,16,pDC,7472.0
TAATTGCCAACTAACT-1,0,T_CD4,2406.0
TAATTGCCAAGGTCCT-1,13,B,2480.0
TAATTGCCAAGTTATC-1,2,T_CD4,4619.0
TAATTGCCACCGGTAT-1,5,NK,3133.0
TAATTGCCAGGCGAGT-1,3,Mono_CD14,1390.0
TAATTGCCATAGGCGA-1,2,T_CD4,2527.0
TAATTGCCATGATTGT-1,0,T_CD4,3470.0
TAATTGCCATGTCAAT-1,2,T_CD4,4496.0
TACAACATCACAGACT-1,5,NK,3053.0
TACAACATCATAATCG-1,1,T_CD8,3008.0
TACAACATCATTGCAA-1,13,B,4406.0
TACAACATCCCTCAGT-1,1,T_CD8,4165.0
TACAACATCCCTGTTA-1,15,T_CD8,3919.0
TACAACATCTACCTCA-1,6,Mono_CD14,3296.0
TACAACATCTACTAAG-1,15,T_CD8,2807.0
TACAAGCTCGAAGTGA-1,15,T_CD8,2599.0
TACAAGCTCGCTATAA-1,7,Mono_CD14,5550.0
TACAAGCTCTGTGAGT-1,8,dropped,12710.0
TACAAGCTCTTGGATA-1,1,T_CD8,6207.0
TACAATGTCAAACTCA-1,8,dropped,11730.0
TACAATGTCACCTGCT-1,6,Mono_CD14,5779.0
TACAATGTCGCAATCG-1,8,dropped,5830.0
TACAATGTCTATGACA-1,1,T_CD8,6516.0
TACAATGTCTTGTTCG-1,12,dropped,6106.0
TACAGCTAGCAGGTGG-1,0,T_CD4,3784.0
TACAGCTAGGCAAGTA-1,2,T_CD4,4396.0
TACAGCTAGGCATTGT-1,7,Mono_CD14,6006.0
TACAGCTAGTGTGATC-1,0,T_CD4,2079.0
TACAGGTTCATGGCTG-1,0,T_CD4,2895.0
TACAGGTTCCAGGAAA-1,1,T_CD8,2776.0
TACAGGTTCCCGAAGC-1,0,T_CD4,2063.0
TACAGGTTCCCGTTGT-1,1,T_CD8,3257.0
TACAGGTTCGCAATCG-1,6,Mono_CD14,5540.0
TACAGGTTCGTGCCTT-1,1,T_CD8,2877.0
TACAGGTTCTAGCGTG-1,2,T_CD4,2170.0
TACAGGTTCTGTTGCC-1,2,T_CD4,3116.0
TACATCAAGACTCGCA-1,0,T_CD4,3126.0
TACATCAAGCGTGCAC-1,4,Mono_CD16,5608.0
TACATCAAGCTGAGGG-1,11,DC,6252.0
TACATCAAGCTTAACA-1,2,T_CD4,5616.0
TACATCAAGGAACGGT-1,13,B,7976.0
TACATCAAGGAGGTTA-1,6,Mono_CD14,3185.0
TACATCAAGGATGATG-1,6,Mono_CD14,4403.0
TACATCAAGGTACCGC-1,1,T_CD8,2593.0
TACATCAAGTAACCCG-1,1,T_CD8,3768.0
TACATCAAGTGAACGA-1,6,Mono_CD14,5241.0
TACCAAATCGTTTCTG-1,6,Mono_CD14,2808.0
TACCAAATCTAAGTGC-1,2,T_CD4,3478.0
TACCAAATCTTACTCG-1,8,dropped,6829.0
TACCAGGTCAATCATG-1,4,Mono_CD16,5009.0
TACCAGGTCAGGAAGC-1,2,T_CD4,3063.0
TACCAGGTCATGGCCA-1,2,T_CD4,3749.0
TACCAGGTCCCGCCTA-1,0,T_CD4,3638.0
TACCAGGTCCTGATGG-1,2,T_CD4,3983.0
TACCAGGTCCTGGCTT-1,1,T_CD8,3646.0
TACCAGGTCTGCAACG-1,7,Mono_CD14,6114.0
TACCCGGCACACCAAC-1,5,NK,2705.0
TACCCGGCACAGAACG-1,1,T_CD8,2981.0
TACCCGGCATTGCGTA-1,2,T_CD4,2569.0
TACCGAAGTAACCACA-1,1,T_CD8,2408.0
TACCGAAGTAACGAGG-1,6,Mono_CD14,3479.0
TACCGAAGTACCTTAC-1,6,Mono_CD14,3001.0
TACCGAAGTGACCTGG-1,4,Mono_CD16,8130.0
TACCGAAGTGCCGCAA-1,11,DC,9430.0
TACCGAAGTTAGGCTA-1,17,dropped,9588.0
TACCGAAGTTTGTCTA-1,2,T_CD4,2719.0
TACCGCAAGGGACTAA-1,1,T_CD8,2931.0
TACCGCAAGGTAAGCA-1,15,T_CD8,3585.0
TACCGCAAGGTGAAGC-1,6,Mono_CD14,5067.0
TACCGCAAGTCAATTG-1,2,T_CD4,2589.0
TACCGCAAGTGAGAGC-1,3,Mono_CD14,1051.0
TACCGTTGTAACGAGG-1,1,T_CD8,2814.0
TACCGTTGTACTAAAC-1,6,Mono_CD14,5001.0
TACCGTTGTGTCCAAA-1,0,T_CD4,1754.0
TACCGTTGTGTTAGCA-1,0,T_CD4,1397.0
TACCGTTGTTAGTGAT-1,2,T_CD4,2847.0
TACCGTTGTTCCTGAT-1,7,Mono_CD14,3521.0
TACCGTTGTTCGCGCT-1,15,T_CD8,4783.0
TACCGTTGTTGTTGGA-1,2,T_CD4,3760.0
TACCTCATCAAACACC-1,6,Mono_CD14,7708.0
TACCTCATCAGCACCA-1,2,T_CD4,12383.0
TACCTCATCCACCCTG-1,5,NK,3644.0
TACCTCATCCCGCCTA-1,7,Mono_CD14,7424.0
TACCTCATCTCCATAT-1,6,Mono_CD14,7113.0
TACCTCATCTCTAGCC-1,1,T_CD8,3982.0
TACCTCATCTGTTGCC-1,5,NK,3113.0
TACCTGCTCATTATGG-1,13,B,3160.0
TACCTGCTCCGGTTGA-1,0,T_CD4,2346.0
TACCTGCTCCGTCCAT-1,11,DC,7346.0
TACCTGCTCCTAATAG-1,5,NK,2953.0
TACCTGCTCTAGCGTG-1,16,pDC,4090.0
TACCTTAGTGGACCTG-1,14,dropped,13902.0
TACCTTAGTGTCCAGG-1,5,NK,3095.0
TACCTTAGTTCAAGAT-1,7,Mono_CD14,4855.0
TACCTTTAGCAGCTAT-1,15,T_CD8,2946.0
TACCTTTAGCCTAATA-1,16,pDC,6166.0
TACCTTTAGGATAAAC-1,7,Mono_CD14,8006.0
TACCTTTAGGCGCACT-1,6,Mono_CD14,6738.0
TACGCACCAAAGCCTC-1,4,Mono_CD16,7751.0
TACGCACCAGAACCGA-1,15,T_CD8,2942.0
TACGCACCAGGGAGCT-1,11,DC,8845.0
TACGCACCATAAGTTC-1,2,T_CD4,3434.0
TACGCACCATAGCTGC-1,6,Mono_CD14,4238.0
TACGCTTGTACCTTAC-1,0,T_CD4,3183.0
TACGCTTGTACGCGCA-1,10,NK,4741.0
TACGCTTGTCATGAGC-1,2,T_CD4,5918.0
TACGCTTGTCTAGCTT-1,8,dropped,11750.0
TACGCTTGTGAGCGAA-1,4,Mono_CD16,6128.0
TACGCTTGTGCATTAG-1,1,T_CD8,3237.0
TACGCTTGTGGCTTCC-1,12,dropped,6638.0
TACGCTTGTTAGTTGG-1,0,T_CD4,2281.0
TACGCTTGTTCTTTAG-1,1,T_CD8,4738.0
TACGCTTGTTGGTTCT-1,8,dropped,9928.0
TACGCTTGTTTCGCCA-1,11,DC,7498.0
TACGGATTCCATTACT-1,0,T_CD4,4787.0
TACGGATTCCCTGGAA-1,1,T_CD8,3256.0
TACGGATTCCTGAGTG-1,0,T_CD4,3487.0
TACGGATTCTCACATT-1,1,T_CD8,2587.0
TACGGATTCTTGAGGT-1,15,T_CD8,11419.0
TACGGTTAGAGAAGGG-1,0,T_CD4,1938.0
TACGGTTAGGATAAAC-1,7,Mono_CD14,7185.0
TACGGTTAGGCGCTTA-1,0,T_CD4,3019.0
TACGGTTAGTTATTCC-1,5,NK,2939.0
TACGTAATCGCTTCTA-1,1,T_CD8,4328.0
TACGTAATCTAAGGTC-1,1,T_CD8,2917.0
TACGTACAGAAAGGAA-1,8,dropped,9033.0
TACGTACAGCTTACTT-1,2,T_CD4,4456.0
TACGTACAGGCATGTT-1,3,Mono_CD14,192.0
TACGTACAGGTACCGC-1,4,Mono_CD16,9590.0
TACGTACAGTATGTGC-1,1,T_CD8,3051.0
TACGTACAGTTAGAGG-1,1,T_CD8,4367.0
TACGTTAAGGTCCGTA-1,0,T_CD4,2241.0
TACGTTAAGGTTAGCT-1,7,Mono_CD14,6926.0
TACTAAGTCAGGTTTA-1,0,T_CD4,3127.0
TACTAAGTCATGGCCA-1,2,T_CD4,3769.0
TACTCAAAGCACAGAA-1,7,Mono_CD14,5468.0
TACTCAAAGTAAAGGT-1,1,T_CD8,2736.0
TACTCAAAGTAGCGGG-1,0,T_CD4,2111.0
TACTCAAAGTGCACGC-1,5,NK,2974.0
TACTCGCTCGTGCTTC-1,2,T_CD4,2844.0
TACTCGCTCGTTTCTG-1,0,T_CD4,2711.0
TACTGACAGCTGAGGG-1,5,NK,1966.0
TACTGACAGGCTGTCA-1,6,Mono_CD14,5311.0
TACTGACAGTAAGTCC-1,7,Mono_CD14,5859.0
TACTGACAGTATCGCG-1,1,T_CD8,4128.0
TACTGAGGTACAAAGA-1,1,T_CD8,3657.0
TACTGAGGTCAATACG-1,2,T_CD4,3434.0
TACTGAGGTGAGACTC-1,7,Mono_CD14,3758.0
TACTGAGGTGAGCGAA-1,13,B,2313.0
TACTGAGGTGCATCGG-1,2,T_CD4,3894.0
TACTGAGGTGTGCAAC-1,7,Mono_CD14,8577.0
TACTGAGGTTAACAGT-1,15,T_CD8,3112.0
TACTGAGGTTACTAGG-1,3,Mono_CD14,1327.0
TACTGAGGTTCCTGAT-1,7,Mono_CD14,4693.0
TACTGCACAAGGATTA-1,15,T_CD8,4211.0
TACTGCACAATATAGG-1,1,T_CD8,4462.0
TACTGCACACCTGCCT-1,6,Mono_CD14,3986.0
TACTGCACAGCTTACA-1,1,T_CD8,3208.0
TACTGCACATCTTGAG-1,8,dropped,11619.0
TACTGGCCACCTGCTC-1,2,T_CD4,3237.0
TACTGGCCAGCATGTC-1,7,Mono_CD14,4922.0
TACTGGCCAGGCTTGT-1,7,Mono_CD14,7472.0
TACTGGCCATAATCGT-1,6,Mono_CD14,4075.0
TACTGGCCATAGCTGC-1,2,T_CD4,4348.0
TACTGGCCATCGCTTT-1,12,dropped,6898.0
TACTGGCCATGAAGTA-1,15,T_CD8,3292.0
TACTGGCCATTGTCAG-1,6,Mono_CD14,3614.0
TACTTCGTCACTCAAA-1,1,T_CD8,4328.0
TACTTCGTCATAAGCC-1,10,NK,4451.0
TACTTCGTCATGACCG-1,6,Mono_CD14,3383.0
TACTTCGTCATTGACA-1,6,Mono_CD14,4605.0
TACTTCGTCCCTCGCA-1,7,Mono_CD14,5835.0
TACTTCGTCCGGTATG-1,1,T_CD8,3147.0
TACTTCGTCCTCAGTC-1,2,T_CD4,4205.0
TACTTCGTCTAATTGG-1,5,NK,7764.0
TACTTCGTCTCTAGCC-1,6,Mono_CD14,3050.0
TACTTGTTCGTCATTT-1,0,T_CD4,2905.0
TACTTGTTCTAGCGTG-1,0,T_CD4,2619.0
TAGACCAGTACCTTAC-1,13,B,2805.0
TAGACCAGTATTGAGT-1,11,DC,6573.0
TAGACCAGTCTTTATG-1,6,Mono_CD14,11302.0
TAGACCAGTGGACATC-1,13,B,5546.0
TAGACCAGTTAACACG-1,6,Mono_CD14,4729.0
TAGACCAGTTAGTGAT-1,4,Mono_CD16,6141.0
TAGACCAGTTTAACCC-1,4,Mono_CD16,5364.0
TAGACCAGTTTCCTCC-1,13,B,3030.0
TAGACCAGTTTGCAGA-1,1,T_CD8,3332.0
TAGAGCCGTAACGTGC-1,11,DC,10721.0
TAGAGCCGTCGCAATA-1,16,pDC,7326.0
TAGAGCCGTCTTGCAT-1,3,Mono_CD14,852.0
TAGAGCCGTGCATCGG-1,1,T_CD8,5835.0
TAGAGCCGTGTTAAAC-1,2,T_CD4,2761.0
TAGAGCCGTTAGAGCC-1,6,Mono_CD14,1464.0
TAGAGCCGTTAGGTTG-1,7,Mono_CD14,5223.0
TAGCAGGCAACCCTAA-1,5,NK,3080.0
TAGCAGGCAACTCGCG-1,6,Mono_CD14,10901.0
TAGCAGGCAATCCCTT-1,2,T_CD4,3895.0
TAGCAGGCAATCCTAG-1,2,T_CD4,5544.0
TAGCAGGCAGGCGATA-1,4,Mono_CD16,5205.0
TAGCAGGCATCGCTTT-1,1,T_CD8,3230.0
TAGCATATCCGTTAAA-1,0,T_CD4,2939.0
TAGCATATCTCACACC-1,13,B,6012.0
TAGCATATCTTAGCCC-1,6,Mono_CD14,6750.0
TAGCCGGGTCGACTAA-1,0,T_CD4,2756.0
TAGCCGGGTCTTTATG-1,2,T_CD4,4222.0
TAGCCGGGTGAATCGC-1,2,T_CD4,3643.0
TAGCCGGGTGATTACG-1,13,B,2957.0
TAGCCGGGTGTTAGCA-1,8,dropped,7876.0
TAGCCGGGTGTTTCAC-1,0,T_CD4,1850.0
TAGCCGGGTTATCGAG-1,6,Mono_CD14,6335.0
TAGCCGGGTTTAGCGA-1,13,B,5774.0
TAGCCGGGTTTGGCGG-1,1,T_CD8,2151.0
TAGCCTCTCAAGTGTC-1,14,dropped,11091.0
TAGCCTCTCATCCACC-1,5,NK,5033.0
TAGCCTCTCATCCTCA-1,15,T_CD8,3545.0
TAGCCTCTCATTAGCA-1,0,T_CD4,3014.0
TAGCCTCTCATTAGTG-1,6,Mono_CD14,6412.0
TAGCCTCTCCACCTGT-1,0,T_CD4,3267.0
TAGCCTCTCCGCAACA-1,1,T_CD8,4255.0
TAGCCTCTCCTCCCTC-1,6,Mono_CD14,4741.0
TAGCCTCTCGATTTGA-1,2,T_CD4,2948.0
TAGCCTCTCTTAGCGG-1,15,T_CD8,3197.0
TAGCCTGAGACAGGCG-1,2,T_CD4,2469.0
TAGCCTGAGCAAACCT-1,6,Mono_CD14,3900.0
TAGCCTGAGCATTTCT-1,15,T_CD8,1961.0
TAGCCTGAGGCTAAGA-1,6,Mono_CD14,6317.0
TAGCCTGAGGGTCCAC-1,6,Mono_CD14,4500.0
TAGCCTGAGGTCTTGG-1,15,T_CD8,2586.0
TAGCCTTGTAGCTGGT-1,0,T_CD4,2091.0
TAGCCTTGTAGGATTT-1,6,Mono_CD14,1898.0
TAGCCTTGTCGACTCC-1,8,dropped,12309.0
TAGCCTTGTGCTAGAC-1,0,T_CD4,2074.0
TAGCCTTGTGTGCACG-1,5,NK,2954.0
TAGCCTTGTTACCTGT-1,5,NK,3063.0
TAGCCTTGTTGAGGTC-1,7,Mono_CD14,6316.0
TAGCCTTGTTTGCGCC-1,2,T_CD4,3688.0
TAGCGCGGTAGGTTGC-1,7,Mono_CD14,8123.0
TAGCGCGGTCATCCTG-1,15,T_CD8,2616.0
TAGCGCGGTCCTAAGA-1,1,T_CD8,4310.0
TAGCGCGGTCGTTATC-1,11,DC,5689.0
TAGCGCGGTGATTACG-1,5,NK,2180.0
TAGCGCGGTTACAAAC-1,7,Mono_CD14,4416.0
TAGCGGACAAATGCCC-1,7,Mono_CD14,3975.0
TAGCGGACAACAGGAT-1,5,NK,3294.0
TAGCGGACAATTGAGA-1,6,Mono_CD14,6955.0
TAGCGGACACTTACAG-1,7,Mono_CD14,5745.0
TAGCGGACACTTCACT-1,15,T_CD8,4143.0
TAGCGGACAGAAACGT-1,6,Mono_CD14,2528.0
TAGCGGACAGAAATTG-1,2,T_CD4,4624.0
TAGCGGACATGAAATG-1,2,T_CD4,2728.0
TAGCGGCTCAATTACG-1,13,B,3317.0
TAGCGGCTCACACAGT-1,10,NK,2301.0
TAGCGGCTCAGTGAAG-1,0,T_CD4,2074.0
TAGCGGCTCATGCGTG-1,13,B,2667.0
TAGCGGCTCCGGCTAA-1,15,T_CD8,2623.0
TAGCGGCTCCTGGTGA-1,15,T_CD8,5568.0
TAGCGGCTCGCTAAAC-1,1,T_CD8,2823.0
TAGCGGCTCGCTAGCA-1,1,T_CD8,3462.0
TAGCGGCTCGTGCTTC-1,7,Mono_CD14,4239.0
TAGCGGCTCTTAGTGA-1,2,T_CD4,3664.0
TAGCTAATCAATCATG-1,1,T_CD8,2922.0
TAGCTAATCCTTAATC-1,7,Mono_CD14,7272.0
TAGCTAATCGATAACC-1,6,Mono_CD14,6929.0
TAGCTAATCTAACTGA-1,1,T_CD8,4201.0
TAGCTAGGTAGCTGGT-1,2,T_CD4,7177.0
TAGCTAGGTCAAAGAA-1,15,T_CD8,3467.0
TAGCTAGGTGTTGCTT-1,5,NK,2918.0
TAGCTAGGTTAAGTGT-1,2,T_CD4,3326.0
TAGCTAGGTTATAGCG-1,1,T_CD8,2708.0
TAGCTAGGTTGACTTC-1,2,T_CD4,4888.0
TAGCTAGGTTTCCTCC-1,1,T_CD8,4417.0
TAGCTAGGTTTCGCGC-1,4,Mono_CD16,4355.0
TAGCTAGGTTTGGGTA-1,8,dropped,6211.0
TAGCTTAAGAACAAGT-1,13,B,3102.0
TAGCTTAAGGACAACA-1,9,dropped,12243.0
TAGCTTAAGGGCCACT-1,4,Mono_CD16,8194.0
TAGCTTAAGGGTTATC-1,2,T_CD4,3691.0
TAGCTTAAGGTCCAAT-1,2,T_CD4,7842.0
TAGCTTAAGTACCGCA-1,8,dropped,10355.0
TAGCTTAAGTGAGGGT-1,2,T_CD4,2719.0
TAGCTTGCAACGTGCT-1,6,Mono_CD14,5181.0
TAGCTTGCAATTAGGA-1,13,B,2347.0
TAGCTTGCACATTGCA-1,6,Mono_CD14,4411.0
TAGCTTGCACCTAAGC-1,4,Mono_CD16,9645.0
TAGCTTGCAGGCAAGC-1,0,T_CD4,2882.0
TAGGAACCAAACGCGA-1,4,Mono_CD16,6564.0
TAGGAACCAATATAGG-1,13,B,3878.0
TAGGAACCACACTAAT-1,2,T_CD4,3537.0
TAGGAACCACCTGCCT-1,6,Mono_CD14,5452.0
TAGGAACCAGCATGTC-1,13,B,2200.0
TAGGAACCAGCCAGTT-1,6,Mono_CD14,4871.0
TAGGAACCAGCTAACC-1,7,Mono_CD14,4155.0
TAGGAACCATAGCTGC-1,2,T_CD4,3796.0
TAGGAACCATCCATCT-1,0,T_CD4,2503.0
TAGGAACCATTGCGTA-1,2,T_CD4,7056.0
TAGGAACCATTGTCAG-1,6,Mono_CD14,3350.0
TAGGAGGGTACCAGGT-1,7,Mono_CD14,3618.0
TAGGAGGGTAGTAAGA-1,2,T_CD4,2250.0
TAGGAGGGTGGACATC-1,6,Mono_CD14,3815.0
TAGGAGGGTTGGCCGA-1,7,Mono_CD14,4252.0
TAGGAGGGTTGGTTCT-1,2,T_CD4,2918.0
TAGGAGTCAAAGCTAA-1,11,DC,8357.0
TAGGAGTCAATATAGG-1,0,T_CD4,3856.0
TAGGAGTCAATTAAGG-1,6,Mono_CD14,4732.0
TAGGAGTCACTGACCG-1,2,T_CD4,5096.0
TAGGAGTCAGCGCTTG-1,8,dropped,3301.0
TAGGAGTCAGGATTAA-1,0,T_CD4,1972.0
TAGGAGTCAGTCTAGC-1,1,T_CD8,3465.0
TAGGAGTCATGCAACC-1,2,T_CD4,2795.0
TAGGCTAGTATTGTCC-1,1,T_CD8,3338.0
TAGGCTAGTCAATAGT-1,0,T_CD4,4607.0
TAGGCTAGTTAGGACC-1,1,T_CD8,3637.0
TAGGCTGTCAAGTGTC-1,0,T_CD4,1564.0
TAGGCTGTCAGGTCCA-1,5,NK,2791.0
TAGGCTGTCATGTTTC-1,15,T_CD8,2505.0
TAGGCTGTCCACCTGT-1,6,Mono_CD14,6906.0
TAGGCTGTCCCTGTTA-1,5,NK,2960.0
TAGGCTGTCCTCAGTC-1,2,T_CD4,3298.0
TAGGCTGTCCTGCGAA-1,7,Mono_CD14,5711.0
TAGGCTGTCCTTGCAC-1,1,T_CD8,3971.0
TAGGCTTAGAAGGTGC-1,2,T_CD4,3640.0
TAGGCTTAGCGATAGA-1,5,NK,4253.0
TAGGCTTAGCGGTTAT-1,2,T_CD4,3479.0
TAGGCTTAGGGTGAGT-1,13,B,3144.0
TAGGGTTTCCAGCACA-1,1,T_CD8,4150.0
TAGGGTTTCCGCACAA-1,2,T_CD4,3876.0
TAGGGTTTCCTGATGG-1,2,T_CD4,2846.0
TAGGGTTTCTAACCAA-1,2,T_CD4,4049.0
TAGGGTTTCTAAGTCA-1,8,dropped,7535.0
TAGGGTTTCTTGTCTG-1,0,T_CD4,2164.0
TAGGTGCGTAACTACG-1,8,dropped,9578.0
TAGGTGCGTCTTTGAC-1,0,T_CD4,1691.0
TAGGTGCGTGCTTACT-1,1,T_CD8,2813.0
TAGGTGCGTGGACCTG-1,15,T_CD8,3076.0
TAGGTGCGTGGTTCCC-1,0,T_CD4,2058.0
TAGGTGCGTTGCCTCA-1,0,T_CD4,4031.0
TAGGTGCGTTTGAGGC-1,0,T_CD4,2448.0
TAGGTTATCAGCACCA-1,1,T_CD8,3716.0
TAGGTTATCAGGCCTA-1,13,B,4052.0
TAGGTTATCATAACCA-1,2,T_CD4,3183.0
TAGGTTATCCCTCTAA-1,0,T_CD4,2069.0
TAGGTTATCGATTCTT-1,1,T_CD8,3473.0
TAGGTTATCGGGCCAT-1,6,Mono_CD14,4063.0
TAGGTTATCTCGACCT-1,4,Mono_CD16,5762.0
TAGGTTATCTGCAAGT-1,6,Mono_CD14,6435.0
TAGGTTATCTTGCAGG-1,0,T_CD4,3355.0
TAGGTTATCTTGTCCA-1,6,Mono_CD14,3272.0
TAGGTTGGTCACCTAT-1,6,Mono_CD14,1862.0
TAGGTTGGTTTATCGC-1,6,Mono_CD14,4772.0
TAGTAACGTAAGCTCA-1,8,dropped,6693.0
TAGTAACGTAAGTCGC-1,7,Mono_CD14,3614.0
TAGTAACGTAATCGTG-1,0,T_CD4,3352.0
TAGTAACGTCACCTAT-1,7,Mono_CD14,4576.0
TAGTAACGTCCGCTGT-1,4,Mono_CD16,7456.0
TAGTAACGTCTTACTA-1,6,Mono_CD14,5141.0
TAGTAACGTGAGACTC-1,7,Mono_CD14,4547.0
TAGTAACGTGTGCAAC-1,0,T_CD4,5814.0
TAGTAACGTTGGTTCT-1,3,Mono_CD14,1283.0
TAGTAAGCAACTCGCG-1,1,T_CD8,3395.0
TAGTAAGCAGCAGGTA-1,7,Mono_CD14,5042.0
TAGTACGGTAATCGGC-1,4,Mono_CD16,6947.0
TAGTACGGTACCAGGT-1,13,B,2866.0
TAGTACGGTAGCCTAA-1,5,NK,3278.0
TAGTACGGTAGCTAGC-1,13,B,3468.0
TAGTACGGTCACTCGC-1,6,Mono_CD14,4846.0
TAGTACGGTCTAGCTT-1,6,Mono_CD14,4421.0
TAGTACGGTTCGCTTG-1,7,Mono_CD14,4263.0
TAGTAGGAGCTAAAGG-1,3,Mono_CD14,1774.0
TAGTAGGAGCTTCTCA-1,0,T_CD4,2539.0
TAGTAGGAGCTTTGGG-1,1,T_CD8,3563.0
TAGTAGGAGGAGTAAT-1,6,Mono_CD14,4391.0
TAGTAGGAGGCTACAT-1,13,B,3373.0
TAGTAGGAGGCTAGAA-1,7,Mono_CD14,4502.0
TAGTAGGAGGTTACGT-1,0,T_CD4,2817.0
TAGTAGGAGTTGTCCC-1,7,Mono_CD14,2013.0
TAGTCAATCGATATTG-1,15,T_CD8,6787.0
TAGTCAATCGATTCTT-1,7,Mono_CD14,6625.0
TAGTCAATCGCTAAGT-1,6,Mono_CD14,8961.0
TAGTCAATCTTGCAGG-1,2,T_CD4,5407.0
TAGTGAGAGCGAGCGA-1,0,T_CD4,2809.0
TAGTGAGAGCTATGAC-1,2,T_CD4,3492.0
TAGTGAGAGTAAGTCC-1,13,B,4319.0
TAGTGAGAGTTGTCTT-1,8,dropped,9128.0
TAGTGAGAGTTTGGGT-1,2,T_CD4,3268.0
TAGTGGCGTCCTAGTT-1,1,T_CD8,2523.0
TAGTGGCGTGGAAGGC-1,2,T_CD4,2456.0
TAGTGGCGTGTTCCCA-1,0,T_CD4,2278.0
TAGTGGCGTGTTGCAA-1,8,dropped,5694.0
TAGTGGCGTTAAGCGC-1,1,T_CD8,1015.0
TAGTGGCGTTGGTTGA-1,0,T_CD4,1756.0
TAGTGGCGTTTAACGG-1,6,Mono_CD14,3986.0
TAGTGGCGTTTGACCT-1,7,Mono_CD14,4378.0
TAGTGTGGTAATAACC-1,2,T_CD4,7429.0
TAGTGTGGTAATCGTG-1,0,T_CD4,1380.0
TAGTGTGGTAGCTAAT-1,6,Mono_CD14,3408.0
TAGTGTGGTCATTAGG-1,8,dropped,6993.0
TAGTGTGGTCCTAACT-1,8,dropped,6857.0
TAGTGTGGTCCTAAGA-1,7,Mono_CD14,2227.0
TAGTGTGGTTAACGGC-1,6,Mono_CD14,2626.0
TAGTGTGGTTACAAAC-1,6,Mono_CD14,4479.0
TAGTTGTCACCACAAC-1,4,Mono_CD16,6704.0
TAGTTGTCACGAATCC-1,1,T_CD8,2998.0
TAGTTGTCATAAGCAA-1,3,Mono_CD14,320.0
TAGTTGTCATCGCTCC-1,0,T_CD4,3667.0
TAGTTGTCATTAAACC-1,5,NK,3878.0
TAGTTTGAGCAAGACA-1,7,Mono_CD14,10476.0
TAGTTTGAGCCTAACG-1,0,T_CD4,2162.0
TAGTTTGAGCGAAGTA-1,11,DC,9097.0
TAGTTTGAGCTTAACA-1,7,Mono_CD14,5756.0
TAGTTTGAGGAACCAA-1,7,Mono_CD14,10606.0
TAGTTTGAGGTTTGCG-1,2,T_CD4,3703.0
TAGTTTGAGTCTGGGC-1,15,T_CD8,2711.0
TATAACCCAAGGAATC-1,6,Mono_CD14,2831.0
TATAACCCAGGTTATT-1,7,Mono_CD14,2781.0
TATAACCCATGTGGGA-1,2,T_CD4,3475.0
TATAACCCATTGTTGG-1,0,T_CD4,2086.0
TATAGCCAGACAACAG-1,2,T_CD4,2655.0
TATAGCCAGAGAGGCT-1,4,Mono_CD16,6799.0
TATAGCCAGCAGGTGG-1,2,T_CD4,3920.0
TATAGCCAGCCACAAT-1,1,T_CD8,3938.0
TATAGCCAGGATTTGC-1,7,Mono_CD14,4712.0
TATAGCCAGTTCCCGT-1,1,T_CD8,2336.0
TATAGCTCACCTGCCT-1,6,Mono_CD14,12190.0
TATAGCTCAGCCTTGG-1,1,T_CD8,3188.0
TATAGCTCATCAGTAT-1,3,Mono_CD14,964.0
TATAGCTCATGTCGCG-1,2,T_CD4,2826.0
TATAGGTGTAAGGTCC-1,8,dropped,9296.0
TATAGGTGTAATCGCA-1,15,T_CD8,2552.0
TATAGGTGTCAGGCCA-1,7,Mono_CD14,5719.0
TATAGGTGTCATCAAG-1,8,dropped,16046.0
TATAGGTGTCTAACAG-1,13,B,2358.0
TATAGGTGTGGATTCA-1,10,NK,3448.0
TATATCCTCAAGTGTC-1,1,T_CD8,3290.0
TATATCCTCAGCTAAC-1,0,T_CD4,2077.0
TATATCCTCTCCATAT-1,10,NK,6613.0
TATCACAAGACAGGTA-1,4,Mono_CD16,10423.0
TATCACAAGGACAACA-1,15,T_CD8,3001.0
TATCACGCAAGGTCGA-1,11,DC,10942.0
TATCACGCAATTAACC-1,5,NK,3419.0
TATCACGCACCAAAGG-1,0,T_CD4,2482.0
TATCACGCAGCAAATA-1,0,T_CD4,2905.0
TATCACGCAGGAATCG-1,4,Mono_CD16,7037.0
TATCACGCATAATCCG-1,8,dropped,15402.0
TATCACGCATTAAGCT-1,1,T_CD8,3342.0
TATCCAGCAACCTAAT-1,6,Mono_CD14,5724.0
TATCCAGCACAGAACG-1,4,Mono_CD16,4110.0
TATCCAGCAGCTCATA-1,6,Mono_CD14,5235.0
TATCCAGCATCAATCG-1,0,T_CD4,2554.0
TATCCGGAGATGGACA-1,7,Mono_CD14,5200.0
TATCCGGAGCCGCAGT-1,8,dropped,7326.0
TATCCGGAGGAACCGG-1,7,Mono_CD14,3919.0
TATCCGGAGTCGCTAG-1,1,T_CD8,6255.0
TATCGAGGTCCAAGAC-1,8,dropped,11300.0
TATCGAGGTTTACGTC-1,0,T_CD4,2028.0
TATCGAGGTTTGCGCC-1,1,T_CD8,2642.0
TATCGCACACAACAAA-1,15,T_CD8,2612.0
TATCGCACACCTGCTC-1,15,T_CD8,3928.0
TATCGCACAGCACGTT-1,12,dropped,8201.0
TATCGCACATACTCCT-1,2,T_CD4,4301.0
TATCGCACATAGACTT-1,6,Mono_CD14,4511.0
TATCGCACATTGTGGC-1,2,T_CD4,8569.0
TATCGCGAGAGAGGCT-1,11,DC,6235.0
TATCGCGAGCGGATTT-1,3,Mono_CD14,1042.0
TATCGCGAGCTTGCTC-1,10,NK,5626.0
TATCGCGAGGCTACAT-1,1,T_CD8,2956.0
TATCGCGAGGCTGGCT-1,13,B,3701.0
TATCGCGAGTTACTTC-1,7,Mono_CD14,5697.0
TATCGCGAGTTAGTTG-1,6,Mono_CD14,3511.0
TATGAAGCAATGAGGT-1,0,T_CD4,1454.0
TATGAAGCACAGCCAT-1,4,Mono_CD16,5661.0
TATGAAGCATAACGGG-1,9,dropped,6901.0
TATGAAGCATAAGTCT-1,7,Mono_CD14,4531.0
TATGACATCATGAAGG-1,0,T_CD4,2673.0
TATGACATCGCAGGCT-1,0,T_CD4,1428.0
TATGACATCTACCTCA-1,0,T_CD4,3038.0
TATGACATCTGGCAAT-1,1,T_CD8,2788.0
TATGACATCTTAGGGT-1,2,T_CD4,4109.0
TATGACTCAATGAAGC-1,2,T_CD4,5037.0
TATGACTCACTAAGAA-1,0,T_CD4,2706.0
TATGACTCAGTGAACG-1,3,Mono_CD14,747.0
TATGACTCAGTTAGCC-1,2,T_CD4,4025.0
TATGACTCAGTTATCG-1,6,Mono_CD14,6292.0
TATGACTCATCTTGAG-1,5,NK,2775.0
TATGCATCATTAGCCA-1,4,Mono_CD16,7257.0
TATGGATGTAACGTGC-1,6,Mono_CD14,4963.0
TATGGATGTAGCTAAT-1,15,T_CD8,3765.0
TATGGATGTCAATAGT-1,0,T_CD4,3485.0
TATGGATGTGGATTGC-1,1,T_CD8,4168.0
TATGGATGTTAAGGTT-1,1,T_CD8,4077.0
TATGGATGTTGTTCAC-1,13,B,3764.0
TATGGATGTTTGTTGC-1,8,dropped,5780.0
TATGGCCCACAGGGAC-1,2,T_CD4,2989.0
TATGGCCCACCTATAG-1,6,Mono_CD14,6521.0
TATGGCCCACTTAGGC-1,15,T_CD8,3041.0
TATGGCCCATAAGTTC-1,13,B,3180.0
TATGGCCCATAATCCG-1,2,T_CD4,3993.0
TATGGCCCATGCTTAG-1,13,B,2458.0
TATGGCCCATGGTTAT-1,8,dropped,8494.0
TATGGGCGTAATAACC-1,1,T_CD8,4137.0
TATGGGCGTAGTTACG-1,16,pDC,5618.0
TATGGGCGTATTGCAG-1,13,B,4492.0
TATGGGCGTATTTGCC-1,11,DC,8101.0
TATGGGCGTCAAACTG-1,8,dropped,7245.0
TATGGGCGTGTGCAAC-1,1,T_CD8,3425.0
TATGGGCGTTAATGCG-1,1,T_CD8,2408.0
TATGGGCGTTATAGCG-1,2,T_CD4,45487.0
TATGGGCGTTCAAGCA-1,6,Mono_CD14,3198.0
TATGGGCGTTGGATAT-1,1,T_CD8,2694.0
TATGGGCGTTGGCGTG-1,3,Mono_CD14,219.0
TATGGTCAGATTCCTT-1,15,T_CD8,4241.0
TATGGTCAGCACCACA-1,6,Mono_CD14,4681.0
TATGGTCAGCTAAAGG-1,6,Mono_CD14,2861.0
TATGGTCAGCTCATAA-1,13,B,5109.0
TATGGTCAGGAATAAC-1,0,T_CD4,1919.0
TATGGTCAGGTCAAAG-1,2,T_CD4,3827.0
TATGGTCAGTTTCCTG-1,1,T_CD8,3342.0
TATGTGATCAAACCGT-1,7,Mono_CD14,5338.0
TATGTGATCACATTGA-1,13,B,2725.0
TATGTGATCGATTTGA-1,1,T_CD8,3623.0
TATGTGATCTCACTAT-1,1,T_CD8,3122.0
TATTACCTCATGGCCA-1,2,T_CD4,3915.0
TATTACCTCCCGCAAA-1,4,Mono_CD16,9807.0
TATTACCTCCCTCGCA-1,6,Mono_CD14,4745.0
TATTACCTCCTAAGTA-1,17,dropped,11727.0
TATTACCTCGCTAAAC-1,10,NK,4034.0
TATTACCTCTGGCATG-1,15,T_CD8,4462.0
TATTACCTCTTGAGGT-1,7,Mono_CD14,5470.0
TATTAGCCAATAATCC-1,15,T_CD8,2990.0
TATTAGCCACAACCTA-1,8,dropped,7829.0
TATTAGCCACCAACCG-1,13,B,6236.0
TATTAGCCACCACAAC-1,6,Mono_CD14,5287.0
TATTAGCCACCATATG-1,2,T_CD4,3858.0
TATTAGCCAGCTACGT-1,3,Mono_CD14,1615.0
TATTAGCCATTAGGCC-1,2,T_CD4,3356.0
TATTAGGTCATCACTT-1,4,Mono_CD16,9300.0
TATTAGGTCCCTCACG-1,9,dropped,14527.0
TATTAGGTCGATAACC-1,13,B,2249.0
TATTAGGTCGCTAGCA-1,5,NK,2853.0
TATTAGGTCGTTTCGC-1,1,T_CD8,3334.0
TATTCGTTCATGCAAC-1,6,Mono_CD14,6269.0
TATTCGTTCATTTGTC-1,1,T_CD8,4128.0
TATTCGTTCCACCTTA-1,0,T_CD4,2454.0
TATTCGTTCCCTCTAA-1,0,T_CD4,2479.0
TATTCGTTCCGCCTCA-1,6,Mono_CD14,6461.0
TATTCGTTCCTGTTCA-1,2,T_CD4,4246.0
TATTCGTTCTGTGAGT-1,2,T_CD4,2948.0
TATTGACCAATGAAGC-1,7,Mono_CD14,5169.0
TATTGACCAGTAATAG-1,2,T_CD4,3365.0
TATTGACCATGTTGGC-1,0,T_CD4,4622.0
TATTTGCTCAGCTAAC-1,13,B,2776.0
TATTTGCTCATGCTCC-1,0,T_CD4,2988.0
TATTTGCTCGGTAACT-1,0,T_CD4,3015.0
TATTTGCTCTGGCAAT-1,0,T_CD4,3710.0
TATTTGGAGAAAGCAT-1,10,NK,4966.0
TATTTGGAGGGTGAAC-1,1,T_CD8,3182.0
TATTTGGAGTAACCAC-1,0,T_CD4,2342.0
TATTTGGAGTCACCAG-1,0,T_CD4,3376.0
TCAAACCAGAACCTAC-1,13,B,2797.0
TCAAACCAGACAACGA-1,7,Mono_CD14,7326.0
TCAAACCAGCCACAAT-1,2,T_CD4,3719.0
TCAAACCAGGAAGCTA-1,1,T_CD8,3881.0
TCAAACCAGGAGGTTA-1,0,T_CD4,2429.0
TCAAACCAGTAGGATG-1,6,Mono_CD14,4673.0
TCAAACCAGTGAACGA-1,2,T_CD4,3571.0
TCAAACCAGTGAAGTG-1,6,Mono_CD14,3856.0
TCAACAATCAAAGGCA-1,7,Mono_CD14,5210.0
TCAACAATCAAGTGTC-1,0,T_CD4,3418.0
TCAACAATCCTACCTA-1,2,T_CD4,8836.0
TCAACAATCCTCACAC-1,1,T_CD8,3359.0
TCAACAATCCTGGTGA-1,8,dropped,11592.0
TCAACAATCGATAACC-1,10,NK,6096.0
TCAACAATCGCAATCG-1,17,dropped,9221.0
TCAACAATCTCCATGC-1,6,Mono_CD14,3435.0
TCAAGAACAAGCCAGA-1,0,T_CD4,3029.0
TCAAGAACACCTCAGG-1,3,Mono_CD14,2113.0
TCAAGAACACTTCACT-1,2,T_CD4,4483.0
TCAAGAACAGGACCAA-1,15,T_CD8,2822.0
TCAAGAACAGGATGGC-1,7,Mono_CD14,4920.0
TCAAGAACAGGCTAAG-1,13,B,2508.0
TCAAGAACAGGTCCTG-1,6,Mono_CD14,4279.0
TCAAGAACAGTAATAG-1,0,T_CD4,3200.0
TCAAGACTCCTGGTCT-1,1,T_CD8,3038.0
TCAAGACTCGCTATGG-1,7,Mono_CD14,3754.0
TCAAGCTAGAAACTGG-1,15,T_CD8,8415.0
TCAAGCTAGCTTTGTT-1,8,dropped,11644.0
TCAAGCTAGGAACACA-1,3,Mono_CD14,1141.0
TCAAGCTAGGCCAATT-1,15,T_CD8,1198.0
TCAAGCTAGGCCTTAG-1,1,T_CD8,4399.0
TCAAGCTAGTGACCTG-1,2,T_CD4,2685.0
TCAAGCTAGTTACTTC-1,15,T_CD8,4990.0
TCAAGCTAGTTATTCC-1,2,T_CD4,3043.0
TCAAGGAAGCAGCTCA-1,7,Mono_CD14,1839.0
TCAAGGAAGGATGATG-1,1,T_CD8,2480.0
TCAAGGAAGGCTCATG-1,2,T_CD4,1717.0
TCAAGGAAGTTCCCGT-1,3,Mono_CD14,1729.0
TCAAGGTTCACAAGCT-1,2,T_CD4,1917.0
TCAAGGTTCACAGGAA-1,8,dropped,11231.0
TCAAGGTTCACCTGCT-1,11,DC,5438.0
TCAAGGTTCCCAGTAG-1,6,Mono_CD14,4326.0
TCAAGGTTCCTAAGTA-1,6,Mono_CD14,4751.0
TCAAGGTTCCTAGTCC-1,5,NK,3483.0
TCAAGGTTCCTGGTGA-1,2,T_CD4,3198.0
TCAAGGTTCGTTACAA-1,6,Mono_CD14,4819.0
TCAAGTATCAAGTGTC-1,2,T_CD4,4843.0
TCAAGTATCCCTGATC-1,7,Mono_CD14,7099.0
TCAAGTATCCGCAACA-1,2,T_CD4,4118.0
TCAAGTATCCGTAAAC-1,6,Mono_CD14,6772.0
TCAAGTATCGCCTGTT-1,16,pDC,5558.0
TCAAGTATCGTTTCTG-1,0,T_CD4,2458.0
TCAAGTATCTATTGTC-1,13,B,4660.0
TCAAGTATCTCACTAT-1,8,dropped,7353.0
TCAAGTATCTCGCCTG-1,1,T_CD8,4790.0
TCAATCGCAACTAACT-1,0,T_CD4,2351.0
TCAATCGCAAGCTTAT-1,5,NK,3605.0
TCAATCGCAATAGTCT-1,0,T_CD4,2942.0
TCAATCGCAATGCCCG-1,7,Mono_CD14,5843.0
TCAATCGCACAGAACG-1,1,T_CD8,3175.0
TCAATCGCACGAATCC-1,2,T_CD4,4421.0
TCAATCGCAGGAATCG-1,0,T_CD4,2534.0
TCAATCGCATAGACTT-1,6,Mono_CD14,5177.0
TCACATAAGAAAGCAT-1,6,Mono_CD14,1505.0
TCACATAAGCATGTTA-1,4,Mono_CD16,5394.0
TCACATAAGGATTTGC-1,2,T_CD4,4748.0
TCACATAAGGCGGGTA-1,7,Mono_CD14,2834.0
TCACATAAGTGGCGGA-1,2,T_CD4,2754.0
TCACCGGCACCATATG-1,1,T_CD8,3793.0
TCACCGGCAGGCCAAA-1,8,dropped,11196.0
TCACCGGCAGTTTGGC-1,1,T_CD8,3957.0
TCACCGGCATGTCAGC-1,7,Mono_CD14,4319.0
TCACCGGCATTATGAC-1,11,DC,6284.0
TCACCTCAGATAAAGC-1,0,T_CD4,2545.0
TCACCTCAGCACAGCC-1,12,dropped,7871.0
TCACCTCAGCGATAAG-1,15,T_CD8,5336.0
TCACCTCAGGAGGTTA-1,13,B,3104.0
TCACCTCAGGCTAGAA-1,6,Mono_CD14,3428.0
TCACCTCAGTTAGGCT-1,0,T_CD4,3576.0
TCACCTGGTAACCAGC-1,3,Mono_CD14,494.0
TCACCTGGTCATAAGT-1,13,B,3225.0
TCACCTGGTGGAAACG-1,0,T_CD4,2441.0
TCACCTGGTTGGATAT-1,11,DC,8823.0
TCACCTGGTTTCCTCC-1,5,NK,5907.0
TCACGGATCCATTACT-1,15,T_CD8,5055.0
TCACGGATCGAGCAAA-1,6,Mono_CD14,3376.0
TCACGGATCGGCTATG-1,13,B,3584.0
TCACGGATCGTCATTT-1,7,Mono_CD14,3843.0
TCACGGATCTCACAAA-1,14,dropped,11909.0
TCACGGATCTTGGATA-1,2,T_CD4,4600.0
TCACTGACACCAGGTT-1,15,T_CD8,4153.0
TCACTGACACGCAACT-1,11,DC,7616.0
TCACTGACAGCATGTC-1,6,Mono_CD14,3650.0
TCACTGACAGCTCATA-1,2,T_CD4,4194.0
TCACTGACATTAGGCC-1,6,Mono_CD14,7398.0
TCAGCAAGTAATCGTG-1,7,Mono_CD14,4146.0
TCAGCAAGTACCGGAT-1,7,Mono_CD14,4574.0
TCAGCAAGTAGGTTAT-1,6,Mono_CD14,2923.0
TCAGCCTTCATGCCTC-1,7,Mono_CD14,5111.0
TCAGCCTTCATTATGG-1,8,dropped,9573.0
TCAGCCTTCCCTCACG-1,16,pDC,6354.0
TCAGCGATCATAATCG-1,6,Mono_CD14,4989.0
TCAGCGATCCCTCAGT-1,5,NK,3572.0
TCAGCGATCGCTAAGT-1,13,B,2976.0
TCAGCGATCGGTAACT-1,0,T_CD4,3197.0
TCAGGAGCAAACAACA-1,0,T_CD4,2117.0
TCAGGAGCAACTAGCC-1,11,DC,10435.0
TCAGGAGCACTGACTA-1,7,Mono_CD14,6725.0
TCAGGAGCAGCCTGCA-1,7,Mono_CD14,3795.0
TCAGGAGCAGGTATTT-1,8,dropped,6779.0
TCAGGAGCAGTTAGCC-1,0,T_CD4,2256.0
TCAGGTCCAAACCTTG-1,7,Mono_CD14,2042.0
TCAGGTCCAACCGCCA-1,17,dropped,5332.0
TCAGGTCCACTGGCCA-1,2,T_CD4,5538.0
TCAGGTCCACTTCACT-1,2,T_CD4,5330.0
TCAGGTCCATAAGTCT-1,4,Mono_CD16,4643.0
TCAGGTCCATAATCAC-1,6,Mono_CD14,8475.0
TCAGGTTAGAACCTGT-1,7,Mono_CD14,16119.0
TCAGGTTAGGTGCTGC-1,6,Mono_CD14,3432.0
TCAGGTTAGTGAGCGG-1,2,T_CD4,3669.0
TCAGGTTAGTGTTGCG-1,0,T_CD4,2940.0
TCAGGTTAGTTAGCCG-1,2,T_CD4,2174.0
TCAGGTTAGTTATTCC-1,4,Mono_CD16,5824.0
TCAGTAATCACAGCGC-1,2,T_CD4,3392.0
TCAGTAATCCGCATGA-1,1,T_CD8,3908.0
TCAGTAATCTACCTAT-1,0,T_CD4,2914.0
TCAGTAATCTCACAAA-1,2,T_CD4,4330.0
TCAGTAGGTACGTTTC-1,6,Mono_CD14,5594.0
TCAGTAGGTAGGTTAT-1,6,Mono_CD14,6346.0
TCAGTAGGTCATCCTG-1,7,Mono_CD14,6950.0
TCAGTAGGTCCTAATC-1,15,T_CD8,1739.0
TCAGTAGGTCGACTCC-1,7,Mono_CD14,4309.0
TCAGTAGGTGACATGC-1,1,T_CD8,3442.0
TCAGTAGGTGAGCACT-1,13,B,2761.0
TCAGTAGGTGCATTTC-1,5,NK,2441.0
TCAGTAGGTGCTGTAA-1,7,Mono_CD14,5905.0
TCAGTAGGTGTTTGTC-1,13,B,5661.0
TCAGTAGGTTAACGGC-1,4,Mono_CD16,7262.0
TCAGTAGGTTGCTTCG-1,2,T_CD4,3099.0
TCAGTGAGTAACCACA-1,0,T_CD4,6315.0
TCAGTGAGTCACCAAA-1,5,NK,3001.0
TCAGTGAGTGAGGTAG-1,2,T_CD4,3095.0
TCAGTGAGTGGCTTCC-1,0,T_CD4,2238.0
TCAGTGAGTGTTGTGA-1,6,Mono_CD14,4536.0
TCATAACCAACCTGGT-1,1,T_CD8,2913.0
TCATAACCAACTCGCG-1,2,T_CD4,4881.0
TCATAACCAAGTGTCC-1,6,Mono_CD14,2996.0
TCATAACCAATTGAGA-1,1,T_CD8,3289.0
TCATAACCACAATGCC-1,7,Mono_CD14,646.0
TCATAACCAGAACCGA-1,1,T_CD8,3640.0
TCATAACCAGCGCTTG-1,1,T_CD8,5399.0
TCATAACCATAGCGGA-1,10,NK,5980.0
TCATAACCATTGCGAC-1,4,Mono_CD16,7079.0
TCATACTTCAACAAGG-1,8,dropped,8166.0
TCATACTTCGCCTGTT-1,2,T_CD4,4508.0
TCATACTTCGGTTAGT-1,4,Mono_CD16,5743.0
TCATACTTCTCAATGA-1,0,T_CD4,2686.0
TCATACTTCTCACTCA-1,6,Mono_CD14,5466.0
TCATACTTCTTAGCCC-1,15,T_CD8,3069.0
TCATCCATCAGGAAGC-1,6,Mono_CD14,5202.0
TCATCCATCAGGTCCA-1,2,T_CD4,4205.0
TCATCCATCCCGAACA-1,1,T_CD8,2573.0
TCATCCATCCTCACTA-1,10,NK,6912.0
TCATCCATCTGGCTTC-1,2,T_CD4,4126.0
TCATGAGGTAAAGCGG-1,7,Mono_CD14,5064.0
TCATGAGGTGCATTTC-1,6,Mono_CD14,6113.0
TCATGAGGTGGCTTCC-1,6,Mono_CD14,4218.0
TCATGAGGTTAATGAC-1,6,Mono_CD14,3205.0
TCATGAGGTTAGCAGC-1,6,Mono_CD14,2926.0
TCATGAGGTTGGCGTG-1,1,T_CD8,3257.0
TCATGCCTCACAAGCT-1,2,T_CD4,4514.0
TCATGCCTCCATCAGG-1,6,Mono_CD14,2901.0
TCATGCCTCCTAAGTA-1,15,T_CD8,4026.0
TCATGTTTCAAATCGC-1,15,T_CD8,4079.0
TCATGTTTCAGGTCCA-1,0,T_CD4,2530.0
TCATGTTTCATCCTAT-1,15,T_CD8,4408.0
TCATGTTTCATGTCAA-1,1,T_CD8,3018.0
TCATGTTTCATTGTCT-1,0,T_CD4,5396.0
TCATGTTTCCTCACAC-1,10,NK,3332.0
TCATGTTTCTTGGATA-1,1,T_CD8,3322.0
TCATGTTTCTTGTCCA-1,6,Mono_CD14,7411.0
TCATTACTCAAACCTA-1,6,Mono_CD14,3182.0
TCATTACTCAACAAGG-1,8,dropped,8044.0
TCATTACTCACTAGGT-1,2,T_CD4,3522.0
TCATTACTCCAAATCA-1,13,B,3167.0
TCATTACTCCCGTTAC-1,17,dropped,11637.0
TCATTACTCCCTCACG-1,12,dropped,7039.0
TCATTACTCCGGCTAA-1,0,T_CD4,2422.0
TCATTACTCGTAATCA-1,5,NK,3714.0
TCATTACTCGTGCTTC-1,8,dropped,9264.0
TCATTACTCGTTAACA-1,7,Mono_CD14,6911.0
TCATTGCGTAACCTAG-1,2,T_CD4,2514.0
TCATTGCGTACGTTTC-1,0,T_CD4,3214.0
TCATTGCGTCGTAAAT-1,1,T_CD8,2276.0
TCATTGCGTGAGCGAA-1,4,Mono_CD16,6598.0
TCATTGCGTGGACCTG-1,6,Mono_CD14,4328.0
TCATTGTTCCTTGCGT-1,1,T_CD8,1508.0
TCATTGTTCGATTCTT-1,1,T_CD8,2495.0
TCATTGTTCGGTTCCT-1,8,dropped,12864.0
TCATTGTTCTGGCAAT-1,7,Mono_CD14,4829.0
TCATTTGGTACTGATG-1,5,NK,2312.0
TCATTTGGTCAAAGGG-1,7,Mono_CD14,4739.0
TCATTTGGTCAGGCAT-1,8,dropped,6669.0
TCATTTGGTTAATGAC-1,2,T_CD4,3602.0
TCATTTGGTTGTAACG-1,1,T_CD8,4085.0
TCCACAACAATCGCAC-1,2,T_CD4,4226.0
TCCACAACACCCACCT-1,6,Mono_CD14,5929.0
TCCACAACAGAATGAC-1,1,T_CD8,3156.0
TCCACAACAGCATGAG-1,6,Mono_CD14,5594.0
TCCACAACAGGGAGGA-1,0,T_CD4,2988.0
TCCACAACAGTAAGTA-1,6,Mono_CD14,4678.0
TCCACAACATAATGAG-1,7,Mono_CD14,3888.0
TCCAGCAAGACAAACG-1,2,T_CD4,4025.0
TCCAGCAAGCAAGACA-1,13,B,2734.0
TCCAGCAAGCTAAGTC-1,7,Mono_CD14,5760.0
TCCAGCAAGCTTTGGG-1,15,T_CD8,2728.0
TCCAGCAAGGCTATGT-1,15,T_CD8,3169.0
TCCAGCAAGTTAGTGC-1,0,T_CD4,1744.0
TCCAGCAAGTTGCCTC-1,8,dropped,5792.0
TCCAGGATCACGCCAA-1,2,T_CD4,1692.0
TCCAGGATCCGGTATG-1,11,DC,8117.0
TCCAGGATCCTCAGTC-1,0,T_CD4,2971.0
TCCAGGATCCTCCTAA-1,1,T_CD8,2977.0
TCCAGGATCTGCAAAC-1,5,NK,4028.0
TCCAGGTCAAGTTATC-1,4,Mono_CD16,6571.0
TCCAGGTCAATCGCAC-1,2,T_CD4,2840.0
TCCAGGTCACACAATT-1,0,T_CD4,2846.0
TCCAGGTCACAGCCAT-1,10,NK,3327.0
TCCAGGTCACGAATCC-1,2,T_CD4,4241.0
TCCAGGTCAGGAACCA-1,3,Mono_CD14,416.0
TCCAGGTCAGGATTAA-1,12,dropped,10195.0
TCCAGGTCATAAGTTC-1,15,T_CD8,3201.0
TCCAGGTCATCATGTG-1,0,T_CD4,2580.0
TCCAGGTCATTGCGTA-1,2,T_CD4,5764.0
TCCATAAAGACTAAGG-1,7,Mono_CD14,5324.0
TCCATAAAGAGCCGGA-1,2,T_CD4,6261.0
TCCATAAAGCAAGGAC-1,8,dropped,5924.0
TCCATAAAGCATGTCG-1,1,T_CD8,4874.0
TCCATAAAGCGAGCGA-1,0,T_CD4,3023.0
TCCATAAAGCTACTGG-1,15,T_CD8,3647.0
TCCATAAAGGACCTTG-1,2,T_CD4,3499.0
TCCATAAAGGACTAAG-1,13,B,3838.0
TCCATAAAGTAACCCG-1,0,T_CD4,3185.0
TCCATAAAGTAGGATG-1,7,Mono_CD14,5487.0
TCCATAAAGTGAGAGC-1,2,T_CD4,1384.0
TCCATATTCACACAGT-1,6,Mono_CD14,5844.0
TCCATATTCACAGGAA-1,2,T_CD4,4240.0
TCCATATTCCTTAGTT-1,1,T_CD8,2487.0
TCCATATTCCTTCAAT-1,0,T_CD4,3681.0
TCCATATTCTAGCGAT-1,4,Mono_CD16,10559.0
TCCATATTCTGGTCCT-1,7,Mono_CD14,6256.0
TCCATCATCACGTTAA-1,15,T_CD8,3670.0
TCCATCATCACTAAGC-1,5,NK,2187.0
TCCATCATCCCTGATC-1,8,dropped,10104.0
TCCATCATCCTAATAG-1,3,Mono_CD14,1561.0
TCCATCATCCTGATTT-1,3,Mono_CD14,378.0
TCCATCATCGCTATAA-1,6,Mono_CD14,4955.0
TCCATCATCGGCCATA-1,15,T_CD8,4257.0
TCCATCATCGTTTCTG-1,6,Mono_CD14,3900.0
TCCATCATCTTGTCCA-1,0,T_CD4,6015.0
TCCATGCTCAGGTTTA-1,8,dropped,8453.0
TCCATGCTCATAACCA-1,1,T_CD8,3392.0
TCCATGCTCATGCCTC-1,1,T_CD8,3449.0
TCCATGCTCATTGACA-1,1,T_CD8,3742.0
TCCATGCTCATTTAGG-1,13,B,3970.0
TCCATGCTCCGCCAAA-1,13,B,4540.0
TCCATGCTCTTGGACG-1,0,T_CD4,3100.0
TCCATTGTCACCGGTA-1,6,Mono_CD14,3386.0
TCCATTGTCAGCAAAG-1,2,T_CD4,5626.0
TCCATTGTCATGAAGG-1,15,T_CD8,3891.0
TCCATTGTCCTAGTCC-1,0,T_CD4,4394.0
TCCATTGTCTAAATCG-1,6,Mono_CD14,5754.0
TCCATTGTCTTAGTCT-1,7,Mono_CD14,4343.0
TCCCGGACAAAGGCCA-1,8,dropped,9177.0
TCCCGGACACAAAGGT-1,2,T_CD4,4340.0
TCCCGGACACTTCATC-1,2,T_CD4,3980.0
TCCCGGACATGCTCCC-1,15,T_CD8,3183.0
TCCCGTTAGCACAGCC-1,1,T_CD8,4019.0
TCCCGTTAGCCACAAT-1,6,Mono_CD14,5886.0
TCCCGTTAGCTAAAGG-1,6,Mono_CD14,4036.0
TCCCGTTAGCTGGACC-1,6,Mono_CD14,4239.0
TCCCGTTAGGACAATG-1,13,B,6053.0
TCCCGTTAGGACCAGG-1,5,NK,3409.0
TCCCGTTAGGAGTAAT-1,0,T_CD4,2904.0
TCCCGTTAGGTTACAC-1,6,Mono_CD14,4158.0
TCCCGTTAGTAAGTGG-1,13,B,3725.0
TCCCGTTAGTTGCGTG-1,2,T_CD4,2803.0
TCCCTCACAATGCCCG-1,15,T_CD8,5119.0
TCCCTCACAATTAGGA-1,4,Mono_CD16,6338.0
TCCCTCACACCACAAC-1,7,Mono_CD14,7175.0
TCCCTCACAGCAGGTA-1,1,T_CD8,2493.0
TCCCTCACAGCCGCTA-1,15,T_CD8,4711.0
TCCCTCACAGTTAAAG-1,0,T_CD4,3598.0
TCCCTCACATCATGGC-1,1,T_CD8,10087.0
TCCCTGGTCCAAGTGT-1,12,dropped,7617.0
TCCCTGGTCCGCCTAT-1,6,Mono_CD14,4669.0
TCCCTGGTCGAGGAGT-1,7,Mono_CD14,5147.0
TCCCTGGTCTTTGAGA-1,6,Mono_CD14,4360.0
TCCGCCATCAGCCAAT-1,0,T_CD4,2546.0
TCCGCCATCATGCCTC-1,13,B,2999.0
TCCGCCATCATGCTCC-1,6,Mono_CD14,4214.0
TCCGCCATCTAATCTC-1,0,T_CD4,2109.0
TCCGCCATCTTTGAGA-1,15,T_CD8,1049.0
TCCGGAATCACAAGCT-1,6,Mono_CD14,3709.0
TCCGGAATCCTGGCTT-1,7,Mono_CD14,5718.0
TCCGGAATCGCCTGTT-1,1,T_CD8,4011.0
TCCGGAATCTACCTGC-1,2,T_CD4,3273.0
TCCGGAATCTTAATGG-1,0,T_CD4,2289.0
TCCGGAATCTTAGGAC-1,1,T_CD8,3840.0
TCCGGAATCTTGACCC-1,13,B,2203.0
TCCGGTAAGCAACATC-1,0,T_CD4,2549.0
TCCGGTAAGTAACGAG-1,15,T_CD8,3218.0
TCCGGTAAGTCAGTAC-1,6,Mono_CD14,1928.0
TCCGGTTTCAATGTCA-1,2,T_CD4,3905.0
TCCGGTTTCACTAATG-1,15,T_CD8,1336.0
TCCGGTTTCACTTCAT-1,15,T_CD8,3334.0
TCCGGTTTCAGCATTA-1,3,Mono_CD14,533.0
TCCGGTTTCCCGCATT-1,8,dropped,6741.0
TCCGGTTTCCTAAGAC-1,11,DC,7727.0
TCCGGTTTCTGCAACG-1,6,Mono_CD14,10435.0
TCCGGTTTCTTAGGAC-1,6,Mono_CD14,5171.0
TCCGGTTTCTTGCAGG-1,7,Mono_CD14,9690.0
TCCTAGTGTCCCGAAG-1,1,T_CD8,2236.0
TCCTAGTGTGCAATGC-1,1,T_CD8,1603.0
TCCTAGTGTTCTTTAG-1,6,Mono_CD14,5146.0
TCCTCAATCAAACACC-1,3,Mono_CD14,150.0
TCCTCAATCACGAATC-1,7,Mono_CD14,5321.0
TCCTCAATCACTCAAA-1,2,T_CD4,4613.0
TCCTCAATCAGTATTG-1,5,NK,2995.0
TCCTCAATCATGTCAA-1,7,Mono_CD14,2643.0
TCCTCAATCATTCATC-1,5,NK,8394.0
TCCTCAATCATTTGTC-1,0,T_CD4,4122.0
TCCTCAATCCACCTGT-1,7,Mono_CD14,6928.0
TCCTCAATCCTTTACG-1,0,T_CD4,4169.0
TCCTCAATCGAAGTAG-1,6,Mono_CD14,10043.0
TCCTCAATCGCATTAA-1,2,T_CD4,3892.0
TCCTCAATCGCTAGAT-1,2,T_CD4,2678.0
TCCTCAATCTAATCTC-1,11,DC,10152.0
TCCTCAATCTCACACC-1,2,T_CD4,7458.0
TCCTCACAGGACCTCA-1,0,T_CD4,4322.0
TCCTCACAGGCCTGGT-1,2,T_CD4,3467.0
TCCTCACAGGCGCACT-1,1,T_CD8,2673.0
TCCTCACAGTAACAGG-1,7,Mono_CD14,8548.0
TCCTCTAAGAGGAGGA-1,6,Mono_CD14,2848.0
TCCTCTAAGCATGTTA-1,1,T_CD8,3865.0
TCCTCTAAGCTCCTTA-1,6,Mono_CD14,6158.0
TCCTGGTTCACAGACT-1,2,T_CD4,6217.0
TCCTGGTTCATCACTT-1,0,T_CD4,3826.0
TCCTGGTTCCGCACAA-1,15,T_CD8,4132.0
TCCTGGTTCCTTAAGA-1,0,T_CD4,2772.0
TCCTGGTTCTTGCTAT-1,16,pDC,4989.0
TCCTGGTTCTTTGAGA-1,7,Mono_CD14,7753.0
TCCTGTTCAGGATAAC-1,13,B,4105.0
TCCTGTTCAGTAAAGC-1,15,T_CD8,3629.0
TCCTGTTCATGTCAAT-1,2,T_CD4,2954.0
TCCTTAGTCAGCTAAC-1,7,Mono_CD14,6934.0
TCCTTAGTCATTATGG-1,7,Mono_CD14,3010.0
TCCTTAGTCCCTGATC-1,2,T_CD4,2728.0
TCCTTAGTCCTGAGTG-1,2,T_CD4,10350.0
TCCTTAGTCGTTAGCG-1,15,T_CD8,1952.0
TCCTTCAAGACTCGCA-1,2,T_CD4,5748.0
TCCTTCAAGATGGAGC-1,2,T_CD4,2386.0
TCCTTCAAGCTTACTT-1,1,T_CD8,2928.0
TCCTTCAAGGCGAATA-1,0,T_CD4,3527.0
TCCTTCAAGTTCCTCA-1,15,T_CD8,3296.0
TCCTTGCAGACAAACG-1,15,T_CD8,4174.0
TCCTTGCAGGCCCAGT-1,7,Mono_CD14,2494.0
TCCTTGCAGTGACCTG-1,0,T_CD4,3723.0
TCCTTTACAAACCTAT-1,1,T_CD8,2965.0
TCCTTTACAAACTGCC-1,0,T_CD4,2377.0
TCCTTTACAACAACAA-1,0,T_CD4,1769.0
TCCTTTACAACCGCCA-1,2,T_CD4,3813.0
TCCTTTACAATTAGGA-1,2,T_CD4,3225.0
TCCTTTACACAGCCTG-1,4,Mono_CD16,8580.0
TCCTTTACATCGCTTT-1,15,T_CD8,4164.0
TCCTTTACATGCATAT-1,2,T_CD4,2859.0
TCCTTTACATGCTCCC-1,8,dropped,9867.0
TCCTTTACATTGTGAT-1,1,T_CD8,4478.0
TCGACAAGTAGGTGTC-1,1,T_CD8,2893.0
TCGACAAGTAGTTAAC-1,13,B,4255.0
TCGACAAGTCCTTCAG-1,15,T_CD8,4241.0
TCGACAAGTGCGCGTA-1,0,T_CD4,2386.0
TCGACAAGTTGCAATG-1,0,T_CD4,3191.0
TCGATTAAGACAAGTG-1,0,T_CD4,1513.0
TCGATTAAGCCGCTTT-1,6,Mono_CD14,5288.0
TCGATTAAGCTCAAAC-1,6,Mono_CD14,5353.0
TCGATTAAGGCGGGTA-1,2,T_CD4,1380.0
TCGATTAAGTTAGTTG-1,7,Mono_CD14,7233.0
TCGCATTGTCAAACTG-1,2,T_CD4,8837.0
TCGCATTGTCAGTAAT-1,2,T_CD4,3947.0
TCGCATTGTGACATAT-1,7,Mono_CD14,5665.0
TCGCATTGTTCGCTTG-1,6,Mono_CD14,4280.0
TCGCCCATCTGTAAGC-1,6,Mono_CD14,4792.0
TCGCGAGGTAAATTGC-1,13,B,2991.0
TCGCGAGGTACCGTAA-1,5,NK,2495.0
TCGCGAGGTATTGTCC-1,1,T_CD8,4234.0
TCGCGAGGTCAATAGT-1,12,dropped,7213.0
TCGCGAGGTGCTGGTG-1,2,T_CD4,4702.0
TCGCGAGGTTATCCTA-1,15,T_CD8,3279.0
TCGCGAGGTTGTTGCT-1,7,Mono_CD14,2912.0
TCGCGCACAAAGGCCA-1,7,Mono_CD14,11203.0
TCGCGCACAATTAGGA-1,1,T_CD8,3196.0
TCGCGCACACCCACAG-1,2,T_CD4,3260.0
TCGCGCACAGCTCATA-1,6,Mono_CD14,4732.0
TCGCTAACAATAGCAA-1,7,Mono_CD14,5093.0
TCGCTAACACAATGTT-1,7,Mono_CD14,7224.0
TCGCTAACAGAATGAC-1,8,dropped,10938.0
TCGCTAACAGTACCGT-1,1,T_CD8,3505.0
TCGCTAACATCCTGAA-1,1,T_CD8,2729.0
TCGCTAACATGCTTAG-1,10,NK,3723.0
TCGGTAAGTACGCGCA-1,0,T_CD4,2103.0
TCGGTAAGTAGTTAAC-1,5,NK,4698.0
TCGGTAAGTCCTTAGT-1,0,T_CD4,2367.0
TCGGTAAGTGCTAGAC-1,6,Mono_CD14,5607.0
TCGGTAAGTTATCCTA-1,6,Mono_CD14,9954.0
TCGGTAAGTTCCGGCT-1,0,T_CD4,1520.0
TCGGTAAGTTTCCACG-1,1,T_CD8,3184.0
TCGGTTACAAAGCTAA-1,17,dropped,14466.0
TCGGTTACACCGGTAT-1,15,T_CD8,3939.0
TCGGTTACATTAAACC-1,6,Mono_CD14,4880.0
TCGGTTCTCAATCATG-1,0,T_CD4,2560.0
TCGGTTCTCCCGTTTA-1,13,B,3917.0
TCGGTTCTCCTAAGGT-1,7,Mono_CD14,3367.0
TCGGTTCTCGACAAAG-1,2,T_CD4,4234.0
TCGGTTCTCGCTAGCA-1,8,dropped,10477.0
TCGGTTCTCTTGAGCG-1,11,DC,1666.0
TCGGTTTGTAAAGCGG-1,6,Mono_CD14,5116.0
TCGGTTTGTATGGTGC-1,13,B,2276.0
TCGGTTTGTATTCGTC-1,2,T_CD4,3309.0
TCGGTTTGTCATCCTG-1,2,T_CD4,4333.0
TCGGTTTGTCCTTCTC-1,4,Mono_CD16,6816.0
TCGGTTTGTTAGGTGC-1,11,DC,8283.0
TCGGTTTGTTCCGCAC-1,2,T_CD4,3089.0
TCGGTTTGTTTACGTC-1,2,T_CD4,3608.0
TCGTAATCAATATGGA-1,0,T_CD4,1878.0
TCGTAATCACGCAACT-1,4,Mono_CD16,6787.0
TCGTAATCAGCAAGAT-1,2,T_CD4,3718.0
TCGTAATCAGCATTAT-1,6,Mono_CD14,3284.0
TCGTAATCAGCCTTGG-1,7,Mono_CD14,2927.0
TCGTAATCAGCGCTTG-1,1,T_CD8,2170.0
TCGTAATCAGGAACTG-1,6,Mono_CD14,2744.0
TCGTAATCAGGTATTT-1,1,T_CD8,2842.0
TCGTAATCAGGTTCAC-1,6,Mono_CD14,4632.0
TCGTAATCAGTAAGTA-1,15,T_CD8,4218.0
TCGTCAACACATTGCA-1,1,T_CD8,3531.0
TCGTCAACAGGAATCG-1,1,T_CD8,3064.0
TCGTCAACAGGCGAGT-1,13,B,2644.0
TCGTCAACAGGGAGCT-1,4,Mono_CD16,3814.0
TCGTCAACATGTCGCG-1,6,Mono_CD14,6630.0
TCGTGCTTCAATCATG-1,1,T_CD8,2967.0
TCGTGCTTCACTAAGC-1,6,Mono_CD14,3010.0
TCGTGCTTCAGCTAAC-1,12,dropped,6269.0
TCGTGCTTCGAGGTGG-1,6,Mono_CD14,2491.0
TCGTGCTTCTCCTCAA-1,15,T_CD8,3313.0
TCGTGCTTCTTAGTGA-1,2,T_CD4,2793.0
TCGTGCTTCTTGCTAT-1,2,T_CD4,2699.0
TCGTTAAAGACAAGTG-1,6,Mono_CD14,4451.0
TCGTTAAAGAGGAGGA-1,2,T_CD4,5306.0
TCGTTAAAGATGCCTG-1,6,Mono_CD14,4532.0
TCGTTAAAGCATTATG-1,2,T_CD4,5102.0
TCGTTAAAGCCGCAAC-1,6,Mono_CD14,4329.0
TCGTTAAAGCGCTAAT-1,15,T_CD8,2701.0
TCGTTAAAGGGATGCG-1,5,NK,4288.0
TCGTTAAAGGTCCACA-1,0,T_CD4,1801.0
TCGTTAAAGTCATTGA-1,0,T_CD4,2615.0
TCGTTAAAGTTCCTGC-1,6,Mono_CD14,4068.0
TCGTTACGTAATCCCT-1,1,T_CD8,3238.0
TCGTTACGTACGGGTT-1,6,Mono_CD14,2251.0
TCGTTACGTCATGAGC-1,6,Mono_CD14,2679.0
TCGTTACGTCTAGCTT-1,6,Mono_CD14,4427.0
TCGTTACGTGGAGCAA-1,0,T_CD4,4262.0
TCGTTACGTTGCGGAT-1,2,T_CD4,3555.0
TCGTTACGTTGGCCGA-1,9,dropped,8015.0
TCGTTAGCAAACTCAT-1,4,Mono_CD16,3720.0
TCGTTAGCAAGCTACC-1,7,Mono_CD14,2628.0
TCGTTAGCAAGTTATC-1,8,dropped,11352.0
TCGTTAGCACAGCCAT-1,6,Mono_CD14,5813.0
TCGTTAGCACCTACTT-1,9,dropped,1450.0
TCGTTAGCACGTAATT-1,2,T_CD4,3207.0
TCGTTAGCACTAAGCC-1,2,T_CD4,3566.0
TCGTTAGCACTAGCGT-1,2,T_CD4,5216.0
TCGTTAGCAGAGGCTA-1,1,T_CD8,2695.0
TCGTTAGCAGCTTAGC-1,2,T_CD4,4710.0
TCGTTAGCATTAAACC-1,4,Mono_CD16,5855.0
TCGTTAGCATTGTGCA-1,0,T_CD4,2554.0
TCGTTATTCAAGGACA-1,3,Mono_CD14,732.0
TCGTTATTCACGCCAA-1,11,DC,8881.0
TCGTTATTCACTTTAC-1,7,Mono_CD14,4812.0
TCGTTATTCCTTAGGG-1,5,NK,2683.0
TCGTTATTCCTTAGTT-1,10,NK,4048.0
TCGTTATTCGGTTTGG-1,13,B,2738.0
TCGTTATTCGTTAAGC-1,1,T_CD8,3882.0
TCGTTATTCTACCTGC-1,15,T_CD8,2967.0
TCGTTTCCAAGGTAAC-1,0,T_CD4,2384.0
TCGTTTCCACGCAACT-1,1,T_CD8,3326.0
TCGTTTCCATAGCAGG-1,6,Mono_CD14,3873.0
TCTAACCGTAGTCAAT-1,2,T_CD4,3429.0
TCTAACCGTCATAACG-1,1,T_CD8,3894.0
TCTAACCGTCGCGCAA-1,5,NK,2659.0
TCTAACCGTGCGCGTA-1,1,T_CD8,3897.0
TCTAACCGTGCTTAGA-1,0,T_CD4,3905.0
TCTAACCGTTTAGTCC-1,6,Mono_CD14,6539.0
TCTAACCGTTTCGCCA-1,0,T_CD4,3649.0
TCTAACTTCAAGGACA-1,0,T_CD4,4131.0
TCTAACTTCATGTCAA-1,2,T_CD4,4516.0
TCTAACTTCCTAACGG-1,1,T_CD8,6474.0
TCTAACTTCCTCACAC-1,13,B,1098.0
TCTAACTTCCTTGCAC-1,1,T_CD8,4693.0
TCTAACTTCGATTTGA-1,10,NK,6765.0
TCTAACTTCTTGTCTG-1,2,T_CD4,2927.0
TCTAAGGGTCCTTTAA-1,6,Mono_CD14,5582.0
TCTAAGGGTTACAAAC-1,1,T_CD8,3715.0
TCTAAGGGTTTATCGC-1,2,T_CD4,3467.0
TCTAATCTCAGCATTA-1,6,Mono_CD14,2995.0
TCTAATCTCCCTCATA-1,2,T_CD4,2957.0
TCTAATCTCTACTAAG-1,6,Mono_CD14,3933.0
TCTAATCTCTTGCAAA-1,6,Mono_CD14,6224.0
TCTACCTCAAACCTTG-1,1,T_CD8,1619.0
TCTACCTCAATGAATG-1,13,B,3421.0
TCTACTAGTAGGTTAT-1,10,NK,3461.0
TCTACTAGTATTCGTC-1,0,T_CD4,3023.0
TCTACTAGTGTTAAAC-1,6,Mono_CD14,2163.0
TCTACTAGTTGGCCGA-1,13,B,2755.0
TCTAGCACACCTATAG-1,1,T_CD8,3940.0
TCTAGCACAGCCAGAA-1,2,T_CD4,2347.0
TCTAGCACATAAAGCA-1,11,DC,10318.0
TCTAGCACATAAGTTC-1,0,T_CD4,3964.0
TCTAGCCTCAATCTAG-1,14,dropped,19468.0
TCTAGCCTCACTTCAT-1,2,T_CD4,3250.0
TCTAGCCTCCTACCTA-1,0,T_CD4,3239.0
TCTAGCCTCCTAGTCC-1,15,T_CD8,3862.0
TCTAGCCTCTTTGAGA-1,15,T_CD8,3954.0
TCTAGCGAGCAGCTAT-1,0,T_CD4,3360.0
TCTAGCGAGCCTGGTA-1,3,Mono_CD14,952.0
TCTAGCGAGCTGAGGG-1,6,Mono_CD14,3062.0
TCTAGCGAGCTTACTT-1,1,T_CD8,5958.0
TCTAGCGAGGGCTAAA-1,1,T_CD8,3522.0
TCTAGCGAGGGTGAGT-1,2,T_CD4,3386.0
TCTAGCGAGTAATCCA-1,4,Mono_CD16,6871.0
TCTATGTTCAAAGGCA-1,0,T_CD4,3186.0
TCTATGTTCAACAAGG-1,0,T_CD4,2643.0
TCTATGTTCATCCTGC-1,0,T_CD4,2326.0
TCTATGTTCCATAAGC-1,1,T_CD8,4600.0
TCTATGTTCCGGTTAG-1,7,Mono_CD14,5535.0
TCTATGTTCCTTGCGT-1,16,pDC,5296.0
TCTATGTTCGGCCATA-1,6,Mono_CD14,5197.0
TCTATGTTCGGGATTT-1,4,Mono_CD16,5177.0
TCTATGTTCGGTAACT-1,1,T_CD8,2782.0
TCTATGTTCGGTTAGT-1,6,Mono_CD14,5872.0
TCTATGTTCTCGCCCA-1,6,Mono_CD14,6830.0
TCTATGTTCTTGCAGG-1,2,T_CD4,5686.0
TCTCAAGCAATGCCCG-1,8,dropped,6220.0
TCTCAAGCATACCCGG-1,15,T_CD8,3222.0
TCTCAAGCATCGCTTT-1,7,Mono_CD14,4288.0
TCTCAAGCATTGCGGT-1,7,Mono_CD14,4342.0
TCTCAATTCAATCTAG-1,0,T_CD4,2736.0
TCTCAATTCACAGCGC-1,7,Mono_CD14,9374.0
TCTCAATTCAGCCAAT-1,6,Mono_CD14,6468.0
TCTCAATTCATGCTAA-1,7,Mono_CD14,6385.0
TCTCAATTCATGCTCC-1,6,Mono_CD14,3766.0
TCTCAATTCCCAGTAG-1,0,T_CD4,2260.0
TCTCAATTCCCTGTTA-1,0,T_CD4,3781.0
TCTCAATTCTATTGTC-1,7,Mono_CD14,5289.0
TCTCAATTCTCACTCA-1,2,T_CD4,3971.0
TCTCACCAGAAAGCAT-1,2,T_CD4,3706.0
TCTCACCAGATAAAGC-1,6,Mono_CD14,4418.0
TCTCACCAGATACTTG-1,2,T_CD4,4018.0
TCTCACCAGGAGCAAC-1,17,dropped,7084.0
TCTCACCAGGCCTTAG-1,7,Mono_CD14,8307.0
TCTCACCAGGTGAGAC-1,13,B,3619.0
TCTCACCAGTAGGATG-1,2,T_CD4,2813.0
TCTCACCAGTGAGGGT-1,6,Mono_CD14,3811.0
TCTCACCAGTTATGTG-1,6,Mono_CD14,3521.0
TCTCACCAGTTTCCGC-1,15,T_CD8,4726.0
TCTCCTCGTAGTTACG-1,0,T_CD4,2233.0
TCTCCTCGTATTGGTG-1,7,Mono_CD14,4040.0
TCTCCTCGTGGAGCAA-1,7,Mono_CD14,3914.0
TCTCCTCGTTAATCGG-1,13,B,3883.0
TCTCCTCGTTAGGCTA-1,1,T_CD8,2675.0
TCTCGCCCAACCTGGT-1,2,T_CD4,4791.0
TCTCGCCCACAGCCAT-1,2,T_CD4,4024.0
TCTCGCCCACATTAAC-1,15,T_CD8,1983.0
TCTCGCCCACTAAATC-1,1,T_CD8,3358.0
TCTCGCCCACTATGGC-1,13,B,4321.0
TCTCGCCCAGAACCGA-1,10,NK,7656.0
TCTCGCCCAGCAACCT-1,4,Mono_CD16,20723.0
TCTCGCCCAGCATGTC-1,2,T_CD4,2348.0
TCTCGCCCAGGATTAA-1,0,T_CD4,3667.0
TCTCGCCCATGAAATG-1,0,T_CD4,2076.0
TCTCGCCCATGTGGGA-1,1,T_CD8,3571.0
TCTCGCCCATTAAGCT-1,5,NK,3353.0
TCTGGCTTCAAACACC-1,0,T_CD4,2209.0
TCTGGCTTCCTACCTA-1,5,NK,3810.0
TCTGGCTTCTTTGACT-1,5,NK,4808.0
TCTGTGACAATTAAGG-1,1,T_CD8,2309.0
TCTGTGACACAAACTT-1,2,T_CD4,4652.0
TCTGTGACACAGAACG-1,2,T_CD4,4885.0
TCTGTGACAGGAAGCC-1,11,DC,12878.0
TCTGTGACATAGCGGA-1,13,B,2346.0
TCTGTGACATAGTCAT-1,13,B,2707.0
TCTGTGACATTGTCAG-1,13,B,3751.0
TCTTAGCGTCACCTAT-1,13,B,5373.0
TCTTAGCGTCCGTGAG-1,6,Mono_CD14,2555.0
TCTTAGCGTCCTGATT-1,8,dropped,5432.0
TCTTAGCGTCTTGCTG-1,0,T_CD4,1417.0
TCTTAGCGTGTTGCAA-1,2,T_CD4,2913.0
TCTTAGCGTGTTGTGA-1,6,Mono_CD14,3960.0
TCTTAGCGTTCACCAT-1,2,T_CD4,4546.0
TCTTAGTTCCGCAACA-1,0,T_CD4,2530.0
TCTTAGTTCCGGCTAA-1,0,T_CD4,2684.0
TCTTAGTTCGTCATTT-1,1,T_CD8,4190.0
TCTTAGTTCTTCAATC-1,6,Mono_CD14,9221.0
TCTTCAAGTCAAGTGC-1,13,B,2958.0
TCTTCAAGTTCCTCCT-1,4,Mono_CD16,6564.0
TCTTCAAGTTGCAATG-1,0,T_CD4,3593.0
TCTTCAAGTTGGTTGA-1,7,Mono_CD14,4651.0
TCTTCAAGTTTCAGGA-1,5,NK,2809.0
TCTTGACGTAGCTAAT-1,1,T_CD8,3258.0
TCTTGACGTCATCAAG-1,7,Mono_CD14,2202.0
TCTTGACGTCCAAATG-1,6,Mono_CD14,6471.0
TCTTGACGTGACCTGG-1,0,T_CD4,3218.0
TCTTGACGTTCAAGCA-1,1,T_CD8,2977.0
TCTTGACGTTGACTTC-1,2,T_CD4,3719.0
TCTTGACGTTGTCATC-1,13,B,2853.0
TCTTGACGTTGTGATG-1,15,T_CD8,2147.0
TCTTGACGTTTAAAGC-1,6,Mono_CD14,3029.0
TCTTGTCCAAAGGTAC-1,1,T_CD8,3180.0
TCTTGTCCAATGCGCT-1,1,T_CD8,4103.0
TCTTGTCCACATACTG-1,0,T_CD4,1360.0
TCTTGTCCATAAGCAA-1,11,DC,7199.0
TCTTGTCCATGATTGT-1,1,T_CD8,4523.0
TCTTTGTAGGAGGACT-1,0,T_CD4,3496.0
TCTTTGTAGGGATTAG-1,2,T_CD4,4670.0
TCTTTGTAGGGTCTAT-1,1,T_CD8,3374.0
TCTTTGTAGGTAGCTT-1,2,T_CD4,3372.0
TCTTTGTAGTAACGAG-1,1,T_CD8,4849.0
TCTTTGTAGTCGCAAT-1,16,pDC,5433.0
TCTTTGTAGTTGGCCA-1,0,T_CD4,2539.0
TGAAACTGTCCAAATG-1,7,Mono_CD14,6852.0
TGAAACTGTCGCAAAC-1,4,Mono_CD16,6415.0
TGAAACTGTTAATCGG-1,4,Mono_CD16,7727.0
TGAAACTGTTCCTCCT-1,1,T_CD8,3619.0
TGAACAACAAACCTTG-1,1,T_CD8,2871.0
TGAACAACACTGACTA-1,1,T_CD8,3912.0
TGAACAACAGCTCAAC-1,0,T_CD4,4085.0
TGAACAACAGGCTTGT-1,12,dropped,6157.0
TGAACAACAGGTTATT-1,13,B,3989.0
TGAACAGAGAAGCTAG-1,0,T_CD4,3377.0
TGAACAGAGCCATCAG-1,6,Mono_CD14,5648.0
TGAACAGAGCGTGCAC-1,10,NK,3848.0
TGAACAGAGCTCAAAC-1,1,T_CD8,2978.0
TGAACAGAGGACCTCA-1,7,Mono_CD14,6637.0
TGAACAGAGGCTCATG-1,6,Mono_CD14,4368.0
TGAACAGAGGTCGAGG-1,0,T_CD4,2091.0
TGAACAGAGTAACGAG-1,15,T_CD8,3239.0
TGAAGCAAGCCGCTAA-1,1,T_CD8,2164.0
TGAAGCAAGGACAATG-1,8,dropped,9384.0
TGAAGCAAGGCGAATA-1,16,pDC,3775.0
TGAAGGATCATTGACA-1,15,T_CD8,2840.0
TGAAGGATCATTGCGG-1,7,Mono_CD14,4529.0
TGAAGGATCCCAGTAG-1,1,T_CD8,2370.0
TGAAGGATCCGTCCAT-1,4,Mono_CD16,5643.0
TGAAGGATCCTACCTA-1,2,T_CD4,4554.0
TGAAGGATCCTTTACG-1,5,NK,2938.0
TGAAGGATCTTTGACT-1,2,T_CD4,7385.0
TGAAGTGAGAGGAAGG-1,0,T_CD4,1745.0
TGAAGTGAGGAAGTAT-1,1,T_CD8,2724.0
TGAAGTGAGGACTTAC-1,2,T_CD4,3374.0
TGAAGTGAGGCGCTTA-1,5,NK,2187.0
TGAAGTGAGTATGTGC-1,0,T_CD4,1930.0
TGAAGTGAGTTTGGTA-1,2,T_CD4,3442.0
TGACCAAGTTGTTGTC-1,1,T_CD8,4332.0
TGACCAAGTTTGGCGG-1,0,T_CD4,2978.0
TGACCTTGTAAATTGC-1,0,T_CD4,2640.0
TGACCTTGTATTGTCC-1,15,T_CD8,3341.0
TGACCTTGTTGCGTAA-1,6,Mono_CD14,6465.0
TGACCTTGTTTGCAGA-1,2,T_CD4,3910.0
TGACCTTGTTTGTCTA-1,1,T_CD8,3163.0
TGACTCCTCACATTGA-1,4,Mono_CD16,10467.0
TGACTCCTCCATAATG-1,1,T_CD8,3507.0
TGACTCCTCCTTAAGA-1,0,T_CD4,2945.0
TGACTCCTCCTTAATC-1,11,DC,7823.0
TGACTCCTCGCTATGG-1,15,T_CD8,2962.0
TGACTCCTCGGCCAGT-1,7,Mono_CD14,3324.0
TGACTCCTCGTTACAA-1,15,T_CD8,2883.0
TGACTCCTCTTGTCCA-1,7,Mono_CD14,6405.0
TGACTTAAGACTCGCA-1,13,B,3563.0
TGACTTAAGATGCCTG-1,1,T_CD8,3258.0
TGACTTAAGCAAGACA-1,6,Mono_CD14,4451.0
TGACTTAAGCACCACA-1,5,NK,4285.0
TGACTTAAGCGCTAAT-1,0,T_CD4,2828.0
TGACTTAAGGATTGAG-1,2,T_CD4,4087.0
TGACTTAAGGCTACAT-1,2,T_CD4,2967.0
TGACTTAAGGTTTGAC-1,0,T_CD4,2818.0
TGACTTAAGTTATGTG-1,6,Mono_CD14,5306.0
TGACTTCGTAGCTAAT-1,16,pDC,4880.0
TGACTTCGTAGGTTTG-1,2,T_CD4,3951.0
TGACTTCGTGGTGAGA-1,0,T_CD4,5528.0
TGACTTCGTTAGCGTA-1,0,T_CD4,4069.0
TGACTTCGTTAGGACC-1,0,T_CD4,2376.0
TGAGAACCAACCTAAT-1,0,T_CD4,3037.0
TGAGAACCAAGGTCCT-1,1,T_CD8,2762.0
TGAGAACCACCGGCTA-1,7,Mono_CD14,7728.0
TGAGAACCACGAATTT-1,7,Mono_CD14,10255.0
TGAGAACCAGCAGGTA-1,2,T_CD4,4630.0
TGAGAACCAGGAACAT-1,6,Mono_CD14,4681.0
TGAGCAAAGACAAGTG-1,2,T_CD4,3092.0
TGAGCACGTAATGGAA-1,0,T_CD4,2921.0
TGAGCACGTCTATCGT-1,2,T_CD4,3184.0
TGAGCACGTGACATGC-1,0,T_CD4,2659.0
TGAGCACGTTCCTCCT-1,7,Mono_CD14,2828.0
TGAGCACGTTCTTTAG-1,2,T_CD4,1869.0
TGAGCCGGTAGCCTAA-1,2,T_CD4,2501.0
TGAGCCGGTCAAAGGG-1,2,T_CD4,3606.0
TGAGCCGGTCAGGCAT-1,1,T_CD8,3628.0
TGAGCCGGTGCACGCA-1,4,Mono_CD16,5955.0
TGAGCCGGTTCGCGCT-1,13,B,3679.0
TGAGCTTAGCATGTTA-1,1,T_CD8,3428.0
TGAGCTTAGCGGATTT-1,6,Mono_CD14,4428.0
TGAGCTTAGCTATGAC-1,6,Mono_CD14,2830.0
TGAGCTTAGCTCAATA-1,6,Mono_CD14,3703.0
TGAGCTTAGGCCAATT-1,2,T_CD4,3724.0
TGAGCTTAGGCTGTCA-1,2,T_CD4,3725.0
TGAGCTTAGGGTCTAT-1,2,T_CD4,3434.0
TGAGCTTAGGTAGCTT-1,4,Mono_CD16,6494.0
TGAGCTTAGGTCGAGG-1,2,T_CD4,4042.0
TGAGCTTAGTCACGAT-1,1,T_CD8,6634.0
TGAGCTTAGTGAGAGC-1,1,T_CD8,3113.0
TGAGGAGGTATTTGGG-1,0,T_CD4,3264.0
TGAGGAGGTGCTTACT-1,7,Mono_CD14,3740.0
TGAGGAGGTGGAAGGC-1,4,Mono_CD16,5170.0
TGAGGAGGTGGGTACT-1,12,dropped,4957.0
TGAGGAGGTTAACGAT-1,1,T_CD8,2032.0
TGAGGAGGTTTAGCTC-1,8,dropped,6295.0
TGAGGCACAAACTGCC-1,0,T_CD4,4171.0
TGAGGCACAACAGGTG-1,7,Mono_CD14,3484.0
TGAGGCACAAGGTACG-1,7,Mono_CD14,3902.0
TGAGGCACAATTAGCT-1,0,T_CD4,3484.0
TGAGGCACAGCAGGTA-1,13,B,6546.0
TGAGGCACAGTCTATG-1,7,Mono_CD14,5891.0
TGAGGGAGTAGCTGGT-1,2,T_CD4,2940.0
TGAGGGAGTGGATTCA-1,2,T_CD4,3015.0
TGAGGGAGTGTTTCAC-1,3,Mono_CD14,1972.0
TGAGGGAGTTGCAGTA-1,1,T_CD8,5727.0
TGAGGGCCAACTCGCG-1,0,T_CD4,2661.0
TGAGGGCCACAACCTA-1,15,T_CD8,3840.0
TGAGGGCCACAATGTT-1,6,Mono_CD14,6317.0
TGAGGGCCAGTTGCGT-1,4,Mono_CD16,6697.0
TGAGGGCCATCATGGC-1,2,T_CD4,7479.0
TGAGGTGCAACAGCCT-1,0,T_CD4,3502.0
TGAGGTGCAACTGGCT-1,1,T_CD8,4358.0
TGAGGTGCAAGGTATA-1,2,T_CD4,4683.0
TGAGGTGCAAGTAAGC-1,13,B,1320.0
TGAGGTGCAGAATGAC-1,7,Mono_CD14,3368.0
TGAGGTGCAGGTTTGC-1,8,dropped,4730.0
TGAGGTGCATAATCGT-1,4,Mono_CD16,5767.0
TGAGGTGCATAGCAGG-1,13,B,2237.0
TGAGGTGCATTGGGAG-1,1,T_CD8,3594.0
TGAGTGAAGACAGGCG-1,13,B,4219.0
TGAGTGAAGCTCGCTT-1,0,T_CD4,1875.0
TGAGTGAAGGAGTCGG-1,2,T_CD4,3474.0
TGAGTGAAGGCCTTAG-1,16,pDC,6527.0
TGAGTGAAGGTTAGAG-1,5,NK,1206.0
TGAGTGAAGTCAGGCC-1,0,T_CD4,1605.0
TGAGTGAAGTGAGAGC-1,2,T_CD4,6707.0
TGAGTGAAGTTCCTCA-1,1,T_CD8,1523.0
TGAGTTTCAAAGCCTC-1,11,DC,10681.0
TGAGTTTCACCTGGTG-1,6,Mono_CD14,3622.0
TGAGTTTCAGGTTCAC-1,4,Mono_CD16,6083.0
TGAGTTTCAGTTAGCC-1,1,T_CD8,3084.0
TGATCAATCAAGTGTC-1,5,NK,2820.0
TGATCAATCAATCTCT-1,6,Mono_CD14,3725.0
TGATCAATCATAACGC-1,2,T_CD4,3003.0
TGATCAATCCCTGACT-1,6,Mono_CD14,4461.0
TGATCAATCCTCCCTC-1,13,B,3634.0
TGATCAATCGTAATCA-1,6,Mono_CD14,4697.0
TGATCACAGCGATAGA-1,0,T_CD4,2802.0
TGATCACAGGCGCTTA-1,6,Mono_CD14,5206.0
TGATCACAGTTTGAGC-1,15,T_CD8,1291.0
TGATCAGGTACGGGTT-1,15,T_CD8,2785.0
TGATCAGGTATTGTGG-1,0,T_CD4,3193.0
TGATCAGGTCATCAAG-1,6,Mono_CD14,2457.0
TGATCAGGTCATCATC-1,1,T_CD8,3982.0
TGATCAGGTCCTAAGA-1,15,T_CD8,3379.0
TGATCAGGTCTTTGAC-1,2,T_CD4,3503.0
TGATCAGGTGCTTAGA-1,6,Mono_CD14,6055.0
TGATCAGGTTAAGTGT-1,0,T_CD4,3119.0
TGATCCTGTAGACAAA-1,1,T_CD8,5084.0
TGATCCTGTAGCCTCC-1,15,T_CD8,3313.0
TGATCCTGTTAACAGT-1,2,T_CD4,6340.0
TGATCCTGTTGACTTC-1,5,NK,3296.0
TGATCCTGTTGTGACA-1,2,T_CD4,2767.0
TGATCGAGTACTGATG-1,6,Mono_CD14,3829.0
TGATCGAGTAGGATTT-1,7,Mono_CD14,5534.0
TGATCGAGTATTCGTC-1,13,B,3200.0
TGATCGAGTCAACAAT-1,3,Mono_CD14,849.0
TGATCGAGTTATAGCG-1,0,T_CD4,1695.0
TGATGAACAAAGCTAA-1,1,T_CD8,2684.0
TGATGAACAATGAAGC-1,5,NK,4104.0
TGATGAACAATTGAAG-1,7,Mono_CD14,4474.0
TGATGAACACAGACTC-1,0,T_CD4,3052.0
TGATGAACACCAGGTT-1,7,Mono_CD14,2734.0
TGATGAACACTAGGTC-1,6,Mono_CD14,8667.0
TGATGAACAGAATGAC-1,7,Mono_CD14,7503.0
TGATGAACAGCGCTTG-1,5,NK,2801.0
TGATGAACATGTTGCA-1,5,NK,3048.0
TGATGACTCACTCGCT-1,7,Mono_CD14,3897.0
TGATGACTCAGCATTA-1,2,T_CD4,4794.0
TGATGACTCAGTATTG-1,2,T_CD4,4525.0
TGATGACTCCAAGTTA-1,6,Mono_CD14,6337.0
TGATGACTCCTTGAGG-1,15,T_CD8,3420.0
TGATGACTCTAATCCT-1,0,T_CD4,3083.0
TGATGATGTCAGTAAT-1,3,Mono_CD14,611.0
TGATGATGTCGTAATG-1,6,Mono_CD14,4731.0
TGATGATGTGTCCTGC-1,7,Mono_CD14,4308.0
TGATGATGTTAGAGGG-1,4,Mono_CD16,6847.0
TGATGATGTTCACCAT-1,15,T_CD8,3759.0
TGATGATGTTCCGGCT-1,2,T_CD4,4302.0
TGATTAGTCAATTACG-1,0,T_CD4,2715.0
TGATTAGTCATTGTCT-1,1,T_CD8,3022.0
TGATTAGTCCAGGTTG-1,6,Mono_CD14,4146.0
TGATTAGTCCCGCAAA-1,13,B,2664.0
TGATTAGTCCTGGCTT-1,0,T_CD4,1958.0
TGATTAGTCCTTAATC-1,2,T_CD4,5406.0
TGATTAGTCGCTATGG-1,1,T_CD8,4361.0
TGATTAGTCTCACTAT-1,1,T_CD8,2984.0
TGATTCAAGAGGAGTC-1,1,T_CD8,3715.0
TGATTCAAGCTCAAAC-1,15,T_CD8,2854.0
TGATTCAAGGCTAGAA-1,13,B,3183.0
TGATTCAAGGTAAGCA-1,1,T_CD8,3216.0
TGATTGCAGAGGAAGG-1,6,Mono_CD14,4658.0
TGATTGCAGCCTAATA-1,2,T_CD4,3822.0
TGATTGCAGCGGATTT-1,1,T_CD8,4746.0
TGATTGCAGCTCATAA-1,6,Mono_CD14,4257.0
TGATTGCAGGAGCAAC-1,0,T_CD4,2523.0
TGATTGCAGTAAGTCC-1,0,T_CD4,2336.0
TGATTGCAGTGAGGGT-1,4,Mono_CD16,5836.0
TGATTGCAGTTCCTGC-1,10,NK,6536.0
TGCAAGCGTACCCACC-1,13,B,2017.0
TGCAAGCGTATTGGTG-1,13,B,2549.0
TGCAAGCGTATTGTGG-1,0,T_CD4,7033.0
TGCAAGCGTCAAAGGG-1,15,T_CD8,2707.0
TGCAAGCGTTCATCTA-1,0,T_CD4,2458.0
TGCAATATCAGGGCCT-1,13,B,2941.0
TGCAATATCCAACTGG-1,2,T_CD4,3923.0
TGCAATATCCAATTAG-1,6,Mono_CD14,4421.0
TGCAATATCGAGCTAT-1,0,T_CD4,3992.0
TGCAATATCGGTTACG-1,0,T_CD4,6929.0
TGCAATATCTCCTCTT-1,1,T_CD8,4219.0
TGCACACCAAGCCAGA-1,13,B,3986.0
TGCACACCACTAAGAA-1,6,Mono_CD14,2711.0
TGCACACCAGAGGCTA-1,13,B,3094.0
TGCACACCATCTAGCA-1,6,Mono_CD14,5362.0
TGCACACCATTGTGGC-1,7,Mono_CD14,6070.0
TGCACCTTCAAACACC-1,4,Mono_CD16,7164.0
TGCACCTTCAGGTCCA-1,5,NK,3518.0
TGCACCTTCCCTCATA-1,2,T_CD4,3994.0
TGCACCTTCCGCCAAA-1,15,T_CD8,2688.0
TGCACCTTCCGTTAAA-1,15,T_CD8,5065.0
TGCACCTTCCGTTATT-1,10,NK,10064.0
TGCACCTTCCTAAGGT-1,4,Mono_CD16,6910.0
TGCACCTTCTCTAGCC-1,7,Mono_CD14,6023.0
TGCACTTGTACCGTAA-1,6,Mono_CD14,3568.0
TGCACTTGTAGCAGCT-1,7,Mono_CD14,3919.0
TGCACTTGTGAGGTAG-1,13,B,2524.0
TGCACTTGTGCTGTAA-1,1,T_CD8,2777.0
TGCACTTGTGTTGTGA-1,7,Mono_CD14,3174.0
TGCACTTGTTGCAATG-1,15,T_CD8,4136.0
TGCACTTGTTGCCTCA-1,3,Mono_CD14,577.0
TGCACTTGTTTACGTC-1,13,B,3688.0
TGCACTTGTTTCCACG-1,9,dropped,10112.0
TGCACTTGTTTGCGCC-1,1,T_CD8,2925.0
TGCAGGCTCAAATCGC-1,2,T_CD4,2466.0
TGCAGGCTCGTAACGT-1,15,T_CD8,3964.0
TGCAGGCTCTGGCTTC-1,6,Mono_CD14,2903.0
TGCAGGCTCTTAGGGT-1,2,T_CD4,4189.0
TGCAGGCTCTTGTCTG-1,0,T_CD4,4061.0
TGCATCCTCACCGGTA-1,0,T_CD4,3308.0
TGCATCCTCCTAACGG-1,1,T_CD8,1805.0
TGCATCCTCCTTGCAC-1,4,Mono_CD16,8406.0
TGCATCCTCGCTAGAT-1,10,NK,3146.0
TGCATCCTCGTTCACC-1,1,T_CD8,2766.0
TGCATCCTCTGTGAGT-1,11,DC,9904.0
TGCATGAGTAATAACC-1,2,T_CD4,4579.0
TGCATGAGTAGGTTGC-1,13,B,4215.0
TGCATGAGTCAGGCAT-1,15,T_CD8,3730.0
TGCATGAGTGCCGCAA-1,7,Mono_CD14,2984.0
TGCATGAGTGCGCATG-1,13,B,2390.0
TGCATGAGTTGCACGG-1,12,dropped,8377.0
TGCATGAGTTGGATAT-1,0,T_CD4,1956.0
TGCATTAAGCTCAATA-1,10,NK,6897.0
TGCATTAAGCTTTGTT-1,6,Mono_CD14,1656.0
TGCATTAAGGCTTAGT-1,15,T_CD8,3731.0
TGCATTAAGGTCTTGG-1,13,B,8105.0
TGCCATTGTAAAGCAA-1,6,Mono_CD14,4743.0
TGCCATTGTAACTACG-1,6,Mono_CD14,4436.0
TGCCATTGTATTGTCC-1,5,NK,3932.0
TGCCATTGTTAGGCTA-1,7,Mono_CD14,3378.0
TGCCATTGTTAGTACG-1,0,T_CD4,7100.0
TGCCGGTAGCCAAATC-1,3,Mono_CD14,809.0
TGCCGGTAGCTGTACG-1,2,T_CD4,3189.0
TGCCGGTAGCTTGCTC-1,0,T_CD4,2656.0
TGCCGGTAGGAACGCG-1,4,Mono_CD16,7287.0
TGCCGGTAGGAGGCAT-1,0,T_CD4,3682.0
TGCCTGTTCATAACTG-1,1,T_CD8,3104.0
TGCCTGTTCATCAGTA-1,5,NK,2928.0
TGCCTGTTCCGGAACC-1,6,Mono_CD14,3177.0
TGCCTGTTCCTGGTGA-1,6,Mono_CD14,4963.0
TGCCTGTTCGCAGGCT-1,3,Mono_CD14,349.0
TGCGATTAGCGTGCAC-1,6,Mono_CD14,3475.0
TGCGATTAGCTAAAGG-1,10,NK,7034.0
TGCGATTAGCTTACTT-1,1,T_CD8,4769.0
TGCGATTAGGACTTAC-1,0,T_CD4,2909.0
TGCGATTAGTTTGGTA-1,2,T_CD4,3302.0
TGCGCAGGTCACTCGC-1,2,T_CD4,4187.0
TGCGCAGGTGGATTAT-1,7,Mono_CD14,7012.0
TGCGCAGGTTAATCGG-1,6,Mono_CD14,5843.0
TGCGCAGGTTAGGCTA-1,1,T_CD8,3110.0
TGCGCAGGTTGCGCGA-1,4,Mono_CD16,4364.0
TGCGCAGGTTTGTGGA-1,6,Mono_CD14,5469.0
TGCGCGAGTACGATTG-1,6,Mono_CD14,2335.0
TGCGCGAGTCACAGCG-1,6,Mono_CD14,1909.0
TGCGCGAGTGAGGTGA-1,6,Mono_CD14,3818.0
TGCGCGAGTTAACACG-1,2,T_CD4,2001.0
TGCGCGAGTTAGGCTA-1,1,T_CD8,2483.0
TGCGCGAGTTGCCTCA-1,0,T_CD4,2037.0
TGCGCGAGTTGGTTAG-1,2,T_CD4,2271.0
TGCGGTTCAACCCTAA-1,0,T_CD4,2835.0
TGCGGTTCACGAATCC-1,2,T_CD4,1832.0
TGCGGTTCACTAAGTT-1,1,T_CD8,3949.0
TGCGGTTCAGGAATCG-1,13,B,3009.0
TGCGGTTCAGGATAAC-1,15,T_CD8,2816.0
TGCGGTTCATAAAGCA-1,6,Mono_CD14,3726.0
TGCGGTTCATGGCCTG-1,7,Mono_CD14,6190.0
TGCTAACAGATGGACA-1,7,Mono_CD14,6426.0
TGCTAACAGCGAGTAA-1,2,T_CD4,2220.0
TGCTAACAGCGGATTT-1,8,dropped,7010.0
TGCTAACAGGCGCACT-1,1,T_CD8,3143.0
TGCTAACAGTGGACAA-1,1,T_CD8,4212.0
TGCTAACAGTTATGTG-1,2,T_CD4,3234.0
TGCTAGCCAGCAAGTG-1,1,T_CD8,2960.0
TGCTAGCCATCGCTTT-1,1,T_CD8,4531.0
TGCTATGCAACCTAAT-1,1,T_CD8,4921.0
TGCTATGCAACTAACT-1,8,dropped,4020.0
TGCTATGCAATGCGCT-1,4,Mono_CD16,6857.0
TGCTATGCAATTTAGC-1,1,T_CD8,4082.0
TGCTATGCACGCAACT-1,15,T_CD8,3173.0
TGCTATGCACTAGCGT-1,1,T_CD8,4160.0
TGCTATGCATAGCGGA-1,6,Mono_CD14,3188.0
TGCTATGCATCGCTCC-1,5,NK,3090.0
TGCTATGCATCGCTTT-1,13,B,3601.0
TGCTATGCATGAATAG-1,2,T_CD4,4739.0
TGCTCAACAATAGTCT-1,6,Mono_CD14,4548.0
TGCTCAACACAACCTA-1,2,T_CD4,3827.0
TGCTCAACACCTCACC-1,9,dropped,10099.0
TGCTCAACACTTCACT-1,8,dropped,6537.0
TGCTCAACAGGATTAA-1,1,T_CD8,3984.0
TGCTCACTCAATTACG-1,13,B,4931.0
TGCTCACTCCCTCACG-1,11,DC,8854.0
TGCTCACTCCGGTATG-1,0,T_CD4,3221.0
TGCTCACTCGCTAGAT-1,13,B,4005.0
TGCTCCGTCCCATAGG-1,8,dropped,4667.0
TGCTCCGTCCTAGTCC-1,9,dropped,13044.0
TGCTCCGTCTGTAAGC-1,11,DC,8045.0
TGCTCTCAGGACCGCT-1,7,Mono_CD14,5511.0
TGCTCTCAGGTCGATT-1,6,Mono_CD14,3720.0
TGCTCTCAGTGAGCAA-1,0,T_CD4,1548.0
TGCTGGATCAAGTGAG-1,2,T_CD4,2603.0
TGCTGGATCACCATTT-1,0,T_CD4,7136.0
TGCTGGATCATGTCAA-1,0,T_CD4,3351.0
TGCTGGATCATTAGTG-1,1,T_CD8,2256.0
TGCTGGATCCACAATA-1,8,dropped,8153.0
TGCTGGATCCCTGGAA-1,2,T_CD4,4131.0
TGCTGGATCCGGTATG-1,2,T_CD4,2817.0
TGCTGGATCCTGGTGA-1,1,T_CD8,3820.0
TGCTGGATCTCCTCTT-1,2,T_CD4,13101.0
TGCTTAAAGAAAGGAA-1,12,dropped,11573.0
TGCTTAAAGACTAAGG-1,7,Mono_CD14,3685.0
TGCTTAAAGAGGATAT-1,2,T_CD4,4240.0
TGCTTAAAGCAGGCCT-1,15,T_CD8,2671.0
TGCTTAAAGCGTGCAC-1,6,Mono_CD14,3144.0
TGCTTAAAGCTATTAG-1,1,T_CD8,4043.0
TGCTTAAAGGACCTTG-1,6,Mono_CD14,6426.0
TGCTTAAAGTATCGCG-1,0,T_CD4,2282.0
TGCTTCATCCAAACAC-1,0,T_CD4,1725.0
TGCTTCATCCATCAGG-1,11,DC,12702.0
TGCTTCATCGACAAAG-1,2,T_CD4,3971.0
TGCTTCATCGCGCTAA-1,0,T_CD4,2192.0
TGCTTCCAGACAACAG-1,13,B,3132.0
TGCTTCCAGCAGCTAT-1,2,T_CD4,5188.0
TGCTTCCAGCAGGTTT-1,3,Mono_CD14,1006.0
TGCTTCCAGCTGTAAC-1,6,Mono_CD14,3257.0
TGCTTCCAGGACAACA-1,2,T_CD4,7140.0
TGCTTCCAGGATTGCT-1,8,dropped,10895.0
TGCTTCCAGGGTGGAT-1,5,NK,2124.0
TGCTTCCAGTAACCCG-1,7,Mono_CD14,4494.0
TGCTTCCAGTTATCTC-1,1,T_CD8,3853.0
TGCTTGCTCAATCTCT-1,6,Mono_CD14,6280.0
TGCTTGCTCACCGGTA-1,10,NK,4241.0
TGCTTGCTCAGCACGC-1,3,Mono_CD14,555.0
TGCTTGCTCATCCTCA-1,7,Mono_CD14,6093.0
TGCTTGCTCATGAGCT-1,13,B,3262.0
TGCTTGCTCCCGAACA-1,2,T_CD4,5126.0
TGCTTGCTCCCTGGTT-1,8,dropped,18629.0
TGCTTGCTCCTGGCTT-1,2,T_CD4,5197.0
TGCTTGCTCTAAGTGC-1,7,Mono_CD14,6791.0
TGCTTGTGTAGCAGCT-1,7,Mono_CD14,2637.0
TGCTTGTGTAGGTTGC-1,1,T_CD8,1604.0
TGCTTGTGTCCTCCAA-1,8,dropped,35989.0
TGCTTGTGTCGCGCAA-1,6,Mono_CD14,5225.0
TGCTTGTGTGACATAT-1,1,T_CD8,3427.0
TGCTTGTGTGGCTTCC-1,2,T_CD4,3206.0
TGCTTGTGTGTTGCAA-1,1,T_CD8,5605.0
TGCTTTAGTACGCGCA-1,0,T_CD4,3877.0
TGCTTTAGTGGTTCTT-1,1,T_CD8,4810.0
TGCTTTAGTTGCGGAT-1,2,T_CD4,2435.0
TGGAACAAGACAGGTA-1,5,NK,2607.0
TGGAACAAGCAAACCT-1,6,Mono_CD14,3562.0
TGGAACAAGCTAGAAG-1,13,B,2991.0
TGGAACAAGCTGGAAA-1,3,Mono_CD14,622.0
TGGAACAAGGAGGTTA-1,13,B,5300.0
TGGACAAAGCTTAGCG-1,15,T_CD8,3669.0
TGGACAAAGGCATGTT-1,16,pDC,5166.0
TGGACAAAGGCGAATA-1,1,T_CD8,3173.0
TGGACAAAGGCGCTAC-1,0,T_CD4,2922.0
TGGACAAAGTGAGCGG-1,8,dropped,5757.0
TGGACAAAGTTCCCGT-1,1,T_CD8,3804.0
TGGACCGGTCAAACTG-1,0,T_CD4,2481.0
TGGACCGGTGGAAGGC-1,0,T_CD4,2290.0
TGGACCGGTGTAATAC-1,6,Mono_CD14,5417.0
TGGACCGGTGTTGTAG-1,15,T_CD8,2504.0
TGGACGGAGAATGACG-1,6,Mono_CD14,3940.0
TGGACGGAGACAAGTG-1,13,B,2884.0
TGGACGGAGCTTGCTC-1,1,T_CD8,2858.0
TGGACGGAGGCCGGAA-1,13,B,3116.0
TGGACGGAGGCGAAAC-1,1,T_CD8,3556.0
TGGACGGAGGCGCATC-1,0,T_CD4,1353.0
TGGACGGAGTAAGTCC-1,8,dropped,4864.0
TGGACGGAGTGGACAA-1,2,T_CD4,3017.0
TGGACTAGTAATCGTG-1,2,T_CD4,3831.0
TGGACTAGTAATGACT-1,0,T_CD4,2170.0
TGGACTAGTACCGAAC-1,1,T_CD8,2813.0
TGGACTAGTTGTAAAC-1,1,T_CD8,3433.0
TGGACTAGTTTAGCTC-1,9,dropped,6667.0
TGGATTCAGAAAGCAT-1,4,Mono_CD16,6615.0
TGGATTCAGAGAAGGG-1,15,T_CD8,3041.0
TGGATTCAGCAAACCT-1,15,T_CD8,4218.0
TGGATTCAGCGCTAAT-1,2,T_CD4,4668.0
TGGATTCAGGAACGGT-1,0,T_CD4,2196.0
TGGATTCAGGACAATG-1,13,B,3241.0
TGGATTCAGGATTGAG-1,1,T_CD8,4099.0
TGGATTCAGGGCTTTG-1,6,Mono_CD14,2978.0
TGGATTCAGGTCATTA-1,7,Mono_CD14,6944.0
TGGATTCAGTCATGCG-1,16,pDC,4870.0
TGGATTGGTACAATGT-1,4,Mono_CD16,6169.0
TGGATTGGTACCGTAA-1,15,T_CD8,2517.0
TGGATTGGTCAAAGAA-1,1,T_CD8,3157.0
TGGATTGGTGGCTTCC-1,5,NK,2501.0
TGGATTGGTGGTGAGA-1,4,Mono_CD16,6943.0
TGGATTGGTTGTTGTC-1,0,T_CD4,2580.0
TGGATTGGTTTCCACG-1,0,T_CD4,4672.0
TGGATTGGTTTGAGGC-1,0,T_CD4,2989.0
TGGCCAATCATGCCTC-1,0,T_CD4,2134.0
TGGCCAATCCCTCGCA-1,10,NK,3224.0
TGGCCAATCCCTGTTA-1,2,T_CD4,2403.0
TGGCCAATCCTGGTGA-1,11,DC,15022.0
TGGCCAATCGGTTTGG-1,2,T_CD4,1565.0
TGGCCAATCTAACTGA-1,7,Mono_CD14,5152.0
TGGCCAATCTAATCAG-1,7,Mono_CD14,7524.0
TGGCCATCAAATATCC-1,6,Mono_CD14,3734.0
TGGCCATCACCGGCTA-1,2,T_CD4,3233.0
TGGCCATCACCTGGTG-1,2,T_CD4,5546.0
TGGCCATCAGAAACGT-1,15,T_CD8,4154.0
TGGCCATCAGGTATTT-1,2,T_CD4,2987.0
TGGCCATCATCGTTCT-1,2,T_CD4,5829.0
TGGCCATCATGCAACC-1,4,Mono_CD16,7380.0
TGGCCATCATGTTGGC-1,0,T_CD4,2270.0
TGGCCATCATGTTTGG-1,13,B,2313.0
TGGCCTGCAAGTCGCT-1,1,T_CD8,3427.0
TGGCCTGCAATATACC-1,2,T_CD4,2147.0
TGGCCTGCAGAATGAC-1,6,Mono_CD14,4228.0
TGGCCTGCAGGCTGTT-1,1,T_CD8,4220.0
TGGCCTGCAGTTTCTC-1,6,Mono_CD14,3747.0
TGGCCTTTCAGCACCA-1,2,T_CD4,8606.0
TGGCCTTTCCCGAACA-1,7,Mono_CD14,5918.0
TGGCCTTTCGCATTAA-1,0,T_CD4,3865.0
TGGCCTTTCGTTACAA-1,7,Mono_CD14,5567.0
TGGCCTTTCTACTAAG-1,0,T_CD4,2448.0
TGGCCTTTCTTGCAAA-1,13,B,3997.0
TGGCGGTTCATTAGCA-1,6,Mono_CD14,4012.0
TGGCGGTTCATTTGTC-1,4,Mono_CD16,5020.0
TGGCGGTTCCTACCTA-1,5,NK,3396.0
TGGCGGTTCCTTGCAC-1,6,Mono_CD14,4762.0
TGGCGGTTCTAAGTCA-1,8,dropped,8876.0
TGGCGGTTCTTGCAAA-1,4,Mono_CD16,7300.0
TGGCTAAGTCAATAGT-1,1,T_CD8,2789.0
TGGCTAAGTGAGAAAC-1,0,T_CD4,2688.0
TGGCTAAGTTAGACCA-1,6,Mono_CD14,3514.0
TGGCTAAGTTAGGTTG-1,6,Mono_CD14,6891.0
TGGCTAAGTTATTGCC-1,0,T_CD4,3600.0
TGGCTATAGAACCTAC-1,6,Mono_CD14,3564.0
TGGCTATAGCCTCTCG-1,0,T_CD4,3646.0
TGGCTATAGGAGGACT-1,4,Mono_CD16,7073.0
TGGCTATAGGCAAGTA-1,0,T_CD4,3695.0
TGGCTATAGGCTATGT-1,1,T_CD8,3135.0
TGGCTATAGGGATGCG-1,15,T_CD8,3206.0
TGGCTATAGGGCCATC-1,15,T_CD8,3876.0
TGGCTATAGGTACCGC-1,10,NK,3639.0
TGGCTATAGGTCCAAT-1,4,Mono_CD16,6184.0
TGGCTATAGGTCTTGG-1,6,Mono_CD14,3971.0
TGGCTATAGTCACCAG-1,7,Mono_CD14,5384.0
TGGCTATAGTCGCAAT-1,7,Mono_CD14,5329.0
TGGCTATAGTTGCGTG-1,15,T_CD8,4068.0
TGGCTATAGTTTAACG-1,1,T_CD8,2549.0
TGGCTTTGTAACCAGC-1,2,T_CD4,3976.0
TGGCTTTGTAGTTACG-1,7,Mono_CD14,5794.0
TGGCTTTGTCACGAAC-1,7,Mono_CD14,4219.0
TGGCTTTGTCCGGTTC-1,1,T_CD8,2425.0
TGGCTTTGTGAGAAAC-1,15,T_CD8,3050.0
TGGCTTTGTTGCAATG-1,13,B,3556.0
TGGCTTTGTTTCGCCA-1,2,T_CD4,3625.0
TGGGCATGTAACCACA-1,12,dropped,3184.0
TGGGCATGTCAAGTGC-1,2,T_CD4,4570.0
TGGGCATGTCGACTCC-1,7,Mono_CD14,5330.0
TGGGCATGTCTTTATG-1,7,Mono_CD14,4989.0
TGGGCATGTTAGTGAT-1,1,T_CD8,2753.0
TGGGCATGTTGGATAT-1,6,Mono_CD14,6415.0
TGGGCATGTTGTCCAT-1,6,Mono_CD14,3447.0
TGGGCATGTTGTTGTC-1,6,Mono_CD14,3103.0
TGGGCATGTTTACTTG-1,5,NK,1819.0
TGGGCCTAGACTCGCA-1,1,T_CD8,3740.0
TGGGCCTAGCAACAAG-1,1,T_CD8,3302.0
TGGGCCTAGCCTCTCG-1,7,Mono_CD14,3792.0
TGGGCCTAGTCACGAT-1,7,Mono_CD14,4529.0
TGGGCCTAGTCACTAA-1,0,T_CD4,1761.0
TGGTAAACACACAATT-1,7,Mono_CD14,5301.0
TGGTAAACACAGGGAC-1,4,Mono_CD16,7265.0
TGGTAAACACCTCAGG-1,7,Mono_CD14,8298.0
TGGTAAACATTGCGTA-1,0,T_CD4,1391.0
TGGTCAAGTCTAACCT-1,1,T_CD8,2852.0
TGGTCAAGTGCATTTC-1,3,Mono_CD14,503.0
TGGTCAAGTTCACCAT-1,15,T_CD8,1475.0
TGGTCAAGTTGCACGG-1,8,dropped,9064.0
TGGTCAAGTTGCTTCG-1,6,Mono_CD14,3558.0
TGGTCAAGTTGTTGGA-1,1,T_CD8,3573.0
TGGTCAGTCCGTGACA-1,2,T_CD4,4527.0
TGGTCAGTCCTGATTT-1,6,Mono_CD14,6112.0
TGGTCAGTCCTTGTTG-1,4,Mono_CD16,8257.0
TGGTCAGTCGCGACAC-1,6,Mono_CD14,4318.0
TGGTCAGTCTTGCAGG-1,10,NK,2924.0
TGGTCATAGCGCTAAT-1,6,Mono_CD14,3884.0
TGGTCATAGGAGGGTT-1,7,Mono_CD14,2289.0
TGGTCATAGGATTGAG-1,14,dropped,12187.0
TGGTCATAGTCGCAAT-1,6,Mono_CD14,5561.0
TGGTCATAGTTTCCTG-1,7,Mono_CD14,3877.0
TGGTCCTTCAAGCTTA-1,4,Mono_CD16,7610.0
TGGTCCTTCAATGAGG-1,5,NK,3606.0
TGGTCCTTCCAAGTTA-1,15,T_CD8,3790.0
TGGTCCTTCCTAGTCC-1,13,B,3504.0
TGGTCCTTCCTCAGCT-1,0,T_CD4,12259.0
TGGTCCTTCGATAACC-1,13,B,2361.0
TGGTCCTTCGTCATTT-1,15,T_CD8,3174.0
TGGTGATTCAATGACC-1,5,NK,4778.0
TGGTGATTCAGGTTTA-1,13,B,3107.0
TGGTGATTCATGCGTG-1,3,Mono_CD14,1862.0
TGGTGATTCATGGTGT-1,13,B,5151.0
TGGTGATTCCAATAGC-1,2,T_CD4,2749.0
TGGTGATTCCCGCAAA-1,0,T_CD4,3663.0
TGGTGATTCCCTGTTA-1,8,dropped,8703.0
TGGTGATTCTAAGTCA-1,6,Mono_CD14,5042.0
TGGTGCATCAAGCCTG-1,10,NK,3143.0
TGGTGCATCAATGACC-1,2,T_CD4,7381.0
TGGTGCATCATGAGCT-1,8,dropped,9471.0
TGGTGCATCCCTGTTA-1,2,T_CD4,2678.0
TGGTGCATCTTGGATA-1,5,NK,1270.0
TGGTTAATCATTAGCA-1,6,Mono_CD14,7218.0
TGGTTAATCGGTCAGC-1,1,T_CD8,3784.0
TGGTTAATCTCGCCCA-1,13,B,2645.0
TGGTTCCTCAAGCTAC-1,0,T_CD4,3141.0
TGGTTCCTCGGTTTCC-1,1,T_CD8,4957.0
TGGTTCTGTAATCGGC-1,7,Mono_CD14,5539.0
TGGTTCTGTACCGGAT-1,15,T_CD8,2329.0
TGGTTCTGTACGATTG-1,1,T_CD8,3757.0
TGGTTCTGTACTTAGG-1,15,T_CD8,3515.0
TGGTTCTGTCACCAAA-1,13,B,4878.0
TGGTTCTGTGAATCGC-1,13,B,4196.0
TGGTTCTGTGCTCCAC-1,2,T_CD4,3837.0
TGGTTCTGTGTGCACG-1,1,T_CD8,4731.0
TGGTTCTGTTGCCTCA-1,5,NK,2588.0
TGGTTCTGTTTAAAGC-1,6,Mono_CD14,4749.0
TGGTTGAGTACCGAAC-1,2,T_CD4,3327.0
TGGTTGAGTACGCGCA-1,15,T_CD8,3147.0
TGGTTGAGTCACGAAC-1,7,Mono_CD14,6279.0
TGGTTGAGTGATCAGC-1,0,T_CD4,2871.0
TGGTTGAGTGCAATAT-1,13,B,3896.0
TGGTTGAGTGCGCAAT-1,0,T_CD4,2575.0
TGGTTGAGTTACCTGT-1,0,T_CD4,1984.0
TGGTTGAGTTCACCCA-1,0,T_CD4,1834.0
TGGTTGAGTTGAGGTC-1,1,T_CD8,4175.0
TGGTTGAGTTTGAGGC-1,5,NK,1648.0
TGTAAAGCAAACTAAG-1,1,T_CD8,7355.0
TGTAAAGCAAGGTCCT-1,0,T_CD4,1899.0
TGTAAAGCATCCTGAA-1,0,T_CD4,1720.0
TGTAACTCAATTAGCT-1,7,Mono_CD14,4510.0
TGTAACTCAATTGCGC-1,6,Mono_CD14,5942.0
TGTAACTCACACCAAC-1,0,T_CD4,1854.0
TGTAACTCACTAAGAA-1,2,T_CD4,2955.0
TGTAACTCACTTGTTC-1,13,B,1533.0
TGTAACTCAGCTTAAT-1,0,T_CD4,5097.0
TGTAACTCATGTGGGA-1,13,B,2454.0
TGTAAGCTCAATAGCC-1,7,Mono_CD14,3335.0
TGTAAGCTCCACCTGT-1,8,dropped,10659.0
TGTAAGCTCGCACAAT-1,0,T_CD4,1989.0
TGTAAGCTCTTAGGAC-1,10,NK,3315.0
TGTAAGTGTACCGTAA-1,4,Mono_CD16,3113.0
TGTAAGTGTCATGCCC-1,1,T_CD8,2389.0
TGTAAGTGTGCAATAT-1,2,T_CD4,1720.0
TGTAAGTGTGTTAGCA-1,11,DC,5181.0
TGTAAGTGTTCATCTA-1,6,Mono_CD14,4155.0
TGTAAGTGTTCGCTCA-1,8,dropped,5695.0
TGTAAGTGTTGAGCCG-1,1,T_CD8,4955.0
TGTAATGTCCATCAGG-1,2,T_CD4,1714.0
TGTAATGTCCCGTTAC-1,6,Mono_CD14,3734.0
TGTAATGTCCTCACAC-1,2,T_CD4,3697.0
TGTAATGTCCTGGTGA-1,15,T_CD8,3104.0
TGTAATGTCGGCTATG-1,2,T_CD4,2880.0
TGTATCCGTAATCGTG-1,2,T_CD4,2744.0
TGTATCCGTCATGCAA-1,3,Mono_CD14,1770.0
TGTATCCGTCCTAGTT-1,3,Mono_CD14,1352.0
TGTATCCGTGCTCCAC-1,0,T_CD4,2355.0
TGTATCCGTTAGCAGC-1,7,Mono_CD14,3245.0
TGTATCCGTTAGTTGG-1,8,dropped,8304.0
TGTATCCGTTCCAGGG-1,5,NK,3002.0
TGTATCGCAAGCTAAA-1,1,T_CD8,3008.0
TGTATCGCAAGTAAGC-1,6,Mono_CD14,5745.0
TGTATCGCACTGACTA-1,6,Mono_CD14,3310.0
TGTATCGCATATTGAC-1,4,Mono_CD16,6313.0
TGTATCGCATGATTGT-1,6,Mono_CD14,2964.0
TGTCAATCACGTGCTG-1,1,T_CD8,3053.0
TGTCAATCACTGGCTG-1,2,T_CD4,4671.0
TGTCAATCATGAAGTA-1,0,T_CD4,3505.0
TGTCAATCATTTGCTC-1,0,T_CD4,2201.0
TGTCAGTAGCATGACT-1,7,Mono_CD14,3283.0
TGTCAGTAGCATTATG-1,8,dropped,9485.0
TGTCAGTAGCCTTAAA-1,6,Mono_CD14,3664.0
TGTCAGTAGGACCAGG-1,2,T_CD4,6176.0
TGTCAGTAGGAGGTTA-1,1,T_CD8,3601.0
TGTCAGTAGGCGGGTA-1,1,T_CD8,2846.0
TGTCAGTAGGCTAATC-1,4,Mono_CD16,4540.0
TGTCAGTAGGTCCTAG-1,2,T_CD4,3521.0
TGTCATAAGCAAACCT-1,5,NK,3208.0
TGTCATAAGCCGCAGT-1,12,dropped,6721.0
TGTCATAAGCCTGGTA-1,5,NK,3709.0
TGTCATAAGCGAGTAA-1,0,T_CD4,2396.0
TGTCATAAGGTATTGC-1,6,Mono_CD14,3156.0
TGTCCTGGTCATCAAG-1,15,T_CD8,1764.0
TGTCCTGGTGTTAAAC-1,2,T_CD4,4090.0
TGTCCTGGTTATCGAG-1,7,Mono_CD14,4392.0
TGTCCTTCACACCAAC-1,1,T_CD8,3570.0
TGTCCTTCAGCATGGA-1,1,T_CD8,2221.0
TGTCCTTCATTAAGTC-1,2,T_CD4,3112.0
TGTGAAACAAGTCGCT-1,11,DC,11040.0
TGTGAAACACAAGCCT-1,0,T_CD4,2770.0
TGTGAAACAGGATAAC-1,3,Mono_CD14,2879.0
TGTGAAACATAGGCGA-1,2,T_CD4,3196.0
TGTGATCAGCGCATTG-1,2,T_CD4,4788.0
TGTGATCAGCTTAACA-1,2,T_CD4,5592.0
TGTGATCAGTCACTAA-1,2,T_CD4,5998.0
TGTGATCAGTCTGGGC-1,0,T_CD4,3121.0
TGTGATCAGTGAGGGT-1,0,T_CD4,3347.0
TGTGCAAGTACGGTAC-1,6,Mono_CD14,5634.0
TGTGCAAGTAGGTGTC-1,6,Mono_CD14,5749.0
TGTGCAAGTCACGAAC-1,7,Mono_CD14,4539.0
TGTGCAAGTCGTTATC-1,7,Mono_CD14,5858.0
TGTGCAAGTCTCAGCC-1,7,Mono_CD14,6823.0
TGTGCAAGTGACATGC-1,1,T_CD8,2443.0
TGTGCAAGTGACCTGG-1,1,T_CD8,2048.0
TGTGCAAGTGTTTGAG-1,1,T_CD8,3262.0
TGTGCAAGTTCGGGAT-1,2,T_CD4,4129.0
TGTGCACCAGGAACAT-1,6,Mono_CD14,3883.0
TGTGCGCAGACCATAC-1,1,T_CD8,2711.0
TGTGCGCAGCATTATG-1,2,T_CD4,3366.0
TGTGCGCAGGCGGATG-1,1,T_CD8,1610.0
TGTGCGCAGGTTTGCG-1,1,T_CD8,2547.0
TGTGCGCAGTAACAGG-1,6,Mono_CD14,3306.0
TGTGCGCAGTCACCTC-1,15,T_CD8,3198.0
TGTGCGGGTACGTTTC-1,11,DC,8840.0
TGTGCGGGTATGTGGC-1,15,T_CD8,2832.0
TGTGCGGGTCAAAGGG-1,2,T_CD4,2271.0
TGTGCGGGTCAGGCAT-1,2,T_CD4,3511.0
TGTGCGGGTCCAAATG-1,15,T_CD8,2269.0
TGTGCGGGTGACATGC-1,8,dropped,6703.0
TGTGCGGGTGGATTGC-1,6,Mono_CD14,3090.0
TGTGCTGAGACTTACA-1,1,T_CD8,2622.0
TGTGCTGAGCAAGGAC-1,0,T_CD4,1857.0
TGTGCTGAGCGATACT-1,1,T_CD8,2106.0
TGTGCTGAGGAACACA-1,6,Mono_CD14,4236.0
TGTGGAGCAACCTGGT-1,1,T_CD8,3493.0
TGTGGAGCAATGAAGC-1,13,B,2336.0
TGTGGAGCACAGAAAC-1,1,T_CD8,4273.0
TGTGGAGCACCGGCTA-1,2,T_CD4,3425.0
TGTGGAGCAGCATTAT-1,2,T_CD4,6815.0
TGTGGAGCATGAAATG-1,8,dropped,7230.0
TGTGGAGCATTCCTCG-1,5,NK,2591.0
TGTGGAGCATTTGCTC-1,2,T_CD4,3897.0
TGTGGCCAGAATCTCA-1,0,T_CD4,2273.0
TGTGGCCAGGATTGCT-1,1,T_CD8,2287.0
TGTGGCGGTACCCACC-1,15,T_CD8,1898.0
TGTGGCGGTACTTCAC-1,5,NK,4088.0
TGTGGCGGTTTGAGGC-1,7,Mono_CD14,5055.0
TGTGGCTCATACTCCT-1,1,T_CD8,4259.0
TGTGGCTCATTCCTCG-1,15,T_CD8,3330.0
TGTGTGAGTAACGAGG-1,7,Mono_CD14,3792.0
TGTGTGAGTAATAGCT-1,6,Mono_CD14,4169.0
TGTGTGAGTACTTCAC-1,6,Mono_CD14,3425.0
TGTGTGAGTAGCTAAT-1,13,B,3399.0
TGTGTGAGTCCAAGAC-1,7,Mono_CD14,4812.0
TGTGTGAGTTCATCTA-1,11,DC,2871.0
TGTGTGAGTTCCAGGG-1,1,T_CD8,2585.0
TGTGTGAGTTCCTGAT-1,1,T_CD8,2573.0
TGTGTGAGTTGCTTCG-1,13,B,1782.0
TGTGTTAAGACACTTA-1,5,NK,2320.0
TGTGTTAAGCCTGGTA-1,1,T_CD8,3688.0
TGTGTTAAGCGCCTTT-1,4,Mono_CD16,4977.0
TGTGTTAAGCTATGAC-1,2,T_CD4,3024.0
TGTGTTAAGGCGGGTA-1,1,T_CD8,1908.0
TGTGTTAAGGCTGTGC-1,13,B,2457.0
TGTGTTAAGTTAGACC-1,6,Mono_CD14,3740.0
TGTTACTTCATGCTTT-1,7,Mono_CD14,2991.0
TGTTACTTCCTTTACG-1,1,T_CD8,2726.0
TGTTACTTCGCCTAAG-1,13,B,1452.0
TGTTACTTCTTAATGG-1,6,Mono_CD14,4246.0
TGTTAGCAGCATGAAG-1,2,T_CD4,2636.0
TGTTAGCAGCTAAGTC-1,10,NK,5294.0
TGTTAGCAGGGCCACT-1,4,Mono_CD16,5403.0
TGTTATGAGCATGCAT-1,3,Mono_CD14,251.0
TGTTATGAGCGATACT-1,0,T_CD4,2392.0
TGTTATGAGCGCAATT-1,15,T_CD8,2891.0
TGTTCATTCAAAGGCA-1,3,Mono_CD14,1835.0
TGTTCATTCAAGCTAC-1,0,T_CD4,2453.0
TGTTCATTCAATCTCT-1,5,NK,3539.0
TGTTCATTCCACAATA-1,0,T_CD4,857.0
TGTTCATTCCCGCCTA-1,17,dropped,4284.0
TGTTCATTCGCTCCAT-1,1,T_CD8,3027.0
TGTTCCTCAAACCTAT-1,8,dropped,7943.0
TGTTCCTCAAATACCT-1,15,T_CD8,2559.0
TGTTCCTCAACCTGGT-1,0,T_CD4,2389.0
TGTTCCTCAATATGGA-1,7,Mono_CD14,4536.0
TGTTCCTCACAAACTT-1,13,B,4234.0
TGTTCCTCAGAGAGCC-1,13,B,3074.0
TGTTCCTCAGCAAGTG-1,6,Mono_CD14,2824.0
TGTTCCTCAGCCTGCA-1,15,T_CD8,2877.0
TGTTCCTCATAAGTTC-1,6,Mono_CD14,5983.0
TGTTCCTCATACTCCT-1,13,B,2204.0
TGTTGCACAACGTGCT-1,3,Mono_CD14,475.0
TGTTGCACAACTGGGA-1,5,NK,3277.0
TGTTGCACAATTGAAG-1,1,T_CD8,3828.0
TGTTGCACACAAAGCG-1,6,Mono_CD14,4078.0
TGTTGCACACAACAGG-1,1,T_CD8,3465.0
TGTTGCACACAACCTA-1,2,T_CD4,4011.0
TGTTGCACACACTAAT-1,15,T_CD8,5873.0
TGTTGCACAGCTAATT-1,8,dropped,5466.0
TGTTGCACAGTAAGTA-1,1,T_CD8,3223.0
TGTTGGCCAACAGGAT-1,6,Mono_CD14,5358.0
TGTTGGCCACCATATG-1,7,Mono_CD14,5510.0
TGTTGGCCACCTCAGG-1,2,T_CD4,3723.0
TGTTGTAAGAGGAGGA-1,15,T_CD8,3157.0
TGTTGTAAGCCTGGTA-1,8,dropped,5271.0
TGTTGTAAGCCTTAAA-1,2,T_CD4,1787.0
TGTTGTAAGCTAATCA-1,2,T_CD4,3836.0
TGTTGTAAGGAGCACG-1,2,T_CD4,3481.0
TGTTGTGCAAGTGTTT-1,0,T_CD4,2268.0
TGTTGTGCACACAATT-1,10,NK,3909.0
TGTTGTTTCACGTTAA-1,0,T_CD4,1855.0
TGTTGTTTCATCACTT-1,15,T_CD8,2376.0
TGTTGTTTCATGCAAC-1,2,T_CD4,2762.0
TGTTGTTTCCGTCCAT-1,13,B,2804.0
TGTTGTTTCGCTAGAT-1,6,Mono_CD14,3443.0
TGTTGTTTCTAGCGTG-1,13,B,2866.0
TGTTTGTTCAATCTAG-1,6,Mono_CD14,2646.0
TGTTTGTTCACAAGCT-1,15,T_CD8,18154.0
TGTTTGTTCATTAGGC-1,13,B,2526.0
TGTTTGTTCATTGTTC-1,1,T_CD8,2847.0
TGTTTGTTCGCAGGCT-1,0,T_CD4,2069.0
TTAAAGGCAATAAGCA-1,1,T_CD8,3066.0
TTAAAGGCAATTGAGA-1,4,Mono_CD16,3480.0
TTAAAGGCACGTAATT-1,13,B,2527.0
TTAAAGGCACTGACCG-1,10,NK,7878.0
TTAAAGGCAGAGGGAG-1,2,T_CD4,2475.0
TTAAAGGCAGCTACGT-1,0,T_CD4,3906.0
TTAAAGGCAGCTTAAT-1,1,T_CD8,2805.0
TTAAAGGCATTGTCAG-1,13,B,3987.0
TTAAAGGCATTGTTGG-1,6,Mono_CD14,3819.0
TTAACCAAGGAGCAAC-1,6,Mono_CD14,4985.0
TTAACCAAGGTTACAC-1,1,T_CD8,2772.0
TTAACTGAGACAAAGT-1,13,B,3052.0
TTAACTGAGCACTAAC-1,1,T_CD8,7488.0
TTAACTGAGCAGCTCA-1,13,B,2931.0
TTAACTGAGCCGCAGT-1,1,T_CD8,3053.0
TTAACTGAGCCGCTAA-1,15,T_CD8,3662.0
TTAACTGAGCGTGCAC-1,2,T_CD4,3462.0
TTAACTGAGGATGATG-1,2,T_CD4,2657.0
TTAACTGAGGGACGCA-1,7,Mono_CD14,4941.0
TTAACTGAGTAACTCA-1,0,T_CD4,2640.0
TTAACTGAGTATTGTG-1,7,Mono_CD14,5434.0
TTAACTGAGTGAGAGC-1,13,B,2447.0
TTAACTGAGTTAGACC-1,10,NK,5914.0
TTAAGCCAGCACAGCC-1,15,T_CD8,2704.0
TTAAGCCAGGCGCACT-1,0,T_CD4,3601.0
TTAAGCCAGGCGGATG-1,0,T_CD4,3623.0
TTAAGCCAGGGATGCG-1,15,T_CD8,3017.0
TTAAGGACAAGGCCAA-1,5,NK,3860.0
TTAAGGACACCTATAG-1,0,T_CD4,2803.0
TTAAGGACACTAAATC-1,10,NK,3005.0
TTAAGGACATGATTGT-1,1,T_CD8,4192.0
TTAAGGTGTACCCACC-1,15,T_CD8,3096.0
TTAAGGTGTTGTAAAC-1,6,Mono_CD14,7283.0
TTAAGTGTCAGCACGC-1,5,NK,4189.0
TTAAGTGTCAGGCCTA-1,13,B,1374.0
TTAAGTGTCCCGTTGT-1,7,Mono_CD14,4216.0
TTAAGTGTCCTCATCA-1,7,Mono_CD14,4129.0
TTAAGTGTCTCTAGCC-1,1,T_CD8,3111.0
TTAAGTGTCTTGGACG-1,15,T_CD8,3197.0
TTAATCGAGACACCGC-1,5,NK,3387.0
TTAATCGAGCGATAAG-1,5,NK,3919.0
TTAATCGAGCTATATG-1,2,T_CD4,4440.0
TTAATCGAGCTTAACA-1,6,Mono_CD14,5800.0
TTAATCGAGGAGGACT-1,8,dropped,6783.0
TTAATCGAGTGAGGGT-1,6,Mono_CD14,4322.0
TTAATCGAGTTAGCCG-1,7,Mono_CD14,4369.0
TTACACCGTAAGGTCC-1,6,Mono_CD14,4030.0
TTACACCGTACCGTAA-1,13,B,3026.0
TTACACCGTACTAAAC-1,1,T_CD8,4261.0
TTACACCGTGTAACCA-1,2,T_CD4,4115.0
TTACACCGTTACAACG-1,1,T_CD8,5130.0
TTACACCGTTACTAGG-1,0,T_CD4,2417.0
TTACAGCAGCAACATC-1,10,NK,9847.0
TTACAGCAGCATTATG-1,6,Mono_CD14,4945.0
TTACAGCAGCCTGGTA-1,0,T_CD4,3241.0
TTACAGCAGGGTGAGT-1,15,T_CD8,2934.0
TTACAGCAGGTTAGCT-1,2,T_CD4,6211.0
TTACCGTGTACCGTAA-1,2,T_CD4,5074.0
TTACCGTGTATTGCAG-1,2,T_CD4,3794.0
TTACCGTGTTAATGCG-1,13,B,3230.0
TTACCGTGTTCCGGGA-1,0,T_CD4,3093.0
TTACCGTGTTGCACAA-1,13,B,6308.0
TTACCGTGTTGCGGAT-1,15,T_CD8,3910.0
TTACCTGTCAGTTCCC-1,0,T_CD4,4467.0
TTACCTGTCCGTGACA-1,13,B,2025.0
TTACCTGTCCTAAGGT-1,2,T_CD4,3820.0
TTACCTGTCCTTCAAT-1,2,T_CD4,4330.0
TTACCTGTCTCCTCTT-1,8,dropped,20116.0
TTACGTTTCCTCAGCT-1,2,T_CD4,5196.0
TTACGTTTCCTCGATC-1,7,Mono_CD14,5457.0
TTACGTTTCGTAACGT-1,7,Mono_CD14,7603.0
TTAGAAGCAAAGCTCC-1,2,T_CD4,3788.0
TTAGAAGCAAGATTCT-1,5,NK,3299.0
TTAGAAGCAAGTCGCT-1,6,Mono_CD14,3622.0
TTAGAAGCACAAACTT-1,5,NK,5678.0
TTAGAAGCAGCGCTTG-1,6,Mono_CD14,3500.0
TTAGAAGCAGGATGGC-1,13,B,2889.0
TTAGAAGCAGTAGGTG-1,4,Mono_CD16,5796.0
TTAGACTCAATCCTGA-1,8,dropped,11357.0
TTAGACTCACGTGCTG-1,15,T_CD8,4413.0
TTAGACTCACTTACAG-1,1,T_CD8,4102.0
TTAGACTCATCAATCG-1,0,T_CD4,2584.0
TTAGACTCATGCATAT-1,5,NK,3316.0
TTAGACTCATTGGGAG-1,0,T_CD4,2271.0
TTAGACTCATTTAAGC-1,2,T_CD4,4283.0
TTAGCAATCAAACCGT-1,2,T_CD4,4850.0
TTAGCAATCCGGTATG-1,0,T_CD4,3478.0
TTAGCAATCCTAATGA-1,2,T_CD4,2737.0
TTAGCAATCGTTCACC-1,6,Mono_CD14,6129.0
TTAGCAGGTGGAAGGC-1,2,T_CD4,2858.0
TTAGCAGGTGGATTCA-1,2,T_CD4,2945.0
TTAGCAGGTGGGAACA-1,5,NK,4212.0
TTAGCCTGTAACTACG-1,8,dropped,6116.0
TTAGCCTGTACGTTTC-1,3,Mono_CD14,426.0
TTAGCCTGTCTAGCTT-1,1,T_CD8,3612.0
TTAGCCTGTCTTTATG-1,8,dropped,11741.0
TTAGCCTGTTGCAATG-1,10,NK,3987.0
TTAGCCTGTTTGCAGA-1,1,T_CD8,4074.0
TTAGCTGCAATGAAGC-1,6,Mono_CD14,2771.0
TTAGCTGCACATACTG-1,6,Mono_CD14,4458.0
TTAGCTGCACCTCACC-1,7,Mono_CD14,7696.0
TTAGCTGCATTGTGTG-1,1,T_CD8,3499.0
TTAGGAACAAGCCAGA-1,15,T_CD8,2809.0
TTAGGAACAATCCTAG-1,1,T_CD8,3959.0
TTAGGAACACGAACAG-1,0,T_CD4,3803.0
TTAGGAACATAATCCG-1,4,Mono_CD16,6811.0
TTAGGAACATATAACC-1,4,Mono_CD16,5688.0
TTAGGAACATGCTATG-1,7,Mono_CD14,6572.0
TTAGGATGTACAAAGA-1,2,T_CD4,1778.0
TTAGGATGTCATGAGC-1,5,NK,3532.0
TTAGGATGTTACGCAA-1,0,T_CD4,7076.0
TTAGGATGTTGGCCGA-1,1,T_CD8,3222.0
TTAGGATGTTTCGCCA-1,4,Mono_CD16,4948.0
TTAGGATGTTTGGCGG-1,1,T_CD8,3306.0
TTAGGCCCAACAGGTG-1,2,T_CD4,3782.0
TTAGGCCCAAGTAAGC-1,11,DC,7248.0
TTAGGCCCAATCTCTC-1,5,NK,3006.0
TTAGGCCCACACCAAC-1,2,T_CD4,3554.0
TTAGGCCCACCATATG-1,4,Mono_CD16,7613.0
TTAGGCCCAGCAAATA-1,1,T_CD8,3398.0
TTAGGCCCAGTTAAAG-1,6,Mono_CD14,5473.0
TTAGGCCCATAAGGAC-1,7,Mono_CD14,5063.0
TTAGGCCCATTGCGAC-1,0,T_CD4,2653.0
TTAGGCGTCACCGGTA-1,6,Mono_CD14,2572.0
TTAGGCGTCAGGAAGC-1,1,T_CD8,3815.0
TTAGGCGTCCCAGTAG-1,6,Mono_CD14,3946.0
TTAGGCGTCCGGCTAA-1,1,T_CD8,3540.0
TTAGGCGTCCTAAGAC-1,2,T_CD4,5440.0
TTAGGCGTCCTGGTGA-1,16,pDC,3656.0
TTAGGCGTCCTTCGTA-1,16,pDC,5000.0
TTAGGCGTCGCTATAA-1,10,NK,2689.0
TTAGGCTAGCGAGTAA-1,6,Mono_CD14,4537.0
TTAGGCTAGCGGCTGT-1,6,Mono_CD14,3092.0
TTAGGCTAGGTCTTGG-1,7,Mono_CD14,4744.0
TTAGTCAAGCCTGTTC-1,2,T_CD4,4717.0
TTAGTCAAGGAGGGTT-1,5,NK,3023.0
TTAGTCAAGGCATTGT-1,13,B,2532.0
TTAGTCAAGGTGCTGC-1,6,Mono_CD14,4970.0
TTAGTCAAGTATCGCG-1,2,T_CD4,4541.0
TTAGTCAAGTGTGATC-1,4,Mono_CD16,6191.0
TTAGTCAAGTTACCGG-1,12,dropped,6138.0
TTATAGCCACCCTCAC-1,0,T_CD4,2280.0
TTATAGCCACGAATCC-1,6,Mono_CD14,5798.0
TTATAGCCACGGTTTA-1,0,T_CD4,1945.0
TTATAGCCAGCACGAA-1,2,T_CD4,4817.0
TTATAGCCAGCCTGCA-1,1,T_CD8,3101.0
TTATAGCCAGGCTTGT-1,2,T_CD4,5718.0
TTATAGCCATGAGCAG-1,7,Mono_CD14,3577.0
TTATCCGTCAGGAACA-1,15,T_CD8,3798.0
TTATCCGTCAGGTTTA-1,15,T_CD8,3623.0
TTATCCGTCATGCTAA-1,1,T_CD8,2484.0
TTATCCGTCATTGTTC-1,7,Mono_CD14,10861.0
TTATCCGTCCCATAGG-1,0,T_CD4,2723.0
TTATCCGTCCCTTGCG-1,0,T_CD4,2833.0
TTATCCGTCGCAGGCT-1,12,dropped,5050.0
TTATCCGTCGCATCCT-1,4,Mono_CD16,5367.0
TTATCCGTCGCTAGCA-1,10,NK,6069.0
TTATCCGTCTCCTCAA-1,13,B,3230.0
TTATCCTAGCTATTAG-1,11,DC,11978.0
TTATCCTAGGGACTAA-1,6,Mono_CD14,4770.0
TTATCCTAGTTCCTCA-1,13,B,3700.0
TTATGACCAAGTGTTT-1,6,Mono_CD14,2658.0
TTATGACCACTATGGC-1,2,T_CD4,4277.0
TTATGACCAGCAAATA-1,5,NK,4256.0
TTATGACCAGCAAGGC-1,2,T_CD4,887.0
TTATGACCAGGCATGA-1,0,T_CD4,2389.0
TTATGACCAGTTTGTG-1,17,dropped,4945.0
TTATGACCATCAGCAC-1,15,T_CD8,3628.0
TTATGACCATTGTGCA-1,7,Mono_CD14,5499.0
TTATGCGCACAACAGG-1,8,dropped,5062.0
TTATGCGCACATGCTA-1,11,DC,10524.0
TTATGCGCACCCTCAC-1,6,Mono_CD14,5121.0
TTATGCGCAGAAATGC-1,2,T_CD4,17999.0
TTATGCGCATGCTCCC-1,12,dropped,7718.0
TTATTGCTCAATCATG-1,0,T_CD4,3193.0
TTATTGCTCATGCAAC-1,1,T_CD8,3074.0
TTATTGCTCATTACGA-1,12,dropped,23282.0
TTATTGCTCATTGTTC-1,6,Mono_CD14,4647.0
TTATTGCTCCTAAGTA-1,6,Mono_CD14,4416.0
TTATTGCTCGCAAACT-1,2,T_CD4,4331.0
TTATTGCTCGCCTGTT-1,1,T_CD8,4588.0
TTATTGCTCTAAGTCA-1,13,B,2696.0
TTATTGCTCTTTGAGA-1,0,T_CD4,2601.0
TTCACTGTCCAAATCA-1,1,T_CD8,4603.0
TTCACTGTCCACCTGT-1,13,B,3477.0
TTCACTGTCCTCCTAA-1,15,T_CD8,3302.0
TTCACTGTCGCAAACT-1,2,T_CD4,3296.0
TTCACTGTCGGCTAGC-1,2,T_CD4,3600.0
TTCACTGTCGTAATCA-1,5,NK,3843.0
TTCACTGTCGTTTCGC-1,0,T_CD4,3785.0
TTCACTGTCTGGCTTC-1,15,T_CD8,3243.0
TTCAGCACACCATATG-1,2,T_CD4,1538.0
TTCAGCACATAATGTC-1,6,Mono_CD14,4295.0
TTCAGCACATCCATCT-1,1,T_CD8,3580.0
TTCAGCACATGAGTTT-1,2,T_CD4,4342.0
TTCAGGTAGACAGGCG-1,10,NK,3537.0
TTCAGGTAGCGAGCGA-1,1,T_CD8,2150.0
TTCAGGTAGCTTGCTC-1,13,B,4241.0
TTCAGGTAGGACAATG-1,1,T_CD8,2416.0
TTCAGGTAGGACCTGC-1,1,T_CD8,3896.0
TTCAGGTAGGCCAATT-1,15,T_CD8,2820.0
TTCAGGTAGGCCTTAG-1,3,Mono_CD14,21409.0
TTCAGGTAGGCTTAGT-1,1,T_CD8,3812.0
TTCAGGTAGTGAGGGT-1,12,dropped,6335.0
TTCAGTTTCACAGGAA-1,7,Mono_CD14,4710.0
TTCAGTTTCATCACTT-1,15,T_CD8,2918.0
TTCAGTTTCCTGAATA-1,2,T_CD4,4406.0
TTCAGTTTCCTGGTGA-1,4,Mono_CD16,8016.0
TTCAGTTTCGAAGCGG-1,6,Mono_CD14,5114.0
TTCATCCCAAGGGTTG-1,2,T_CD4,1457.0
TTCATCCCAATTAGCT-1,0,T_CD4,2902.0
TTCATCCCACGTAATT-1,2,T_CD4,4560.0
TTCATCCCAGGTTACC-1,11,DC,8497.0
TTCATTCAGAGGAGGA-1,1,T_CD8,3138.0
TTCATTCAGCACTAAC-1,2,T_CD4,3746.0
TTCATTCAGCTATTAG-1,4,Mono_CD16,5447.0
TTCATTCAGGCATTGT-1,13,B,3131.0
TTCATTCAGGCCTAAT-1,13,B,2982.0
TTCATTCAGGCTGGCT-1,0,T_CD4,2262.0
TTCATTCAGTCACCTC-1,2,T_CD4,5122.0
TTCCACGGTCAAGTGC-1,5,NK,2752.0
TTCCACGGTGCTCCAC-1,0,T_CD4,4879.0
TTCCACGGTGTGTGGT-1,0,T_CD4,1812.0
TTCCACGGTTAGCGTA-1,13,B,2307.0
TTCCCACAGCCAAATC-1,6,Mono_CD14,9775.0
TTCCCACAGCTAAAGG-1,1,T_CD8,4010.0
TTCCCACAGGCATGAA-1,5,NK,2912.0
TTCCCACAGTCTTGAA-1,1,T_CD8,4775.0
TTCCCACAGTGGCGGA-1,0,T_CD4,1691.0
TTCCCACAGTGTGATC-1,13,B,2502.0
TTCCCACAGTTGGCCA-1,7,Mono_CD14,5479.0
TTCCCGCCAAACCTAT-1,1,T_CD8,2494.0
TTCCCGCCAAACTCAT-1,6,Mono_CD14,5636.0
TTCCCGCCAAAGCTCC-1,16,pDC,6585.0
TTCCCGCCAATAACGA-1,7,Mono_CD14,10896.0
TTCCCGCCAATTTGGT-1,7,Mono_CD14,4884.0
TTCCCGCCACAAACTT-1,0,T_CD4,2406.0
TTCCCGCCATGGTTAT-1,1,T_CD8,4737.0
TTCCCGCCATGTGGGA-1,6,Mono_CD14,4102.0
TTCCTCAAGCACAGAA-1,6,Mono_CD14,3495.0
TTCCTCAAGCTATTAG-1,0,T_CD4,2732.0
TTCCTCAAGGAGCACG-1,0,T_CD4,2439.0
TTCCTCAAGGTTTGAC-1,0,T_CD4,3580.0
TTCCTTCTCCTAATGA-1,15,T_CD8,4032.0
TTCCTTCTCCTAGTAA-1,3,Mono_CD14,338.0
TTCCTTCTCCTCACAC-1,8,dropped,12967.0
TTCCTTCTCGGTTTCC-1,7,Mono_CD14,4397.0
TTCCTTCTCTAAGTGC-1,1,T_CD8,3508.0
TTCCTTGAGCTCCTTA-1,1,T_CD8,4765.0
TTCCTTGAGTAAGGGC-1,1,T_CD8,2743.0
TTCCTTGAGTCTTGAA-1,2,T_CD4,3497.0
TTCGCAACAATTGACT-1,2,T_CD4,3322.0
TTCGCAACACCATATG-1,1,T_CD8,3092.0
TTCGCAACACCTGTAA-1,0,T_CD4,5193.0
TTCGCAACAGCCAGTT-1,11,DC,12495.0
TTCGCAACATAAGTCT-1,1,T_CD8,4534.0
TTCGGTACAAACAACA-1,6,Mono_CD14,6658.0
TTCGGTACACCCACAG-1,6,Mono_CD14,3765.0
TTCGGTACAGGAACTG-1,6,Mono_CD14,5921.0
TTCGGTACATAAGCAA-1,13,B,3773.0
TTCGGTACATTGCAGC-1,15,T_CD8,3235.0
TTCGTGCTCATTAGTG-1,7,Mono_CD14,5075.0
TTCGTGCTCCCGTTGT-1,6,Mono_CD14,3394.0
TTCGTGCTCCTTAATC-1,2,T_CD4,2322.0
TTCGTGCTCGAAGCGG-1,10,NK,7093.0
TTCGTGCTCGAGCAAA-1,2,T_CD4,3305.0
TTCGTGCTCGCTCCAT-1,0,T_CD4,1894.0
TTCGTGCTCGTTTCGC-1,10,NK,3823.0
TTCGTGCTCTATCGCC-1,0,T_CD4,2445.0
TTCGTGCTCTGCAAAC-1,1,T_CD8,7660.0
TTCGTTAGTCCTTCTC-1,4,Mono_CD16,12795.0
TTCGTTAGTCTCAGCC-1,6,Mono_CD14,4448.0
TTCGTTAGTGGGAACA-1,13,B,6632.0
TTCGTTAGTTCCAGGG-1,6,Mono_CD14,5502.0
TTCTTAGGTATACTGG-1,2,T_CD4,3689.0
TTCTTAGGTATTGCAG-1,1,T_CD8,7568.0
TTCTTAGGTCCTCCAA-1,11,DC,9873.0
TTCTTAGGTCTTTGAC-1,13,B,6578.0
TTCTTAGGTTCCATTA-1,2,T_CD4,5290.0
TTCTTAGGTTCCTGTG-1,0,T_CD4,3931.0
TTCTTAGGTTTGCAGA-1,16,pDC,5030.0
TTGACATCAACAGCCT-1,6,Mono_CD14,5843.0
TTGACATCAATAATGG-1,6,Mono_CD14,4323.0
TTGACATCAGCAAATA-1,2,T_CD4,3625.0
TTGACATCAGGCCTTG-1,4,Mono_CD16,3012.0
TTGACATCATCCAGGT-1,15,T_CD8,2736.0
TTGACATCATCCATCT-1,7,Mono_CD14,6389.0
TTGACGTAGCTAAGTC-1,1,T_CD8,4162.0
TTGACGTAGCTTAGTA-1,11,DC,10592.0
TTGACGTAGGATTGAG-1,0,T_CD4,2551.0
TTGACGTAGTGCTGTG-1,0,T_CD4,2809.0
TTGACGTAGTTACCGG-1,11,DC,8900.0
TTGACGTAGTTAGCTA-1,0,T_CD4,2477.0
TTGACTAAGCACCACA-1,2,T_CD4,3867.0
TTGACTAAGGCTGGCT-1,7,Mono_CD14,4833.0
TTGACTAAGTGAAGTG-1,6,Mono_CD14,3845.0
TTGACTAAGTGCACGC-1,1,T_CD8,3098.0
TTGACTAAGTGTTGTA-1,0,T_CD4,8167.0
TTGAGCTAGATGGAGC-1,2,T_CD4,2332.0
TTGAGCTAGCAATAGG-1,6,Mono_CD14,4217.0
TTGAGCTAGCCGCTTT-1,15,T_CD8,2280.0
TTGAGCTAGCGCATTG-1,13,B,8246.0
TTGAGCTAGCGGCTGT-1,2,T_CD4,4687.0
TTGAGCTAGCTAAAGG-1,0,T_CD4,1786.0
TTGAGCTAGCTCATAA-1,1,T_CD8,2535.0
TTGAGCTAGCTTACTT-1,6,Mono_CD14,4261.0
TTGAGCTAGGAAGCAC-1,13,B,2197.0
TTGAGCTAGGAAGTAT-1,2,T_CD4,4593.0
TTGAGCTAGGTGTCCA-1,6,Mono_CD14,4123.0
TTGAGCTAGTATTGTG-1,0,T_CD4,3101.0
TTGAGCTAGTCATGCG-1,4,Mono_CD16,4761.0
TTGAGCTAGTCGCAAT-1,11,DC,7828.0
TTGAGGCGTCATCAAG-1,6,Mono_CD14,3726.0
TTGAGGCGTCGTTATC-1,3,Mono_CD14,1194.0
TTGAGGCGTGTGCACG-1,2,T_CD4,2253.0
TTGAGGCGTTAGCGTA-1,0,T_CD4,2400.0
TTGAGGCGTTAGGCTA-1,7,Mono_CD14,4429.0
TTGAGGCGTTAGTACG-1,1,T_CD8,2019.0
TTGAGGCGTTCTTTAG-1,1,T_CD8,3352.0
TTGAGGCGTTGAGCCG-1,2,T_CD4,1777.0
TTGAGGCGTTTGAGGC-1,10,NK,3730.0
TTGATGTCAAATTCGT-1,4,Mono_CD16,7234.0
TTGATGTCAAGGTATA-1,1,T_CD8,2546.0
TTGATGTCAAGTCGCT-1,0,T_CD4,1867.0
TTGATGTCACTATGGC-1,13,B,3367.0
TTGATGTCAGCCAGTT-1,6,Mono_CD14,4921.0
TTGATGTCAGGCTACT-1,6,Mono_CD14,4551.0
TTGATGTCATAAACCT-1,5,NK,3616.0
TTGATGTCATCCAGGT-1,13,B,3697.0
TTGATGTCATTGTGGC-1,7,Mono_CD14,4755.0
TTGCAACAGGAGGTTA-1,1,T_CD8,1653.0
TTGCAACAGGGCCACT-1,13,B,2650.0
TTGCAACAGTGAACGA-1,2,T_CD4,3706.0
TTGCAAGGTAGCCTAA-1,1,T_CD8,3731.0
TTGCAAGGTAGTTGGC-1,0,T_CD4,1893.0
TTGCAAGGTCACCTAT-1,2,T_CD4,3572.0
TTGCAAGGTCTATCGT-1,5,NK,5999.0
TTGCAAGGTGCAACTA-1,5,NK,2623.0
TTGCAAGGTGCACGCA-1,4,Mono_CD16,7581.0
TTGCAAGGTGGGAACA-1,13,B,2066.0
TTGCAAGGTGGTTATG-1,6,Mono_CD14,2215.0
TTGCAAGGTTGGCGTG-1,2,T_CD4,2885.0
TTGCAAGGTTTATCGC-1,0,T_CD4,2284.0
TTGCAATCAAACTGCC-1,10,NK,8820.0
TTGCAATCACCGGCTA-1,0,T_CD4,2741.0
TTGCAATCACGGTACT-1,6,Mono_CD14,4080.0
TTGCAATCAGCTTAGC-1,1,T_CD8,3040.0
TTGCAATCAGGTTAAA-1,2,T_CD4,2610.0
TTGCAATCAGTTATGT-1,16,pDC,7372.0
TTGCAATCAGTTTACG-1,2,T_CD4,2414.0
TTGCAATCATAATCGT-1,6,Mono_CD14,2675.0
TTGCAATCATGTCAAT-1,2,T_CD4,414.0
TTGCAATCATTTGCTC-1,1,T_CD8,4793.0
TTGCACACAAGCCACT-1,0,T_CD4,4152.0
TTGCACACAGCCTTGG-1,4,Mono_CD16,7895.0
TTGCACACAGTAATAG-1,4,Mono_CD16,5141.0
TTGCACACATCACTTC-1,2,T_CD4,6739.0
TTGCACACATCGTTCT-1,0,T_CD4,3406.0
TTGCACACATGAAATG-1,13,B,2886.0
TTGCACACATTTAAGC-1,12,dropped,6367.0
TTGCAGCCAACAGGAT-1,2,T_CD4,3612.0
TTGCAGCCAATGCCCG-1,5,NK,3406.0
TTGCAGCCACAACAAA-1,15,T_CD8,2614.0
TTGCAGCCACCTCGCT-1,15,T_CD8,3264.0
TTGCAGCCAGCAACCT-1,15,T_CD8,3010.0
TTGCAGCCAGGAATCG-1,8,dropped,5954.0
TTGCAGCCATAATCAC-1,13,B,2031.0
TTGCAGCCATACCCGG-1,15,T_CD8,2641.0
TTGCATTTCATGGCTG-1,3,Mono_CD14,295.0
TTGCATTTCATGGTTA-1,4,Mono_CD16,4630.0
TTGCATTTCCCAGTAG-1,7,Mono_CD14,2833.0
TTGCATTTCGCTAAGT-1,2,T_CD4,4800.0
TTGCATTTCTAATCCT-1,1,T_CD8,3709.0
TTGCATTTCTCACAAA-1,4,Mono_CD16,6326.0
TTGCATTTCTCCTCTT-1,9,dropped,14526.0
TTGCATTTCTGTAATG-1,13,B,3291.0
TTGCCCGTCCTCAGTC-1,0,T_CD4,2815.0
TTGCCCGTCGATTTGA-1,7,Mono_CD14,4629.0
TTGCGAGTCAGGAAGC-1,6,Mono_CD14,8467.0
TTGCGAGTCATGCGTG-1,4,Mono_CD16,8985.0
TTGCGAGTCATGCTCC-1,6,Mono_CD14,3791.0
TTGCGAGTCCGGTTAG-1,13,B,2490.0
TTGCGAGTCCTTCTAG-1,3,Mono_CD14,275.0
TTGCGAGTCGCTTCTA-1,7,Mono_CD14,4513.0
TTGCGAGTCGTCAAGT-1,13,B,3526.0
TTGCGTCTCCGCTAGA-1,0,T_CD4,2661.0
TTGCGTCTCCTCCATA-1,7,Mono_CD14,4586.0
TTGCGTCTCCTGCGAA-1,13,B,9426.0
TTGCGTCTCCTGGCTT-1,6,Mono_CD14,4454.0
TTGCGTCTCGGGACCT-1,2,T_CD4,3438.0
TTGCGTCTCTACCTGC-1,6,Mono_CD14,3813.0
TTGCTCTCAATAGCAA-1,11,DC,11563.0
TTGCTCTCACAAGCCT-1,1,T_CD8,3630.0
TTGCTCTCACGTAATT-1,0,T_CD4,3602.0
TTGCTCTCAGGGAGCT-1,6,Mono_CD14,2475.0
TTGCTCTCATAGTCAT-1,8,dropped,6492.0
TTGCTTAGTGCTAGAC-1,1,T_CD8,3172.0
TTGCTTAGTGTGCAAC-1,15,T_CD8,2998.0
TTGCTTAGTTTGCTGT-1,1,T_CD8,4326.0
TTGCTTTAGCAGCTAT-1,8,dropped,8465.0
TTGCTTTAGCCTAACG-1,11,DC,6524.0
TTGCTTTAGCTTATGA-1,7,Mono_CD14,4794.0
TTGCTTTAGGCATTGT-1,2,T_CD4,3568.0
TTGCTTTAGGCGGGTA-1,12,dropped,5949.0
TTGCTTTAGTATCGCG-1,6,Mono_CD14,4272.0
TTGCTTTAGTTACTTC-1,6,Mono_CD14,3826.0
TTGGAGGCACCTATAG-1,0,T_CD4,2550.0
TTGGAGGCAGACAAAC-1,5,NK,3681.0
TTGGAGGCAGGCTTCG-1,9,dropped,16900.0
TTGGAGGCATAATCCG-1,2,T_CD4,3865.0
TTGGAGGCATAATGTC-1,15,T_CD8,2452.0
TTGGAGGCATCCCGCT-1,13,B,3811.0
TTGGAGGCATCTTGAG-1,9,dropped,6357.0
TTGGAGGCATTGTTGG-1,6,Mono_CD14,3633.0
TTGGATATCAGGAAGC-1,0,T_CD4,1767.0
TTGGATATCATTGCGG-1,4,Mono_CD16,7947.0
TTGGATATCCATCAGG-1,7,Mono_CD14,7632.0
TTGGATATCCCATAGG-1,16,pDC,3269.0
TTGGATCAGCAAGATG-1,1,T_CD8,3466.0
TTGGATCAGCCACAAT-1,12,dropped,4706.0
TTGGATCAGCGGGCAA-1,0,T_CD4,1980.0
TTGGATCAGTAACCCG-1,1,T_CD8,6049.0
TTGGATCAGTCAGGCC-1,7,Mono_CD14,2901.0
TTGGATCAGTTCCCAC-1,1,T_CD8,3645.0
TTGGATTCAATCTCTC-1,2,T_CD4,4567.0
TTGGATTCACCATATG-1,0,T_CD4,2340.0
TTGGATTCAGTCTATG-1,16,pDC,2036.0
TTGGATTCATTGGGAG-1,2,T_CD4,1888.0
TTGGCGGGTAAACAAG-1,8,dropped,10070.0
TTGGCGGGTAATCGCA-1,2,T_CD4,2741.0
TTGGCGGGTCACCTAT-1,0,T_CD4,1650.0
TTGGCGGGTGGACATC-1,15,T_CD8,2899.0
TTGGCGGGTTGTTGTC-1,10,NK,2944.0
TTGGCTACAAGCTTTG-1,6,Mono_CD14,5462.0
TTGGCTACAATCGCAC-1,12,dropped,10778.0
TTGGCTACACCAAAGG-1,15,T_CD8,1477.0
TTGGCTACAGGACACA-1,7,Mono_CD14,6313.0
TTGGCTGAGCAGCTAT-1,10,NK,4926.0
TTGGCTGAGCCTCTCG-1,0,T_CD4,2304.0
TTGGCTGAGCCTGTTC-1,2,T_CD4,4423.0
TTGGCTGAGCTGTAAC-1,2,T_CD4,2492.0
TTGGCTGAGGACCGCT-1,1,T_CD8,3051.0
TTGGCTGAGGACCTGC-1,2,T_CD4,1929.0
TTGGCTGAGGAGTAAT-1,2,T_CD4,3092.0
TTGGCTGAGGCCTTAG-1,8,dropped,8851.0
TTGGCTGAGGTTTGCG-1,5,NK,4748.0
TTGGCTGAGTCAGGCC-1,15,T_CD8,3741.0
TTGGCTGAGTTGGATC-1,6,Mono_CD14,9959.0
TTGGCTTGTACCCACC-1,15,T_CD8,3837.0
TTGGCTTGTGAGCGAA-1,1,T_CD8,2714.0
TTGGCTTGTGTTGTAG-1,2,T_CD4,2732.0
TTGGCTTGTTAATGAC-1,10,NK,3404.0
TTGGCTTGTTTAACGG-1,2,T_CD4,3101.0
TTGGGCCAGAGAGGCT-1,7,Mono_CD14,3257.0
TTGGGCCAGCCATCAG-1,1,T_CD8,3577.0
TTGGGCCAGCTGTAAC-1,7,Mono_CD14,4575.0
TTGGGCCAGTGAGAGC-1,7,Mono_CD14,3206.0
TTGGGCCAGTTGGATC-1,13,B,2487.0
TTGGGCGGTAATAGCT-1,5,NK,3583.0
TTGGGCGGTAATGGCC-1,1,T_CD8,3947.0
TTGGGCGGTGGTTCCC-1,15,T_CD8,2458.0
TTGGGCGGTGTTTGCT-1,6,Mono_CD14,4080.0
TTGGGTTAGACTTATG-1,7,Mono_CD14,6569.0
TTGGGTTAGCAAGGGT-1,2,T_CD4,3042.0
TTGGGTTAGGCGGGTA-1,4,Mono_CD16,4815.0
TTGGGTTAGGCTTAGT-1,0,T_CD4,2167.0
TTGGGTTAGGTCGAGG-1,3,Mono_CD14,631.0
TTGGGTTAGTTGGGCC-1,7,Mono_CD14,6510.0
TTGGTGAGTCTTGCAT-1,2,T_CD4,3093.0
TTGGTGAGTGAGCGAA-1,0,T_CD4,3835.0
TTGGTGAGTGGTTCTT-1,2,T_CD4,4879.0
TTGGTGAGTTGCGCGA-1,6,Mono_CD14,4621.0
TTGTAAGTCAGTTCCC-1,12,dropped,6207.0
TTGTAAGTCCAATAGC-1,1,T_CD8,3885.0
TTGTAAGTCCCTCATA-1,10,NK,7143.0
TTGTAAGTCCGGTTGA-1,1,T_CD8,2795.0
TTGTAAGTCCTTCGTA-1,6,Mono_CD14,4093.0
TTGTAAGTCGAAGCGG-1,5,NK,3508.0
TTGTAAGTCTAATCCT-1,2,T_CD4,7508.0
TTGTAAGTCTCACACC-1,1,T_CD8,2920.0
TTGTCAAAGCCTAATA-1,2,T_CD4,4840.0
TTGTCAAAGGACCTTG-1,10,NK,8531.0
TTGTCAAAGGACTTAC-1,2,T_CD4,4565.0
TTGTCAAAGGCAATAG-1,0,T_CD4,2699.0
TTGTCAAAGGGATGAC-1,1,T_CD8,2601.0
TTGTCAAAGTATGTGC-1,8,dropped,8248.0
TTGTCAAAGTGAGCGG-1,10,NK,2298.0
TTGTCAAAGTTTGAGC-1,1,T_CD8,2349.0
TTGTCAAAGTTTGGTA-1,7,Mono_CD14,3227.0
TTGTCCATCAAAGGCA-1,1,T_CD8,4117.0
TTGTCCATCAACCAAC-1,7,Mono_CD14,3726.0
TTGTCCATCACTAATG-1,6,Mono_CD14,7130.0
TTGTCCATCAGTTCCC-1,15,T_CD8,2788.0
TTGTCCATCCCTGATC-1,8,dropped,10904.0
TTGTCCATCCTCAGCT-1,16,pDC,7289.0
TTGTCCATCCTTGCAC-1,2,T_CD4,6516.0
TTGTCCATCGAGCTAT-1,1,T_CD8,4753.0
TTGTCCCAGATGGAGC-1,6,Mono_CD14,5049.0
TTGTCCCAGCACAGAA-1,10,NK,6946.0
TTGTCCCAGGATTTGC-1,13,B,4190.0
TTGTCCCAGGGCCACT-1,7,Mono_CD14,6664.0
TTGTCCCAGGTAACGA-1,7,Mono_CD14,3775.0
TTGTCCCAGTGCTGTG-1,2,T_CD4,4059.0
TTGTCCCAGTGTTGCG-1,5,NK,3195.0
TTGTCCGGTAATCGGC-1,6,Mono_CD14,7181.0
TTGTCCGGTACGATTG-1,1,T_CD8,3128.0
TTGTCCGGTATTACCC-1,0,T_CD4,2696.0
TTGTCCGGTCACAAAT-1,6,Mono_CD14,6834.0
TTGTCCGGTCACAGAC-1,0,T_CD4,2459.0
TTGTCCGGTGCGCAAT-1,3,Mono_CD14,1191.0
TTGTCCGGTGGATTAT-1,0,T_CD4,3360.0
TTGTCCGGTTGCTGGG-1,1,T_CD8,3584.0
TTGTCCGGTTGGATCA-1,2,T_CD4,3081.0
TTGTCCGGTTTATGGG-1,6,Mono_CD14,4132.0
TTGTGAGGTCGCAATA-1,2,T_CD4,5382.0
TTGTGAGGTGAAGCCT-1,13,B,2787.0
TTGTGAGGTGCTTAGA-1,7,Mono_CD14,5917.0
TTGTGAGGTGGATGTC-1,13,B,2379.0
TTGTGAGGTGGGAACA-1,0,T_CD4,2820.0
TTGTGAGGTTAACAGT-1,4,Mono_CD16,5106.0
TTGTGAGGTTAGGTGC-1,7,Mono_CD14,3946.0
TTGTGAGGTTGGATCA-1,0,T_CD4,2501.0
TTGTGCCTCAGGAAGC-1,12,dropped,5160.0
TTGTGCCTCCGTTAAA-1,2,T_CD4,3016.0
TTGTGCGAGTATTGGC-1,2,T_CD4,3174.0
TTGTGCGAGTGGACAA-1,2,T_CD4,3385.0
TTGTGCGAGTTGCGTG-1,8,dropped,9497.0
TTGTGTGCACTGACCG-1,1,T_CD8,4904.0
TTGTGTGCAGTTTGGC-1,13,B,2982.0
TTGTGTGCATGCATAT-1,5,NK,2748.0
TTGTGTGCATTTGCTC-1,11,DC,6496.0
TTGTTCCCAATAATCC-1,0,T_CD4,7233.0
TTGTTCCCACAGACTC-1,2,T_CD4,2508.0
TTGTTCCCAGCTCATA-1,12,dropped,4877.0
TTGTTCCCAGGACCTT-1,7,Mono_CD14,4305.0
TTGTTCCCAGTAAAGC-1,1,T_CD8,2627.0
TTGTTCCCATGGCCTG-1,4,Mono_CD16,5427.0
TTGTTCCCATTTAAGC-1,0,T_CD4,2198.0
TTGTTGCGTTTCCGGC-1,2,T_CD4,4370.0
TTGTTGTTCATTACAG-1,2,T_CD4,3614.0
TTGTTGTTCATTTGTC-1,13,B,2835.0
TTGTTGTTCGGTCAGC-1,7,Mono_CD14,3021.0
TTGTTGTTCGTTTCTG-1,7,Mono_CD14,3364.0
TTGTTGTTCTGGCATG-1,9,dropped,15054.0
TTGTTGTTCTTAGTGA-1,0,T_CD4,2422.0
TTGTTTGGTCAAGACC-1,1,T_CD8,2744.0
TTGTTTGGTCACAGAC-1,10,NK,8061.0
TTGTTTGGTCATCCTG-1,6,Mono_CD14,5976.0
TTGTTTGGTTAAGCTG-1,1,T_CD8,3938.0
TTGTTTGGTTACCTGT-1,7,Mono_CD14,7102.0
TTGTTTGGTTGTTGCT-1,6,Mono_CD14,6140.0
TTGTTTGGTTTAAAGC-1,2,T_CD4,2909.0
TTGTTTGGTTTATCGC-1,0,T_CD4,2330.0
TTTAACCTCACAGCCA-1,17,dropped,13180.0
TTTAACCTCATTACGA-1,0,T_CD4,3157.0
TTTAACCTCCTAAGGT-1,2,T_CD4,6113.0
TTTAACCTCCTGATGG-1,11,DC,7628.0
TTTAACCTCGATATTG-1,2,T_CD4,4183.0
TTTAACCTCGCTATAA-1,4,Mono_CD16,6947.0
TTTAACCTCGTTATAG-1,0,T_CD4,2460.0
TTTAACCTCTCACATT-1,1,T_CD8,5298.0
TTTAACGAGCGCTCAA-1,13,B,3783.0
TTTAACGAGCTAATCA-1,7,Mono_CD14,6782.0
TTTAACGAGCTCAAAC-1,6,Mono_CD14,3744.0
TTTAACGAGTAAGAAC-1,15,T_CD8,3101.0
TTTAACGAGTAAGTCC-1,4,Mono_CD16,6200.0
TTTAACGAGTGAACCT-1,0,T_CD4,2043.0
TTTAACGAGTTAGTGC-1,8,dropped,8405.0
TTTAAGCCAACACCTA-1,7,Mono_CD14,4433.0
TTTAAGCCAAGTTATC-1,7,Mono_CD14,3453.0
TTTAAGCCACAGCCAT-1,2,T_CD4,4008.0
TTTAAGCCACCGGCTA-1,4,Mono_CD16,7064.0
TTTAAGCCAGGACCAA-1,6,Mono_CD14,2075.0
TTTAAGCCATGTCAAT-1,13,B,3245.0
TTTAAGCCATTATCCC-1,2,T_CD4,4585.0
TTTAAGGTCACAGCCA-1,17,dropped,8570.0
TTTAAGGTCAGGAAGC-1,7,Mono_CD14,4205.0
TTTAAGGTCCCGAACA-1,3,Mono_CD14,371.0
TTTAAGGTCCCTGGAA-1,13,B,2861.0
TTTAAGGTCCTTGTTG-1,0,T_CD4,2354.0
TTTAAGGTCGGGCCAT-1,11,DC,5011.0
TTTAAGGTCTAAGTGC-1,6,Mono_CD14,3555.0
TTTAAGGTCTGTTCAT-1,0,T_CD4,2142.0
TTTACGAAGAGAAGGG-1,3,Mono_CD14,1272.0
TTTACGAAGATGCCTG-1,8,dropped,7496.0
TTTACGAAGCACTAGT-1,2,T_CD4,3654.0
TTTACGAAGCGGATTT-1,0,T_CD4,4716.0
TTTACGAAGCTTAACA-1,0,T_CD4,2642.0
TTTACGAAGGACCAGG-1,11,DC,7186.0
TTTACGAAGGCCCAGT-1,11,DC,5720.0
TTTACGAAGTCTGGGC-1,0,T_CD4,2189.0
TTTACGAAGTGAACGA-1,13,B,2616.0
TTTACGCGTCCTTCAG-1,13,B,3518.0
TTTACGCGTCTAGCTT-1,7,Mono_CD14,6717.0
TTTACGCGTGAGACTC-1,2,T_CD4,4032.0
TTTACGCGTGTTGCTT-1,15,T_CD8,4106.0
TTTACGCGTTAAGGTT-1,3,Mono_CD14,328.0
TTTACGCGTTATGTGG-1,3,Mono_CD14,1462.0
TTTACGCGTTTATCTG-1,15,T_CD8,3773.0
TTTACGCGTTTGCTGT-1,6,Mono_CD14,4064.0
TTTAGCAAGGCGGGTA-1,8,dropped,5390.0
TTTAGCAAGGGACTAA-1,13,B,1225.0
TTTAGCAAGTAACCCG-1,7,Mono_CD14,4828.0
TTTAGCAAGTAGGATG-1,0,T_CD4,3108.0
TTTAGCTTCATGAGCT-1,1,T_CD8,4307.0
TTTAGCTTCATGCCTC-1,15,T_CD8,2822.0
TTTAGCTTCCGCAACA-1,7,Mono_CD14,9501.0
TTTAGCTTCCTTAAGA-1,7,Mono_CD14,4592.0
TTTAGCTTCGATAACC-1,2,T_CD4,1919.0
TTTAGCTTCGTTTCGC-1,4,Mono_CD16,5679.0
TTTAGGATCAAGTGAG-1,2,T_CD4,3975.0
TTTAGGATCCTTGCAC-1,6,Mono_CD14,6704.0
TTTAGGATCGGTCAGC-1,1,T_CD8,3207.0
TTTAGGATCGTAATCA-1,1,T_CD8,2826.0
TTTAGGATCTAGCTAA-1,2,T_CD4,3857.0
TTTAGGATCTAGCTTT-1,7,Mono_CD14,4262.0
TTTATGGAGAGAGGCT-1,7,Mono_CD14,3449.0
TTTATGGAGCGGATAA-1,7,Mono_CD14,4170.0
TTTATGGAGGAATAAC-1,2,T_CD4,4848.0
TTTATGGAGGGTTATC-1,0,T_CD4,3056.0
TTTATGGAGTCGCAAT-1,5,NK,6164.0
TTTCACCCAAGCCAGA-1,1,T_CD8,4449.0
TTTCACCCAGCCAGAA-1,2,T_CD4,3369.0
TTTCACCCAGGCGAGT-1,7,Mono_CD14,2701.0
TTTCACCCATAGCAGG-1,0,T_CD4,1979.0
TTTCACCCATGAAATG-1,8,dropped,5876.0
TTTCACCCATTAAGCT-1,0,T_CD4,2195.0
TTTCACCCATTAGCCA-1,0,T_CD4,4971.0
TTTCAGTTCATAACCA-1,15,T_CD8,6238.0
TTTCAGTTCATCCTGC-1,0,T_CD4,2330.0
TTTCAGTTCATTACGA-1,10,NK,3412.0
TTTCAGTTCCAGGTCA-1,2,T_CD4,4653.0
TTTCAGTTCGATCAGT-1,13,B,3384.0
TTTCAGTTCGCTATAA-1,13,B,5228.0
TTTCAGTTCTAATCCT-1,6,Mono_CD14,5366.0
TTTCATCAGACAAACG-1,1,T_CD8,3599.0
TTTCATCAGCGATACT-1,13,B,13004.0
TTTCATCAGCTCCTTA-1,7,Mono_CD14,7144.0
TTTCATCAGTGAGCAA-1,2,T_CD4,2884.0
TTTCCACCAATAACCT-1,12,dropped,7655.0
TTTCCACCAATAGTCT-1,0,T_CD4,2541.0
TTTCCACCACAGGAAT-1,6,Mono_CD14,3694.0
TTTCCACCACATGCTA-1,6,Mono_CD14,4626.0
TTTCCACCACCTAAGC-1,0,T_CD4,2099.0
TTTCCACCAGCAAGTG-1,13,B,2022.0
TTTCCACCAGGCATCT-1,6,Mono_CD14,5741.0
TTTCCACCAGGCTACT-1,0,T_CD4,1391.0
TTTCCACCAGTTATCG-1,2,T_CD4,4318.0
TTTCCACCATGCTCCC-1,15,T_CD8,3651.0
TTTCCACCATGGCCCA-1,6,Mono_CD14,3506.0
TTTCCGGGTAACCACA-1,8,dropped,6340.0
TTTCCGGGTAATCACG-1,2,T_CD4,3641.0
TTTCCGGGTGAGCAAG-1,13,B,3167.0
TTTCCGGGTGGGTGAA-1,13,B,2502.0
TTTCCGGGTTATAGCG-1,1,T_CD8,1629.0
TTTCCTGAGCTAAGTC-1,1,T_CD8,2976.0
TTTCCTGAGCTTAGCG-1,7,Mono_CD14,3643.0
TTTCCTGAGCTTAGTA-1,16,pDC,4657.0
TTTCCTGAGGAACCGG-1,1,T_CD8,3224.0
TTTCCTGAGGCGGGTA-1,0,T_CD4,2255.0
TTTCCTGAGGTGAAGC-1,2,T_CD4,3621.0
TTTCCTGAGTAACTCA-1,13,B,2888.0
TTTCCTGAGTCAGTAC-1,0,T_CD4,2419.0
TTTCGTCCACCTACGG-1,7,Mono_CD14,14457.0
TTTCGTCCACCTATAG-1,6,Mono_CD14,8465.0
TTTCGTCCAGGTATTT-1,2,T_CD4,5158.0
TTTCGTCCAGTAAGTA-1,2,T_CD4,3587.0
TTTCGTCCATAATGAG-1,0,T_CD4,3659.0
TTTCGTCCATGGCCCA-1,1,T_CD8,3776.0
TTTCGTCCATGTGGGA-1,5,NK,3528.0
TTTCGTCCATTGACAT-1,4,Mono_CD16,7622.0
TTTCTCACAAACGCGA-1,7,Mono_CD14,5381.0
TTTCTCACAAGGAATC-1,1,T_CD8,2971.0
TTTCTCACACAATGTT-1,1,T_CD8,3388.0
TTTCTCACACACAATT-1,0,T_CD4,4081.0
TTTCTCACACACCAAC-1,1,T_CD8,5768.0
TTTCTCACACATACTG-1,7,Mono_CD14,9725.0
TTTCTCACAGGACCAA-1,6,Mono_CD14,3436.0
TTTCTCACAGGCAAGC-1,0,T_CD4,2559.0
TTTCTCACAGGTTTGC-1,13,B,5676.0
TTTCTTGCACATTAAC-1,0,T_CD4,2818.0
TTTCTTGCAGGATAAC-1,0,T_CD4,2093.0
TTTCTTGCAGGCTTCG-1,0,T_CD4,2685.0
TTTGACCGTATTACCC-1,8,dropped,6390.0
TTTGACCGTATTGTCC-1,2,T_CD4,6390.0
TTTGACCGTCGTTACT-1,6,Mono_CD14,2952.0
TTTGACCGTGTAACCA-1,2,T_CD4,3383.0
TTTGACTTCAATCTAG-1,7,Mono_CD14,14866.0
TTTGACTTCATTGTTC-1,2,T_CD4,4552.0
TTTGACTTCCAAATCA-1,6,Mono_CD14,4484.0
TTTGACTTCCCAGTAG-1,17,dropped,18242.0
TTTGACTTCCGTCCAT-1,15,T_CD8,3261.0
TTTGACTTCTCATCAT-1,7,Mono_CD14,6421.0
TTTGACTTCTCGACCT-1,0,T_CD4,2818.0
TTTGACTTCTTACTCG-1,2,T_CD4,4393.0
TTTGACTTCTTGTCCA-1,2,T_CD4,2890.0
TTTGAGTCAATTAACC-1,15,T_CD8,4191.0
TTTGAGTCACTTAACG-1,0,T_CD4,3682.0
TTTGAGTCAGGCCATT-1,6,Mono_CD14,5801.0
TTTGAGTCAGGGAGCT-1,6,Mono_CD14,3431.0
TTTGAGTCATTGTGTG-1,7,Mono_CD14,6666.0
TTTGCATTCAAACCGT-1,2,T_CD4,3401.0
TTTGCATTCAATGTGC-1,1,T_CD8,4193.0
TTTGCATTCACAAGCT-1,1,T_CD8,3910.0
TTTGCATTCATGAAGG-1,0,T_CD4,1843.0
TTTGCATTCCCGTTTA-1,15,T_CD8,3973.0
TTTGCATTCCTCACAC-1,4,Mono_CD16,7284.0
TTTGCATTCCTTGTTG-1,10,NK,7465.0
TTTGCATTCGGTCATG-1,6,Mono_CD14,5266.0
TTTGCATTCTACTAAG-1,13,B,4567.0
TTTGCGACACAAAGCG-1,7,Mono_CD14,4817.0
TTTGCGACACCCACAG-1,7,Mono_CD14,4149.0
TTTGCGACATAAGCAA-1,6,Mono_CD14,3967.0
TTTGCGACATCACTTC-1,8,dropped,10795.0
TTTGCGACATGAGCAG-1,6,Mono_CD14,3285.0
TTTGCGGAGGCGGATG-1,1,T_CD8,3489.0
TTTGCGGAGGGACCTC-1,2,T_CD4,1897.0
TTTGCGGAGGTATTGC-1,13,B,1713.0
TTTGCGGAGTCACCTC-1,0,T_CD4,2534.0
TTTGCGGAGTTAGAGG-1,4,Mono_CD16,6527.0
TTTGCGGAGTTTGGGT-1,1,T_CD8,3469.0
TTTGGCTGTAACCTAG-1,7,Mono_CD14,10720.0
TTTGGCTGTAGTAAGA-1,6,Mono_CD14,4751.0
TTTGGCTGTCCTAATC-1,2,T_CD4,4645.0
TTTGGCTGTCGACTCC-1,2,T_CD4,4089.0
TTTGGCTGTCGCAAAC-1,6,Mono_CD14,4422.0
TTTGGCTGTGAGGTAG-1,6,Mono_CD14,4598.0
TTTGGCTGTGCTGTAA-1,15,T_CD8,3400.0
TTTGGCTGTGCTTACT-1,0,T_CD4,2580.0
TTTGGTAAGAGGAGTC-1,1,T_CD8,3493.0
TTTGGTAAGCACTAGT-1,15,T_CD8,3505.0
TTTGGTAAGCGCCTTT-1,8,dropped,7468.0
TTTGGTAAGTCATGCG-1,13,B,3495.0
TTTGGTGCAAACTGTT-1,0,T_CD4,2601.0
TTTGGTGCAAGATTCT-1,1,T_CD8,3161.0
TTTGGTGCAATTATGC-1,0,T_CD4,2358.0
TTTGGTGCACAGCCTG-1,15,T_CD8,3781.0
TTTGGTGCAGAAATGC-1,6,Mono_CD14,3123.0
TTTGGTGCAGTATGTT-1,6,Mono_CD14,2924.0
TTTGGTGCAGTTTGTG-1,7,Mono_CD14,5162.0
TTTGGTGCATAATCCG-1,6,Mono_CD14,4843.0
TTTGTCCCAATAGCAA-1,1,T_CD8,3386.0
TTTGTCCCACTTAACG-1,2,T_CD4,5477.0
TTTGTCCCAGCTACGT-1,2,T_CD4,4373.0
TTTGTCCCAGTAGGAT-1,6,Mono_CD14,5404.0
TTTGTCCCATAGCGAG-1,2,T_CD4,3167.0
TTTGTCTAGACAACAG-1,12,dropped,6489.0
TTTGTCTAGAGAGCCG-1,10,NK,2758.0
TTTGTCTAGCTATTAG-1,6,Mono_CD14,3049.0
TTTGTCTAGGACCTGC-1,8,dropped,10785.0
TTTGTCTAGTAACCAC-1,2,T_CD4,807.0
TTTGTCTAGTTCCTGC-1,2,T_CD4,3762.0
TTTGTGAAGCGATACT-1,6,Mono_CD14,4066.0
TTTGTGAAGCTTAACA-1,1,T_CD8,5908.0
TTTGTGAAGGAACGGT-1,7,Mono_CD14,4497.0
TTTGTGAAGGGATTAG-1,2,T_CD4,3288.0
TTTGTGGCAAACAACA-1,2,T_CD4,4215.0
TTTGTGGCAAGTGTCC-1,10,NK,5383.0
TTTGTGGCACAGACTC-1,2,T_CD4,6933.0
TTTGTGGCAGCAACCT-1,7,Mono_CD14,3820.0
TTTGTGGCAGTTTGTG-1,6,Mono_CD14,2179.0
TTTGTGTTCAAACCTA-1,2,T_CD4,11249.0
TTTGTGTTCAATTACG-1,2,T_CD4,3672.0
TTTGTGTTCATTGACA-1,6,Mono_CD14,3877.0
TTTGTGTTCCTCCTAA-1,4,Mono_CD16,7422.0
TTTGTGTTCGATAACC-1,13,B,3208.0
TTTGTGTTCGATTTAG-1,11,DC,3471.0
TTTGTGTTCGGGACCT-1,1,T_CD8,3184.0
TTTGTGTTCGGTCAAT-1,1,T_CD8,5165.0
TTTGTGTTCGTCAAGT-1,6,Mono_CD14,6372.0
TTTGTGTTCTCCATAT-1,7,Mono_CD14,5803.0
TTTGTTGGTCAGGAAG-1,6,Mono_CD14,4690.0
TTTGTTGGTCCACAAA-1,14,dropped,10194.0
TTTGTTGGTCTTTATG-1,8,dropped,6554.0
TTTGTTGGTGACATGC-1,1,T_CD8,3285.0
TTTGTTGGTGTTAAAC-1,1,T_CD8,2866.0
TTTGTTGGTTAGGATT-1,5,NK,4148.0
TTTGTTGGTTGCAGTA-1,2,T_CD4,4834.0
TTTGTTGGTTGGTTAG-1,2,T_CD4,2976.0
TTTGTTGGTTTGCAGA-1,2,T_CD4,4505.0
