cohort,model,method,gene,target,argmax,correct
COAD,enhancer,raw_mean,MS4A7,Macrophage,Mast,0
COAD,enhancer,raw_mean,FOLR2,Macrophage,Mast,0
COAD,enhancer,raw_mean,LYVE1,Macrophage,Mast,0
COAD,enhancer,raw_mean,CD86,Macrophage,B_cell,0
COAD,enhancer,raw_mean,MPEG1,Macrophage,Mast,0
COAD,enhancer,raw_mean,SIGLEC1,Macrophage,Mast,0
COAD,enhancer,raw_mean,BANK1,B_cell,Mast,0
COAD,enhancer,raw_mean,CD22,B_cell,B_cell,1
COAD,enhancer,raw_mean,FCRL1,B_cell,B_cell,1
COAD,enhancer,raw_mean,BLK,B_cell,B_cell,1
COAD,enhancer,raw_mean,TNFRSF13C,B_cell,B_cell,1
COAD,enhancer,raw_mean,FCRLA,B_cell,Mast,0
COAD,enhancer,raw_mean,CD2,T_NK,B_cell,0
COAD,enhancer,raw_mean,CD247,T_NK,Mast,0
COAD,enhancer,raw_mean,SKAP1,T_NK,Mast,0
COAD,enhancer,raw_mean,THEMIS,T_NK,Mast,0
COAD,enhancer,raw_mean,CD96,T_NK,Mast,0
COAD,enhancer,raw_mean,ITK,T_NK,Mast,0
COAD,enhancer,raw_mean,HDC,Mast,Mast,1
COAD,enhancer,raw_mean,MS4A2,Mast,Mast,1
COAD,enhancer,raw_mean,GATA2,Mast,Mast,1
COAD,enhancer,raw_mean,HPGDS,Mast,Mast,1
COAD,enhancer,raw_mean,SLC18A2,Mast,Mast,1
COAD,enhancer,raw_mean,CDH1,Epithelial,Mast,0
COAD,enhancer,raw_mean,CLDN4,Epithelial,Mast,0
COAD,enhancer,raw_mean,ELF3,Epithelial,Mast,0
COAD,enhancer,raw_mean,VIL1,Epithelial,Mast,0
COAD,enhancer,raw_mean,LGALS4,Epithelial,Mast,0
COAD,enhancer,raw_mean,CDX1,Epithelial,Mast,0
COAD,enhancer,raw_mean,PDGFRB,Fibroblast,Mast,0
COAD,enhancer,raw_mean,FBLN1,Fibroblast,Mast,0
COAD,enhancer,raw_mean,COL6A3,Fibroblast,Mast,0
COAD,enhancer,raw_mean,COL5A1,Fibroblast,Mast,0
COAD,enhancer,raw_mean,THY1,Fibroblast,Mast,0
COAD,enhancer,raw_mean,MMP2,Fibroblast,Mast,0
COAD,enhancer,raw_mean,CLDN5,Endothelial,Mast,0
COAD,enhancer,raw_mean,FLT1,Endothelial,Mast,0
COAD,enhancer,raw_mean,ERG,Endothelial,Mast,0
COAD,enhancer,raw_mean,ENG,Endothelial,Mast,0
COAD,enhancer,raw_mean,TEK,Endothelial,Mast,0
COAD,enhancer,raw_mean,PLVAP,Endothelial,Mast,0
COAD,enhancer,zscale_mean,MS4A7,Macrophage,Mast,0
COAD,enhancer,zscale_mean,FOLR2,Macrophage,Mast,0
COAD,enhancer,zscale_mean,LYVE1,Macrophage,Mast,0
COAD,enhancer,zscale_mean,CD86,Macrophage,B_cell,0
COAD,enhancer,zscale_mean,MPEG1,Macrophage,Mast,0
COAD,enhancer,zscale_mean,SIGLEC1,Macrophage,Mast,0
COAD,enhancer,zscale_mean,BANK1,B_cell,Mast,0
COAD,enhancer,zscale_mean,CD22,B_cell,B_cell,1
COAD,enhancer,zscale_mean,FCRL1,B_cell,B_cell,1
COAD,enhancer,zscale_mean,BLK,B_cell,B_cell,1
COAD,enhancer,zscale_mean,TNFRSF13C,B_cell,B_cell,1
COAD,enhancer,zscale_mean,FCRLA,B_cell,Mast,0
COAD,enhancer,zscale_mean,CD2,T_NK,B_cell,0
COAD,enhancer,zscale_mean,CD247,T_NK,Mast,0
COAD,enhancer,zscale_mean,SKAP1,T_NK,Mast,0
COAD,enhancer,zscale_mean,THEMIS,T_NK,Mast,0
COAD,enhancer,zscale_mean,CD96,T_NK,Mast,0
COAD,enhancer,zscale_mean,ITK,T_NK,Mast,0
COAD,enhancer,zscale_mean,HDC,Mast,Mast,1
COAD,enhancer,zscale_mean,MS4A2,Mast,Mast,1
COAD,enhancer,zscale_mean,GATA2,Mast,Mast,1
COAD,enhancer,zscale_mean,HPGDS,Mast,Mast,1
COAD,enhancer,zscale_mean,SLC18A2,Mast,Mast,1
COAD,enhancer,zscale_mean,CDH1,Epithelial,Mast,0
COAD,enhancer,zscale_mean,CLDN4,Epithelial,Mast,0
COAD,enhancer,zscale_mean,ELF3,Epithelial,Mast,0
COAD,enhancer,zscale_mean,VIL1,Epithelial,Mast,0
COAD,enhancer,zscale_mean,LGALS4,Epithelial,Mast,0
COAD,enhancer,zscale_mean,CDX1,Epithelial,Mast,0
COAD,enhancer,zscale_mean,PDGFRB,Fibroblast,Mast,0
COAD,enhancer,zscale_mean,FBLN1,Fibroblast,Mast,0
COAD,enhancer,zscale_mean,COL6A3,Fibroblast,Mast,0
COAD,enhancer,zscale_mean,COL5A1,Fibroblast,Mast,0
COAD,enhancer,zscale_mean,THY1,Fibroblast,Mast,0
COAD,enhancer,zscale_mean,MMP2,Fibroblast,Mast,0
COAD,enhancer,zscale_mean,CLDN5,Endothelial,Mast,0
COAD,enhancer,zscale_mean,FLT1,Endothelial,Mast,0
COAD,enhancer,zscale_mean,ERG,Endothelial,Mast,0
COAD,enhancer,zscale_mean,ENG,Endothelial,Mast,0
COAD,enhancer,zscale_mean,TEK,Endothelial,Mast,0
COAD,enhancer,zscale_mean,PLVAP,Endothelial,Mast,0
COAD,enhancer,pseudobulk_cpm,MS4A7,Macrophage,Macrophage,1
COAD,enhancer,pseudobulk_cpm,FOLR2,Macrophage,B_cell,0
COAD,enhancer,pseudobulk_cpm,LYVE1,Macrophage,Fibroblast,0
COAD,enhancer,pseudobulk_cpm,CD86,Macrophage,B_cell,0
COAD,enhancer,pseudobulk_cpm,MPEG1,Macrophage,B_cell,0
COAD,enhancer,pseudobulk_cpm,SIGLEC1,Macrophage,Fibroblast,0
COAD,enhancer,pseudobulk_cpm,BANK1,B_cell,Macrophage,0
COAD,enhancer,pseudobulk_cpm,CD22,B_cell,Macrophage,0
COAD,enhancer,pseudobulk_cpm,FCRL1,B_cell,B_cell,1
COAD,enhancer,pseudobulk_cpm,BLK,B_cell,B_cell,1
COAD,enhancer,pseudobulk_cpm,TNFRSF13C,B_cell,B_cell,1
COAD,enhancer,pseudobulk_cpm,FCRLA,B_cell,B_cell,1
COAD,enhancer,pseudobulk_cpm,CD2,T_NK,B_cell,0
COAD,enhancer,pseudobulk_cpm,CD247,T_NK,B_cell,0
COAD,enhancer,pseudobulk_cpm,SKAP1,T_NK,Endothelial,0
COAD,enhancer,pseudobulk_cpm,THEMIS,T_NK,T_NK,1
COAD,enhancer,pseudobulk_cpm,CD96,T_NK,T_NK,1
COAD,enhancer,pseudobulk_cpm,ITK,T_NK,B_cell,0
COAD,enhancer,pseudobulk_cpm,HDC,Mast,T_NK,0
COAD,enhancer,pseudobulk_cpm,MS4A2,Mast,Epithelial,0
COAD,enhancer,pseudobulk_cpm,GATA2,Mast,T_NK,0
COAD,enhancer,pseudobulk_cpm,HPGDS,Mast,Macrophage,0
COAD,enhancer,pseudobulk_cpm,SLC18A2,Mast,Macrophage,0
COAD,enhancer,pseudobulk_cpm,CDH1,Epithelial,Epithelial,1
COAD,enhancer,pseudobulk_cpm,CLDN4,Epithelial,Epithelial,1
COAD,enhancer,pseudobulk_cpm,ELF3,Epithelial,Mast,0
COAD,enhancer,pseudobulk_cpm,VIL1,Epithelial,Epithelial,1
COAD,enhancer,pseudobulk_cpm,LGALS4,Epithelial,Mast,0
COAD,enhancer,pseudobulk_cpm,CDX1,Epithelial,Mast,0
COAD,enhancer,pseudobulk_cpm,PDGFRB,Fibroblast,Fibroblast,1
COAD,enhancer,pseudobulk_cpm,FBLN1,Fibroblast,Fibroblast,1
COAD,enhancer,pseudobulk_cpm,COL6A3,Fibroblast,Fibroblast,1
COAD,enhancer,pseudobulk_cpm,COL5A1,Fibroblast,Fibroblast,1
COAD,enhancer,pseudobulk_cpm,THY1,Fibroblast,T_NK,0
COAD,enhancer,pseudobulk_cpm,MMP2,Fibroblast,T_NK,0
COAD,enhancer,pseudobulk_cpm,CLDN5,Endothelial,T_NK,0
COAD,enhancer,pseudobulk_cpm,FLT1,Endothelial,Macrophage,0
COAD,enhancer,pseudobulk_cpm,ERG,Endothelial,Macrophage,0
COAD,enhancer,pseudobulk_cpm,ENG,Endothelial,Fibroblast,0
COAD,enhancer,pseudobulk_cpm,TEK,Endothelial,T_NK,0
COAD,enhancer,pseudobulk_cpm,PLVAP,Endothelial,B_cell,0
COAD,enhancer,depth_matched,MS4A7,Macrophage,Macrophage,1
COAD,enhancer,depth_matched,FOLR2,Macrophage,B_cell,0
COAD,enhancer,depth_matched,LYVE1,Macrophage,B_cell,0
COAD,enhancer,depth_matched,CD86,Macrophage,B_cell,0
COAD,enhancer,depth_matched,MPEG1,Macrophage,B_cell,0
COAD,enhancer,depth_matched,SIGLEC1,Macrophage,Other_Myeloid,0
COAD,enhancer,depth_matched,BANK1,B_cell,Macrophage,0
COAD,enhancer,depth_matched,CD22,B_cell,B_cell,1
COAD,enhancer,depth_matched,FCRL1,B_cell,Macrophage,0
COAD,enhancer,depth_matched,BLK,B_cell,B_cell,1
COAD,enhancer,depth_matched,TNFRSF13C,B_cell,Endothelial,0
COAD,enhancer,depth_matched,FCRLA,B_cell,B_cell,1
COAD,enhancer,depth_matched,CD2,T_NK,B_cell,0
COAD,enhancer,depth_matched,CD247,T_NK,T_NK,1
COAD,enhancer,depth_matched,SKAP1,T_NK,Mast,0
COAD,enhancer,depth_matched,THEMIS,T_NK,Fibroblast,0
COAD,enhancer,depth_matched,CD96,T_NK,Macrophage,0
COAD,enhancer,depth_matched,ITK,T_NK,B_cell,0
COAD,enhancer,depth_matched,HDC,Mast,T_NK,0
COAD,enhancer,depth_matched,MS4A2,Mast,T_NK,0
COAD,enhancer,depth_matched,GATA2,Mast,T_NK,0
COAD,enhancer,depth_matched,HPGDS,Mast,Macrophage,0
COAD,enhancer,depth_matched,SLC18A2,Mast,Fibroblast,0
COAD,enhancer,depth_matched,CDH1,Epithelial,Mast,0
COAD,enhancer,depth_matched,CLDN4,Epithelial,Mast,0
COAD,enhancer,depth_matched,ELF3,Epithelial,Mast,0
COAD,enhancer,depth_matched,VIL1,Epithelial,Endothelial,0
COAD,enhancer,depth_matched,LGALS4,Epithelial,Endothelial,0
COAD,enhancer,depth_matched,CDX1,Epithelial,Mast,0
COAD,enhancer,depth_matched,PDGFRB,Fibroblast,Mast,0
COAD,enhancer,depth_matched,FBLN1,Fibroblast,T_NK,0
COAD,enhancer,depth_matched,COL6A3,Fibroblast,Fibroblast,1
COAD,enhancer,depth_matched,COL5A1,Fibroblast,Other_Myeloid,0
COAD,enhancer,depth_matched,THY1,Fibroblast,T_NK,0
COAD,enhancer,depth_matched,MMP2,Fibroblast,Macrophage,0
COAD,enhancer,depth_matched,CLDN5,Endothelial,Macrophage,0
COAD,enhancer,depth_matched,FLT1,Endothelial,Macrophage,0
COAD,enhancer,depth_matched,ERG,Endothelial,Macrophage,0
COAD,enhancer,depth_matched,ENG,Endothelial,B_cell,0
COAD,enhancer,depth_matched,TEK,Endothelial,T_NK,0
COAD,enhancer,depth_matched,PLVAP,Endothelial,B_cell,0
COAD,enhancer,cpm_mean,MS4A7,Macrophage,Macrophage,1
COAD,enhancer,cpm_mean,FOLR2,Macrophage,Endothelial,0
COAD,enhancer,cpm_mean,LYVE1,Macrophage,Endothelial,0
COAD,enhancer,cpm_mean,CD86,Macrophage,B_cell,0
COAD,enhancer,cpm_mean,MPEG1,Macrophage,Macrophage,1
COAD,enhancer,cpm_mean,SIGLEC1,Macrophage,T_NK,0
COAD,enhancer,cpm_mean,BANK1,B_cell,Macrophage,0
COAD,enhancer,cpm_mean,CD22,B_cell,Fibroblast,0
COAD,enhancer,cpm_mean,FCRL1,B_cell,Macrophage,0
COAD,enhancer,cpm_mean,BLK,B_cell,B_cell,1
COAD,enhancer,cpm_mean,TNFRSF13C,B_cell,B_cell,1
COAD,enhancer,cpm_mean,FCRLA,B_cell,B_cell,1
COAD,enhancer,cpm_mean,CD2,T_NK,B_cell,0
COAD,enhancer,cpm_mean,CD247,T_NK,T_NK,1
COAD,enhancer,cpm_mean,SKAP1,T_NK,Endothelial,0
COAD,enhancer,cpm_mean,THEMIS,T_NK,Fibroblast,0
COAD,enhancer,cpm_mean,CD96,T_NK,T_NK,1
COAD,enhancer,cpm_mean,ITK,T_NK,B_cell,0
COAD,enhancer,cpm_mean,HDC,Mast,T_NK,0
COAD,enhancer,cpm_mean,MS4A2,Mast,T_NK,0
COAD,enhancer,cpm_mean,GATA2,Mast,T_NK,0
COAD,enhancer,cpm_mean,HPGDS,Mast,T_NK,0
COAD,enhancer,cpm_mean,SLC18A2,Mast,Fibroblast,0
COAD,enhancer,cpm_mean,CDH1,Epithelial,Mast,0
COAD,enhancer,cpm_mean,CLDN4,Epithelial,Mast,0
COAD,enhancer,cpm_mean,ELF3,Epithelial,Mast,0
COAD,enhancer,cpm_mean,VIL1,Epithelial,Other_Myeloid,0
COAD,enhancer,cpm_mean,LGALS4,Epithelial,Mast,0
COAD,enhancer,cpm_mean,CDX1,Epithelial,Mast,0
COAD,enhancer,cpm_mean,PDGFRB,Fibroblast,Other_Myeloid,0
COAD,enhancer,cpm_mean,FBLN1,Fibroblast,T_NK,0
COAD,enhancer,cpm_mean,COL6A3,Fibroblast,Fibroblast,1
COAD,enhancer,cpm_mean,COL5A1,Fibroblast,Other_Myeloid,0
COAD,enhancer,cpm_mean,THY1,Fibroblast,Endothelial,0
COAD,enhancer,cpm_mean,MMP2,Fibroblast,Macrophage,0
COAD,enhancer,cpm_mean,CLDN5,Endothelial,Fibroblast,0
COAD,enhancer,cpm_mean,FLT1,Endothelial,Macrophage,0
COAD,enhancer,cpm_mean,ERG,Endothelial,T_NK,0
COAD,enhancer,cpm_mean,ENG,Endothelial,Endothelial,1
COAD,enhancer,cpm_mean,TEK,Endothelial,T_NK,0
COAD,enhancer,cpm_mean,PLVAP,Endothelial,B_cell,0
COAD,enhancer,lognorm_mean,MS4A7,Macrophage,B_cell,0
COAD,enhancer,lognorm_mean,FOLR2,Macrophage,Mast,0
COAD,enhancer,lognorm_mean,LYVE1,Macrophage,Mast,0
COAD,enhancer,lognorm_mean,CD86,Macrophage,B_cell,0
COAD,enhancer,lognorm_mean,MPEG1,Macrophage,B_cell,0
COAD,enhancer,lognorm_mean,SIGLEC1,Macrophage,Mast,0
COAD,enhancer,lognorm_mean,BANK1,B_cell,Mast,0
COAD,enhancer,lognorm_mean,CD22,B_cell,B_cell,1
COAD,enhancer,lognorm_mean,FCRL1,B_cell,B_cell,1
COAD,enhancer,lognorm_mean,BLK,B_cell,B_cell,1
COAD,enhancer,lognorm_mean,TNFRSF13C,B_cell,B_cell,1
COAD,enhancer,lognorm_mean,FCRLA,B_cell,B_cell,1
COAD,enhancer,lognorm_mean,CD2,T_NK,B_cell,0
COAD,enhancer,lognorm_mean,CD247,T_NK,Mast,0
COAD,enhancer,lognorm_mean,SKAP1,T_NK,Mast,0
COAD,enhancer,lognorm_mean,THEMIS,T_NK,B_cell,0
COAD,enhancer,lognorm_mean,CD96,T_NK,B_cell,0
COAD,enhancer,lognorm_mean,ITK,T_NK,B_cell,0
COAD,enhancer,lognorm_mean,HDC,Mast,B_cell,0
COAD,enhancer,lognorm_mean,MS4A2,Mast,Mast,1
COAD,enhancer,lognorm_mean,GATA2,Mast,Mast,1
COAD,enhancer,lognorm_mean,HPGDS,Mast,Mast,1
COAD,enhancer,lognorm_mean,SLC18A2,Mast,Mast,1
COAD,enhancer,lognorm_mean,CDH1,Epithelial,Mast,0
COAD,enhancer,lognorm_mean,CLDN4,Epithelial,Mast,0
COAD,enhancer,lognorm_mean,ELF3,Epithelial,Mast,0
COAD,enhancer,lognorm_mean,VIL1,Epithelial,Mast,0
COAD,enhancer,lognorm_mean,LGALS4,Epithelial,Mast,0
COAD,enhancer,lognorm_mean,CDX1,Epithelial,Mast,0
COAD,enhancer,lognorm_mean,PDGFRB,Fibroblast,Mast,0
COAD,enhancer,lognorm_mean,FBLN1,Fibroblast,Mast,0
COAD,enhancer,lognorm_mean,COL6A3,Fibroblast,Mast,0
COAD,enhancer,lognorm_mean,COL5A1,Fibroblast,Mast,0
COAD,enhancer,lognorm_mean,THY1,Fibroblast,Mast,0
COAD,enhancer,lognorm_mean,MMP2,Fibroblast,Mast,0
COAD,enhancer,lognorm_mean,CLDN5,Endothelial,Mast,0
COAD,enhancer,lognorm_mean,FLT1,Endothelial,Mast,0
COAD,enhancer,lognorm_mean,ERG,Endothelial,Mast,0
COAD,enhancer,lognorm_mean,ENG,Endothelial,Mast,0
COAD,enhancer,lognorm_mean,TEK,Endothelial,Mast,0
COAD,enhancer,lognorm_mean,PLVAP,Endothelial,B_cell,0
COAD,enhancer,tfidf1_mean,MS4A7,Macrophage,Mast,0
COAD,enhancer,tfidf1_mean,FOLR2,Macrophage,Mast,0
COAD,enhancer,tfidf1_mean,LYVE1,Macrophage,Mast,0
COAD,enhancer,tfidf1_mean,CD86,Macrophage,B_cell,0
COAD,enhancer,tfidf1_mean,MPEG1,Macrophage,Mast,0
COAD,enhancer,tfidf1_mean,SIGLEC1,Macrophage,Mast,0
COAD,enhancer,tfidf1_mean,BANK1,B_cell,Mast,0
COAD,enhancer,tfidf1_mean,CD22,B_cell,B_cell,1
COAD,enhancer,tfidf1_mean,FCRL1,B_cell,B_cell,1
COAD,enhancer,tfidf1_mean,BLK,B_cell,B_cell,1
COAD,enhancer,tfidf1_mean,TNFRSF13C,B_cell,B_cell,1
COAD,enhancer,tfidf1_mean,FCRLA,B_cell,B_cell,1
COAD,enhancer,tfidf1_mean,CD2,T_NK,B_cell,0
COAD,enhancer,tfidf1_mean,CD247,T_NK,Mast,0
COAD,enhancer,tfidf1_mean,SKAP1,T_NK,Mast,0
COAD,enhancer,tfidf1_mean,THEMIS,T_NK,Mast,0
COAD,enhancer,tfidf1_mean,CD96,T_NK,B_cell,0
COAD,enhancer,tfidf1_mean,ITK,T_NK,B_cell,0
COAD,enhancer,tfidf1_mean,HDC,Mast,Mast,1
COAD,enhancer,tfidf1_mean,MS4A2,Mast,Mast,1
COAD,enhancer,tfidf1_mean,GATA2,Mast,Mast,1
COAD,enhancer,tfidf1_mean,HPGDS,Mast,Mast,1
COAD,enhancer,tfidf1_mean,SLC18A2,Mast,Mast,1
COAD,enhancer,tfidf1_mean,CDH1,Epithelial,Mast,0
COAD,enhancer,tfidf1_mean,CLDN4,Epithelial,Mast,0
COAD,enhancer,tfidf1_mean,ELF3,Epithelial,Mast,0
COAD,enhancer,tfidf1_mean,VIL1,Epithelial,Mast,0
COAD,enhancer,tfidf1_mean,LGALS4,Epithelial,Mast,0
COAD,enhancer,tfidf1_mean,CDX1,Epithelial,Mast,0
COAD,enhancer,tfidf1_mean,PDGFRB,Fibroblast,Mast,0
COAD,enhancer,tfidf1_mean,FBLN1,Fibroblast,Mast,0
COAD,enhancer,tfidf1_mean,COL6A3,Fibroblast,Mast,0
COAD,enhancer,tfidf1_mean,COL5A1,Fibroblast,Mast,0
COAD,enhancer,tfidf1_mean,THY1,Fibroblast,Mast,0
COAD,enhancer,tfidf1_mean,MMP2,Fibroblast,Mast,0
COAD,enhancer,tfidf1_mean,CLDN5,Endothelial,Mast,0
COAD,enhancer,tfidf1_mean,FLT1,Endothelial,Mast,0
COAD,enhancer,tfidf1_mean,ERG,Endothelial,Mast,0
COAD,enhancer,tfidf1_mean,ENG,Endothelial,Mast,0
COAD,enhancer,tfidf1_mean,TEK,Endothelial,Mast,0
COAD,enhancer,tfidf1_mean,PLVAP,Endothelial,Mast,0
COAD,enhancer,tfidf2_mean,MS4A7,Macrophage,Macrophage,1
COAD,enhancer,tfidf2_mean,FOLR2,Macrophage,Endothelial,0
COAD,enhancer,tfidf2_mean,LYVE1,Macrophage,Endothelial,0
COAD,enhancer,tfidf2_mean,CD86,Macrophage,B_cell,0
COAD,enhancer,tfidf2_mean,MPEG1,Macrophage,Macrophage,1
COAD,enhancer,tfidf2_mean,SIGLEC1,Macrophage,T_NK,0
COAD,enhancer,tfidf2_mean,BANK1,B_cell,Macrophage,0
COAD,enhancer,tfidf2_mean,CD22,B_cell,Fibroblast,0
COAD,enhancer,tfidf2_mean,FCRL1,B_cell,Macrophage,0
COAD,enhancer,tfidf2_mean,BLK,B_cell,B_cell,1
COAD,enhancer,tfidf2_mean,TNFRSF13C,B_cell,B_cell,1
COAD,enhancer,tfidf2_mean,FCRLA,B_cell,B_cell,1
COAD,enhancer,tfidf2_mean,CD2,T_NK,B_cell,0
COAD,enhancer,tfidf2_mean,CD247,T_NK,T_NK,1
COAD,enhancer,tfidf2_mean,SKAP1,T_NK,Endothelial,0
COAD,enhancer,tfidf2_mean,THEMIS,T_NK,Fibroblast,0
COAD,enhancer,tfidf2_mean,CD96,T_NK,T_NK,1
COAD,enhancer,tfidf2_mean,ITK,T_NK,B_cell,0
COAD,enhancer,tfidf2_mean,HDC,Mast,T_NK,0
COAD,enhancer,tfidf2_mean,MS4A2,Mast,T_NK,0
COAD,enhancer,tfidf2_mean,GATA2,Mast,T_NK,0
COAD,enhancer,tfidf2_mean,HPGDS,Mast,T_NK,0
COAD,enhancer,tfidf2_mean,SLC18A2,Mast,Fibroblast,0
COAD,enhancer,tfidf2_mean,CDH1,Epithelial,Mast,0
COAD,enhancer,tfidf2_mean,CLDN4,Epithelial,Mast,0
COAD,enhancer,tfidf2_mean,ELF3,Epithelial,Mast,0
COAD,enhancer,tfidf2_mean,VIL1,Epithelial,Other_Myeloid,0
COAD,enhancer,tfidf2_mean,LGALS4,Epithelial,Mast,0
COAD,enhancer,tfidf2_mean,CDX1,Epithelial,Mast,0
COAD,enhancer,tfidf2_mean,PDGFRB,Fibroblast,Other_Myeloid,0
COAD,enhancer,tfidf2_mean,FBLN1,Fibroblast,T_NK,0
COAD,enhancer,tfidf2_mean,COL6A3,Fibroblast,Fibroblast,1
COAD,enhancer,tfidf2_mean,COL5A1,Fibroblast,Other_Myeloid,0
COAD,enhancer,tfidf2_mean,THY1,Fibroblast,Endothelial,0
COAD,enhancer,tfidf2_mean,MMP2,Fibroblast,Macrophage,0
COAD,enhancer,tfidf2_mean,CLDN5,Endothelial,Fibroblast,0
COAD,enhancer,tfidf2_mean,FLT1,Endothelial,Macrophage,0
COAD,enhancer,tfidf2_mean,ERG,Endothelial,T_NK,0
COAD,enhancer,tfidf2_mean,ENG,Endothelial,Endothelial,1
COAD,enhancer,tfidf2_mean,TEK,Endothelial,T_NK,0
COAD,enhancer,tfidf2_mean,PLVAP,Endothelial,B_cell,0
COAD,enhancer,tfidf3_mean,MS4A7,Macrophage,B_cell,0
COAD,enhancer,tfidf3_mean,FOLR2,Macrophage,Mast,0
COAD,enhancer,tfidf3_mean,LYVE1,Macrophage,Mast,0
COAD,enhancer,tfidf3_mean,CD86,Macrophage,B_cell,0
COAD,enhancer,tfidf3_mean,MPEG1,Macrophage,B_cell,0
COAD,enhancer,tfidf3_mean,SIGLEC1,Macrophage,Mast,0
COAD,enhancer,tfidf3_mean,BANK1,B_cell,Mast,0
COAD,enhancer,tfidf3_mean,CD22,B_cell,B_cell,1
COAD,enhancer,tfidf3_mean,FCRL1,B_cell,B_cell,1
COAD,enhancer,tfidf3_mean,BLK,B_cell,B_cell,1
COAD,enhancer,tfidf3_mean,TNFRSF13C,B_cell,B_cell,1
COAD,enhancer,tfidf3_mean,FCRLA,B_cell,B_cell,1
COAD,enhancer,tfidf3_mean,CD2,T_NK,B_cell,0
COAD,enhancer,tfidf3_mean,CD247,T_NK,Mast,0
COAD,enhancer,tfidf3_mean,SKAP1,T_NK,Mast,0
COAD,enhancer,tfidf3_mean,THEMIS,T_NK,B_cell,0
COAD,enhancer,tfidf3_mean,CD96,T_NK,B_cell,0
COAD,enhancer,tfidf3_mean,ITK,T_NK,B_cell,0
COAD,enhancer,tfidf3_mean,HDC,Mast,B_cell,0
COAD,enhancer,tfidf3_mean,MS4A2,Mast,Mast,1
COAD,enhancer,tfidf3_mean,GATA2,Mast,Mast,1
COAD,enhancer,tfidf3_mean,HPGDS,Mast,Mast,1
COAD,enhancer,tfidf3_mean,SLC18A2,Mast,Mast,1
COAD,enhancer,tfidf3_mean,CDH1,Epithelial,Mast,0
COAD,enhancer,tfidf3_mean,CLDN4,Epithelial,Mast,0
COAD,enhancer,tfidf3_mean,ELF3,Epithelial,Mast,0
COAD,enhancer,tfidf3_mean,VIL1,Epithelial,Mast,0
COAD,enhancer,tfidf3_mean,LGALS4,Epithelial,Mast,0
COAD,enhancer,tfidf3_mean,CDX1,Epithelial,Mast,0
COAD,enhancer,tfidf3_mean,PDGFRB,Fibroblast,Mast,0
COAD,enhancer,tfidf3_mean,FBLN1,Fibroblast,Mast,0
COAD,enhancer,tfidf3_mean,COL6A3,Fibroblast,Mast,0
COAD,enhancer,tfidf3_mean,COL5A1,Fibroblast,Mast,0
COAD,enhancer,tfidf3_mean,THY1,Fibroblast,Mast,0
COAD,enhancer,tfidf3_mean,MMP2,Fibroblast,Mast,0
COAD,enhancer,tfidf3_mean,CLDN5,Endothelial,Mast,0
COAD,enhancer,tfidf3_mean,FLT1,Endothelial,Mast,0
COAD,enhancer,tfidf3_mean,ERG,Endothelial,Mast,0
COAD,enhancer,tfidf3_mean,ENG,Endothelial,Mast,0
COAD,enhancer,tfidf3_mean,TEK,Endothelial,Mast,0
COAD,enhancer,tfidf3_mean,PLVAP,Endothelial,B_cell,0
COAD,enhancer,pearson_mean,MS4A7,Macrophage,B_cell,0
COAD,enhancer,pearson_mean,FOLR2,Macrophage,B_cell,0
COAD,enhancer,pearson_mean,LYVE1,Macrophage,B_cell,0
COAD,enhancer,pearson_mean,CD86,Macrophage,B_cell,0
COAD,enhancer,pearson_mean,MPEG1,Macrophage,B_cell,0
COAD,enhancer,pearson_mean,SIGLEC1,Macrophage,T_NK,0
COAD,enhancer,pearson_mean,BANK1,B_cell,Macrophage,0
COAD,enhancer,pearson_mean,CD22,B_cell,B_cell,1
COAD,enhancer,pearson_mean,FCRL1,B_cell,B_cell,1
COAD,enhancer,pearson_mean,BLK,B_cell,B_cell,1
COAD,enhancer,pearson_mean,TNFRSF13C,B_cell,B_cell,1
COAD,enhancer,pearson_mean,FCRLA,B_cell,B_cell,1
COAD,enhancer,pearson_mean,CD2,T_NK,B_cell,0
COAD,enhancer,pearson_mean,CD247,T_NK,B_cell,0
COAD,enhancer,pearson_mean,SKAP1,T_NK,Endothelial,0
COAD,enhancer,pearson_mean,THEMIS,T_NK,B_cell,0
COAD,enhancer,pearson_mean,CD96,T_NK,B_cell,0
COAD,enhancer,pearson_mean,ITK,T_NK,B_cell,0
COAD,enhancer,pearson_mean,HDC,Mast,B_cell,0
COAD,enhancer,pearson_mean,MS4A2,Mast,Epithelial,0
COAD,enhancer,pearson_mean,GATA2,Mast,T_NK,0
COAD,enhancer,pearson_mean,HPGDS,Mast,Macrophage,0
COAD,enhancer,pearson_mean,SLC18A2,Mast,Endothelial,0
COAD,enhancer,pearson_mean,CDH1,Epithelial,Mast,0
COAD,enhancer,pearson_mean,CLDN4,Epithelial,Mast,0
COAD,enhancer,pearson_mean,ELF3,Epithelial,Mast,0
COAD,enhancer,pearson_mean,VIL1,Epithelial,Mast,0
COAD,enhancer,pearson_mean,LGALS4,Epithelial,Mast,0
COAD,enhancer,pearson_mean,CDX1,Epithelial,Mast,0
COAD,enhancer,pearson_mean,PDGFRB,Fibroblast,Mast,0
COAD,enhancer,pearson_mean,FBLN1,Fibroblast,Fibroblast,1
COAD,enhancer,pearson_mean,COL6A3,Fibroblast,Fibroblast,1
COAD,enhancer,pearson_mean,COL5A1,Fibroblast,Fibroblast,1
COAD,enhancer,pearson_mean,THY1,Fibroblast,T_NK,0
COAD,enhancer,pearson_mean,MMP2,Fibroblast,Macrophage,0
COAD,enhancer,pearson_mean,CLDN5,Endothelial,Fibroblast,0
COAD,enhancer,pearson_mean,FLT1,Endothelial,Macrophage,0
COAD,enhancer,pearson_mean,ERG,Endothelial,Macrophage,0
COAD,enhancer,pearson_mean,ENG,Endothelial,Endothelial,1
COAD,enhancer,pearson_mean,TEK,Endothelial,Endothelial,1
COAD,enhancer,pearson_mean,PLVAP,Endothelial,B_cell,0
COAD,enhancer,medscale_mean,MS4A7,Macrophage,Macrophage,1
COAD,enhancer,medscale_mean,FOLR2,Macrophage,Endothelial,0
COAD,enhancer,medscale_mean,LYVE1,Macrophage,Endothelial,0
COAD,enhancer,medscale_mean,CD86,Macrophage,B_cell,0
COAD,enhancer,medscale_mean,MPEG1,Macrophage,Macrophage,1
COAD,enhancer,medscale_mean,SIGLEC1,Macrophage,T_NK,0
COAD,enhancer,medscale_mean,BANK1,B_cell,Macrophage,0
COAD,enhancer,medscale_mean,CD22,B_cell,Fibroblast,0
COAD,enhancer,medscale_mean,FCRL1,B_cell,Macrophage,0
COAD,enhancer,medscale_mean,BLK,B_cell,B_cell,1
COAD,enhancer,medscale_mean,TNFRSF13C,B_cell,B_cell,1
COAD,enhancer,medscale_mean,FCRLA,B_cell,B_cell,1
COAD,enhancer,medscale_mean,CD2,T_NK,B_cell,0
COAD,enhancer,medscale_mean,CD247,T_NK,T_NK,1
COAD,enhancer,medscale_mean,SKAP1,T_NK,Endothelial,0
COAD,enhancer,medscale_mean,THEMIS,T_NK,Fibroblast,0
COAD,enhancer,medscale_mean,CD96,T_NK,T_NK,1
COAD,enhancer,medscale_mean,ITK,T_NK,B_cell,0
COAD,enhancer,medscale_mean,HDC,Mast,T_NK,0
COAD,enhancer,medscale_mean,MS4A2,Mast,T_NK,0
COAD,enhancer,medscale_mean,GATA2,Mast,T_NK,0
COAD,enhancer,medscale_mean,HPGDS,Mast,T_NK,0
COAD,enhancer,medscale_mean,SLC18A2,Mast,Fibroblast,0
COAD,enhancer,medscale_mean,CDH1,Epithelial,Mast,0
COAD,enhancer,medscale_mean,CLDN4,Epithelial,Mast,0
COAD,enhancer,medscale_mean,ELF3,Epithelial,Mast,0
COAD,enhancer,medscale_mean,VIL1,Epithelial,Other_Myeloid,0
COAD,enhancer,medscale_mean,LGALS4,Epithelial,Mast,0
COAD,enhancer,medscale_mean,CDX1,Epithelial,Mast,0
COAD,enhancer,medscale_mean,PDGFRB,Fibroblast,Other_Myeloid,0
COAD,enhancer,medscale_mean,FBLN1,Fibroblast,T_NK,0
COAD,enhancer,medscale_mean,COL6A3,Fibroblast,Fibroblast,1
COAD,enhancer,medscale_mean,COL5A1,Fibroblast,Other_Myeloid,0
COAD,enhancer,medscale_mean,THY1,Fibroblast,Endothelial,0
COAD,enhancer,medscale_mean,MMP2,Fibroblast,Macrophage,0
COAD,enhancer,medscale_mean,CLDN5,Endothelial,Fibroblast,0
COAD,enhancer,medscale_mean,FLT1,Endothelial,Macrophage,0
COAD,enhancer,medscale_mean,ERG,Endothelial,T_NK,0
COAD,enhancer,medscale_mean,ENG,Endothelial,Endothelial,1
COAD,enhancer,medscale_mean,TEK,Endothelial,T_NK,0
COAD,enhancer,medscale_mean,PLVAP,Endothelial,B_cell,0
COAD,enhancer,rank_mean,MS4A7,Macrophage,Mast,0
COAD,enhancer,rank_mean,FOLR2,Macrophage,Mast,0
COAD,enhancer,rank_mean,LYVE1,Macrophage,Mast,0
COAD,enhancer,rank_mean,CD86,Macrophage,Mast,0
COAD,enhancer,rank_mean,MPEG1,Macrophage,Mast,0
COAD,enhancer,rank_mean,SIGLEC1,Macrophage,Mast,0
COAD,enhancer,rank_mean,BANK1,B_cell,Mast,0
COAD,enhancer,rank_mean,CD22,B_cell,Mast,0
COAD,enhancer,rank_mean,FCRL1,B_cell,Mast,0
COAD,enhancer,rank_mean,BLK,B_cell,Mast,0
COAD,enhancer,rank_mean,TNFRSF13C,B_cell,Mast,0
COAD,enhancer,rank_mean,FCRLA,B_cell,Mast,0
COAD,enhancer,rank_mean,CD2,T_NK,Mast,0
COAD,enhancer,rank_mean,CD247,T_NK,Mast,0
COAD,enhancer,rank_mean,SKAP1,T_NK,Mast,0
COAD,enhancer,rank_mean,THEMIS,T_NK,Mast,0
COAD,enhancer,rank_mean,CD96,T_NK,Mast,0
COAD,enhancer,rank_mean,ITK,T_NK,Mast,0
COAD,enhancer,rank_mean,HDC,Mast,Mast,1
COAD,enhancer,rank_mean,MS4A2,Mast,Mast,1
COAD,enhancer,rank_mean,GATA2,Mast,Mast,1
COAD,enhancer,rank_mean,HPGDS,Mast,Mast,1
COAD,enhancer,rank_mean,SLC18A2,Mast,Mast,1
COAD,enhancer,rank_mean,CDH1,Epithelial,Mast,0
COAD,enhancer,rank_mean,CLDN4,Epithelial,Mast,0
COAD,enhancer,rank_mean,ELF3,Epithelial,Mast,0
COAD,enhancer,rank_mean,VIL1,Epithelial,Mast,0
COAD,enhancer,rank_mean,LGALS4,Epithelial,Mast,0
COAD,enhancer,rank_mean,CDX1,Epithelial,Mast,0
COAD,enhancer,rank_mean,PDGFRB,Fibroblast,Mast,0
COAD,enhancer,rank_mean,FBLN1,Fibroblast,Mast,0
COAD,enhancer,rank_mean,COL6A3,Fibroblast,Mast,0
COAD,enhancer,rank_mean,COL5A1,Fibroblast,Mast,0
COAD,enhancer,rank_mean,THY1,Fibroblast,Mast,0
COAD,enhancer,rank_mean,MMP2,Fibroblast,Mast,0
COAD,enhancer,rank_mean,CLDN5,Endothelial,Mast,0
COAD,enhancer,rank_mean,FLT1,Endothelial,Mast,0
COAD,enhancer,rank_mean,ERG,Endothelial,Mast,0
COAD,enhancer,rank_mean,ENG,Endothelial,Mast,0
COAD,enhancer,rank_mean,TEK,Endothelial,Mast,0
COAD,enhancer,rank_mean,PLVAP,Endothelial,Mast,0
COAD,enhancer,rankfrac_mean,MS4A7,Macrophage,Mast,0
COAD,enhancer,rankfrac_mean,FOLR2,Macrophage,Mast,0
COAD,enhancer,rankfrac_mean,LYVE1,Macrophage,Mast,0
COAD,enhancer,rankfrac_mean,CD86,Macrophage,Mast,0
COAD,enhancer,rankfrac_mean,MPEG1,Macrophage,Mast,0
COAD,enhancer,rankfrac_mean,SIGLEC1,Macrophage,Mast,0
COAD,enhancer,rankfrac_mean,BANK1,B_cell,Mast,0
COAD,enhancer,rankfrac_mean,CD22,B_cell,Mast,0
COAD,enhancer,rankfrac_mean,FCRL1,B_cell,Mast,0
COAD,enhancer,rankfrac_mean,BLK,B_cell,Mast,0
COAD,enhancer,rankfrac_mean,TNFRSF13C,B_cell,Mast,0
COAD,enhancer,rankfrac_mean,FCRLA,B_cell,Mast,0
COAD,enhancer,rankfrac_mean,CD2,T_NK,B_cell,0
COAD,enhancer,rankfrac_mean,CD247,T_NK,Mast,0
COAD,enhancer,rankfrac_mean,SKAP1,T_NK,Mast,0
COAD,enhancer,rankfrac_mean,THEMIS,T_NK,Mast,0
COAD,enhancer,rankfrac_mean,CD96,T_NK,Mast,0
COAD,enhancer,rankfrac_mean,ITK,T_NK,Mast,0
COAD,enhancer,rankfrac_mean,HDC,Mast,Mast,1
COAD,enhancer,rankfrac_mean,MS4A2,Mast,Mast,1
COAD,enhancer,rankfrac_mean,GATA2,Mast,Mast,1
COAD,enhancer,rankfrac_mean,HPGDS,Mast,Mast,1
COAD,enhancer,rankfrac_mean,SLC18A2,Mast,Mast,1
COAD,enhancer,rankfrac_mean,CDH1,Epithelial,Mast,0
COAD,enhancer,rankfrac_mean,CLDN4,Epithelial,Mast,0
COAD,enhancer,rankfrac_mean,ELF3,Epithelial,Mast,0
COAD,enhancer,rankfrac_mean,VIL1,Epithelial,Mast,0
COAD,enhancer,rankfrac_mean,LGALS4,Epithelial,Mast,0
COAD,enhancer,rankfrac_mean,CDX1,Epithelial,Mast,0
COAD,enhancer,rankfrac_mean,PDGFRB,Fibroblast,Mast,0
COAD,enhancer,rankfrac_mean,FBLN1,Fibroblast,Mast,0
COAD,enhancer,rankfrac_mean,COL6A3,Fibroblast,Mast,0
COAD,enhancer,rankfrac_mean,COL5A1,Fibroblast,Mast,0
COAD,enhancer,rankfrac_mean,THY1,Fibroblast,Mast,0
COAD,enhancer,rankfrac_mean,MMP2,Fibroblast,Mast,0
COAD,enhancer,rankfrac_mean,CLDN5,Endothelial,Mast,0
COAD,enhancer,rankfrac_mean,FLT1,Endothelial,Mast,0
COAD,enhancer,rankfrac_mean,ERG,Endothelial,Mast,0
COAD,enhancer,rankfrac_mean,ENG,Endothelial,Mast,0
COAD,enhancer,rankfrac_mean,TEK,Endothelial,Mast,0
COAD,enhancer,rankfrac_mean,PLVAP,Endothelial,Mast,0
COAD,enhancer,detection_mean,MS4A7,Macrophage,Mast,0
COAD,enhancer,detection_mean,FOLR2,Macrophage,Mast,0
COAD,enhancer,detection_mean,LYVE1,Macrophage,Mast,0
COAD,enhancer,detection_mean,CD86,Macrophage,Mast,0
COAD,enhancer,detection_mean,MPEG1,Macrophage,Mast,0
COAD,enhancer,detection_mean,SIGLEC1,Macrophage,Mast,0
COAD,enhancer,detection_mean,BANK1,B_cell,Mast,0
COAD,enhancer,detection_mean,CD22,B_cell,Mast,0
COAD,enhancer,detection_mean,FCRL1,B_cell,Mast,0
COAD,enhancer,detection_mean,BLK,B_cell,Mast,0
COAD,enhancer,detection_mean,TNFRSF13C,B_cell,Mast,0
COAD,enhancer,detection_mean,FCRLA,B_cell,Mast,0
COAD,enhancer,detection_mean,CD2,T_NK,Mast,0
COAD,enhancer,detection_mean,CD247,T_NK,Mast,0
COAD,enhancer,detection_mean,SKAP1,T_NK,Mast,0
COAD,enhancer,detection_mean,THEMIS,T_NK,Mast,0
COAD,enhancer,detection_mean,CD96,T_NK,Mast,0
COAD,enhancer,detection_mean,ITK,T_NK,Mast,0
COAD,enhancer,detection_mean,HDC,Mast,Mast,1
COAD,enhancer,detection_mean,MS4A2,Mast,Mast,1
COAD,enhancer,detection_mean,GATA2,Mast,Mast,1
COAD,enhancer,detection_mean,HPGDS,Mast,Mast,1
COAD,enhancer,detection_mean,SLC18A2,Mast,Mast,1
COAD,enhancer,detection_mean,CDH1,Epithelial,Mast,0
COAD,enhancer,detection_mean,CLDN4,Epithelial,Mast,0
COAD,enhancer,detection_mean,ELF3,Epithelial,Mast,0
COAD,enhancer,detection_mean,VIL1,Epithelial,Mast,0
COAD,enhancer,detection_mean,LGALS4,Epithelial,Mast,0
COAD,enhancer,detection_mean,CDX1,Epithelial,Mast,0
COAD,enhancer,detection_mean,PDGFRB,Fibroblast,Mast,0
COAD,enhancer,detection_mean,FBLN1,Fibroblast,Mast,0
COAD,enhancer,detection_mean,COL6A3,Fibroblast,Mast,0
COAD,enhancer,detection_mean,COL5A1,Fibroblast,Mast,0
COAD,enhancer,detection_mean,THY1,Fibroblast,Mast,0
COAD,enhancer,detection_mean,MMP2,Fibroblast,Mast,0
COAD,enhancer,detection_mean,CLDN5,Endothelial,Mast,0
COAD,enhancer,detection_mean,FLT1,Endothelial,Mast,0
COAD,enhancer,detection_mean,ERG,Endothelial,Mast,0
COAD,enhancer,detection_mean,ENG,Endothelial,Mast,0
COAD,enhancer,detection_mean,TEK,Endothelial,Mast,0
COAD,enhancer,detection_mean,PLVAP,Endothelial,Mast,0
COAD,enhancer,lognorm_maxnorm,MS4A7,Macrophage,B_cell,0
COAD,enhancer,lognorm_maxnorm,FOLR2,Macrophage,Mast,0
COAD,enhancer,lognorm_maxnorm,LYVE1,Macrophage,Mast,0
COAD,enhancer,lognorm_maxnorm,CD86,Macrophage,B_cell,0
COAD,enhancer,lognorm_maxnorm,MPEG1,Macrophage,B_cell,0
COAD,enhancer,lognorm_maxnorm,SIGLEC1,Macrophage,Mast,0
COAD,enhancer,lognorm_maxnorm,BANK1,B_cell,Mast,0
COAD,enhancer,lognorm_maxnorm,CD22,B_cell,B_cell,1
COAD,enhancer,lognorm_maxnorm,FCRL1,B_cell,B_cell,1
COAD,enhancer,lognorm_maxnorm,BLK,B_cell,B_cell,1
COAD,enhancer,lognorm_maxnorm,TNFRSF13C,B_cell,B_cell,1
COAD,enhancer,lognorm_maxnorm,FCRLA,B_cell,B_cell,1
COAD,enhancer,lognorm_maxnorm,CD2,T_NK,B_cell,0
COAD,enhancer,lognorm_maxnorm,CD247,T_NK,Mast,0
COAD,enhancer,lognorm_maxnorm,SKAP1,T_NK,Mast,0
COAD,enhancer,lognorm_maxnorm,THEMIS,T_NK,B_cell,0
COAD,enhancer,lognorm_maxnorm,CD96,T_NK,B_cell,0
COAD,enhancer,lognorm_maxnorm,ITK,T_NK,B_cell,0
COAD,enhancer,lognorm_maxnorm,HDC,Mast,B_cell,0
COAD,enhancer,lognorm_maxnorm,MS4A2,Mast,Mast,1
COAD,enhancer,lognorm_maxnorm,GATA2,Mast,Mast,1
COAD,enhancer,lognorm_maxnorm,HPGDS,Mast,Mast,1
COAD,enhancer,lognorm_maxnorm,SLC18A2,Mast,Mast,1
COAD,enhancer,lognorm_maxnorm,CDH1,Epithelial,Mast,0
COAD,enhancer,lognorm_maxnorm,CLDN4,Epithelial,Mast,0
COAD,enhancer,lognorm_maxnorm,ELF3,Epithelial,Mast,0
COAD,enhancer,lognorm_maxnorm,VIL1,Epithelial,Mast,0
COAD,enhancer,lognorm_maxnorm,LGALS4,Epithelial,Mast,0
COAD,enhancer,lognorm_maxnorm,CDX1,Epithelial,Mast,0
COAD,enhancer,lognorm_maxnorm,PDGFRB,Fibroblast,Mast,0
COAD,enhancer,lognorm_maxnorm,FBLN1,Fibroblast,Mast,0
COAD,enhancer,lognorm_maxnorm,COL6A3,Fibroblast,Mast,0
COAD,enhancer,lognorm_maxnorm,COL5A1,Fibroblast,Mast,0
COAD,enhancer,lognorm_maxnorm,THY1,Fibroblast,Mast,0
COAD,enhancer,lognorm_maxnorm,MMP2,Fibroblast,Mast,0
COAD,enhancer,lognorm_maxnorm,CLDN5,Endothelial,Mast,0
COAD,enhancer,lognorm_maxnorm,FLT1,Endothelial,Mast,0
COAD,enhancer,lognorm_maxnorm,ERG,Endothelial,Mast,0
COAD,enhancer,lognorm_maxnorm,ENG,Endothelial,Mast,0
COAD,enhancer,lognorm_maxnorm,TEK,Endothelial,Mast,0
COAD,enhancer,lognorm_maxnorm,PLVAP,Endothelial,B_cell,0
COAD,enhancer,pseudobulk_logcpm,MS4A7,Macrophage,Macrophage,1
COAD,enhancer,pseudobulk_logcpm,FOLR2,Macrophage,B_cell,0
COAD,enhancer,pseudobulk_logcpm,LYVE1,Macrophage,Fibroblast,0
COAD,enhancer,pseudobulk_logcpm,CD86,Macrophage,B_cell,0
COAD,enhancer,pseudobulk_logcpm,MPEG1,Macrophage,B_cell,0
COAD,enhancer,pseudobulk_logcpm,SIGLEC1,Macrophage,Fibroblast,0
COAD,enhancer,pseudobulk_logcpm,BANK1,B_cell,Macrophage,0
COAD,enhancer,pseudobulk_logcpm,CD22,B_cell,Macrophage,0
COAD,enhancer,pseudobulk_logcpm,FCRL1,B_cell,B_cell,1
COAD,enhancer,pseudobulk_logcpm,BLK,B_cell,B_cell,1
COAD,enhancer,pseudobulk_logcpm,TNFRSF13C,B_cell,B_cell,1
COAD,enhancer,pseudobulk_logcpm,FCRLA,B_cell,B_cell,1
COAD,enhancer,pseudobulk_logcpm,CD2,T_NK,B_cell,0
COAD,enhancer,pseudobulk_logcpm,CD247,T_NK,B_cell,0
COAD,enhancer,pseudobulk_logcpm,SKAP1,T_NK,Endothelial,0
COAD,enhancer,pseudobulk_logcpm,THEMIS,T_NK,T_NK,1
COAD,enhancer,pseudobulk_logcpm,CD96,T_NK,T_NK,1
COAD,enhancer,pseudobulk_logcpm,ITK,T_NK,B_cell,0
COAD,enhancer,pseudobulk_logcpm,HDC,Mast,T_NK,0
COAD,enhancer,pseudobulk_logcpm,MS4A2,Mast,Epithelial,0
COAD,enhancer,pseudobulk_logcpm,GATA2,Mast,T_NK,0
COAD,enhancer,pseudobulk_logcpm,HPGDS,Mast,Macrophage,0
COAD,enhancer,pseudobulk_logcpm,SLC18A2,Mast,Macrophage,0
COAD,enhancer,pseudobulk_logcpm,CDH1,Epithelial,Epithelial,1
COAD,enhancer,pseudobulk_logcpm,CLDN4,Epithelial,Epithelial,1
COAD,enhancer,pseudobulk_logcpm,ELF3,Epithelial,Mast,0
COAD,enhancer,pseudobulk_logcpm,VIL1,Epithelial,Epithelial,1
COAD,enhancer,pseudobulk_logcpm,LGALS4,Epithelial,Mast,0
COAD,enhancer,pseudobulk_logcpm,CDX1,Epithelial,Mast,0
COAD,enhancer,pseudobulk_logcpm,PDGFRB,Fibroblast,Fibroblast,1
COAD,enhancer,pseudobulk_logcpm,FBLN1,Fibroblast,Fibroblast,1
COAD,enhancer,pseudobulk_logcpm,COL6A3,Fibroblast,Fibroblast,1
COAD,enhancer,pseudobulk_logcpm,COL5A1,Fibroblast,Fibroblast,1
COAD,enhancer,pseudobulk_logcpm,THY1,Fibroblast,T_NK,0
COAD,enhancer,pseudobulk_logcpm,MMP2,Fibroblast,T_NK,0
COAD,enhancer,pseudobulk_logcpm,CLDN5,Endothelial,T_NK,0
COAD,enhancer,pseudobulk_logcpm,FLT1,Endothelial,Macrophage,0
COAD,enhancer,pseudobulk_logcpm,ERG,Endothelial,Macrophage,0
COAD,enhancer,pseudobulk_logcpm,ENG,Endothelial,Fibroblast,0
COAD,enhancer,pseudobulk_logcpm,TEK,Endothelial,T_NK,0
COAD,enhancer,pseudobulk_logcpm,PLVAP,Endothelial,B_cell,0
COAD,proximal,raw_mean,MS4A7,Macrophage,B_cell,0
COAD,proximal,raw_mean,FOLR2,Macrophage,Mast,0
COAD,proximal,raw_mean,LYVE1,Macrophage,Mast,0
COAD,proximal,raw_mean,CD86,Macrophage,B_cell,0
COAD,proximal,raw_mean,MPEG1,Macrophage,Mast,0
COAD,proximal,raw_mean,SIGLEC1,Macrophage,Mast,0
COAD,proximal,raw_mean,BANK1,B_cell,Mast,0
COAD,proximal,raw_mean,CD22,B_cell,B_cell,1
COAD,proximal,raw_mean,FCRL1,B_cell,B_cell,1
COAD,proximal,raw_mean,BLK,B_cell,B_cell,1
COAD,proximal,raw_mean,TNFRSF13C,B_cell,B_cell,1
COAD,proximal,raw_mean,FCRLA,B_cell,B_cell,1
COAD,proximal,raw_mean,CD2,T_NK,B_cell,0
COAD,proximal,raw_mean,CD247,T_NK,Mast,0
COAD,proximal,raw_mean,SKAP1,T_NK,Mast,0
COAD,proximal,raw_mean,THEMIS,T_NK,Mast,0
COAD,proximal,raw_mean,CD96,T_NK,Mast,0
COAD,proximal,raw_mean,ITK,T_NK,Mast,0
COAD,proximal,raw_mean,HDC,Mast,B_cell,0
COAD,proximal,raw_mean,MS4A2,Mast,Mast,1
COAD,proximal,raw_mean,GATA2,Mast,Mast,1
COAD,proximal,raw_mean,HPGDS,Mast,Mast,1
COAD,proximal,raw_mean,SLC18A2,Mast,Mast,1
COAD,proximal,raw_mean,CDH1,Epithelial,Mast,0
COAD,proximal,raw_mean,CLDN4,Epithelial,Mast,0
COAD,proximal,raw_mean,ELF3,Epithelial,Mast,0
COAD,proximal,raw_mean,VIL1,Epithelial,Mast,0
COAD,proximal,raw_mean,LGALS4,Epithelial,Mast,0
COAD,proximal,raw_mean,CDX1,Epithelial,Mast,0
COAD,proximal,raw_mean,PDGFRB,Fibroblast,Mast,0
COAD,proximal,raw_mean,FBLN1,Fibroblast,Mast,0
COAD,proximal,raw_mean,COL6A3,Fibroblast,Mast,0
COAD,proximal,raw_mean,COL5A1,Fibroblast,Mast,0
COAD,proximal,raw_mean,THY1,Fibroblast,Mast,0
COAD,proximal,raw_mean,MMP2,Fibroblast,Mast,0
COAD,proximal,raw_mean,CLDN5,Endothelial,Mast,0
COAD,proximal,raw_mean,FLT1,Endothelial,Mast,0
COAD,proximal,raw_mean,ERG,Endothelial,Mast,0
COAD,proximal,raw_mean,ENG,Endothelial,Mast,0
COAD,proximal,raw_mean,TEK,Endothelial,Mast,0
COAD,proximal,raw_mean,PLVAP,Endothelial,B_cell,0
COAD,proximal,zscale_mean,MS4A7,Macrophage,B_cell,0
COAD,proximal,zscale_mean,FOLR2,Macrophage,Mast,0
COAD,proximal,zscale_mean,LYVE1,Macrophage,Mast,0
COAD,proximal,zscale_mean,CD86,Macrophage,B_cell,0
COAD,proximal,zscale_mean,MPEG1,Macrophage,Mast,0
COAD,proximal,zscale_mean,SIGLEC1,Macrophage,Mast,0
COAD,proximal,zscale_mean,BANK1,B_cell,Mast,0
COAD,proximal,zscale_mean,CD22,B_cell,B_cell,1
COAD,proximal,zscale_mean,FCRL1,B_cell,B_cell,1
COAD,proximal,zscale_mean,BLK,B_cell,B_cell,1
COAD,proximal,zscale_mean,TNFRSF13C,B_cell,B_cell,1
COAD,proximal,zscale_mean,FCRLA,B_cell,B_cell,1
COAD,proximal,zscale_mean,CD2,T_NK,B_cell,0
COAD,proximal,zscale_mean,CD247,T_NK,Mast,0
COAD,proximal,zscale_mean,SKAP1,T_NK,Mast,0
COAD,proximal,zscale_mean,THEMIS,T_NK,Mast,0
COAD,proximal,zscale_mean,CD96,T_NK,Mast,0
COAD,proximal,zscale_mean,ITK,T_NK,Mast,0
COAD,proximal,zscale_mean,HDC,Mast,B_cell,0
COAD,proximal,zscale_mean,MS4A2,Mast,Mast,1
COAD,proximal,zscale_mean,GATA2,Mast,Mast,1
COAD,proximal,zscale_mean,HPGDS,Mast,Mast,1
COAD,proximal,zscale_mean,SLC18A2,Mast,Mast,1
COAD,proximal,zscale_mean,CDH1,Epithelial,Mast,0
COAD,proximal,zscale_mean,CLDN4,Epithelial,Mast,0
COAD,proximal,zscale_mean,ELF3,Epithelial,Mast,0
COAD,proximal,zscale_mean,VIL1,Epithelial,Mast,0
COAD,proximal,zscale_mean,LGALS4,Epithelial,Mast,0
COAD,proximal,zscale_mean,CDX1,Epithelial,Mast,0
COAD,proximal,zscale_mean,PDGFRB,Fibroblast,Mast,0
COAD,proximal,zscale_mean,FBLN1,Fibroblast,Mast,0
COAD,proximal,zscale_mean,COL6A3,Fibroblast,Mast,0
COAD,proximal,zscale_mean,COL5A1,Fibroblast,Mast,0
COAD,proximal,zscale_mean,THY1,Fibroblast,Mast,0
COAD,proximal,zscale_mean,MMP2,Fibroblast,Mast,0
COAD,proximal,zscale_mean,CLDN5,Endothelial,Mast,0
COAD,proximal,zscale_mean,FLT1,Endothelial,Mast,0
COAD,proximal,zscale_mean,ERG,Endothelial,Mast,0
COAD,proximal,zscale_mean,ENG,Endothelial,Mast,0
COAD,proximal,zscale_mean,TEK,Endothelial,Mast,0
COAD,proximal,zscale_mean,PLVAP,Endothelial,B_cell,0
COAD,proximal,pseudobulk_cpm,MS4A7,Macrophage,Macrophage,1
COAD,proximal,pseudobulk_cpm,FOLR2,Macrophage,Endothelial,0
COAD,proximal,pseudobulk_cpm,LYVE1,Macrophage,Fibroblast,0
COAD,proximal,pseudobulk_cpm,CD86,Macrophage,B_cell,0
COAD,proximal,pseudobulk_cpm,MPEG1,Macrophage,Macrophage,1
COAD,proximal,pseudobulk_cpm,SIGLEC1,Macrophage,Fibroblast,0
COAD,proximal,pseudobulk_cpm,BANK1,B_cell,Macrophage,0
COAD,proximal,pseudobulk_cpm,CD22,B_cell,Macrophage,0
COAD,proximal,pseudobulk_cpm,FCRL1,B_cell,B_cell,1
COAD,proximal,pseudobulk_cpm,BLK,B_cell,B_cell,1
COAD,proximal,pseudobulk_cpm,TNFRSF13C,B_cell,B_cell,1
COAD,proximal,pseudobulk_cpm,FCRLA,B_cell,B_cell,1
COAD,proximal,pseudobulk_cpm,CD2,T_NK,B_cell,0
COAD,proximal,pseudobulk_cpm,CD247,T_NK,B_cell,0
COAD,proximal,pseudobulk_cpm,SKAP1,T_NK,Endothelial,0
COAD,proximal,pseudobulk_cpm,THEMIS,T_NK,T_NK,1
COAD,proximal,pseudobulk_cpm,CD96,T_NK,T_NK,1
COAD,proximal,pseudobulk_cpm,ITK,T_NK,B_cell,0
COAD,proximal,pseudobulk_cpm,HDC,Mast,B_cell,0
COAD,proximal,pseudobulk_cpm,MS4A2,Mast,T_NK,0
COAD,proximal,pseudobulk_cpm,GATA2,Mast,T_NK,0
COAD,proximal,pseudobulk_cpm,HPGDS,Mast,Macrophage,0
COAD,proximal,pseudobulk_cpm,SLC18A2,Mast,Macrophage,0
COAD,proximal,pseudobulk_cpm,CDH1,Epithelial,Epithelial,1
COAD,proximal,pseudobulk_cpm,CLDN4,Epithelial,Epithelial,1
COAD,proximal,pseudobulk_cpm,ELF3,Epithelial,Mast,0
COAD,proximal,pseudobulk_cpm,VIL1,Epithelial,Epithelial,1
COAD,proximal,pseudobulk_cpm,LGALS4,Epithelial,Mast,0
COAD,proximal,pseudobulk_cpm,CDX1,Epithelial,Mast,0
COAD,proximal,pseudobulk_cpm,PDGFRB,Fibroblast,Fibroblast,1
COAD,proximal,pseudobulk_cpm,FBLN1,Fibroblast,Fibroblast,1
COAD,proximal,pseudobulk_cpm,COL6A3,Fibroblast,Fibroblast,1
COAD,proximal,pseudobulk_cpm,COL5A1,Fibroblast,Fibroblast,1
COAD,proximal,pseudobulk_cpm,THY1,Fibroblast,Fibroblast,1
COAD,proximal,pseudobulk_cpm,MMP2,Fibroblast,T_NK,0
COAD,proximal,pseudobulk_cpm,CLDN5,Endothelial,Fibroblast,0
COAD,proximal,pseudobulk_cpm,FLT1,Endothelial,Macrophage,0
COAD,proximal,pseudobulk_cpm,ERG,Endothelial,Macrophage,0
COAD,proximal,pseudobulk_cpm,ENG,Endothelial,Fibroblast,0
COAD,proximal,pseudobulk_cpm,TEK,Endothelial,T_NK,0
COAD,proximal,pseudobulk_cpm,PLVAP,Endothelial,B_cell,0
COAD,proximal,depth_matched,MS4A7,Macrophage,Macrophage,1
COAD,proximal,depth_matched,FOLR2,Macrophage,Other_Myeloid,0
COAD,proximal,depth_matched,LYVE1,Macrophage,Other_Myeloid,0
COAD,proximal,depth_matched,CD86,Macrophage,B_cell,0
COAD,proximal,depth_matched,MPEG1,Macrophage,Macrophage,1
COAD,proximal,depth_matched,SIGLEC1,Macrophage,Other_Myeloid,0
COAD,proximal,depth_matched,BANK1,B_cell,Macrophage,0
COAD,proximal,depth_matched,CD22,B_cell,T_NK,0
COAD,proximal,depth_matched,FCRL1,B_cell,Other_Myeloid,0
COAD,proximal,depth_matched,BLK,B_cell,B_cell,1
COAD,proximal,depth_matched,TNFRSF13C,B_cell,Endothelial,0
COAD,proximal,depth_matched,FCRLA,B_cell,B_cell,1
COAD,proximal,depth_matched,CD2,T_NK,B_cell,0
COAD,proximal,depth_matched,CD247,T_NK,T_NK,1
COAD,proximal,depth_matched,SKAP1,T_NK,Endothelial,0
COAD,proximal,depth_matched,THEMIS,T_NK,Fibroblast,0
COAD,proximal,depth_matched,CD96,T_NK,T_NK,1
COAD,proximal,depth_matched,ITK,T_NK,B_cell,0
COAD,proximal,depth_matched,HDC,Mast,B_cell,0
COAD,proximal,depth_matched,MS4A2,Mast,Fibroblast,0
COAD,proximal,depth_matched,GATA2,Mast,T_NK,0
COAD,proximal,depth_matched,HPGDS,Mast,Macrophage,0
COAD,proximal,depth_matched,SLC18A2,Mast,B_cell,0
COAD,proximal,depth_matched,CDH1,Epithelial,Epithelial,1
COAD,proximal,depth_matched,CLDN4,Epithelial,Epithelial,1
COAD,proximal,depth_matched,ELF3,Epithelial,Epithelial,1
COAD,proximal,depth_matched,VIL1,Epithelial,Mast,0
COAD,proximal,depth_matched,LGALS4,Epithelial,Mast,0
COAD,proximal,depth_matched,CDX1,Epithelial,Endothelial,0
COAD,proximal,depth_matched,PDGFRB,Fibroblast,Other_Myeloid,0
COAD,proximal,depth_matched,FBLN1,Fibroblast,Other_Myeloid,0
COAD,proximal,depth_matched,COL6A3,Fibroblast,Fibroblast,1
COAD,proximal,depth_matched,COL5A1,Fibroblast,T_NK,0
COAD,proximal,depth_matched,THY1,Fibroblast,Endothelial,0
COAD,proximal,depth_matched,MMP2,Fibroblast,Macrophage,0
COAD,proximal,depth_matched,CLDN5,Endothelial,B_cell,0
COAD,proximal,depth_matched,FLT1,Endothelial,Macrophage,0
COAD,proximal,depth_matched,ERG,Endothelial,Macrophage,0
COAD,proximal,depth_matched,ENG,Endothelial,Endothelial,1
COAD,proximal,depth_matched,TEK,Endothelial,Macrophage,0
COAD,proximal,depth_matched,PLVAP,Endothelial,Macrophage,0
COAD,proximal,cpm_mean,MS4A7,Macrophage,Macrophage,1
COAD,proximal,cpm_mean,FOLR2,Macrophage,Macrophage,1
COAD,proximal,cpm_mean,LYVE1,Macrophage,Endothelial,0
COAD,proximal,cpm_mean,CD86,Macrophage,B_cell,0
COAD,proximal,cpm_mean,MPEG1,Macrophage,Macrophage,1
COAD,proximal,cpm_mean,SIGLEC1,Macrophage,T_NK,0
COAD,proximal,cpm_mean,BANK1,B_cell,Macrophage,0
COAD,proximal,cpm_mean,CD22,B_cell,Fibroblast,0
COAD,proximal,cpm_mean,FCRL1,B_cell,Other_Myeloid,0
COAD,proximal,cpm_mean,BLK,B_cell,B_cell,1
COAD,proximal,cpm_mean,TNFRSF13C,B_cell,Endothelial,0
COAD,proximal,cpm_mean,FCRLA,B_cell,B_cell,1
COAD,proximal,cpm_mean,CD2,T_NK,B_cell,0
COAD,proximal,cpm_mean,CD247,T_NK,T_NK,1
COAD,proximal,cpm_mean,SKAP1,T_NK,Endothelial,0
COAD,proximal,cpm_mean,THEMIS,T_NK,Fibroblast,0
COAD,proximal,cpm_mean,CD96,T_NK,T_NK,1
COAD,proximal,cpm_mean,ITK,T_NK,B_cell,0
COAD,proximal,cpm_mean,HDC,Mast,T_NK,0
COAD,proximal,cpm_mean,MS4A2,Mast,Fibroblast,0
COAD,proximal,cpm_mean,GATA2,Mast,T_NK,0
COAD,proximal,cpm_mean,HPGDS,Mast,Macrophage,0
COAD,proximal,cpm_mean,SLC18A2,Mast,Fibroblast,0
COAD,proximal,cpm_mean,CDH1,Epithelial,Mast,0
COAD,proximal,cpm_mean,CLDN4,Epithelial,Mast,0
COAD,proximal,cpm_mean,ELF3,Epithelial,Mast,0
COAD,proximal,cpm_mean,VIL1,Epithelial,Other_Myeloid,0
COAD,proximal,cpm_mean,LGALS4,Epithelial,Mast,0
COAD,proximal,cpm_mean,CDX1,Epithelial,Mast,0
COAD,proximal,cpm_mean,PDGFRB,Fibroblast,Other_Myeloid,0
COAD,proximal,cpm_mean,FBLN1,Fibroblast,T_NK,0
COAD,proximal,cpm_mean,COL6A3,Fibroblast,Fibroblast,1
COAD,proximal,cpm_mean,COL5A1,Fibroblast,Other_Myeloid,0
COAD,proximal,cpm_mean,THY1,Fibroblast,Endothelial,0
COAD,proximal,cpm_mean,MMP2,Fibroblast,Macrophage,0
COAD,proximal,cpm_mean,CLDN5,Endothelial,Macrophage,0
COAD,proximal,cpm_mean,FLT1,Endothelial,Macrophage,0
COAD,proximal,cpm_mean,ERG,Endothelial,Macrophage,0
COAD,proximal,cpm_mean,ENG,Endothelial,Endothelial,1
COAD,proximal,cpm_mean,TEK,Endothelial,Endothelial,1
COAD,proximal,cpm_mean,PLVAP,Endothelial,B_cell,0
COAD,proximal,lognorm_mean,MS4A7,Macrophage,B_cell,0
COAD,proximal,lognorm_mean,FOLR2,Macrophage,B_cell,0
COAD,proximal,lognorm_mean,LYVE1,Macrophage,Mast,0
COAD,proximal,lognorm_mean,CD86,Macrophage,B_cell,0
COAD,proximal,lognorm_mean,MPEG1,Macrophage,B_cell,0
COAD,proximal,lognorm_mean,SIGLEC1,Macrophage,Mast,0
COAD,proximal,lognorm_mean,BANK1,B_cell,Mast,0
COAD,proximal,lognorm_mean,CD22,B_cell,B_cell,1
COAD,proximal,lognorm_mean,FCRL1,B_cell,B_cell,1
COAD,proximal,lognorm_mean,BLK,B_cell,B_cell,1
COAD,proximal,lognorm_mean,TNFRSF13C,B_cell,B_cell,1
COAD,proximal,lognorm_mean,FCRLA,B_cell,B_cell,1
COAD,proximal,lognorm_mean,CD2,T_NK,B_cell,0
COAD,proximal,lognorm_mean,CD247,T_NK,Mast,0
COAD,proximal,lognorm_mean,SKAP1,T_NK,Mast,0
COAD,proximal,lognorm_mean,THEMIS,T_NK,B_cell,0
COAD,proximal,lognorm_mean,CD96,T_NK,B_cell,0
COAD,proximal,lognorm_mean,ITK,T_NK,B_cell,0
COAD,proximal,lognorm_mean,HDC,Mast,B_cell,0
COAD,proximal,lognorm_mean,MS4A2,Mast,Mast,1
COAD,proximal,lognorm_mean,GATA2,Mast,Mast,1
COAD,proximal,lognorm_mean,HPGDS,Mast,Mast,1
COAD,proximal,lognorm_mean,SLC18A2,Mast,Mast,1
COAD,proximal,lognorm_mean,CDH1,Epithelial,Mast,0
COAD,proximal,lognorm_mean,CLDN4,Epithelial,Mast,0
COAD,proximal,lognorm_mean,ELF3,Epithelial,Mast,0
COAD,proximal,lognorm_mean,VIL1,Epithelial,Mast,0
COAD,proximal,lognorm_mean,LGALS4,Epithelial,Mast,0
COAD,proximal,lognorm_mean,CDX1,Epithelial,Mast,0
COAD,proximal,lognorm_mean,PDGFRB,Fibroblast,Mast,0
COAD,proximal,lognorm_mean,FBLN1,Fibroblast,Mast,0
COAD,proximal,lognorm_mean,COL6A3,Fibroblast,Mast,0
COAD,proximal,lognorm_mean,COL5A1,Fibroblast,Mast,0
COAD,proximal,lognorm_mean,THY1,Fibroblast,B_cell,0
COAD,proximal,lognorm_mean,MMP2,Fibroblast,Mast,0
COAD,proximal,lognorm_mean,CLDN5,Endothelial,Mast,0
COAD,proximal,lognorm_mean,FLT1,Endothelial,Mast,0
COAD,proximal,lognorm_mean,ERG,Endothelial,Mast,0
COAD,proximal,lognorm_mean,ENG,Endothelial,Mast,0
COAD,proximal,lognorm_mean,TEK,Endothelial,Mast,0
COAD,proximal,lognorm_mean,PLVAP,Endothelial,B_cell,0
COAD,proximal,tfidf1_mean,MS4A7,Macrophage,B_cell,0
COAD,proximal,tfidf1_mean,FOLR2,Macrophage,Mast,0
COAD,proximal,tfidf1_mean,LYVE1,Macrophage,Mast,0
COAD,proximal,tfidf1_mean,CD86,Macrophage,B_cell,0
COAD,proximal,tfidf1_mean,MPEG1,Macrophage,B_cell,0
COAD,proximal,tfidf1_mean,SIGLEC1,Macrophage,Mast,0
COAD,proximal,tfidf1_mean,BANK1,B_cell,Mast,0
COAD,proximal,tfidf1_mean,CD22,B_cell,B_cell,1
COAD,proximal,tfidf1_mean,FCRL1,B_cell,B_cell,1
COAD,proximal,tfidf1_mean,BLK,B_cell,B_cell,1
COAD,proximal,tfidf1_mean,TNFRSF13C,B_cell,B_cell,1
COAD,proximal,tfidf1_mean,FCRLA,B_cell,B_cell,1
COAD,proximal,tfidf1_mean,CD2,T_NK,B_cell,0
COAD,proximal,tfidf1_mean,CD247,T_NK,Mast,0
COAD,proximal,tfidf1_mean,SKAP1,T_NK,Mast,0
COAD,proximal,tfidf1_mean,THEMIS,T_NK,Mast,0
COAD,proximal,tfidf1_mean,CD96,T_NK,B_cell,0
COAD,proximal,tfidf1_mean,ITK,T_NK,B_cell,0
COAD,proximal,tfidf1_mean,HDC,Mast,B_cell,0
COAD,proximal,tfidf1_mean,MS4A2,Mast,Mast,1
COAD,proximal,tfidf1_mean,GATA2,Mast,Mast,1
COAD,proximal,tfidf1_mean,HPGDS,Mast,Mast,1
COAD,proximal,tfidf1_mean,SLC18A2,Mast,Mast,1
COAD,proximal,tfidf1_mean,CDH1,Epithelial,Mast,0
COAD,proximal,tfidf1_mean,CLDN4,Epithelial,Mast,0
COAD,proximal,tfidf1_mean,ELF3,Epithelial,Mast,0
COAD,proximal,tfidf1_mean,VIL1,Epithelial,Mast,0
COAD,proximal,tfidf1_mean,LGALS4,Epithelial,Mast,0
COAD,proximal,tfidf1_mean,CDX1,Epithelial,Mast,0
COAD,proximal,tfidf1_mean,PDGFRB,Fibroblast,Mast,0
COAD,proximal,tfidf1_mean,FBLN1,Fibroblast,Mast,0
COAD,proximal,tfidf1_mean,COL6A3,Fibroblast,Mast,0
COAD,proximal,tfidf1_mean,COL5A1,Fibroblast,Mast,0
COAD,proximal,tfidf1_mean,THY1,Fibroblast,Mast,0
COAD,proximal,tfidf1_mean,MMP2,Fibroblast,Mast,0
COAD,proximal,tfidf1_mean,CLDN5,Endothelial,Mast,0
COAD,proximal,tfidf1_mean,FLT1,Endothelial,Mast,0
COAD,proximal,tfidf1_mean,ERG,Endothelial,Mast,0
COAD,proximal,tfidf1_mean,ENG,Endothelial,Mast,0
COAD,proximal,tfidf1_mean,TEK,Endothelial,Mast,0
COAD,proximal,tfidf1_mean,PLVAP,Endothelial,B_cell,0
COAD,proximal,tfidf2_mean,MS4A7,Macrophage,Macrophage,1
COAD,proximal,tfidf2_mean,FOLR2,Macrophage,Macrophage,1
COAD,proximal,tfidf2_mean,LYVE1,Macrophage,Endothelial,0
COAD,proximal,tfidf2_mean,CD86,Macrophage,B_cell,0
COAD,proximal,tfidf2_mean,MPEG1,Macrophage,Macrophage,1
COAD,proximal,tfidf2_mean,SIGLEC1,Macrophage,T_NK,0
COAD,proximal,tfidf2_mean,BANK1,B_cell,Macrophage,0
COAD,proximal,tfidf2_mean,CD22,B_cell,Fibroblast,0
COAD,proximal,tfidf2_mean,FCRL1,B_cell,Other_Myeloid,0
COAD,proximal,tfidf2_mean,BLK,B_cell,B_cell,1
COAD,proximal,tfidf2_mean,TNFRSF13C,B_cell,Endothelial,0
COAD,proximal,tfidf2_mean,FCRLA,B_cell,B_cell,1
COAD,proximal,tfidf2_mean,CD2,T_NK,B_cell,0
COAD,proximal,tfidf2_mean,CD247,T_NK,T_NK,1
COAD,proximal,tfidf2_mean,SKAP1,T_NK,Endothelial,0
COAD,proximal,tfidf2_mean,THEMIS,T_NK,Fibroblast,0
COAD,proximal,tfidf2_mean,CD96,T_NK,T_NK,1
COAD,proximal,tfidf2_mean,ITK,T_NK,B_cell,0
COAD,proximal,tfidf2_mean,HDC,Mast,T_NK,0
COAD,proximal,tfidf2_mean,MS4A2,Mast,Fibroblast,0
COAD,proximal,tfidf2_mean,GATA2,Mast,T_NK,0
COAD,proximal,tfidf2_mean,HPGDS,Mast,Macrophage,0
COAD,proximal,tfidf2_mean,SLC18A2,Mast,Fibroblast,0
COAD,proximal,tfidf2_mean,CDH1,Epithelial,Mast,0
COAD,proximal,tfidf2_mean,CLDN4,Epithelial,Mast,0
COAD,proximal,tfidf2_mean,ELF3,Epithelial,Mast,0
COAD,proximal,tfidf2_mean,VIL1,Epithelial,Other_Myeloid,0
COAD,proximal,tfidf2_mean,LGALS4,Epithelial,Mast,0
COAD,proximal,tfidf2_mean,CDX1,Epithelial,Mast,0
COAD,proximal,tfidf2_mean,PDGFRB,Fibroblast,Other_Myeloid,0
COAD,proximal,tfidf2_mean,FBLN1,Fibroblast,T_NK,0
COAD,proximal,tfidf2_mean,COL6A3,Fibroblast,Fibroblast,1
COAD,proximal,tfidf2_mean,COL5A1,Fibroblast,Other_Myeloid,0
COAD,proximal,tfidf2_mean,THY1,Fibroblast,Endothelial,0
COAD,proximal,tfidf2_mean,MMP2,Fibroblast,Macrophage,0
COAD,proximal,tfidf2_mean,CLDN5,Endothelial,Macrophage,0
COAD,proximal,tfidf2_mean,FLT1,Endothelial,Macrophage,0
COAD,proximal,tfidf2_mean,ERG,Endothelial,Macrophage,0
COAD,proximal,tfidf2_mean,ENG,Endothelial,Endothelial,1
COAD,proximal,tfidf2_mean,TEK,Endothelial,Endothelial,1
COAD,proximal,tfidf2_mean,PLVAP,Endothelial,B_cell,0
COAD,proximal,tfidf3_mean,MS4A7,Macrophage,B_cell,0
COAD,proximal,tfidf3_mean,FOLR2,Macrophage,B_cell,0
COAD,proximal,tfidf3_mean,LYVE1,Macrophage,Mast,0
COAD,proximal,tfidf3_mean,CD86,Macrophage,B_cell,0
COAD,proximal,tfidf3_mean,MPEG1,Macrophage,B_cell,0
COAD,proximal,tfidf3_mean,SIGLEC1,Macrophage,Mast,0
COAD,proximal,tfidf3_mean,BANK1,B_cell,Mast,0
COAD,proximal,tfidf3_mean,CD22,B_cell,B_cell,1
COAD,proximal,tfidf3_mean,FCRL1,B_cell,B_cell,1
COAD,proximal,tfidf3_mean,BLK,B_cell,B_cell,1
COAD,proximal,tfidf3_mean,TNFRSF13C,B_cell,B_cell,1
COAD,proximal,tfidf3_mean,FCRLA,B_cell,B_cell,1
COAD,proximal,tfidf3_mean,CD2,T_NK,B_cell,0
COAD,proximal,tfidf3_mean,CD247,T_NK,Mast,0
COAD,proximal,tfidf3_mean,SKAP1,T_NK,Mast,0
COAD,proximal,tfidf3_mean,THEMIS,T_NK,B_cell,0
COAD,proximal,tfidf3_mean,CD96,T_NK,B_cell,0
COAD,proximal,tfidf3_mean,ITK,T_NK,B_cell,0
COAD,proximal,tfidf3_mean,HDC,Mast,B_cell,0
COAD,proximal,tfidf3_mean,MS4A2,Mast,Mast,1
COAD,proximal,tfidf3_mean,GATA2,Mast,Mast,1
COAD,proximal,tfidf3_mean,HPGDS,Mast,Mast,1
COAD,proximal,tfidf3_mean,SLC18A2,Mast,Mast,1
COAD,proximal,tfidf3_mean,CDH1,Epithelial,Mast,0
COAD,proximal,tfidf3_mean,CLDN4,Epithelial,Mast,0
COAD,proximal,tfidf3_mean,ELF3,Epithelial,Mast,0
COAD,proximal,tfidf3_mean,VIL1,Epithelial,Mast,0
COAD,proximal,tfidf3_mean,LGALS4,Epithelial,Mast,0
COAD,proximal,tfidf3_mean,CDX1,Epithelial,Mast,0
COAD,proximal,tfidf3_mean,PDGFRB,Fibroblast,Mast,0
COAD,proximal,tfidf3_mean,FBLN1,Fibroblast,Mast,0
COAD,proximal,tfidf3_mean,COL6A3,Fibroblast,Mast,0
COAD,proximal,tfidf3_mean,COL5A1,Fibroblast,Mast,0
COAD,proximal,tfidf3_mean,THY1,Fibroblast,B_cell,0
COAD,proximal,tfidf3_mean,MMP2,Fibroblast,Mast,0
COAD,proximal,tfidf3_mean,CLDN5,Endothelial,Mast,0
COAD,proximal,tfidf3_mean,FLT1,Endothelial,Mast,0
COAD,proximal,tfidf3_mean,ERG,Endothelial,Mast,0
COAD,proximal,tfidf3_mean,ENG,Endothelial,Mast,0
COAD,proximal,tfidf3_mean,TEK,Endothelial,Mast,0
COAD,proximal,tfidf3_mean,PLVAP,Endothelial,B_cell,0
COAD,proximal,pearson_mean,MS4A7,Macrophage,Macrophage,1
COAD,proximal,pearson_mean,FOLR2,Macrophage,B_cell,0
COAD,proximal,pearson_mean,LYVE1,Macrophage,B_cell,0
COAD,proximal,pearson_mean,CD86,Macrophage,B_cell,0
COAD,proximal,pearson_mean,MPEG1,Macrophage,B_cell,0
COAD,proximal,pearson_mean,SIGLEC1,Macrophage,T_NK,0
COAD,proximal,pearson_mean,BANK1,B_cell,Macrophage,0
COAD,proximal,pearson_mean,CD22,B_cell,B_cell,1
COAD,proximal,pearson_mean,FCRL1,B_cell,B_cell,1
COAD,proximal,pearson_mean,BLK,B_cell,B_cell,1
COAD,proximal,pearson_mean,TNFRSF13C,B_cell,B_cell,1
COAD,proximal,pearson_mean,FCRLA,B_cell,B_cell,1
COAD,proximal,pearson_mean,CD2,T_NK,B_cell,0
COAD,proximal,pearson_mean,CD247,T_NK,B_cell,0
COAD,proximal,pearson_mean,SKAP1,T_NK,Endothelial,0
COAD,proximal,pearson_mean,THEMIS,T_NK,B_cell,0
COAD,proximal,pearson_mean,CD96,T_NK,B_cell,0
COAD,proximal,pearson_mean,ITK,T_NK,B_cell,0
COAD,proximal,pearson_mean,HDC,Mast,B_cell,0
COAD,proximal,pearson_mean,MS4A2,Mast,T_NK,0
COAD,proximal,pearson_mean,GATA2,Mast,T_NK,0
COAD,proximal,pearson_mean,HPGDS,Mast,Macrophage,0
COAD,proximal,pearson_mean,SLC18A2,Mast,Endothelial,0
COAD,proximal,pearson_mean,CDH1,Epithelial,Mast,0
COAD,proximal,pearson_mean,CLDN4,Epithelial,Mast,0
COAD,proximal,pearson_mean,ELF3,Epithelial,Mast,0
COAD,proximal,pearson_mean,VIL1,Epithelial,Mast,0
COAD,proximal,pearson_mean,LGALS4,Epithelial,Mast,0
COAD,proximal,pearson_mean,CDX1,Epithelial,Mast,0
COAD,proximal,pearson_mean,PDGFRB,Fibroblast,Other_Myeloid,0
COAD,proximal,pearson_mean,FBLN1,Fibroblast,Fibroblast,1
COAD,proximal,pearson_mean,COL6A3,Fibroblast,Fibroblast,1
COAD,proximal,pearson_mean,COL5A1,Fibroblast,Fibroblast,1
COAD,proximal,pearson_mean,THY1,Fibroblast,Fibroblast,1
COAD,proximal,pearson_mean,MMP2,Fibroblast,Macrophage,0
COAD,proximal,pearson_mean,CLDN5,Endothelial,Macrophage,0
COAD,proximal,pearson_mean,FLT1,Endothelial,Macrophage,0
COAD,proximal,pearson_mean,ERG,Endothelial,Macrophage,0
COAD,proximal,pearson_mean,ENG,Endothelial,Endothelial,1
COAD,proximal,pearson_mean,TEK,Endothelial,Endothelial,1
COAD,proximal,pearson_mean,PLVAP,Endothelial,B_cell,0
COAD,proximal,medscale_mean,MS4A7,Macrophage,Macrophage,1
COAD,proximal,medscale_mean,FOLR2,Macrophage,Macrophage,1
COAD,proximal,medscale_mean,LYVE1,Macrophage,Endothelial,0
COAD,proximal,medscale_mean,CD86,Macrophage,B_cell,0
COAD,proximal,medscale_mean,MPEG1,Macrophage,Macrophage,1
COAD,proximal,medscale_mean,SIGLEC1,Macrophage,T_NK,0
COAD,proximal,medscale_mean,BANK1,B_cell,Macrophage,0
COAD,proximal,medscale_mean,CD22,B_cell,Fibroblast,0
COAD,proximal,medscale_mean,FCRL1,B_cell,Other_Myeloid,0
COAD,proximal,medscale_mean,BLK,B_cell,B_cell,1
COAD,proximal,medscale_mean,TNFRSF13C,B_cell,Endothelial,0
COAD,proximal,medscale_mean,FCRLA,B_cell,B_cell,1
COAD,proximal,medscale_mean,CD2,T_NK,B_cell,0
COAD,proximal,medscale_mean,CD247,T_NK,T_NK,1
COAD,proximal,medscale_mean,SKAP1,T_NK,Endothelial,0
COAD,proximal,medscale_mean,THEMIS,T_NK,Fibroblast,0
COAD,proximal,medscale_mean,CD96,T_NK,T_NK,1
COAD,proximal,medscale_mean,ITK,T_NK,B_cell,0
COAD,proximal,medscale_mean,HDC,Mast,T_NK,0
COAD,proximal,medscale_mean,MS4A2,Mast,Fibroblast,0
COAD,proximal,medscale_mean,GATA2,Mast,T_NK,0
COAD,proximal,medscale_mean,HPGDS,Mast,Macrophage,0
COAD,proximal,medscale_mean,SLC18A2,Mast,Fibroblast,0
COAD,proximal,medscale_mean,CDH1,Epithelial,Mast,0
COAD,proximal,medscale_mean,CLDN4,Epithelial,Mast,0
COAD,proximal,medscale_mean,ELF3,Epithelial,Mast,0
COAD,proximal,medscale_mean,VIL1,Epithelial,Other_Myeloid,0
COAD,proximal,medscale_mean,LGALS4,Epithelial,Mast,0
COAD,proximal,medscale_mean,CDX1,Epithelial,Mast,0
COAD,proximal,medscale_mean,PDGFRB,Fibroblast,Other_Myeloid,0
COAD,proximal,medscale_mean,FBLN1,Fibroblast,T_NK,0
COAD,proximal,medscale_mean,COL6A3,Fibroblast,Fibroblast,1
COAD,proximal,medscale_mean,COL5A1,Fibroblast,Other_Myeloid,0
COAD,proximal,medscale_mean,THY1,Fibroblast,Endothelial,0
COAD,proximal,medscale_mean,MMP2,Fibroblast,Macrophage,0
COAD,proximal,medscale_mean,CLDN5,Endothelial,Macrophage,0
COAD,proximal,medscale_mean,FLT1,Endothelial,Macrophage,0
COAD,proximal,medscale_mean,ERG,Endothelial,Macrophage,0
COAD,proximal,medscale_mean,ENG,Endothelial,Endothelial,1
COAD,proximal,medscale_mean,TEK,Endothelial,Endothelial,1
COAD,proximal,medscale_mean,PLVAP,Endothelial,B_cell,0
COAD,proximal,rank_mean,MS4A7,Macrophage,Mast,0
COAD,proximal,rank_mean,FOLR2,Macrophage,Mast,0
COAD,proximal,rank_mean,LYVE1,Macrophage,Mast,0
COAD,proximal,rank_mean,CD86,Macrophage,B_cell,0
COAD,proximal,rank_mean,MPEG1,Macrophage,Mast,0
COAD,proximal,rank_mean,SIGLEC1,Macrophage,Mast,0
COAD,proximal,rank_mean,BANK1,B_cell,Mast,0
COAD,proximal,rank_mean,CD22,B_cell,B_cell,1
COAD,proximal,rank_mean,FCRL1,B_cell,B_cell,1
COAD,proximal,rank_mean,BLK,B_cell,Mast,0
COAD,proximal,rank_mean,TNFRSF13C,B_cell,Mast,0
COAD,proximal,rank_mean,FCRLA,B_cell,B_cell,1
COAD,proximal,rank_mean,CD2,T_NK,B_cell,0
COAD,proximal,rank_mean,CD247,T_NK,Mast,0
COAD,proximal,rank_mean,SKAP1,T_NK,Mast,0
COAD,proximal,rank_mean,THEMIS,T_NK,Mast,0
COAD,proximal,rank_mean,CD96,T_NK,Mast,0
COAD,proximal,rank_mean,ITK,T_NK,Mast,0
COAD,proximal,rank_mean,HDC,Mast,Mast,1
COAD,proximal,rank_mean,MS4A2,Mast,Mast,1
COAD,proximal,rank_mean,GATA2,Mast,Mast,1
COAD,proximal,rank_mean,HPGDS,Mast,Mast,1
COAD,proximal,rank_mean,SLC18A2,Mast,Mast,1
COAD,proximal,rank_mean,CDH1,Epithelial,Mast,0
COAD,proximal,rank_mean,CLDN4,Epithelial,Mast,0
COAD,proximal,rank_mean,ELF3,Epithelial,Mast,0
COAD,proximal,rank_mean,VIL1,Epithelial,Mast,0
COAD,proximal,rank_mean,LGALS4,Epithelial,Mast,0
COAD,proximal,rank_mean,CDX1,Epithelial,Mast,0
COAD,proximal,rank_mean,PDGFRB,Fibroblast,Mast,0
COAD,proximal,rank_mean,FBLN1,Fibroblast,Mast,0
COAD,proximal,rank_mean,COL6A3,Fibroblast,Mast,0
COAD,proximal,rank_mean,COL5A1,Fibroblast,Mast,0
COAD,proximal,rank_mean,THY1,Fibroblast,Mast,0
COAD,proximal,rank_mean,MMP2,Fibroblast,Mast,0
COAD,proximal,rank_mean,CLDN5,Endothelial,Mast,0
COAD,proximal,rank_mean,FLT1,Endothelial,Mast,0
COAD,proximal,rank_mean,ERG,Endothelial,Mast,0
COAD,proximal,rank_mean,ENG,Endothelial,Mast,0
COAD,proximal,rank_mean,TEK,Endothelial,Mast,0
COAD,proximal,rank_mean,PLVAP,Endothelial,B_cell,0
COAD,proximal,rankfrac_mean,MS4A7,Macrophage,B_cell,0
COAD,proximal,rankfrac_mean,FOLR2,Macrophage,Mast,0
COAD,proximal,rankfrac_mean,LYVE1,Macrophage,Mast,0
COAD,proximal,rankfrac_mean,CD86,Macrophage,B_cell,0
COAD,proximal,rankfrac_mean,MPEG1,Macrophage,B_cell,0
COAD,proximal,rankfrac_mean,SIGLEC1,Macrophage,Mast,0
COAD,proximal,rankfrac_mean,BANK1,B_cell,Mast,0
COAD,proximal,rankfrac_mean,CD22,B_cell,B_cell,1
COAD,proximal,rankfrac_mean,FCRL1,B_cell,B_cell,1
COAD,proximal,rankfrac_mean,BLK,B_cell,B_cell,1
COAD,proximal,rankfrac_mean,TNFRSF13C,B_cell,B_cell,1
COAD,proximal,rankfrac_mean,FCRLA,B_cell,B_cell,1
COAD,proximal,rankfrac_mean,CD2,T_NK,B_cell,0
COAD,proximal,rankfrac_mean,CD247,T_NK,Mast,0
COAD,proximal,rankfrac_mean,SKAP1,T_NK,Mast,0
COAD,proximal,rankfrac_mean,THEMIS,T_NK,Mast,0
COAD,proximal,rankfrac_mean,CD96,T_NK,Mast,0
COAD,proximal,rankfrac_mean,ITK,T_NK,Mast,0
COAD,proximal,rankfrac_mean,HDC,Mast,B_cell,0
COAD,proximal,rankfrac_mean,MS4A2,Mast,Mast,1
COAD,proximal,rankfrac_mean,GATA2,Mast,Mast,1
COAD,proximal,rankfrac_mean,HPGDS,Mast,Mast,1
COAD,proximal,rankfrac_mean,SLC18A2,Mast,Mast,1
COAD,proximal,rankfrac_mean,CDH1,Epithelial,Mast,0
COAD,proximal,rankfrac_mean,CLDN4,Epithelial,Mast,0
COAD,proximal,rankfrac_mean,ELF3,Epithelial,Mast,0
COAD,proximal,rankfrac_mean,VIL1,Epithelial,Mast,0
COAD,proximal,rankfrac_mean,LGALS4,Epithelial,Mast,0
COAD,proximal,rankfrac_mean,CDX1,Epithelial,Mast,0
COAD,proximal,rankfrac_mean,PDGFRB,Fibroblast,Mast,0
COAD,proximal,rankfrac_mean,FBLN1,Fibroblast,Mast,0
COAD,proximal,rankfrac_mean,COL6A3,Fibroblast,Mast,0
COAD,proximal,rankfrac_mean,COL5A1,Fibroblast,Mast,0
COAD,proximal,rankfrac_mean,THY1,Fibroblast,Mast,0
COAD,proximal,rankfrac_mean,MMP2,Fibroblast,Mast,0
COAD,proximal,rankfrac_mean,CLDN5,Endothelial,Mast,0
COAD,proximal,rankfrac_mean,FLT1,Endothelial,Mast,0
COAD,proximal,rankfrac_mean,ERG,Endothelial,Mast,0
COAD,proximal,rankfrac_mean,ENG,Endothelial,Mast,0
COAD,proximal,rankfrac_mean,TEK,Endothelial,Mast,0
COAD,proximal,rankfrac_mean,PLVAP,Endothelial,B_cell,0
COAD,proximal,detection_mean,MS4A7,Macrophage,Mast,0
COAD,proximal,detection_mean,FOLR2,Macrophage,Mast,0
COAD,proximal,detection_mean,LYVE1,Macrophage,Mast,0
COAD,proximal,detection_mean,CD86,Macrophage,B_cell,0
COAD,proximal,detection_mean,MPEG1,Macrophage,Mast,0
COAD,proximal,detection_mean,SIGLEC1,Macrophage,Mast,0
COAD,proximal,detection_mean,BANK1,B_cell,Mast,0
COAD,proximal,detection_mean,CD22,B_cell,B_cell,1
COAD,proximal,detection_mean,FCRL1,B_cell,B_cell,1
COAD,proximal,detection_mean,BLK,B_cell,Mast,0
COAD,proximal,detection_mean,TNFRSF13C,B_cell,B_cell,1
COAD,proximal,detection_mean,FCRLA,B_cell,B_cell,1
COAD,proximal,detection_mean,CD2,T_NK,B_cell,0
COAD,proximal,detection_mean,CD247,T_NK,Mast,0
COAD,proximal,detection_mean,SKAP1,T_NK,Mast,0
COAD,proximal,detection_mean,THEMIS,T_NK,Mast,0
COAD,proximal,detection_mean,CD96,T_NK,Mast,0
COAD,proximal,detection_mean,ITK,T_NK,Mast,0
COAD,proximal,detection_mean,HDC,Mast,B_cell,0
COAD,proximal,detection_mean,MS4A2,Mast,Mast,1
COAD,proximal,detection_mean,GATA2,Mast,Mast,1
COAD,proximal,detection_mean,HPGDS,Mast,Mast,1
COAD,proximal,detection_mean,SLC18A2,Mast,Mast,1
COAD,proximal,detection_mean,CDH1,Epithelial,Mast,0
COAD,proximal,detection_mean,CLDN4,Epithelial,Mast,0
COAD,proximal,detection_mean,ELF3,Epithelial,Mast,0
COAD,proximal,detection_mean,VIL1,Epithelial,Mast,0
COAD,proximal,detection_mean,LGALS4,Epithelial,Mast,0
COAD,proximal,detection_mean,CDX1,Epithelial,Mast,0
COAD,proximal,detection_mean,PDGFRB,Fibroblast,Mast,0
COAD,proximal,detection_mean,FBLN1,Fibroblast,Mast,0
COAD,proximal,detection_mean,COL6A3,Fibroblast,Mast,0
COAD,proximal,detection_mean,COL5A1,Fibroblast,Mast,0
COAD,proximal,detection_mean,THY1,Fibroblast,Mast,0
COAD,proximal,detection_mean,MMP2,Fibroblast,Mast,0
COAD,proximal,detection_mean,CLDN5,Endothelial,Mast,0
COAD,proximal,detection_mean,FLT1,Endothelial,Mast,0
COAD,proximal,detection_mean,ERG,Endothelial,Mast,0
COAD,proximal,detection_mean,ENG,Endothelial,Mast,0
COAD,proximal,detection_mean,TEK,Endothelial,Mast,0
COAD,proximal,detection_mean,PLVAP,Endothelial,B_cell,0
COAD,proximal,lognorm_maxnorm,MS4A7,Macrophage,B_cell,0
COAD,proximal,lognorm_maxnorm,FOLR2,Macrophage,B_cell,0
COAD,proximal,lognorm_maxnorm,LYVE1,Macrophage,Mast,0
COAD,proximal,lognorm_maxnorm,CD86,Macrophage,B_cell,0
COAD,proximal,lognorm_maxnorm,MPEG1,Macrophage,B_cell,0
COAD,proximal,lognorm_maxnorm,SIGLEC1,Macrophage,Mast,0
COAD,proximal,lognorm_maxnorm,BANK1,B_cell,Mast,0
COAD,proximal,lognorm_maxnorm,CD22,B_cell,B_cell,1
COAD,proximal,lognorm_maxnorm,FCRL1,B_cell,B_cell,1
COAD,proximal,lognorm_maxnorm,BLK,B_cell,B_cell,1
COAD,proximal,lognorm_maxnorm,TNFRSF13C,B_cell,B_cell,1
COAD,proximal,lognorm_maxnorm,FCRLA,B_cell,B_cell,1
COAD,proximal,lognorm_maxnorm,CD2,T_NK,B_cell,0
COAD,proximal,lognorm_maxnorm,CD247,T_NK,Mast,0
COAD,proximal,lognorm_maxnorm,SKAP1,T_NK,Mast,0
COAD,proximal,lognorm_maxnorm,THEMIS,T_NK,B_cell,0
COAD,proximal,lognorm_maxnorm,CD96,T_NK,B_cell,0
COAD,proximal,lognorm_maxnorm,ITK,T_NK,B_cell,0
COAD,proximal,lognorm_maxnorm,HDC,Mast,B_cell,0
COAD,proximal,lognorm_maxnorm,MS4A2,Mast,Mast,1
COAD,proximal,lognorm_maxnorm,GATA2,Mast,Mast,1
COAD,proximal,lognorm_maxnorm,HPGDS,Mast,Mast,1
COAD,proximal,lognorm_maxnorm,SLC18A2,Mast,Mast,1
COAD,proximal,lognorm_maxnorm,CDH1,Epithelial,Mast,0
COAD,proximal,lognorm_maxnorm,CLDN4,Epithelial,Mast,0
COAD,proximal,lognorm_maxnorm,ELF3,Epithelial,Mast,0
COAD,proximal,lognorm_maxnorm,VIL1,Epithelial,Mast,0
COAD,proximal,lognorm_maxnorm,LGALS4,Epithelial,Mast,0
COAD,proximal,lognorm_maxnorm,CDX1,Epithelial,Mast,0
COAD,proximal,lognorm_maxnorm,PDGFRB,Fibroblast,Mast,0
COAD,proximal,lognorm_maxnorm,FBLN1,Fibroblast,Mast,0
COAD,proximal,lognorm_maxnorm,COL6A3,Fibroblast,Mast,0
COAD,proximal,lognorm_maxnorm,COL5A1,Fibroblast,Mast,0
COAD,proximal,lognorm_maxnorm,THY1,Fibroblast,B_cell,0
COAD,proximal,lognorm_maxnorm,MMP2,Fibroblast,Mast,0
COAD,proximal,lognorm_maxnorm,CLDN5,Endothelial,Mast,0
COAD,proximal,lognorm_maxnorm,FLT1,Endothelial,Mast,0
COAD,proximal,lognorm_maxnorm,ERG,Endothelial,Mast,0
COAD,proximal,lognorm_maxnorm,ENG,Endothelial,Mast,0
COAD,proximal,lognorm_maxnorm,TEK,Endothelial,Mast,0
COAD,proximal,lognorm_maxnorm,PLVAP,Endothelial,B_cell,0
COAD,proximal,pseudobulk_logcpm,MS4A7,Macrophage,Macrophage,1
COAD,proximal,pseudobulk_logcpm,FOLR2,Macrophage,Endothelial,0
COAD,proximal,pseudobulk_logcpm,LYVE1,Macrophage,Fibroblast,0
COAD,proximal,pseudobulk_logcpm,CD86,Macrophage,B_cell,0
COAD,proximal,pseudobulk_logcpm,MPEG1,Macrophage,Macrophage,1
COAD,proximal,pseudobulk_logcpm,SIGLEC1,Macrophage,Fibroblast,0
COAD,proximal,pseudobulk_logcpm,BANK1,B_cell,Macrophage,0
COAD,proximal,pseudobulk_logcpm,CD22,B_cell,Macrophage,0
COAD,proximal,pseudobulk_logcpm,FCRL1,B_cell,B_cell,1
COAD,proximal,pseudobulk_logcpm,BLK,B_cell,B_cell,1
COAD,proximal,pseudobulk_logcpm,TNFRSF13C,B_cell,B_cell,1
COAD,proximal,pseudobulk_logcpm,FCRLA,B_cell,B_cell,1
COAD,proximal,pseudobulk_logcpm,CD2,T_NK,B_cell,0
COAD,proximal,pseudobulk_logcpm,CD247,T_NK,B_cell,0
COAD,proximal,pseudobulk_logcpm,SKAP1,T_NK,Endothelial,0
COAD,proximal,pseudobulk_logcpm,THEMIS,T_NK,T_NK,1
COAD,proximal,pseudobulk_logcpm,CD96,T_NK,T_NK,1
COAD,proximal,pseudobulk_logcpm,ITK,T_NK,B_cell,0
COAD,proximal,pseudobulk_logcpm,HDC,Mast,B_cell,0
COAD,proximal,pseudobulk_logcpm,MS4A2,Mast,T_NK,0
COAD,proximal,pseudobulk_logcpm,GATA2,Mast,T_NK,0
COAD,proximal,pseudobulk_logcpm,HPGDS,Mast,Macrophage,0
COAD,proximal,pseudobulk_logcpm,SLC18A2,Mast,Macrophage,0
COAD,proximal,pseudobulk_logcpm,CDH1,Epithelial,Epithelial,1
COAD,proximal,pseudobulk_logcpm,CLDN4,Epithelial,Epithelial,1
COAD,proximal,pseudobulk_logcpm,ELF3,Epithelial,Mast,0
COAD,proximal,pseudobulk_logcpm,VIL1,Epithelial,Epithelial,1
COAD,proximal,pseudobulk_logcpm,LGALS4,Epithelial,Mast,0
COAD,proximal,pseudobulk_logcpm,CDX1,Epithelial,Mast,0
COAD,proximal,pseudobulk_logcpm,PDGFRB,Fibroblast,Fibroblast,1
COAD,proximal,pseudobulk_logcpm,FBLN1,Fibroblast,Fibroblast,1
COAD,proximal,pseudobulk_logcpm,COL6A3,Fibroblast,Fibroblast,1
COAD,proximal,pseudobulk_logcpm,COL5A1,Fibroblast,Fibroblast,1
COAD,proximal,pseudobulk_logcpm,THY1,Fibroblast,Fibroblast,1
COAD,proximal,pseudobulk_logcpm,MMP2,Fibroblast,T_NK,0
COAD,proximal,pseudobulk_logcpm,CLDN5,Endothelial,Fibroblast,0
COAD,proximal,pseudobulk_logcpm,FLT1,Endothelial,Macrophage,0
COAD,proximal,pseudobulk_logcpm,ERG,Endothelial,Macrophage,0
COAD,proximal,pseudobulk_logcpm,ENG,Endothelial,Fibroblast,0
COAD,proximal,pseudobulk_logcpm,TEK,Endothelial,T_NK,0
COAD,proximal,pseudobulk_logcpm,PLVAP,Endothelial,B_cell,0
HCC,enhancer,raw_mean,CD68,Macrophage,Endothelial_stromal,0
HCC,enhancer,raw_mean,CSF1R,Macrophage,Macrophage,1
HCC,enhancer,raw_mean,MRC1,Macrophage,Endothelial_stromal,0
HCC,enhancer,raw_mean,MSR1,Macrophage,Endothelial_stromal,0
HCC,enhancer,raw_mean,CD163,Macrophage,Hepatocyte,0
HCC,enhancer,raw_mean,ITGAM,Macrophage,B_cell,0
HCC,enhancer,raw_mean,MS4A1,B_cell,B_cell,1
HCC,enhancer,raw_mean,CD79A,B_cell,B_cell,1
HCC,enhancer,raw_mean,CD79B,B_cell,B_cell,1
HCC,enhancer,raw_mean,CD19,B_cell,B_cell,1
HCC,enhancer,raw_mean,BANK1,B_cell,Endothelial_stromal,0
HCC,enhancer,raw_mean,CD3D,NK_cytotoxic_T,NK_cytotoxic_T,1
HCC,enhancer,raw_mean,CD3E,NK_cytotoxic_T,NK_cytotoxic_T,1
HCC,enhancer,raw_mean,CD8A,NK_cytotoxic_T,NK_cytotoxic_T,1
HCC,enhancer,raw_mean,IL7R,NK_cytotoxic_T,CD4_T,0
HCC,enhancer,raw_mean,NKG7,NK_cytotoxic_T,NK_cytotoxic_T,1
HCC,enhancer,raw_mean,GNLY,NK_cytotoxic_T,NK_cytotoxic_T,1
HCC,enhancer,raw_mean,ALB,Hepatocyte,Hepatocyte,1
HCC,enhancer,raw_mean,APOB,Hepatocyte,Hepatocyte,1
HCC,enhancer,raw_mean,HNF4A,Hepatocyte,Hepatocyte,1
HCC,enhancer,raw_mean,TTR,Hepatocyte,Hepatocyte,1
HCC,enhancer,raw_mean,APOA1,Hepatocyte,Endothelial_stromal,0
HCC,enhancer,zscale_mean,CD68,Macrophage,Endothelial_stromal,0
HCC,enhancer,zscale_mean,CSF1R,Macrophage,Macrophage,1
HCC,enhancer,zscale_mean,MRC1,Macrophage,Endothelial_stromal,0
HCC,enhancer,zscale_mean,MSR1,Macrophage,Endothelial_stromal,0
HCC,enhancer,zscale_mean,CD163,Macrophage,Hepatocyte,0
HCC,enhancer,zscale_mean,ITGAM,Macrophage,B_cell,0
HCC,enhancer,zscale_mean,MS4A1,B_cell,B_cell,1
HCC,enhancer,zscale_mean,CD79A,B_cell,B_cell,1
HCC,enhancer,zscale_mean,CD79B,B_cell,B_cell,1
HCC,enhancer,zscale_mean,CD19,B_cell,B_cell,1
HCC,enhancer,zscale_mean,BANK1,B_cell,Endothelial_stromal,0
HCC,enhancer,zscale_mean,CD3D,NK_cytotoxic_T,NK_cytotoxic_T,1
HCC,enhancer,zscale_mean,CD3E,NK_cytotoxic_T,NK_cytotoxic_T,1
HCC,enhancer,zscale_mean,CD8A,NK_cytotoxic_T,NK_cytotoxic_T,1
HCC,enhancer,zscale_mean,IL7R,NK_cytotoxic_T,CD4_T,0
HCC,enhancer,zscale_mean,NKG7,NK_cytotoxic_T,NK_cytotoxic_T,1
HCC,enhancer,zscale_mean,GNLY,NK_cytotoxic_T,NK_cytotoxic_T,1
HCC,enhancer,zscale_mean,ALB,Hepatocyte,Hepatocyte,1
HCC,enhancer,zscale_mean,APOB,Hepatocyte,Hepatocyte,1
HCC,enhancer,zscale_mean,HNF4A,Hepatocyte,Hepatocyte,1
HCC,enhancer,zscale_mean,TTR,Hepatocyte,Hepatocyte,1
HCC,enhancer,zscale_mean,APOA1,Hepatocyte,Endothelial_stromal,0
HCC,enhancer,pseudobulk_cpm,CD68,Macrophage,Macrophage,1
HCC,enhancer,pseudobulk_cpm,CSF1R,Macrophage,Macrophage,1
HCC,enhancer,pseudobulk_cpm,MRC1,Macrophage,Macrophage,1
HCC,enhancer,pseudobulk_cpm,MSR1,Macrophage,Macrophage,1
HCC,enhancer,pseudobulk_cpm,CD163,Macrophage,Macrophage,1
HCC,enhancer,pseudobulk_cpm,ITGAM,Macrophage,Macrophage,1
HCC,enhancer,pseudobulk_cpm,MS4A1,B_cell,B_cell,1
HCC,enhancer,pseudobulk_cpm,CD79A,B_cell,B_cell,1
HCC,enhancer,pseudobulk_cpm,CD79B,B_cell,B_cell,1
HCC,enhancer,pseudobulk_cpm,CD19,B_cell,B_cell,1
HCC,enhancer,pseudobulk_cpm,BANK1,B_cell,B_cell,1
HCC,enhancer,pseudobulk_cpm,CD3D,NK_cytotoxic_T,NK_cytotoxic_T,1
HCC,enhancer,pseudobulk_cpm,CD3E,NK_cytotoxic_T,NK_cytotoxic_T,1
HCC,enhancer,pseudobulk_cpm,CD8A,NK_cytotoxic_T,NK_cytotoxic_T,1
HCC,enhancer,pseudobulk_cpm,IL7R,NK_cytotoxic_T,CD4_T,0
HCC,enhancer,pseudobulk_cpm,NKG7,NK_cytotoxic_T,NK_cytotoxic_T,1
HCC,enhancer,pseudobulk_cpm,GNLY,NK_cytotoxic_T,NK_cytotoxic_T,1
HCC,enhancer,pseudobulk_cpm,ALB,Hepatocyte,Hepatocyte,1
HCC,enhancer,pseudobulk_cpm,APOB,Hepatocyte,Hepatocyte,1
HCC,enhancer,pseudobulk_cpm,HNF4A,Hepatocyte,Hepatocyte,1
HCC,enhancer,pseudobulk_cpm,TTR,Hepatocyte,Hepatocyte,1
HCC,enhancer,pseudobulk_cpm,APOA1,Hepatocyte,Hepatocyte,1
HCC,enhancer,depth_matched,CD68,Macrophage,Macrophage,1
HCC,enhancer,depth_matched,CSF1R,Macrophage,Macrophage,1
HCC,enhancer,depth_matched,MRC1,Macrophage,Macrophage,1
HCC,enhancer,depth_matched,MSR1,Macrophage,Macrophage,1
HCC,enhancer,depth_matched,CD163,Macrophage,Macrophage,1
HCC,enhancer,depth_matched,ITGAM,Macrophage,Macrophage,1
HCC,enhancer,depth_matched,MS4A1,B_cell,B_cell,1
HCC,enhancer,depth_matched,CD79A,B_cell,B_cell,1
HCC,enhancer,depth_matched,CD79B,B_cell,B_cell,1
HCC,enhancer,depth_matched,CD19,B_cell,B_cell,1
HCC,enhancer,depth_matched,BANK1,B_cell,B_cell,1
HCC,enhancer,depth_matched,CD3D,NK_cytotoxic_T,NK_cytotoxic_T,1
HCC,enhancer,depth_matched,CD3E,NK_cytotoxic_T,NK_cytotoxic_T,1
HCC,enhancer,depth_matched,CD8A,NK_cytotoxic_T,NK_cytotoxic_T,1
HCC,enhancer,depth_matched,IL7R,NK_cytotoxic_T,CD4_T,0
HCC,enhancer,depth_matched,NKG7,NK_cytotoxic_T,NK_cytotoxic_T,1
HCC,enhancer,depth_matched,GNLY,NK_cytotoxic_T,NK_cytotoxic_T,1
HCC,enhancer,depth_matched,ALB,Hepatocyte,Hepatocyte,1
HCC,enhancer,depth_matched,APOB,Hepatocyte,Hepatocyte,1
HCC,enhancer,depth_matched,HNF4A,Hepatocyte,Hepatocyte,1
HCC,enhancer,depth_matched,TTR,Hepatocyte,Hepatocyte,1
HCC,enhancer,depth_matched,APOA1,Hepatocyte,Hepatocyte,1
HCC,enhancer,cpm_mean,CD68,Macrophage,Macrophage,1
HCC,enhancer,cpm_mean,CSF1R,Macrophage,Macrophage,1
HCC,enhancer,cpm_mean,MRC1,Macrophage,Macrophage,1
HCC,enhancer,cpm_mean,MSR1,Macrophage,Macrophage,1
HCC,enhancer,cpm_mean,CD163,Macrophage,Macrophage,1
HCC,enhancer,cpm_mean,ITGAM,Macrophage,Macrophage,1
HCC,enhancer,cpm_mean,MS4A1,B_cell,B_cell,1
HCC,enhancer,cpm_mean,CD79A,B_cell,B_cell,1
HCC,enhancer,cpm_mean,CD79B,B_cell,B_cell,1
HCC,enhancer,cpm_mean,CD19,B_cell,B_cell,1
HCC,enhancer,cpm_mean,BANK1,B_cell,B_cell,1
HCC,enhancer,cpm_mean,CD3D,NK_cytotoxic_T,NK_cytotoxic_T,1
HCC,enhancer,cpm_mean,CD3E,NK_cytotoxic_T,NK_cytotoxic_T,1
HCC,enhancer,cpm_mean,CD8A,NK_cytotoxic_T,NK_cytotoxic_T,1
HCC,enhancer,cpm_mean,IL7R,NK_cytotoxic_T,CD4_T,0
HCC,enhancer,cpm_mean,NKG7,NK_cytotoxic_T,NK_cytotoxic_T,1
HCC,enhancer,cpm_mean,GNLY,NK_cytotoxic_T,NK_cytotoxic_T,1
HCC,enhancer,cpm_mean,ALB,Hepatocyte,Hepatocyte,1
HCC,enhancer,cpm_mean,APOB,Hepatocyte,Hepatocyte,1
HCC,enhancer,cpm_mean,HNF4A,Hepatocyte,Hepatocyte,1
HCC,enhancer,cpm_mean,TTR,Hepatocyte,Hepatocyte,1
HCC,enhancer,cpm_mean,APOA1,Hepatocyte,Hepatocyte,1
HCC,enhancer,lognorm_mean,CD68,Macrophage,Macrophage,1
HCC,enhancer,lognorm_mean,CSF1R,Macrophage,Macrophage,1
HCC,enhancer,lognorm_mean,MRC1,Macrophage,Macrophage,1
HCC,enhancer,lognorm_mean,MSR1,Macrophage,Macrophage,1
HCC,enhancer,lognorm_mean,CD163,Macrophage,Macrophage,1
HCC,enhancer,lognorm_mean,ITGAM,Macrophage,Macrophage,1
HCC,enhancer,lognorm_mean,MS4A1,B_cell,B_cell,1
HCC,enhancer,lognorm_mean,CD79A,B_cell,B_cell,1
HCC,enhancer,lognorm_mean,CD79B,B_cell,B_cell,1
HCC,enhancer,lognorm_mean,CD19,B_cell,B_cell,1
HCC,enhancer,lognorm_mean,BANK1,B_cell,B_cell,1
HCC,enhancer,lognorm_mean,CD3D,NK_cytotoxic_T,NK_cytotoxic_T,1
HCC,enhancer,lognorm_mean,CD3E,NK_cytotoxic_T,NK_cytotoxic_T,1
HCC,enhancer,lognorm_mean,CD8A,NK_cytotoxic_T,NK_cytotoxic_T,1
HCC,enhancer,lognorm_mean,IL7R,NK_cytotoxic_T,CD4_T,0
HCC,enhancer,lognorm_mean,NKG7,NK_cytotoxic_T,NK_cytotoxic_T,1
HCC,enhancer,lognorm_mean,GNLY,NK_cytotoxic_T,NK_cytotoxic_T,1
HCC,enhancer,lognorm_mean,ALB,Hepatocyte,Hepatocyte,1
HCC,enhancer,lognorm_mean,APOB,Hepatocyte,Hepatocyte,1
HCC,enhancer,lognorm_mean,HNF4A,Hepatocyte,Hepatocyte,1
HCC,enhancer,lognorm_mean,TTR,Hepatocyte,Hepatocyte,1
HCC,enhancer,lognorm_mean,APOA1,Hepatocyte,Hepatocyte,1
HCC,enhancer,tfidf1_mean,CD68,Macrophage,Macrophage,1
HCC,enhancer,tfidf1_mean,CSF1R,Macrophage,Macrophage,1
HCC,enhancer,tfidf1_mean,MRC1,Macrophage,Macrophage,1
HCC,enhancer,tfidf1_mean,MSR1,Macrophage,Macrophage,1
HCC,enhancer,tfidf1_mean,CD163,Macrophage,Macrophage,1
HCC,enhancer,tfidf1_mean,ITGAM,Macrophage,Macrophage,1
HCC,enhancer,tfidf1_mean,MS4A1,B_cell,B_cell,1
HCC,enhancer,tfidf1_mean,CD79A,B_cell,B_cell,1
HCC,enhancer,tfidf1_mean,CD79B,B_cell,B_cell,1
HCC,enhancer,tfidf1_mean,CD19,B_cell,B_cell,1
HCC,enhancer,tfidf1_mean,BANK1,B_cell,B_cell,1
HCC,enhancer,tfidf1_mean,CD3D,NK_cytotoxic_T,NK_cytotoxic_T,1
HCC,enhancer,tfidf1_mean,CD3E,NK_cytotoxic_T,NK_cytotoxic_T,1
HCC,enhancer,tfidf1_mean,CD8A,NK_cytotoxic_T,NK_cytotoxic_T,1
HCC,enhancer,tfidf1_mean,IL7R,NK_cytotoxic_T,CD4_T,0
HCC,enhancer,tfidf1_mean,NKG7,NK_cytotoxic_T,NK_cytotoxic_T,1
HCC,enhancer,tfidf1_mean,GNLY,NK_cytotoxic_T,NK_cytotoxic_T,1
HCC,enhancer,tfidf1_mean,ALB,Hepatocyte,Hepatocyte,1
HCC,enhancer,tfidf1_mean,APOB,Hepatocyte,Hepatocyte,1
HCC,enhancer,tfidf1_mean,HNF4A,Hepatocyte,Hepatocyte,1
HCC,enhancer,tfidf1_mean,TTR,Hepatocyte,Hepatocyte,1
HCC,enhancer,tfidf1_mean,APOA1,Hepatocyte,Hepatocyte,1
HCC,enhancer,tfidf2_mean,CD68,Macrophage,Macrophage,1
HCC,enhancer,tfidf2_mean,CSF1R,Macrophage,Macrophage,1
HCC,enhancer,tfidf2_mean,MRC1,Macrophage,Macrophage,1
HCC,enhancer,tfidf2_mean,MSR1,Macrophage,Macrophage,1
HCC,enhancer,tfidf2_mean,CD163,Macrophage,Macrophage,1
HCC,enhancer,tfidf2_mean,ITGAM,Macrophage,Macrophage,1
HCC,enhancer,tfidf2_mean,MS4A1,B_cell,B_cell,1
HCC,enhancer,tfidf2_mean,CD79A,B_cell,B_cell,1
HCC,enhancer,tfidf2_mean,CD79B,B_cell,B_cell,1
HCC,enhancer,tfidf2_mean,CD19,B_cell,B_cell,1
HCC,enhancer,tfidf2_mean,BANK1,B_cell,B_cell,1
HCC,enhancer,tfidf2_mean,CD3D,NK_cytotoxic_T,NK_cytotoxic_T,1
HCC,enhancer,tfidf2_mean,CD3E,NK_cytotoxic_T,NK_cytotoxic_T,1
HCC,enhancer,tfidf2_mean,CD8A,NK_cytotoxic_T,NK_cytotoxic_T,1
HCC,enhancer,tfidf2_mean,IL7R,NK_cytotoxic_T,CD4_T,0
HCC,enhancer,tfidf2_mean,NKG7,NK_cytotoxic_T,NK_cytotoxic_T,1
HCC,enhancer,tfidf2_mean,GNLY,NK_cytotoxic_T,NK_cytotoxic_T,1
HCC,enhancer,tfidf2_mean,ALB,Hepatocyte,Hepatocyte,1
HCC,enhancer,tfidf2_mean,APOB,Hepatocyte,Hepatocyte,1
HCC,enhancer,tfidf2_mean,HNF4A,Hepatocyte,Hepatocyte,1
HCC,enhancer,tfidf2_mean,TTR,Hepatocyte,Hepatocyte,1
HCC,enhancer,tfidf2_mean,APOA1,Hepatocyte,Hepatocyte,1
HCC,enhancer,tfidf3_mean,CD68,Macrophage,Macrophage,1
HCC,enhancer,tfidf3_mean,CSF1R,Macrophage,Macrophage,1
HCC,enhancer,tfidf3_mean,MRC1,Macrophage,Macrophage,1
HCC,enhancer,tfidf3_mean,MSR1,Macrophage,Macrophage,1
HCC,enhancer,tfidf3_mean,CD163,Macrophage,Macrophage,1
HCC,enhancer,tfidf3_mean,ITGAM,Macrophage,Macrophage,1
HCC,enhancer,tfidf3_mean,MS4A1,B_cell,B_cell,1
HCC,enhancer,tfidf3_mean,CD79A,B_cell,B_cell,1
HCC,enhancer,tfidf3_mean,CD79B,B_cell,B_cell,1
HCC,enhancer,tfidf3_mean,CD19,B_cell,B_cell,1
HCC,enhancer,tfidf3_mean,BANK1,B_cell,B_cell,1
HCC,enhancer,tfidf3_mean,CD3D,NK_cytotoxic_T,NK_cytotoxic_T,1
HCC,enhancer,tfidf3_mean,CD3E,NK_cytotoxic_T,NK_cytotoxic_T,1
HCC,enhancer,tfidf3_mean,CD8A,NK_cytotoxic_T,NK_cytotoxic_T,1
HCC,enhancer,tfidf3_mean,IL7R,NK_cytotoxic_T,CD4_T,0
HCC,enhancer,tfidf3_mean,NKG7,NK_cytotoxic_T,NK_cytotoxic_T,1
HCC,enhancer,tfidf3_mean,GNLY,NK_cytotoxic_T,NK_cytotoxic_T,1
HCC,enhancer,tfidf3_mean,ALB,Hepatocyte,Hepatocyte,1
HCC,enhancer,tfidf3_mean,APOB,Hepatocyte,Hepatocyte,1
HCC,enhancer,tfidf3_mean,HNF4A,Hepatocyte,Hepatocyte,1
HCC,enhancer,tfidf3_mean,TTR,Hepatocyte,Hepatocyte,1
HCC,enhancer,tfidf3_mean,APOA1,Hepatocyte,Hepatocyte,1
HCC,enhancer,pearson_mean,CD68,Macrophage,Macrophage,1
HCC,enhancer,pearson_mean,CSF1R,Macrophage,Macrophage,1
HCC,enhancer,pearson_mean,MRC1,Macrophage,Macrophage,1
HCC,enhancer,pearson_mean,MSR1,Macrophage,Macrophage,1
HCC,enhancer,pearson_mean,CD163,Macrophage,Macrophage,1
HCC,enhancer,pearson_mean,ITGAM,Macrophage,Macrophage,1
HCC,enhancer,pearson_mean,MS4A1,B_cell,B_cell,1
HCC,enhancer,pearson_mean,CD79A,B_cell,B_cell,1
HCC,enhancer,pearson_mean,CD79B,B_cell,B_cell,1
HCC,enhancer,pearson_mean,CD19,B_cell,B_cell,1
HCC,enhancer,pearson_mean,BANK1,B_cell,B_cell,1
HCC,enhancer,pearson_mean,CD3D,NK_cytotoxic_T,NK_cytotoxic_T,1
HCC,enhancer,pearson_mean,CD3E,NK_cytotoxic_T,NK_cytotoxic_T,1
HCC,enhancer,pearson_mean,CD8A,NK_cytotoxic_T,NK_cytotoxic_T,1
HCC,enhancer,pearson_mean,IL7R,NK_cytotoxic_T,CD4_T,0
HCC,enhancer,pearson_mean,NKG7,NK_cytotoxic_T,NK_cytotoxic_T,1
HCC,enhancer,pearson_mean,GNLY,NK_cytotoxic_T,NK_cytotoxic_T,1
HCC,enhancer,pearson_mean,ALB,Hepatocyte,Hepatocyte,1
HCC,enhancer,pearson_mean,APOB,Hepatocyte,Hepatocyte,1
HCC,enhancer,pearson_mean,HNF4A,Hepatocyte,Hepatocyte,1
HCC,enhancer,pearson_mean,TTR,Hepatocyte,Hepatocyte,1
HCC,enhancer,pearson_mean,APOA1,Hepatocyte,Hepatocyte,1
HCC,enhancer,medscale_mean,CD68,Macrophage,Macrophage,1
HCC,enhancer,medscale_mean,CSF1R,Macrophage,Macrophage,1
HCC,enhancer,medscale_mean,MRC1,Macrophage,Macrophage,1
HCC,enhancer,medscale_mean,MSR1,Macrophage,Macrophage,1
HCC,enhancer,medscale_mean,CD163,Macrophage,Macrophage,1
HCC,enhancer,medscale_mean,ITGAM,Macrophage,Macrophage,1
HCC,enhancer,medscale_mean,MS4A1,B_cell,B_cell,1
HCC,enhancer,medscale_mean,CD79A,B_cell,B_cell,1
HCC,enhancer,medscale_mean,CD79B,B_cell,B_cell,1
HCC,enhancer,medscale_mean,CD19,B_cell,B_cell,1
HCC,enhancer,medscale_mean,BANK1,B_cell,B_cell,1
HCC,enhancer,medscale_mean,CD3D,NK_cytotoxic_T,NK_cytotoxic_T,1
HCC,enhancer,medscale_mean,CD3E,NK_cytotoxic_T,NK_cytotoxic_T,1
HCC,enhancer,medscale_mean,CD8A,NK_cytotoxic_T,NK_cytotoxic_T,1
HCC,enhancer,medscale_mean,IL7R,NK_cytotoxic_T,CD4_T,0
HCC,enhancer,medscale_mean,NKG7,NK_cytotoxic_T,NK_cytotoxic_T,1
HCC,enhancer,medscale_mean,GNLY,NK_cytotoxic_T,NK_cytotoxic_T,1
HCC,enhancer,medscale_mean,ALB,Hepatocyte,Hepatocyte,1
HCC,enhancer,medscale_mean,APOB,Hepatocyte,Hepatocyte,1
HCC,enhancer,medscale_mean,HNF4A,Hepatocyte,Hepatocyte,1
HCC,enhancer,medscale_mean,TTR,Hepatocyte,Hepatocyte,1
HCC,enhancer,medscale_mean,APOA1,Hepatocyte,Hepatocyte,1
HCC,enhancer,rank_mean,CD68,Macrophage,Macrophage,1
HCC,enhancer,rank_mean,CSF1R,Macrophage,Macrophage,1
HCC,enhancer,rank_mean,MRC1,Macrophage,Macrophage,1
HCC,enhancer,rank_mean,MSR1,Macrophage,Endothelial_stromal,0
HCC,enhancer,rank_mean,CD163,Macrophage,Hepatocyte,0
HCC,enhancer,rank_mean,ITGAM,Macrophage,Macrophage,1
HCC,enhancer,rank_mean,MS4A1,B_cell,B_cell,1
HCC,enhancer,rank_mean,CD79A,B_cell,B_cell,1
HCC,enhancer,rank_mean,CD79B,B_cell,B_cell,1
HCC,enhancer,rank_mean,CD19,B_cell,B_cell,1
HCC,enhancer,rank_mean,BANK1,B_cell,B_cell,1
HCC,enhancer,rank_mean,CD3D,NK_cytotoxic_T,NK_cytotoxic_T,1
HCC,enhancer,rank_mean,CD3E,NK_cytotoxic_T,NK_cytotoxic_T,1
HCC,enhancer,rank_mean,CD8A,NK_cytotoxic_T,NK_cytotoxic_T,1
HCC,enhancer,rank_mean,IL7R,NK_cytotoxic_T,CD4_T,0
HCC,enhancer,rank_mean,NKG7,NK_cytotoxic_T,NK_cytotoxic_T,1
HCC,enhancer,rank_mean,GNLY,NK_cytotoxic_T,Hepatocyte,0
HCC,enhancer,rank_mean,ALB,Hepatocyte,Hepatocyte,1
HCC,enhancer,rank_mean,APOB,Hepatocyte,Hepatocyte,1
HCC,enhancer,rank_mean,HNF4A,Hepatocyte,Hepatocyte,1
HCC,enhancer,rank_mean,TTR,Hepatocyte,Hepatocyte,1
HCC,enhancer,rank_mean,APOA1,Hepatocyte,Hepatocyte,1
HCC,enhancer,rankfrac_mean,CD68,Macrophage,Macrophage,1
HCC,enhancer,rankfrac_mean,CSF1R,Macrophage,Macrophage,1
HCC,enhancer,rankfrac_mean,MRC1,Macrophage,Macrophage,1
HCC,enhancer,rankfrac_mean,MSR1,Macrophage,Macrophage,1
HCC,enhancer,rankfrac_mean,CD163,Macrophage,Macrophage,1
HCC,enhancer,rankfrac_mean,ITGAM,Macrophage,Macrophage,1
HCC,enhancer,rankfrac_mean,MS4A1,B_cell,B_cell,1
HCC,enhancer,rankfrac_mean,CD79A,B_cell,B_cell,1
HCC,enhancer,rankfrac_mean,CD79B,B_cell,B_cell,1
HCC,enhancer,rankfrac_mean,CD19,B_cell,B_cell,1
HCC,enhancer,rankfrac_mean,BANK1,B_cell,B_cell,1
HCC,enhancer,rankfrac_mean,CD3D,NK_cytotoxic_T,NK_cytotoxic_T,1
HCC,enhancer,rankfrac_mean,CD3E,NK_cytotoxic_T,NK_cytotoxic_T,1
HCC,enhancer,rankfrac_mean,CD8A,NK_cytotoxic_T,NK_cytotoxic_T,1
HCC,enhancer,rankfrac_mean,IL7R,NK_cytotoxic_T,CD4_T,0
HCC,enhancer,rankfrac_mean,NKG7,NK_cytotoxic_T,NK_cytotoxic_T,1
HCC,enhancer,rankfrac_mean,GNLY,NK_cytotoxic_T,Macrophage,0
HCC,enhancer,rankfrac_mean,ALB,Hepatocyte,Hepatocyte,1
HCC,enhancer,rankfrac_mean,APOB,Hepatocyte,Hepatocyte,1
HCC,enhancer,rankfrac_mean,HNF4A,Hepatocyte,Hepatocyte,1
HCC,enhancer,rankfrac_mean,TTR,Hepatocyte,Hepatocyte,1
HCC,enhancer,rankfrac_mean,APOA1,Hepatocyte,Hepatocyte,1
HCC,enhancer,detection_mean,CD68,Macrophage,NK_cytotoxic_T,0
HCC,enhancer,detection_mean,CSF1R,Macrophage,Macrophage,1
HCC,enhancer,detection_mean,MRC1,Macrophage,Endothelial_stromal,0
HCC,enhancer,detection_mean,MSR1,Macrophage,Endothelial_stromal,0
HCC,enhancer,detection_mean,CD163,Macrophage,Hepatocyte,0
HCC,enhancer,detection_mean,ITGAM,Macrophage,Macrophage,1
HCC,enhancer,detection_mean,MS4A1,B_cell,B_cell,1
HCC,enhancer,detection_mean,CD79A,B_cell,B_cell,1
HCC,enhancer,detection_mean,CD79B,B_cell,NK_cytotoxic_T,0
HCC,enhancer,detection_mean,CD19,B_cell,B_cell,1
HCC,enhancer,detection_mean,BANK1,B_cell,B_cell,1
HCC,enhancer,detection_mean,CD3D,NK_cytotoxic_T,NK_cytotoxic_T,1
HCC,enhancer,detection_mean,CD3E,NK_cytotoxic_T,NK_cytotoxic_T,1
HCC,enhancer,detection_mean,CD8A,NK_cytotoxic_T,Hepatocyte,0
HCC,enhancer,detection_mean,IL7R,NK_cytotoxic_T,CD4_T,0
HCC,enhancer,detection_mean,NKG7,NK_cytotoxic_T,NK_cytotoxic_T,1
HCC,enhancer,detection_mean,GNLY,NK_cytotoxic_T,Hepatocyte,0
HCC,enhancer,detection_mean,ALB,Hepatocyte,Hepatocyte,1
HCC,enhancer,detection_mean,APOB,Hepatocyte,Hepatocyte,1
HCC,enhancer,detection_mean,HNF4A,Hepatocyte,Hepatocyte,1
HCC,enhancer,detection_mean,TTR,Hepatocyte,Hepatocyte,1
HCC,enhancer,detection_mean,APOA1,Hepatocyte,Hepatocyte,1
HCC,enhancer,lognorm_maxnorm,CD68,Macrophage,Macrophage,1
HCC,enhancer,lognorm_maxnorm,CSF1R,Macrophage,Macrophage,1
HCC,enhancer,lognorm_maxnorm,MRC1,Macrophage,Macrophage,1
HCC,enhancer,lognorm_maxnorm,MSR1,Macrophage,Macrophage,1
HCC,enhancer,lognorm_maxnorm,CD163,Macrophage,Macrophage,1
HCC,enhancer,lognorm_maxnorm,ITGAM,Macrophage,Macrophage,1
HCC,enhancer,lognorm_maxnorm,MS4A1,B_cell,B_cell,1
HCC,enhancer,lognorm_maxnorm,CD79A,B_cell,B_cell,1
HCC,enhancer,lognorm_maxnorm,CD79B,B_cell,B_cell,1
HCC,enhancer,lognorm_maxnorm,CD19,B_cell,B_cell,1
HCC,enhancer,lognorm_maxnorm,BANK1,B_cell,B_cell,1
HCC,enhancer,lognorm_maxnorm,CD3D,NK_cytotoxic_T,NK_cytotoxic_T,1
HCC,enhancer,lognorm_maxnorm,CD3E,NK_cytotoxic_T,NK_cytotoxic_T,1
HCC,enhancer,lognorm_maxnorm,CD8A,NK_cytotoxic_T,NK_cytotoxic_T,1
HCC,enhancer,lognorm_maxnorm,IL7R,NK_cytotoxic_T,CD4_T,0
HCC,enhancer,lognorm_maxnorm,NKG7,NK_cytotoxic_T,NK_cytotoxic_T,1
HCC,enhancer,lognorm_maxnorm,GNLY,NK_cytotoxic_T,NK_cytotoxic_T,1
HCC,enhancer,lognorm_maxnorm,ALB,Hepatocyte,Hepatocyte,1
HCC,enhancer,lognorm_maxnorm,APOB,Hepatocyte,Hepatocyte,1
HCC,enhancer,lognorm_maxnorm,HNF4A,Hepatocyte,Hepatocyte,1
HCC,enhancer,lognorm_maxnorm,TTR,Hepatocyte,Hepatocyte,1
HCC,enhancer,lognorm_maxnorm,APOA1,Hepatocyte,Hepatocyte,1
HCC,enhancer,pseudobulk_logcpm,CD68,Macrophage,Macrophage,1
HCC,enhancer,pseudobulk_logcpm,CSF1R,Macrophage,Macrophage,1
HCC,enhancer,pseudobulk_logcpm,MRC1,Macrophage,Macrophage,1
HCC,enhancer,pseudobulk_logcpm,MSR1,Macrophage,Macrophage,1
HCC,enhancer,pseudobulk_logcpm,CD163,Macrophage,Macrophage,1
HCC,enhancer,pseudobulk_logcpm,ITGAM,Macrophage,Macrophage,1
HCC,enhancer,pseudobulk_logcpm,MS4A1,B_cell,B_cell,1
HCC,enhancer,pseudobulk_logcpm,CD79A,B_cell,B_cell,1
HCC,enhancer,pseudobulk_logcpm,CD79B,B_cell,B_cell,1
HCC,enhancer,pseudobulk_logcpm,CD19,B_cell,B_cell,1
HCC,enhancer,pseudobulk_logcpm,BANK1,B_cell,B_cell,1
HCC,enhancer,pseudobulk_logcpm,CD3D,NK_cytotoxic_T,NK_cytotoxic_T,1
HCC,enhancer,pseudobulk_logcpm,CD3E,NK_cytotoxic_T,NK_cytotoxic_T,1
HCC,enhancer,pseudobulk_logcpm,CD8A,NK_cytotoxic_T,NK_cytotoxic_T,1
HCC,enhancer,pseudobulk_logcpm,IL7R,NK_cytotoxic_T,CD4_T,0
HCC,enhancer,pseudobulk_logcpm,NKG7,NK_cytotoxic_T,NK_cytotoxic_T,1
HCC,enhancer,pseudobulk_logcpm,GNLY,NK_cytotoxic_T,NK_cytotoxic_T,1
HCC,enhancer,pseudobulk_logcpm,ALB,Hepatocyte,Hepatocyte,1
HCC,enhancer,pseudobulk_logcpm,APOB,Hepatocyte,Hepatocyte,1
HCC,enhancer,pseudobulk_logcpm,HNF4A,Hepatocyte,Hepatocyte,1
HCC,enhancer,pseudobulk_logcpm,TTR,Hepatocyte,Hepatocyte,1
HCC,enhancer,pseudobulk_logcpm,APOA1,Hepatocyte,Hepatocyte,1
HCC,proximal,raw_mean,CD68,Macrophage,Macrophage,1
HCC,proximal,raw_mean,CSF1R,Macrophage,Macrophage,1
HCC,proximal,raw_mean,MRC1,Macrophage,Endothelial_stromal,0
HCC,proximal,raw_mean,MSR1,Macrophage,Endothelial_stromal,0
HCC,proximal,raw_mean,CD163,Macrophage,Hepatocyte,0
HCC,proximal,raw_mean,ITGAM,Macrophage,B_cell,0
HCC,proximal,raw_mean,MS4A1,B_cell,B_cell,1
HCC,proximal,raw_mean,CD79A,B_cell,B_cell,1
HCC,proximal,raw_mean,CD79B,B_cell,B_cell,1
HCC,proximal,raw_mean,CD19,B_cell,B_cell,1
HCC,proximal,raw_mean,BANK1,B_cell,Endothelial_stromal,0
HCC,proximal,raw_mean,CD3D,NK_cytotoxic_T,NK_cytotoxic_T,1
HCC,proximal,raw_mean,CD3E,NK_cytotoxic_T,NK_cytotoxic_T,1
HCC,proximal,raw_mean,CD8A,NK_cytotoxic_T,NK_cytotoxic_T,1
HCC,proximal,raw_mean,IL7R,NK_cytotoxic_T,CD4_T,0
HCC,proximal,raw_mean,NKG7,NK_cytotoxic_T,NK_cytotoxic_T,1
HCC,proximal,raw_mean,GNLY,NK_cytotoxic_T,NK_cytotoxic_T,1
HCC,proximal,raw_mean,ALB,Hepatocyte,Hepatocyte,1
HCC,proximal,raw_mean,APOB,Hepatocyte,Hepatocyte,1
HCC,proximal,raw_mean,HNF4A,Hepatocyte,Hepatocyte,1
HCC,proximal,raw_mean,TTR,Hepatocyte,Hepatocyte,1
HCC,proximal,raw_mean,APOA1,Hepatocyte,Endothelial_stromal,0
HCC,proximal,zscale_mean,CD68,Macrophage,Macrophage,1
HCC,proximal,zscale_mean,CSF1R,Macrophage,Macrophage,1
HCC,proximal,zscale_mean,MRC1,Macrophage,Endothelial_stromal,0
HCC,proximal,zscale_mean,MSR1,Macrophage,Endothelial_stromal,0
HCC,proximal,zscale_mean,CD163,Macrophage,Hepatocyte,0
HCC,proximal,zscale_mean,ITGAM,Macrophage,Macrophage,1
HCC,proximal,zscale_mean,MS4A1,B_cell,B_cell,1
HCC,proximal,zscale_mean,CD79A,B_cell,B_cell,1
HCC,proximal,zscale_mean,CD79B,B_cell,B_cell,1
HCC,proximal,zscale_mean,CD19,B_cell,B_cell,1
HCC,proximal,zscale_mean,BANK1,B_cell,Endothelial_stromal,0
HCC,proximal,zscale_mean,CD3D,NK_cytotoxic_T,NK_cytotoxic_T,1
HCC,proximal,zscale_mean,CD3E,NK_cytotoxic_T,NK_cytotoxic_T,1
HCC,proximal,zscale_mean,CD8A,NK_cytotoxic_T,NK_cytotoxic_T,1
HCC,proximal,zscale_mean,IL7R,NK_cytotoxic_T,CD4_T,0
HCC,proximal,zscale_mean,NKG7,NK_cytotoxic_T,NK_cytotoxic_T,1
HCC,proximal,zscale_mean,GNLY,NK_cytotoxic_T,NK_cytotoxic_T,1
HCC,proximal,zscale_mean,ALB,Hepatocyte,Hepatocyte,1
HCC,proximal,zscale_mean,APOB,Hepatocyte,Hepatocyte,1
HCC,proximal,zscale_mean,HNF4A,Hepatocyte,Hepatocyte,1
HCC,proximal,zscale_mean,TTR,Hepatocyte,Hepatocyte,1
HCC,proximal,zscale_mean,APOA1,Hepatocyte,Endothelial_stromal,0
HCC,proximal,pseudobulk_cpm,CD68,Macrophage,Macrophage,1
HCC,proximal,pseudobulk_cpm,CSF1R,Macrophage,Macrophage,1
HCC,proximal,pseudobulk_cpm,MRC1,Macrophage,Macrophage,1
HCC,proximal,pseudobulk_cpm,MSR1,Macrophage,Macrophage,1
HCC,proximal,pseudobulk_cpm,CD163,Macrophage,Macrophage,1
HCC,proximal,pseudobulk_cpm,ITGAM,Macrophage,Macrophage,1
HCC,proximal,pseudobulk_cpm,MS4A1,B_cell,B_cell,1
HCC,proximal,pseudobulk_cpm,CD79A,B_cell,B_cell,1
HCC,proximal,pseudobulk_cpm,CD79B,B_cell,B_cell,1
HCC,proximal,pseudobulk_cpm,CD19,B_cell,B_cell,1
HCC,proximal,pseudobulk_cpm,BANK1,B_cell,B_cell,1
HCC,proximal,pseudobulk_cpm,CD3D,NK_cytotoxic_T,NK_cytotoxic_T,1
HCC,proximal,pseudobulk_cpm,CD3E,NK_cytotoxic_T,NK_cytotoxic_T,1
HCC,proximal,pseudobulk_cpm,CD8A,NK_cytotoxic_T,NK_cytotoxic_T,1
HCC,proximal,pseudobulk_cpm,IL7R,NK_cytotoxic_T,CD4_T,0
HCC,proximal,pseudobulk_cpm,NKG7,NK_cytotoxic_T,NK_cytotoxic_T,1
HCC,proximal,pseudobulk_cpm,GNLY,NK_cytotoxic_T,NK_cytotoxic_T,1
HCC,proximal,pseudobulk_cpm,ALB,Hepatocyte,Hepatocyte,1
HCC,proximal,pseudobulk_cpm,APOB,Hepatocyte,Hepatocyte,1
HCC,proximal,pseudobulk_cpm,HNF4A,Hepatocyte,Hepatocyte,1
HCC,proximal,pseudobulk_cpm,TTR,Hepatocyte,Hepatocyte,1
HCC,proximal,pseudobulk_cpm,APOA1,Hepatocyte,Endothelial_stromal,0
HCC,proximal,depth_matched,CD68,Macrophage,Macrophage,1
HCC,proximal,depth_matched,CSF1R,Macrophage,Macrophage,1
HCC,proximal,depth_matched,MRC1,Macrophage,Macrophage,1
HCC,proximal,depth_matched,MSR1,Macrophage,Macrophage,1
HCC,proximal,depth_matched,CD163,Macrophage,Macrophage,1
HCC,proximal,depth_matched,ITGAM,Macrophage,Macrophage,1
HCC,proximal,depth_matched,MS4A1,B_cell,B_cell,1
HCC,proximal,depth_matched,CD79A,B_cell,B_cell,1
HCC,proximal,depth_matched,CD79B,B_cell,B_cell,1
HCC,proximal,depth_matched,CD19,B_cell,Macrophage,0
HCC,proximal,depth_matched,BANK1,B_cell,B_cell,1
HCC,proximal,depth_matched,CD3D,NK_cytotoxic_T,NK_cytotoxic_T,1
HCC,proximal,depth_matched,CD3E,NK_cytotoxic_T,NK_cytotoxic_T,1
HCC,proximal,depth_matched,CD8A,NK_cytotoxic_T,NK_cytotoxic_T,1
HCC,proximal,depth_matched,IL7R,NK_cytotoxic_T,CD4_T,0
HCC,proximal,depth_matched,NKG7,NK_cytotoxic_T,NK_cytotoxic_T,1
HCC,proximal,depth_matched,GNLY,NK_cytotoxic_T,NK_cytotoxic_T,1
HCC,proximal,depth_matched,ALB,Hepatocyte,Hepatocyte,1
HCC,proximal,depth_matched,APOB,Hepatocyte,Hepatocyte,1
HCC,proximal,depth_matched,HNF4A,Hepatocyte,Hepatocyte,1
HCC,proximal,depth_matched,TTR,Hepatocyte,Hepatocyte,1
HCC,proximal,depth_matched,APOA1,Hepatocyte,NK_cytotoxic_T,0
HCC,proximal,cpm_mean,CD68,Macrophage,Macrophage,1
HCC,proximal,cpm_mean,CSF1R,Macrophage,Macrophage,1
HCC,proximal,cpm_mean,MRC1,Macrophage,Macrophage,1
HCC,proximal,cpm_mean,MSR1,Macrophage,Macrophage,1
HCC,proximal,cpm_mean,CD163,Macrophage,Macrophage,1
HCC,proximal,cpm_mean,ITGAM,Macrophage,Macrophage,1
HCC,proximal,cpm_mean,MS4A1,B_cell,B_cell,1
HCC,proximal,cpm_mean,CD79A,B_cell,B_cell,1
HCC,proximal,cpm_mean,CD79B,B_cell,B_cell,1
HCC,proximal,cpm_mean,CD19,B_cell,Macrophage,0
HCC,proximal,cpm_mean,BANK1,B_cell,B_cell,1
HCC,proximal,cpm_mean,CD3D,NK_cytotoxic_T,NK_cytotoxic_T,1
HCC,proximal,cpm_mean,CD3E,NK_cytotoxic_T,NK_cytotoxic_T,1
HCC,proximal,cpm_mean,CD8A,NK_cytotoxic_T,NK_cytotoxic_T,1
HCC,proximal,cpm_mean,IL7R,NK_cytotoxic_T,CD4_T,0
HCC,proximal,cpm_mean,NKG7,NK_cytotoxic_T,NK_cytotoxic_T,1
HCC,proximal,cpm_mean,GNLY,NK_cytotoxic_T,NK_cytotoxic_T,1
HCC,proximal,cpm_mean,ALB,Hepatocyte,Hepatocyte,1
HCC,proximal,cpm_mean,APOB,Hepatocyte,Hepatocyte,1
HCC,proximal,cpm_mean,HNF4A,Hepatocyte,Hepatocyte,1
HCC,proximal,cpm_mean,TTR,Hepatocyte,Hepatocyte,1
HCC,proximal,cpm_mean,APOA1,Hepatocyte,Endothelial_stromal,0
HCC,proximal,lognorm_mean,CD68,Macrophage,Macrophage,1
HCC,proximal,lognorm_mean,CSF1R,Macrophage,Macrophage,1
HCC,proximal,lognorm_mean,MRC1,Macrophage,Macrophage,1
HCC,proximal,lognorm_mean,MSR1,Macrophage,Macrophage,1
HCC,proximal,lognorm_mean,CD163,Macrophage,Macrophage,1
HCC,proximal,lognorm_mean,ITGAM,Macrophage,Macrophage,1
HCC,proximal,lognorm_mean,MS4A1,B_cell,B_cell,1
HCC,proximal,lognorm_mean,CD79A,B_cell,B_cell,1
HCC,proximal,lognorm_mean,CD79B,B_cell,B_cell,1
HCC,proximal,lognorm_mean,CD19,B_cell,Macrophage,0
HCC,proximal,lognorm_mean,BANK1,B_cell,B_cell,1
HCC,proximal,lognorm_mean,CD3D,NK_cytotoxic_T,NK_cytotoxic_T,1
HCC,proximal,lognorm_mean,CD3E,NK_cytotoxic_T,NK_cytotoxic_T,1
HCC,proximal,lognorm_mean,CD8A,NK_cytotoxic_T,NK_cytotoxic_T,1
HCC,proximal,lognorm_mean,IL7R,NK_cytotoxic_T,CD4_T,0
HCC,proximal,lognorm_mean,NKG7,NK_cytotoxic_T,NK_cytotoxic_T,1
HCC,proximal,lognorm_mean,GNLY,NK_cytotoxic_T,NK_cytotoxic_T,1
HCC,proximal,lognorm_mean,ALB,Hepatocyte,Hepatocyte,1
HCC,proximal,lognorm_mean,APOB,Hepatocyte,Hepatocyte,1
HCC,proximal,lognorm_mean,HNF4A,Hepatocyte,Hepatocyte,1
HCC,proximal,lognorm_mean,TTR,Hepatocyte,Hepatocyte,1
HCC,proximal,lognorm_mean,APOA1,Hepatocyte,Endothelial_stromal,0
HCC,proximal,tfidf1_mean,CD68,Macrophage,Macrophage,1
HCC,proximal,tfidf1_mean,CSF1R,Macrophage,Macrophage,1
HCC,proximal,tfidf1_mean,MRC1,Macrophage,Macrophage,1
HCC,proximal,tfidf1_mean,MSR1,Macrophage,Macrophage,1
HCC,proximal,tfidf1_mean,CD163,Macrophage,Macrophage,1
HCC,proximal,tfidf1_mean,ITGAM,Macrophage,Macrophage,1
HCC,proximal,tfidf1_mean,MS4A1,B_cell,B_cell,1
HCC,proximal,tfidf1_mean,CD79A,B_cell,B_cell,1
HCC,proximal,tfidf1_mean,CD79B,B_cell,B_cell,1
HCC,proximal,tfidf1_mean,CD19,B_cell,B_cell,1
HCC,proximal,tfidf1_mean,BANK1,B_cell,B_cell,1
HCC,proximal,tfidf1_mean,CD3D,NK_cytotoxic_T,NK_cytotoxic_T,1
HCC,proximal,tfidf1_mean,CD3E,NK_cytotoxic_T,NK_cytotoxic_T,1
HCC,proximal,tfidf1_mean,CD8A,NK_cytotoxic_T,NK_cytotoxic_T,1
HCC,proximal,tfidf1_mean,IL7R,NK_cytotoxic_T,CD4_T,0
HCC,proximal,tfidf1_mean,NKG7,NK_cytotoxic_T,NK_cytotoxic_T,1
HCC,proximal,tfidf1_mean,GNLY,NK_cytotoxic_T,NK_cytotoxic_T,1
HCC,proximal,tfidf1_mean,ALB,Hepatocyte,Hepatocyte,1
HCC,proximal,tfidf1_mean,APOB,Hepatocyte,Hepatocyte,1
HCC,proximal,tfidf1_mean,HNF4A,Hepatocyte,Hepatocyte,1
HCC,proximal,tfidf1_mean,TTR,Hepatocyte,Hepatocyte,1
HCC,proximal,tfidf1_mean,APOA1,Hepatocyte,Endothelial_stromal,0
HCC,proximal,tfidf2_mean,CD68,Macrophage,Macrophage,1
HCC,proximal,tfidf2_mean,CSF1R,Macrophage,Macrophage,1
HCC,proximal,tfidf2_mean,MRC1,Macrophage,Macrophage,1
HCC,proximal,tfidf2_mean,MSR1,Macrophage,Macrophage,1
HCC,proximal,tfidf2_mean,CD163,Macrophage,Macrophage,1
HCC,proximal,tfidf2_mean,ITGAM,Macrophage,Macrophage,1
HCC,proximal,tfidf2_mean,MS4A1,B_cell,B_cell,1
HCC,proximal,tfidf2_mean,CD79A,B_cell,B_cell,1
HCC,proximal,tfidf2_mean,CD79B,B_cell,B_cell,1
HCC,proximal,tfidf2_mean,CD19,B_cell,Macrophage,0
HCC,proximal,tfidf2_mean,BANK1,B_cell,B_cell,1
HCC,proximal,tfidf2_mean,CD3D,NK_cytotoxic_T,NK_cytotoxic_T,1
HCC,proximal,tfidf2_mean,CD3E,NK_cytotoxic_T,NK_cytotoxic_T,1
HCC,proximal,tfidf2_mean,CD8A,NK_cytotoxic_T,NK_cytotoxic_T,1
HCC,proximal,tfidf2_mean,IL7R,NK_cytotoxic_T,CD4_T,0
HCC,proximal,tfidf2_mean,NKG7,NK_cytotoxic_T,NK_cytotoxic_T,1
HCC,proximal,tfidf2_mean,GNLY,NK_cytotoxic_T,NK_cytotoxic_T,1
HCC,proximal,tfidf2_mean,ALB,Hepatocyte,Hepatocyte,1
HCC,proximal,tfidf2_mean,APOB,Hepatocyte,Hepatocyte,1
HCC,proximal,tfidf2_mean,HNF4A,Hepatocyte,Hepatocyte,1
HCC,proximal,tfidf2_mean,TTR,Hepatocyte,Hepatocyte,1
HCC,proximal,tfidf2_mean,APOA1,Hepatocyte,Endothelial_stromal,0
HCC,proximal,tfidf3_mean,CD68,Macrophage,Macrophage,1
HCC,proximal,tfidf3_mean,CSF1R,Macrophage,Macrophage,1
HCC,proximal,tfidf3_mean,MRC1,Macrophage,Macrophage,1
HCC,proximal,tfidf3_mean,MSR1,Macrophage,Macrophage,1
HCC,proximal,tfidf3_mean,CD163,Macrophage,Macrophage,1
HCC,proximal,tfidf3_mean,ITGAM,Macrophage,Macrophage,1
HCC,proximal,tfidf3_mean,MS4A1,B_cell,B_cell,1
HCC,proximal,tfidf3_mean,CD79A,B_cell,B_cell,1
HCC,proximal,tfidf3_mean,CD79B,B_cell,B_cell,1
HCC,proximal,tfidf3_mean,CD19,B_cell,Macrophage,0
HCC,proximal,tfidf3_mean,BANK1,B_cell,B_cell,1
HCC,proximal,tfidf3_mean,CD3D,NK_cytotoxic_T,NK_cytotoxic_T,1
HCC,proximal,tfidf3_mean,CD3E,NK_cytotoxic_T,NK_cytotoxic_T,1
HCC,proximal,tfidf3_mean,CD8A,NK_cytotoxic_T,NK_cytotoxic_T,1
HCC,proximal,tfidf3_mean,IL7R,NK_cytotoxic_T,CD4_T,0
HCC,proximal,tfidf3_mean,NKG7,NK_cytotoxic_T,NK_cytotoxic_T,1
HCC,proximal,tfidf3_mean,GNLY,NK_cytotoxic_T,NK_cytotoxic_T,1
HCC,proximal,tfidf3_mean,ALB,Hepatocyte,Hepatocyte,1
HCC,proximal,tfidf3_mean,APOB,Hepatocyte,Hepatocyte,1
HCC,proximal,tfidf3_mean,HNF4A,Hepatocyte,Hepatocyte,1
HCC,proximal,tfidf3_mean,TTR,Hepatocyte,Hepatocyte,1
HCC,proximal,tfidf3_mean,APOA1,Hepatocyte,Endothelial_stromal,0
HCC,proximal,pearson_mean,CD68,Macrophage,Macrophage,1
HCC,proximal,pearson_mean,CSF1R,Macrophage,Macrophage,1
HCC,proximal,pearson_mean,MRC1,Macrophage,Macrophage,1
HCC,proximal,pearson_mean,MSR1,Macrophage,Macrophage,1
HCC,proximal,pearson_mean,CD163,Macrophage,Macrophage,1
HCC,proximal,pearson_mean,ITGAM,Macrophage,Macrophage,1
HCC,proximal,pearson_mean,MS4A1,B_cell,B_cell,1
HCC,proximal,pearson_mean,CD79A,B_cell,B_cell,1
HCC,proximal,pearson_mean,CD79B,B_cell,B_cell,1
HCC,proximal,pearson_mean,CD19,B_cell,B_cell,1
HCC,proximal,pearson_mean,BANK1,B_cell,B_cell,1
HCC,proximal,pearson_mean,CD3D,NK_cytotoxic_T,NK_cytotoxic_T,1
HCC,proximal,pearson_mean,CD3E,NK_cytotoxic_T,NK_cytotoxic_T,1
HCC,proximal,pearson_mean,CD8A,NK_cytotoxic_T,NK_cytotoxic_T,1
HCC,proximal,pearson_mean,IL7R,NK_cytotoxic_T,CD4_T,0
HCC,proximal,pearson_mean,NKG7,NK_cytotoxic_T,NK_cytotoxic_T,1
HCC,proximal,pearson_mean,GNLY,NK_cytotoxic_T,NK_cytotoxic_T,1
HCC,proximal,pearson_mean,ALB,Hepatocyte,Hepatocyte,1
HCC,proximal,pearson_mean,APOB,Hepatocyte,Hepatocyte,1
HCC,proximal,pearson_mean,HNF4A,Hepatocyte,Hepatocyte,1
HCC,proximal,pearson_mean,TTR,Hepatocyte,Hepatocyte,1
HCC,proximal,pearson_mean,APOA1,Hepatocyte,Endothelial_stromal,0
HCC,proximal,medscale_mean,CD68,Macrophage,Macrophage,1
HCC,proximal,medscale_mean,CSF1R,Macrophage,Macrophage,1
HCC,proximal,medscale_mean,MRC1,Macrophage,Macrophage,1
HCC,proximal,medscale_mean,MSR1,Macrophage,Macrophage,1
HCC,proximal,medscale_mean,CD163,Macrophage,Macrophage,1
HCC,proximal,medscale_mean,ITGAM,Macrophage,Macrophage,1
HCC,proximal,medscale_mean,MS4A1,B_cell,B_cell,1
HCC,proximal,medscale_mean,CD79A,B_cell,B_cell,1
HCC,proximal,medscale_mean,CD79B,B_cell,B_cell,1
HCC,proximal,medscale_mean,CD19,B_cell,Macrophage,0
HCC,proximal,medscale_mean,BANK1,B_cell,B_cell,1
HCC,proximal,medscale_mean,CD3D,NK_cytotoxic_T,NK_cytotoxic_T,1
HCC,proximal,medscale_mean,CD3E,NK_cytotoxic_T,NK_cytotoxic_T,1
HCC,proximal,medscale_mean,CD8A,NK_cytotoxic_T,NK_cytotoxic_T,1
HCC,proximal,medscale_mean,IL7R,NK_cytotoxic_T,CD4_T,0
HCC,proximal,medscale_mean,NKG7,NK_cytotoxic_T,NK_cytotoxic_T,1
HCC,proximal,medscale_mean,GNLY,NK_cytotoxic_T,NK_cytotoxic_T,1
HCC,proximal,medscale_mean,ALB,Hepatocyte,Hepatocyte,1
HCC,proximal,medscale_mean,APOB,Hepatocyte,Hepatocyte,1
HCC,proximal,medscale_mean,HNF4A,Hepatocyte,Hepatocyte,1
HCC,proximal,medscale_mean,TTR,Hepatocyte,Hepatocyte,1
HCC,proximal,medscale_mean,APOA1,Hepatocyte,Endothelial_stromal,0
HCC,proximal,rank_mean,CD68,Macrophage,Macrophage,1
HCC,proximal,rank_mean,CSF1R,Macrophage,Macrophage,1
HCC,proximal,rank_mean,MRC1,Macrophage,Endothelial_stromal,0
HCC,proximal,rank_mean,MSR1,Macrophage,Endothelial_stromal,0
HCC,proximal,rank_mean,CD163,Macrophage,Hepatocyte,0
HCC,proximal,rank_mean,ITGAM,Macrophage,B_cell,0
HCC,proximal,rank_mean,MS4A1,B_cell,B_cell,1
HCC,proximal,rank_mean,CD79A,B_cell,B_cell,1
HCC,proximal,rank_mean,CD79B,B_cell,Endothelial_stromal,0
HCC,proximal,rank_mean,CD19,B_cell,B_cell,1
HCC,proximal,rank_mean,BANK1,B_cell,Endothelial_stromal,0
HCC,proximal,rank_mean,CD3D,NK_cytotoxic_T,NK_cytotoxic_T,1
HCC,proximal,rank_mean,CD3E,NK_cytotoxic_T,NK_cytotoxic_T,1
HCC,proximal,rank_mean,CD8A,NK_cytotoxic_T,NK_cytotoxic_T,1
HCC,proximal,rank_mean,IL7R,NK_cytotoxic_T,NK_cytotoxic_T,1
HCC,proximal,rank_mean,NKG7,NK_cytotoxic_T,NK_cytotoxic_T,1
HCC,proximal,rank_mean,GNLY,NK_cytotoxic_T,NK_cytotoxic_T,1
HCC,proximal,rank_mean,ALB,Hepatocyte,Hepatocyte,1
HCC,proximal,rank_mean,APOB,Hepatocyte,Hepatocyte,1
HCC,proximal,rank_mean,HNF4A,Hepatocyte,Hepatocyte,1
HCC,proximal,rank_mean,TTR,Hepatocyte,Hepatocyte,1
HCC,proximal,rank_mean,APOA1,Hepatocyte,Endothelial_stromal,0
HCC,proximal,rankfrac_mean,CD68,Macrophage,Macrophage,1
HCC,proximal,rankfrac_mean,CSF1R,Macrophage,Macrophage,1
HCC,proximal,rankfrac_mean,MRC1,Macrophage,Endothelial_stromal,0
HCC,proximal,rankfrac_mean,MSR1,Macrophage,Endothelial_stromal,0
HCC,proximal,rankfrac_mean,CD163,Macrophage,Macrophage,1
HCC,proximal,rankfrac_mean,ITGAM,Macrophage,Macrophage,1
HCC,proximal,rankfrac_mean,MS4A1,B_cell,B_cell,1
HCC,proximal,rankfrac_mean,CD79A,B_cell,B_cell,1
HCC,proximal,rankfrac_mean,CD79B,B_cell,B_cell,1
HCC,proximal,rankfrac_mean,CD19,B_cell,B_cell,1
HCC,proximal,rankfrac_mean,BANK1,B_cell,B_cell,1
HCC,proximal,rankfrac_mean,CD3D,NK_cytotoxic_T,NK_cytotoxic_T,1
HCC,proximal,rankfrac_mean,CD3E,NK_cytotoxic_T,NK_cytotoxic_T,1
HCC,proximal,rankfrac_mean,CD8A,NK_cytotoxic_T,NK_cytotoxic_T,1
HCC,proximal,rankfrac_mean,IL7R,NK_cytotoxic_T,CD4_T,0
HCC,proximal,rankfrac_mean,NKG7,NK_cytotoxic_T,NK_cytotoxic_T,1
HCC,proximal,rankfrac_mean,GNLY,NK_cytotoxic_T,NK_cytotoxic_T,1
HCC,proximal,rankfrac_mean,ALB,Hepatocyte,Hepatocyte,1
HCC,proximal,rankfrac_mean,APOB,Hepatocyte,Hepatocyte,1
HCC,proximal,rankfrac_mean,HNF4A,Hepatocyte,Hepatocyte,1
HCC,proximal,rankfrac_mean,TTR,Hepatocyte,Hepatocyte,1
HCC,proximal,rankfrac_mean,APOA1,Hepatocyte,Endothelial_stromal,0
HCC,proximal,detection_mean,CD68,Macrophage,Macrophage,1
HCC,proximal,detection_mean,CSF1R,Macrophage,Macrophage,1
HCC,proximal,detection_mean,MRC1,Macrophage,Endothelial_stromal,0
HCC,proximal,detection_mean,MSR1,Macrophage,Macrophage,1
HCC,proximal,detection_mean,CD163,Macrophage,Hepatocyte,0
HCC,proximal,detection_mean,ITGAM,Macrophage,Macrophage,1
HCC,proximal,detection_mean,MS4A1,B_cell,B_cell,1
HCC,proximal,detection_mean,CD79A,B_cell,B_cell,1
HCC,proximal,detection_mean,CD79B,B_cell,B_cell,1
HCC,proximal,detection_mean,CD19,B_cell,B_cell,1
HCC,proximal,detection_mean,BANK1,B_cell,B_cell,1
HCC,proximal,detection_mean,CD3D,NK_cytotoxic_T,NK_cytotoxic_T,1
HCC,proximal,detection_mean,CD3E,NK_cytotoxic_T,NK_cytotoxic_T,1
HCC,proximal,detection_mean,CD8A,NK_cytotoxic_T,NK_cytotoxic_T,1
HCC,proximal,detection_mean,IL7R,NK_cytotoxic_T,CD4_T,0
HCC,proximal,detection_mean,NKG7,NK_cytotoxic_T,NK_cytotoxic_T,1
HCC,proximal,detection_mean,GNLY,NK_cytotoxic_T,NK_cytotoxic_T,1
HCC,proximal,detection_mean,ALB,Hepatocyte,Hepatocyte,1
HCC,proximal,detection_mean,APOB,Hepatocyte,Hepatocyte,1
HCC,proximal,detection_mean,HNF4A,Hepatocyte,Hepatocyte,1
HCC,proximal,detection_mean,TTR,Hepatocyte,Hepatocyte,1
HCC,proximal,detection_mean,APOA1,Hepatocyte,Endothelial_stromal,0
HCC,proximal,lognorm_maxnorm,CD68,Macrophage,Macrophage,1
HCC,proximal,lognorm_maxnorm,CSF1R,Macrophage,Macrophage,1
HCC,proximal,lognorm_maxnorm,MRC1,Macrophage,Macrophage,1
HCC,proximal,lognorm_maxnorm,MSR1,Macrophage,Macrophage,1
HCC,proximal,lognorm_maxnorm,CD163,Macrophage,Macrophage,1
HCC,proximal,lognorm_maxnorm,ITGAM,Macrophage,Macrophage,1
HCC,proximal,lognorm_maxnorm,MS4A1,B_cell,B_cell,1
HCC,proximal,lognorm_maxnorm,CD79A,B_cell,B_cell,1
HCC,proximal,lognorm_maxnorm,CD79B,B_cell,B_cell,1
HCC,proximal,lognorm_maxnorm,CD19,B_cell,Macrophage,0
HCC,proximal,lognorm_maxnorm,BANK1,B_cell,B_cell,1
HCC,proximal,lognorm_maxnorm,CD3D,NK_cytotoxic_T,NK_cytotoxic_T,1
HCC,proximal,lognorm_maxnorm,CD3E,NK_cytotoxic_T,NK_cytotoxic_T,1
HCC,proximal,lognorm_maxnorm,CD8A,NK_cytotoxic_T,NK_cytotoxic_T,1
HCC,proximal,lognorm_maxnorm,IL7R,NK_cytotoxic_T,CD4_T,0
HCC,proximal,lognorm_maxnorm,NKG7,NK_cytotoxic_T,NK_cytotoxic_T,1
HCC,proximal,lognorm_maxnorm,GNLY,NK_cytotoxic_T,NK_cytotoxic_T,1
HCC,proximal,lognorm_maxnorm,ALB,Hepatocyte,Hepatocyte,1
HCC,proximal,lognorm_maxnorm,APOB,Hepatocyte,Hepatocyte,1
HCC,proximal,lognorm_maxnorm,HNF4A,Hepatocyte,Hepatocyte,1
HCC,proximal,lognorm_maxnorm,TTR,Hepatocyte,Hepatocyte,1
HCC,proximal,lognorm_maxnorm,APOA1,Hepatocyte,Endothelial_stromal,0
HCC,proximal,pseudobulk_logcpm,CD68,Macrophage,Macrophage,1
HCC,proximal,pseudobulk_logcpm,CSF1R,Macrophage,Macrophage,1
HCC,proximal,pseudobulk_logcpm,MRC1,Macrophage,Macrophage,1
HCC,proximal,pseudobulk_logcpm,MSR1,Macrophage,Macrophage,1
HCC,proximal,pseudobulk_logcpm,CD163,Macrophage,Macrophage,1
HCC,proximal,pseudobulk_logcpm,ITGAM,Macrophage,Macrophage,1
HCC,proximal,pseudobulk_logcpm,MS4A1,B_cell,B_cell,1
HCC,proximal,pseudobulk_logcpm,CD79A,B_cell,B_cell,1
HCC,proximal,pseudobulk_logcpm,CD79B,B_cell,B_cell,1
HCC,proximal,pseudobulk_logcpm,CD19,B_cell,B_cell,1
HCC,proximal,pseudobulk_logcpm,BANK1,B_cell,B_cell,1
HCC,proximal,pseudobulk_logcpm,CD3D,NK_cytotoxic_T,NK_cytotoxic_T,1
HCC,proximal,pseudobulk_logcpm,CD3E,NK_cytotoxic_T,NK_cytotoxic_T,1
HCC,proximal,pseudobulk_logcpm,CD8A,NK_cytotoxic_T,NK_cytotoxic_T,1
HCC,proximal,pseudobulk_logcpm,IL7R,NK_cytotoxic_T,CD4_T,0
HCC,proximal,pseudobulk_logcpm,NKG7,NK_cytotoxic_T,NK_cytotoxic_T,1
HCC,proximal,pseudobulk_logcpm,GNLY,NK_cytotoxic_T,NK_cytotoxic_T,1
HCC,proximal,pseudobulk_logcpm,ALB,Hepatocyte,Hepatocyte,1
HCC,proximal,pseudobulk_logcpm,APOB,Hepatocyte,Hepatocyte,1
HCC,proximal,pseudobulk_logcpm,HNF4A,Hepatocyte,Hepatocyte,1
HCC,proximal,pseudobulk_logcpm,TTR,Hepatocyte,Hepatocyte,1
HCC,proximal,pseudobulk_logcpm,APOA1,Hepatocyte,Endothelial_stromal,0
LUAD,enhancer,raw_mean,CD163,Macrophage,Macrophage,1
LUAD,enhancer,raw_mean,C1QA,Macrophage,Macrophage,1
LUAD,enhancer,raw_mean,C1QB,Macrophage,Macrophage,1
LUAD,enhancer,raw_mean,CD14,Macrophage,Endothelial,0
LUAD,enhancer,raw_mean,MS4A7,Macrophage,B_cell,0
LUAD,enhancer,raw_mean,FOLR2,Macrophage,B_cell,0
LUAD,enhancer,raw_mean,CD22,B_cell,B_cell,1
LUAD,enhancer,raw_mean,FCRL1,B_cell,B_cell,1
LUAD,enhancer,raw_mean,BLK,B_cell,B_cell,1
LUAD,enhancer,raw_mean,TNFRSF13C,B_cell,B_cell,1
LUAD,enhancer,raw_mean,VPREB3,B_cell,B_cell,1
LUAD,enhancer,raw_mean,FCRLA,B_cell,B_cell,1
LUAD,enhancer,raw_mean,CD3G,T_NK,T_NK,1
LUAD,enhancer,raw_mean,CD247,T_NK,T_NK,1
LUAD,enhancer,raw_mean,SKAP1,T_NK,T_NK,1
LUAD,enhancer,raw_mean,CD96,T_NK,T_NK,1
LUAD,enhancer,raw_mean,ITK,T_NK,T_NK,1
LUAD,enhancer,raw_mean,LCK,T_NK,T_NK,1
LUAD,enhancer,raw_mean,KRT19,Epithelial,Epithelial,1
LUAD,enhancer,raw_mean,KRT7,Epithelial,Epithelial,1
LUAD,enhancer,raw_mean,CLDN4,Epithelial,Epithelial,1
LUAD,enhancer,raw_mean,ELF3,Epithelial,Epithelial,1
LUAD,enhancer,raw_mean,SFTPB,Epithelial,Epithelial,1
LUAD,enhancer,raw_mean,NAPSA,Epithelial,T_NK,0
LUAD,enhancer,raw_mean,CLDN5,Endothelial,B_cell,0
LUAD,enhancer,raw_mean,FLT1,Endothelial,Endothelial,1
LUAD,enhancer,raw_mean,ERG,Endothelial,Endothelial,1
LUAD,enhancer,raw_mean,ENG,Endothelial,Endothelial,1
LUAD,enhancer,raw_mean,TEK,Endothelial,Epithelial,0
LUAD,enhancer,raw_mean,PLVAP,Endothelial,B_cell,0
LUAD,enhancer,raw_mean,COL3A1,Fibroblast,B_cell,0
LUAD,enhancer,raw_mean,PDGFRA,Fibroblast,Epithelial,0
LUAD,enhancer,raw_mean,PDGFRB,Fibroblast,Macrophage,0
LUAD,enhancer,raw_mean,FBLN1,Fibroblast,Epithelial,0
LUAD,enhancer,raw_mean,COL6A3,Fibroblast,B_cell,0
LUAD,enhancer,raw_mean,COL5A1,Fibroblast,T_NK,0
LUAD,enhancer,zscale_mean,CD163,Macrophage,Macrophage,1
LUAD,enhancer,zscale_mean,C1QA,Macrophage,Macrophage,1
LUAD,enhancer,zscale_mean,C1QB,Macrophage,Macrophage,1
LUAD,enhancer,zscale_mean,CD14,Macrophage,Endothelial,0
LUAD,enhancer,zscale_mean,MS4A7,Macrophage,B_cell,0
LUAD,enhancer,zscale_mean,FOLR2,Macrophage,B_cell,0
LUAD,enhancer,zscale_mean,CD22,B_cell,B_cell,1
LUAD,enhancer,zscale_mean,FCRL1,B_cell,B_cell,1
LUAD,enhancer,zscale_mean,BLK,B_cell,B_cell,1
LUAD,enhancer,zscale_mean,TNFRSF13C,B_cell,B_cell,1
LUAD,enhancer,zscale_mean,VPREB3,B_cell,B_cell,1
LUAD,enhancer,zscale_mean,FCRLA,B_cell,B_cell,1
LUAD,enhancer,zscale_mean,CD3G,T_NK,T_NK,1
LUAD,enhancer,zscale_mean,CD247,T_NK,T_NK,1
LUAD,enhancer,zscale_mean,SKAP1,T_NK,T_NK,1
LUAD,enhancer,zscale_mean,CD96,T_NK,T_NK,1
LUAD,enhancer,zscale_mean,ITK,T_NK,T_NK,1
LUAD,enhancer,zscale_mean,LCK,T_NK,T_NK,1
LUAD,enhancer,zscale_mean,KRT19,Epithelial,Epithelial,1
LUAD,enhancer,zscale_mean,KRT7,Epithelial,Epithelial,1
LUAD,enhancer,zscale_mean,CLDN4,Epithelial,Epithelial,1
LUAD,enhancer,zscale_mean,ELF3,Epithelial,Epithelial,1
LUAD,enhancer,zscale_mean,SFTPB,Epithelial,Epithelial,1
LUAD,enhancer,zscale_mean,NAPSA,Epithelial,T_NK,0
LUAD,enhancer,zscale_mean,CLDN5,Endothelial,B_cell,0
LUAD,enhancer,zscale_mean,FLT1,Endothelial,Endothelial,1
LUAD,enhancer,zscale_mean,ERG,Endothelial,Endothelial,1
LUAD,enhancer,zscale_mean,ENG,Endothelial,Endothelial,1
LUAD,enhancer,zscale_mean,TEK,Endothelial,Epithelial,0
LUAD,enhancer,zscale_mean,PLVAP,Endothelial,B_cell,0
LUAD,enhancer,zscale_mean,COL3A1,Fibroblast,B_cell,0
LUAD,enhancer,zscale_mean,PDGFRA,Fibroblast,Epithelial,0
LUAD,enhancer,zscale_mean,PDGFRB,Fibroblast,Macrophage,0
LUAD,enhancer,zscale_mean,FBLN1,Fibroblast,Epithelial,0
LUAD,enhancer,zscale_mean,COL6A3,Fibroblast,B_cell,0
LUAD,enhancer,zscale_mean,COL5A1,Fibroblast,T_NK,0
LUAD,enhancer,pseudobulk_cpm,CD163,Macrophage,Macrophage,1
LUAD,enhancer,pseudobulk_cpm,C1QA,Macrophage,Macrophage,1
LUAD,enhancer,pseudobulk_cpm,C1QB,Macrophage,Macrophage,1
LUAD,enhancer,pseudobulk_cpm,CD14,Macrophage,Macrophage,1
LUAD,enhancer,pseudobulk_cpm,MS4A7,Macrophage,Macrophage,1
LUAD,enhancer,pseudobulk_cpm,FOLR2,Macrophage,Endothelial,0
LUAD,enhancer,pseudobulk_cpm,CD22,B_cell,B_cell,1
LUAD,enhancer,pseudobulk_cpm,FCRL1,B_cell,B_cell,1
LUAD,enhancer,pseudobulk_cpm,BLK,B_cell,B_cell,1
LUAD,enhancer,pseudobulk_cpm,TNFRSF13C,B_cell,B_cell,1
LUAD,enhancer,pseudobulk_cpm,VPREB3,B_cell,B_cell,1
LUAD,enhancer,pseudobulk_cpm,FCRLA,B_cell,B_cell,1
LUAD,enhancer,pseudobulk_cpm,CD3G,T_NK,T_NK,1
LUAD,enhancer,pseudobulk_cpm,CD247,T_NK,T_NK,1
LUAD,enhancer,pseudobulk_cpm,SKAP1,T_NK,T_NK,1
LUAD,enhancer,pseudobulk_cpm,CD96,T_NK,T_NK,1
LUAD,enhancer,pseudobulk_cpm,ITK,T_NK,T_NK,1
LUAD,enhancer,pseudobulk_cpm,LCK,T_NK,T_NK,1
LUAD,enhancer,pseudobulk_cpm,KRT19,Epithelial,Epithelial,1
LUAD,enhancer,pseudobulk_cpm,KRT7,Epithelial,Macrophage,0
LUAD,enhancer,pseudobulk_cpm,CLDN4,Epithelial,Epithelial,1
LUAD,enhancer,pseudobulk_cpm,ELF3,Epithelial,Epithelial,1
LUAD,enhancer,pseudobulk_cpm,SFTPB,Epithelial,Epithelial,1
LUAD,enhancer,pseudobulk_cpm,NAPSA,Epithelial,T_NK,0
LUAD,enhancer,pseudobulk_cpm,CLDN5,Endothelial,B_cell,0
LUAD,enhancer,pseudobulk_cpm,FLT1,Endothelial,Macrophage,0
LUAD,enhancer,pseudobulk_cpm,ERG,Endothelial,Endothelial,1
LUAD,enhancer,pseudobulk_cpm,ENG,Endothelial,Macrophage,0
LUAD,enhancer,pseudobulk_cpm,TEK,Endothelial,Epithelial,0
LUAD,enhancer,pseudobulk_cpm,PLVAP,Endothelial,Macrophage,0
LUAD,enhancer,pseudobulk_cpm,COL3A1,Fibroblast,B_cell,0
LUAD,enhancer,pseudobulk_cpm,PDGFRA,Fibroblast,Epithelial,0
LUAD,enhancer,pseudobulk_cpm,PDGFRB,Fibroblast,Macrophage,0
LUAD,enhancer,pseudobulk_cpm,FBLN1,Fibroblast,Epithelial,0
LUAD,enhancer,pseudobulk_cpm,COL6A3,Fibroblast,Epithelial,0
LUAD,enhancer,pseudobulk_cpm,COL5A1,Fibroblast,T_NK,0
LUAD,enhancer,depth_matched,CD163,Macrophage,Macrophage,1
LUAD,enhancer,depth_matched,C1QA,Macrophage,Macrophage,1
LUAD,enhancer,depth_matched,C1QB,Macrophage,Macrophage,1
LUAD,enhancer,depth_matched,CD14,Macrophage,Macrophage,1
LUAD,enhancer,depth_matched,MS4A7,Macrophage,Macrophage,1
LUAD,enhancer,depth_matched,FOLR2,Macrophage,Endothelial,0
LUAD,enhancer,depth_matched,CD22,B_cell,B_cell,1
LUAD,enhancer,depth_matched,FCRL1,B_cell,B_cell,1
LUAD,enhancer,depth_matched,BLK,B_cell,B_cell,1
LUAD,enhancer,depth_matched,TNFRSF13C,B_cell,B_cell,1
LUAD,enhancer,depth_matched,VPREB3,B_cell,B_cell,1
LUAD,enhancer,depth_matched,FCRLA,B_cell,B_cell,1
LUAD,enhancer,depth_matched,CD3G,T_NK,T_NK,1
LUAD,enhancer,depth_matched,CD247,T_NK,T_NK,1
LUAD,enhancer,depth_matched,SKAP1,T_NK,T_NK,1
LUAD,enhancer,depth_matched,CD96,T_NK,T_NK,1
LUAD,enhancer,depth_matched,ITK,T_NK,T_NK,1
LUAD,enhancer,depth_matched,LCK,T_NK,T_NK,1
LUAD,enhancer,depth_matched,KRT19,Epithelial,Epithelial,1
LUAD,enhancer,depth_matched,KRT7,Epithelial,Macrophage,0
LUAD,enhancer,depth_matched,CLDN4,Epithelial,Epithelial,1
LUAD,enhancer,depth_matched,ELF3,Epithelial,Epithelial,1
LUAD,enhancer,depth_matched,SFTPB,Epithelial,Epithelial,1
LUAD,enhancer,depth_matched,NAPSA,Epithelial,T_NK,0
LUAD,enhancer,depth_matched,CLDN5,Endothelial,Endothelial,1
LUAD,enhancer,depth_matched,FLT1,Endothelial,Macrophage,0
LUAD,enhancer,depth_matched,ERG,Endothelial,Endothelial,1
LUAD,enhancer,depth_matched,ENG,Endothelial,Macrophage,0
LUAD,enhancer,depth_matched,TEK,Endothelial,Epithelial,0
LUAD,enhancer,depth_matched,PLVAP,Endothelial,Endothelial,1
LUAD,enhancer,depth_matched,COL3A1,Fibroblast,B_cell,0
LUAD,enhancer,depth_matched,PDGFRA,Fibroblast,Epithelial,0
LUAD,enhancer,depth_matched,PDGFRB,Fibroblast,Macrophage,0
LUAD,enhancer,depth_matched,FBLN1,Fibroblast,Epithelial,0
LUAD,enhancer,depth_matched,COL6A3,Fibroblast,Epithelial,0
LUAD,enhancer,depth_matched,COL5A1,Fibroblast,T_NK,0
LUAD,enhancer,cpm_mean,CD163,Macrophage,Macrophage,1
LUAD,enhancer,cpm_mean,C1QA,Macrophage,Macrophage,1
LUAD,enhancer,cpm_mean,C1QB,Macrophage,Macrophage,1
LUAD,enhancer,cpm_mean,CD14,Macrophage,Macrophage,1
LUAD,enhancer,cpm_mean,MS4A7,Macrophage,Macrophage,1
LUAD,enhancer,cpm_mean,FOLR2,Macrophage,T_NK,0
LUAD,enhancer,cpm_mean,CD22,B_cell,B_cell,1
LUAD,enhancer,cpm_mean,FCRL1,B_cell,B_cell,1
LUAD,enhancer,cpm_mean,BLK,B_cell,B_cell,1
LUAD,enhancer,cpm_mean,TNFRSF13C,B_cell,B_cell,1
LUAD,enhancer,cpm_mean,VPREB3,B_cell,B_cell,1
LUAD,enhancer,cpm_mean,FCRLA,B_cell,B_cell,1
LUAD,enhancer,cpm_mean,CD3G,T_NK,T_NK,1
LUAD,enhancer,cpm_mean,CD247,T_NK,T_NK,1
LUAD,enhancer,cpm_mean,SKAP1,T_NK,T_NK,1
LUAD,enhancer,cpm_mean,CD96,T_NK,T_NK,1
LUAD,enhancer,cpm_mean,ITK,T_NK,T_NK,1
LUAD,enhancer,cpm_mean,LCK,T_NK,T_NK,1
LUAD,enhancer,cpm_mean,KRT19,Epithelial,Epithelial,1
LUAD,enhancer,cpm_mean,KRT7,Epithelial,Macrophage,0
LUAD,enhancer,cpm_mean,CLDN4,Epithelial,Epithelial,1
LUAD,enhancer,cpm_mean,ELF3,Epithelial,Epithelial,1
LUAD,enhancer,cpm_mean,SFTPB,Epithelial,Epithelial,1
LUAD,enhancer,cpm_mean,NAPSA,Epithelial,T_NK,0
LUAD,enhancer,cpm_mean,CLDN5,Endothelial,B_cell,0
LUAD,enhancer,cpm_mean,FLT1,Endothelial,Macrophage,0
LUAD,enhancer,cpm_mean,ERG,Endothelial,Endothelial,1
LUAD,enhancer,cpm_mean,ENG,Endothelial,Macrophage,0
LUAD,enhancer,cpm_mean,TEK,Endothelial,Epithelial,0
LUAD,enhancer,cpm_mean,PLVAP,Endothelial,Macrophage,0
LUAD,enhancer,cpm_mean,COL3A1,Fibroblast,B_cell,0
LUAD,enhancer,cpm_mean,PDGFRA,Fibroblast,Epithelial,0
LUAD,enhancer,cpm_mean,PDGFRB,Fibroblast,Macrophage,0
LUAD,enhancer,cpm_mean,FBLN1,Fibroblast,Epithelial,0
LUAD,enhancer,cpm_mean,COL6A3,Fibroblast,Epithelial,0
LUAD,enhancer,cpm_mean,COL5A1,Fibroblast,T_NK,0
LUAD,enhancer,lognorm_mean,CD163,Macrophage,Macrophage,1
LUAD,enhancer,lognorm_mean,C1QA,Macrophage,Macrophage,1
LUAD,enhancer,lognorm_mean,C1QB,Macrophage,Macrophage,1
LUAD,enhancer,lognorm_mean,CD14,Macrophage,Macrophage,1
LUAD,enhancer,lognorm_mean,MS4A7,Macrophage,Macrophage,1
LUAD,enhancer,lognorm_mean,FOLR2,Macrophage,T_NK,0
LUAD,enhancer,lognorm_mean,CD22,B_cell,B_cell,1
LUAD,enhancer,lognorm_mean,FCRL1,B_cell,B_cell,1
LUAD,enhancer,lognorm_mean,BLK,B_cell,B_cell,1
LUAD,enhancer,lognorm_mean,TNFRSF13C,B_cell,B_cell,1
LUAD,enhancer,lognorm_mean,VPREB3,B_cell,B_cell,1
LUAD,enhancer,lognorm_mean,FCRLA,B_cell,B_cell,1
LUAD,enhancer,lognorm_mean,CD3G,T_NK,T_NK,1
LUAD,enhancer,lognorm_mean,CD247,T_NK,T_NK,1
LUAD,enhancer,lognorm_mean,SKAP1,T_NK,T_NK,1
LUAD,enhancer,lognorm_mean,CD96,T_NK,T_NK,1
LUAD,enhancer,lognorm_mean,ITK,T_NK,T_NK,1
LUAD,enhancer,lognorm_mean,LCK,T_NK,T_NK,1
LUAD,enhancer,lognorm_mean,KRT19,Epithelial,Epithelial,1
LUAD,enhancer,lognorm_mean,KRT7,Epithelial,Macrophage,0
LUAD,enhancer,lognorm_mean,CLDN4,Epithelial,Epithelial,1
LUAD,enhancer,lognorm_mean,ELF3,Epithelial,Epithelial,1
LUAD,enhancer,lognorm_mean,SFTPB,Epithelial,Epithelial,1
LUAD,enhancer,lognorm_mean,NAPSA,Epithelial,T_NK,0
LUAD,enhancer,lognorm_mean,CLDN5,Endothelial,B_cell,0
LUAD,enhancer,lognorm_mean,FLT1,Endothelial,Macrophage,0
LUAD,enhancer,lognorm_mean,ERG,Endothelial,Endothelial,1
LUAD,enhancer,lognorm_mean,ENG,Endothelial,Macrophage,0
LUAD,enhancer,lognorm_mean,TEK,Endothelial,Epithelial,0
LUAD,enhancer,lognorm_mean,PLVAP,Endothelial,Endothelial,1
LUAD,enhancer,lognorm_mean,COL3A1,Fibroblast,B_cell,0
LUAD,enhancer,lognorm_mean,PDGFRA,Fibroblast,Epithelial,0
LUAD,enhancer,lognorm_mean,PDGFRB,Fibroblast,Macrophage,0
LUAD,enhancer,lognorm_mean,FBLN1,Fibroblast,Epithelial,0
LUAD,enhancer,lognorm_mean,COL6A3,Fibroblast,T_NK,0
LUAD,enhancer,lognorm_mean,COL5A1,Fibroblast,T_NK,0
LUAD,enhancer,tfidf1_mean,CD163,Macrophage,Macrophage,1
LUAD,enhancer,tfidf1_mean,C1QA,Macrophage,Macrophage,1
LUAD,enhancer,tfidf1_mean,C1QB,Macrophage,Macrophage,1
LUAD,enhancer,tfidf1_mean,CD14,Macrophage,Macrophage,1
LUAD,enhancer,tfidf1_mean,MS4A7,Macrophage,Macrophage,1
LUAD,enhancer,tfidf1_mean,FOLR2,Macrophage,T_NK,0
LUAD,enhancer,tfidf1_mean,CD22,B_cell,B_cell,1
LUAD,enhancer,tfidf1_mean,FCRL1,B_cell,B_cell,1
LUAD,enhancer,tfidf1_mean,BLK,B_cell,B_cell,1
LUAD,enhancer,tfidf1_mean,TNFRSF13C,B_cell,B_cell,1
LUAD,enhancer,tfidf1_mean,VPREB3,B_cell,B_cell,1
LUAD,enhancer,tfidf1_mean,FCRLA,B_cell,B_cell,1
LUAD,enhancer,tfidf1_mean,CD3G,T_NK,T_NK,1
LUAD,enhancer,tfidf1_mean,CD247,T_NK,T_NK,1
LUAD,enhancer,tfidf1_mean,SKAP1,T_NK,T_NK,1
LUAD,enhancer,tfidf1_mean,CD96,T_NK,T_NK,1
LUAD,enhancer,tfidf1_mean,ITK,T_NK,T_NK,1
LUAD,enhancer,tfidf1_mean,LCK,T_NK,T_NK,1
LUAD,enhancer,tfidf1_mean,KRT19,Epithelial,Epithelial,1
LUAD,enhancer,tfidf1_mean,KRT7,Epithelial,Endothelial,0
LUAD,enhancer,tfidf1_mean,CLDN4,Epithelial,Epithelial,1
LUAD,enhancer,tfidf1_mean,ELF3,Epithelial,Epithelial,1
LUAD,enhancer,tfidf1_mean,SFTPB,Epithelial,Epithelial,1
LUAD,enhancer,tfidf1_mean,NAPSA,Epithelial,T_NK,0
LUAD,enhancer,tfidf1_mean,CLDN5,Endothelial,B_cell,0
LUAD,enhancer,tfidf1_mean,FLT1,Endothelial,Macrophage,0
LUAD,enhancer,tfidf1_mean,ERG,Endothelial,Endothelial,1
LUAD,enhancer,tfidf1_mean,ENG,Endothelial,Macrophage,0
LUAD,enhancer,tfidf1_mean,TEK,Endothelial,Epithelial,0
LUAD,enhancer,tfidf1_mean,PLVAP,Endothelial,Endothelial,1
LUAD,enhancer,tfidf1_mean,COL3A1,Fibroblast,B_cell,0
LUAD,enhancer,tfidf1_mean,PDGFRA,Fibroblast,Epithelial,0
LUAD,enhancer,tfidf1_mean,PDGFRB,Fibroblast,Macrophage,0
LUAD,enhancer,tfidf1_mean,FBLN1,Fibroblast,Epithelial,0
LUAD,enhancer,tfidf1_mean,COL6A3,Fibroblast,T_NK,0
LUAD,enhancer,tfidf1_mean,COL5A1,Fibroblast,T_NK,0
LUAD,enhancer,tfidf2_mean,CD163,Macrophage,Macrophage,1
LUAD,enhancer,tfidf2_mean,C1QA,Macrophage,Macrophage,1
LUAD,enhancer,tfidf2_mean,C1QB,Macrophage,Macrophage,1
LUAD,enhancer,tfidf2_mean,CD14,Macrophage,Macrophage,1
LUAD,enhancer,tfidf2_mean,MS4A7,Macrophage,Macrophage,1
LUAD,enhancer,tfidf2_mean,FOLR2,Macrophage,T_NK,0
LUAD,enhancer,tfidf2_mean,CD22,B_cell,B_cell,1
LUAD,enhancer,tfidf2_mean,FCRL1,B_cell,B_cell,1
LUAD,enhancer,tfidf2_mean,BLK,B_cell,B_cell,1
LUAD,enhancer,tfidf2_mean,TNFRSF13C,B_cell,B_cell,1
LUAD,enhancer,tfidf2_mean,VPREB3,B_cell,B_cell,1
LUAD,enhancer,tfidf2_mean,FCRLA,B_cell,B_cell,1
LUAD,enhancer,tfidf2_mean,CD3G,T_NK,T_NK,1
LUAD,enhancer,tfidf2_mean,CD247,T_NK,T_NK,1
LUAD,enhancer,tfidf2_mean,SKAP1,T_NK,T_NK,1
LUAD,enhancer,tfidf2_mean,CD96,T_NK,T_NK,1
LUAD,enhancer,tfidf2_mean,ITK,T_NK,T_NK,1
LUAD,enhancer,tfidf2_mean,LCK,T_NK,T_NK,1
LUAD,enhancer,tfidf2_mean,KRT19,Epithelial,Epithelial,1
LUAD,enhancer,tfidf2_mean,KRT7,Epithelial,Macrophage,0
LUAD,enhancer,tfidf2_mean,CLDN4,Epithelial,Epithelial,1
LUAD,enhancer,tfidf2_mean,ELF3,Epithelial,Epithelial,1
LUAD,enhancer,tfidf2_mean,SFTPB,Epithelial,Epithelial,1
LUAD,enhancer,tfidf2_mean,NAPSA,Epithelial,T_NK,0
LUAD,enhancer,tfidf2_mean,CLDN5,Endothelial,B_cell,0
LUAD,enhancer,tfidf2_mean,FLT1,Endothelial,Macrophage,0
LUAD,enhancer,tfidf2_mean,ERG,Endothelial,Endothelial,1
LUAD,enhancer,tfidf2_mean,ENG,Endothelial,Macrophage,0
LUAD,enhancer,tfidf2_mean,TEK,Endothelial,Epithelial,0
LUAD,enhancer,tfidf2_mean,PLVAP,Endothelial,Macrophage,0
LUAD,enhancer,tfidf2_mean,COL3A1,Fibroblast,B_cell,0
LUAD,enhancer,tfidf2_mean,PDGFRA,Fibroblast,Epithelial,0
LUAD,enhancer,tfidf2_mean,PDGFRB,Fibroblast,Macrophage,0
LUAD,enhancer,tfidf2_mean,FBLN1,Fibroblast,Epithelial,0
LUAD,enhancer,tfidf2_mean,COL6A3,Fibroblast,Epithelial,0
LUAD,enhancer,tfidf2_mean,COL5A1,Fibroblast,T_NK,0
LUAD,enhancer,tfidf3_mean,CD163,Macrophage,Macrophage,1
LUAD,enhancer,tfidf3_mean,C1QA,Macrophage,Macrophage,1
LUAD,enhancer,tfidf3_mean,C1QB,Macrophage,Macrophage,1
LUAD,enhancer,tfidf3_mean,CD14,Macrophage,Macrophage,1
LUAD,enhancer,tfidf3_mean,MS4A7,Macrophage,Macrophage,1
LUAD,enhancer,tfidf3_mean,FOLR2,Macrophage,T_NK,0
LUAD,enhancer,tfidf3_mean,CD22,B_cell,B_cell,1
LUAD,enhancer,tfidf3_mean,FCRL1,B_cell,B_cell,1
LUAD,enhancer,tfidf3_mean,BLK,B_cell,B_cell,1
LUAD,enhancer,tfidf3_mean,TNFRSF13C,B_cell,B_cell,1
LUAD,enhancer,tfidf3_mean,VPREB3,B_cell,B_cell,1
LUAD,enhancer,tfidf3_mean,FCRLA,B_cell,B_cell,1
LUAD,enhancer,tfidf3_mean,CD3G,T_NK,T_NK,1
LUAD,enhancer,tfidf3_mean,CD247,T_NK,T_NK,1
LUAD,enhancer,tfidf3_mean,SKAP1,T_NK,T_NK,1
LUAD,enhancer,tfidf3_mean,CD96,T_NK,T_NK,1
LUAD,enhancer,tfidf3_mean,ITK,T_NK,T_NK,1
LUAD,enhancer,tfidf3_mean,LCK,T_NK,T_NK,1
LUAD,enhancer,tfidf3_mean,KRT19,Epithelial,Epithelial,1
LUAD,enhancer,tfidf3_mean,KRT7,Epithelial,Macrophage,0
LUAD,enhancer,tfidf3_mean,CLDN4,Epithelial,Epithelial,1
LUAD,enhancer,tfidf3_mean,ELF3,Epithelial,Epithelial,1
LUAD,enhancer,tfidf3_mean,SFTPB,Epithelial,Epithelial,1
LUAD,enhancer,tfidf3_mean,NAPSA,Epithelial,T_NK,0
LUAD,enhancer,tfidf3_mean,CLDN5,Endothelial,B_cell,0
LUAD,enhancer,tfidf3_mean,FLT1,Endothelial,Macrophage,0
LUAD,enhancer,tfidf3_mean,ERG,Endothelial,Endothelial,1
LUAD,enhancer,tfidf3_mean,ENG,Endothelial,Macrophage,0
LUAD,enhancer,tfidf3_mean,TEK,Endothelial,Epithelial,0
LUAD,enhancer,tfidf3_mean,PLVAP,Endothelial,Endothelial,1
LUAD,enhancer,tfidf3_mean,COL3A1,Fibroblast,B_cell,0
LUAD,enhancer,tfidf3_mean,PDGFRA,Fibroblast,Epithelial,0
LUAD,enhancer,tfidf3_mean,PDGFRB,Fibroblast,Macrophage,0
LUAD,enhancer,tfidf3_mean,FBLN1,Fibroblast,Epithelial,0
LUAD,enhancer,tfidf3_mean,COL6A3,Fibroblast,T_NK,0
LUAD,enhancer,tfidf3_mean,COL5A1,Fibroblast,T_NK,0
LUAD,enhancer,pearson_mean,CD163,Macrophage,Macrophage,1
LUAD,enhancer,pearson_mean,C1QA,Macrophage,Macrophage,1
LUAD,enhancer,pearson_mean,C1QB,Macrophage,Macrophage,1
LUAD,enhancer,pearson_mean,CD14,Macrophage,Macrophage,1
LUAD,enhancer,pearson_mean,MS4A7,Macrophage,Macrophage,1
LUAD,enhancer,pearson_mean,FOLR2,Macrophage,Endothelial,0
LUAD,enhancer,pearson_mean,CD22,B_cell,B_cell,1
LUAD,enhancer,pearson_mean,FCRL1,B_cell,B_cell,1
LUAD,enhancer,pearson_mean,BLK,B_cell,B_cell,1
LUAD,enhancer,pearson_mean,TNFRSF13C,B_cell,B_cell,1
LUAD,enhancer,pearson_mean,VPREB3,B_cell,B_cell,1
LUAD,enhancer,pearson_mean,FCRLA,B_cell,B_cell,1
LUAD,enhancer,pearson_mean,CD3G,T_NK,T_NK,1
LUAD,enhancer,pearson_mean,CD247,T_NK,T_NK,1
LUAD,enhancer,pearson_mean,SKAP1,T_NK,T_NK,1
LUAD,enhancer,pearson_mean,CD96,T_NK,T_NK,1
LUAD,enhancer,pearson_mean,ITK,T_NK,T_NK,1
LUAD,enhancer,pearson_mean,LCK,T_NK,T_NK,1
LUAD,enhancer,pearson_mean,KRT19,Epithelial,Epithelial,1
LUAD,enhancer,pearson_mean,KRT7,Epithelial,Macrophage,0
LUAD,enhancer,pearson_mean,CLDN4,Epithelial,Epithelial,1
LUAD,enhancer,pearson_mean,ELF3,Epithelial,Epithelial,1
LUAD,enhancer,pearson_mean,SFTPB,Epithelial,Epithelial,1
LUAD,enhancer,pearson_mean,NAPSA,Epithelial,T_NK,0
LUAD,enhancer,pearson_mean,CLDN5,Endothelial,B_cell,0
LUAD,enhancer,pearson_mean,FLT1,Endothelial,Macrophage,0
LUAD,enhancer,pearson_mean,ERG,Endothelial,Endothelial,1
LUAD,enhancer,pearson_mean,ENG,Endothelial,Macrophage,0
LUAD,enhancer,pearson_mean,TEK,Endothelial,Epithelial,0
LUAD,enhancer,pearson_mean,PLVAP,Endothelial,Macrophage,0
LUAD,enhancer,pearson_mean,COL3A1,Fibroblast,B_cell,0
LUAD,enhancer,pearson_mean,PDGFRA,Fibroblast,Epithelial,0
LUAD,enhancer,pearson_mean,PDGFRB,Fibroblast,Macrophage,0
LUAD,enhancer,pearson_mean,FBLN1,Fibroblast,Epithelial,0
LUAD,enhancer,pearson_mean,COL6A3,Fibroblast,Epithelial,0
LUAD,enhancer,pearson_mean,COL5A1,Fibroblast,T_NK,0
LUAD,enhancer,medscale_mean,CD163,Macrophage,Macrophage,1
LUAD,enhancer,medscale_mean,C1QA,Macrophage,Macrophage,1
LUAD,enhancer,medscale_mean,C1QB,Macrophage,Macrophage,1
LUAD,enhancer,medscale_mean,CD14,Macrophage,Macrophage,1
LUAD,enhancer,medscale_mean,MS4A7,Macrophage,Macrophage,1
LUAD,enhancer,medscale_mean,FOLR2,Macrophage,T_NK,0
LUAD,enhancer,medscale_mean,CD22,B_cell,B_cell,1
LUAD,enhancer,medscale_mean,FCRL1,B_cell,B_cell,1
LUAD,enhancer,medscale_mean,BLK,B_cell,B_cell,1
LUAD,enhancer,medscale_mean,TNFRSF13C,B_cell,B_cell,1
LUAD,enhancer,medscale_mean,VPREB3,B_cell,B_cell,1
LUAD,enhancer,medscale_mean,FCRLA,B_cell,B_cell,1
LUAD,enhancer,medscale_mean,CD3G,T_NK,T_NK,1
LUAD,enhancer,medscale_mean,CD247,T_NK,T_NK,1
LUAD,enhancer,medscale_mean,SKAP1,T_NK,T_NK,1
LUAD,enhancer,medscale_mean,CD96,T_NK,T_NK,1
LUAD,enhancer,medscale_mean,ITK,T_NK,T_NK,1
LUAD,enhancer,medscale_mean,LCK,T_NK,T_NK,1
LUAD,enhancer,medscale_mean,KRT19,Epithelial,Epithelial,1
LUAD,enhancer,medscale_mean,KRT7,Epithelial,Macrophage,0
LUAD,enhancer,medscale_mean,CLDN4,Epithelial,Epithelial,1
LUAD,enhancer,medscale_mean,ELF3,Epithelial,Epithelial,1
LUAD,enhancer,medscale_mean,SFTPB,Epithelial,Epithelial,1
LUAD,enhancer,medscale_mean,NAPSA,Epithelial,T_NK,0
LUAD,enhancer,medscale_mean,CLDN5,Endothelial,B_cell,0
LUAD,enhancer,medscale_mean,FLT1,Endothelial,Macrophage,0
LUAD,enhancer,medscale_mean,ERG,Endothelial,Endothelial,1
LUAD,enhancer,medscale_mean,ENG,Endothelial,Macrophage,0
LUAD,enhancer,medscale_mean,TEK,Endothelial,Epithelial,0
LUAD,enhancer,medscale_mean,PLVAP,Endothelial,Macrophage,0
LUAD,enhancer,medscale_mean,COL3A1,Fibroblast,B_cell,0
LUAD,enhancer,medscale_mean,PDGFRA,Fibroblast,Epithelial,0
LUAD,enhancer,medscale_mean,PDGFRB,Fibroblast,Macrophage,0
LUAD,enhancer,medscale_mean,FBLN1,Fibroblast,Epithelial,0
LUAD,enhancer,medscale_mean,COL6A3,Fibroblast,Epithelial,0
LUAD,enhancer,medscale_mean,COL5A1,Fibroblast,T_NK,0
LUAD,enhancer,rank_mean,CD163,Macrophage,Macrophage,1
LUAD,enhancer,rank_mean,C1QA,Macrophage,Macrophage,1
LUAD,enhancer,rank_mean,C1QB,Macrophage,Macrophage,1
LUAD,enhancer,rank_mean,CD14,Macrophage,Endothelial,0
LUAD,enhancer,rank_mean,MS4A7,Macrophage,B_cell,0
LUAD,enhancer,rank_mean,FOLR2,Macrophage,T_NK,0
LUAD,enhancer,rank_mean,CD22,B_cell,B_cell,1
LUAD,enhancer,rank_mean,FCRL1,B_cell,B_cell,1
LUAD,enhancer,rank_mean,BLK,B_cell,B_cell,1
LUAD,enhancer,rank_mean,TNFRSF13C,B_cell,B_cell,1
LUAD,enhancer,rank_mean,VPREB3,B_cell,B_cell,1
LUAD,enhancer,rank_mean,FCRLA,B_cell,B_cell,1
LUAD,enhancer,rank_mean,CD3G,T_NK,T_NK,1
LUAD,enhancer,rank_mean,CD247,T_NK,T_NK,1
LUAD,enhancer,rank_mean,SKAP1,T_NK,T_NK,1
LUAD,enhancer,rank_mean,CD96,T_NK,T_NK,1
LUAD,enhancer,rank_mean,ITK,T_NK,T_NK,1
LUAD,enhancer,rank_mean,LCK,T_NK,T_NK,1
LUAD,enhancer,rank_mean,KRT19,Epithelial,Epithelial,1
LUAD,enhancer,rank_mean,KRT7,Epithelial,Endothelial,0
LUAD,enhancer,rank_mean,CLDN4,Epithelial,Epithelial,1
LUAD,enhancer,rank_mean,ELF3,Epithelial,Epithelial,1
LUAD,enhancer,rank_mean,SFTPB,Epithelial,Epithelial,1
LUAD,enhancer,rank_mean,NAPSA,Epithelial,T_NK,0
LUAD,enhancer,rank_mean,CLDN5,Endothelial,T_NK,0
LUAD,enhancer,rank_mean,FLT1,Endothelial,Endothelial,1
LUAD,enhancer,rank_mean,ERG,Endothelial,Endothelial,1
LUAD,enhancer,rank_mean,ENG,Endothelial,Endothelial,1
LUAD,enhancer,rank_mean,TEK,Endothelial,Epithelial,0
LUAD,enhancer,rank_mean,PLVAP,Endothelial,Endothelial,1
LUAD,enhancer,rank_mean,COL3A1,Fibroblast,B_cell,0
LUAD,enhancer,rank_mean,PDGFRA,Fibroblast,Epithelial,0
LUAD,enhancer,rank_mean,PDGFRB,Fibroblast,Macrophage,0
LUAD,enhancer,rank_mean,FBLN1,Fibroblast,Epithelial,0
LUAD,enhancer,rank_mean,COL6A3,Fibroblast,T_NK,0
LUAD,enhancer,rank_mean,COL5A1,Fibroblast,Epithelial,0
LUAD,enhancer,rankfrac_mean,CD163,Macrophage,Macrophage,1
LUAD,enhancer,rankfrac_mean,C1QA,Macrophage,Macrophage,1
LUAD,enhancer,rankfrac_mean,C1QB,Macrophage,Macrophage,1
LUAD,enhancer,rankfrac_mean,CD14,Macrophage,Endothelial,0
LUAD,enhancer,rankfrac_mean,MS4A7,Macrophage,B_cell,0
LUAD,enhancer,rankfrac_mean,FOLR2,Macrophage,Endothelial,0
LUAD,enhancer,rankfrac_mean,CD22,B_cell,B_cell,1
LUAD,enhancer,rankfrac_mean,FCRL1,B_cell,B_cell,1
LUAD,enhancer,rankfrac_mean,BLK,B_cell,B_cell,1
LUAD,enhancer,rankfrac_mean,TNFRSF13C,B_cell,B_cell,1
LUAD,enhancer,rankfrac_mean,VPREB3,B_cell,B_cell,1
LUAD,enhancer,rankfrac_mean,FCRLA,B_cell,B_cell,1
LUAD,enhancer,rankfrac_mean,CD3G,T_NK,T_NK,1
LUAD,enhancer,rankfrac_mean,CD247,T_NK,T_NK,1
LUAD,enhancer,rankfrac_mean,SKAP1,T_NK,T_NK,1
LUAD,enhancer,rankfrac_mean,CD96,T_NK,T_NK,1
LUAD,enhancer,rankfrac_mean,ITK,T_NK,T_NK,1
LUAD,enhancer,rankfrac_mean,LCK,T_NK,T_NK,1
LUAD,enhancer,rankfrac_mean,KRT19,Epithelial,Epithelial,1
LUAD,enhancer,rankfrac_mean,KRT7,Epithelial,Endothelial,0
LUAD,enhancer,rankfrac_mean,CLDN4,Epithelial,Epithelial,1
LUAD,enhancer,rankfrac_mean,ELF3,Epithelial,Epithelial,1
LUAD,enhancer,rankfrac_mean,SFTPB,Epithelial,Epithelial,1
LUAD,enhancer,rankfrac_mean,NAPSA,Epithelial,Endothelial,0
LUAD,enhancer,rankfrac_mean,CLDN5,Endothelial,T_NK,0
LUAD,enhancer,rankfrac_mean,FLT1,Endothelial,Endothelial,1
LUAD,enhancer,rankfrac_mean,ERG,Endothelial,Endothelial,1
LUAD,enhancer,rankfrac_mean,ENG,Endothelial,Endothelial,1
LUAD,enhancer,rankfrac_mean,TEK,Endothelial,Epithelial,0
LUAD,enhancer,rankfrac_mean,PLVAP,Endothelial,Endothelial,1
LUAD,enhancer,rankfrac_mean,COL3A1,Fibroblast,B_cell,0
LUAD,enhancer,rankfrac_mean,PDGFRA,Fibroblast,Epithelial,0
LUAD,enhancer,rankfrac_mean,PDGFRB,Fibroblast,Macrophage,0
LUAD,enhancer,rankfrac_mean,FBLN1,Fibroblast,Epithelial,0
LUAD,enhancer,rankfrac_mean,COL6A3,Fibroblast,T_NK,0
LUAD,enhancer,rankfrac_mean,COL5A1,Fibroblast,Epithelial,0
LUAD,enhancer,detection_mean,CD163,Macrophage,Macrophage,1
LUAD,enhancer,detection_mean,C1QA,Macrophage,Macrophage,1
LUAD,enhancer,detection_mean,C1QB,Macrophage,Macrophage,1
LUAD,enhancer,detection_mean,CD14,Macrophage,Endothelial,0
LUAD,enhancer,detection_mean,MS4A7,Macrophage,B_cell,0
LUAD,enhancer,detection_mean,FOLR2,Macrophage,Endothelial,0
LUAD,enhancer,detection_mean,CD22,B_cell,B_cell,1
LUAD,enhancer,detection_mean,FCRL1,B_cell,B_cell,1
LUAD,enhancer,detection_mean,BLK,B_cell,B_cell,1
LUAD,enhancer,detection_mean,TNFRSF13C,B_cell,T_NK,0
LUAD,enhancer,detection_mean,VPREB3,B_cell,B_cell,1
LUAD,enhancer,detection_mean,FCRLA,B_cell,Endothelial,0
LUAD,enhancer,detection_mean,CD3G,T_NK,T_NK,1
LUAD,enhancer,detection_mean,CD247,T_NK,T_NK,1
LUAD,enhancer,detection_mean,SKAP1,T_NK,T_NK,1
LUAD,enhancer,detection_mean,CD96,T_NK,T_NK,1
LUAD,enhancer,detection_mean,ITK,T_NK,T_NK,1
LUAD,enhancer,detection_mean,LCK,T_NK,T_NK,1
LUAD,enhancer,detection_mean,KRT19,Epithelial,Epithelial,1
LUAD,enhancer,detection_mean,KRT7,Epithelial,Endothelial,0
LUAD,enhancer,detection_mean,CLDN4,Epithelial,Epithelial,1
LUAD,enhancer,detection_mean,ELF3,Epithelial,Epithelial,1
LUAD,enhancer,detection_mean,SFTPB,Epithelial,T_NK,0
LUAD,enhancer,detection_mean,NAPSA,Epithelial,Endothelial,0
LUAD,enhancer,detection_mean,CLDN5,Endothelial,T_NK,0
LUAD,enhancer,detection_mean,FLT1,Endothelial,Endothelial,1
LUAD,enhancer,detection_mean,ERG,Endothelial,Endothelial,1
LUAD,enhancer,detection_mean,ENG,Endothelial,Endothelial,1
LUAD,enhancer,detection_mean,TEK,Endothelial,Macrophage,0
LUAD,enhancer,detection_mean,PLVAP,Endothelial,T_NK,0
LUAD,enhancer,detection_mean,COL3A1,Fibroblast,B_cell,0
LUAD,enhancer,detection_mean,PDGFRA,Fibroblast,Epithelial,0
LUAD,enhancer,detection_mean,PDGFRB,Fibroblast,Macrophage,0
LUAD,enhancer,detection_mean,FBLN1,Fibroblast,Endothelial,0
LUAD,enhancer,detection_mean,COL6A3,Fibroblast,Epithelial,0
LUAD,enhancer,detection_mean,COL5A1,Fibroblast,Endothelial,0
LUAD,enhancer,lognorm_maxnorm,CD163,Macrophage,Macrophage,1
LUAD,enhancer,lognorm_maxnorm,C1QA,Macrophage,Macrophage,1
LUAD,enhancer,lognorm_maxnorm,C1QB,Macrophage,Macrophage,1
LUAD,enhancer,lognorm_maxnorm,CD14,Macrophage,Macrophage,1
LUAD,enhancer,lognorm_maxnorm,MS4A7,Macrophage,Macrophage,1
LUAD,enhancer,lognorm_maxnorm,FOLR2,Macrophage,T_NK,0
LUAD,enhancer,lognorm_maxnorm,CD22,B_cell,B_cell,1
LUAD,enhancer,lognorm_maxnorm,FCRL1,B_cell,B_cell,1
LUAD,enhancer,lognorm_maxnorm,BLK,B_cell,B_cell,1
LUAD,enhancer,lognorm_maxnorm,TNFRSF13C,B_cell,B_cell,1
LUAD,enhancer,lognorm_maxnorm,VPREB3,B_cell,B_cell,1
LUAD,enhancer,lognorm_maxnorm,FCRLA,B_cell,B_cell,1
LUAD,enhancer,lognorm_maxnorm,CD3G,T_NK,T_NK,1
LUAD,enhancer,lognorm_maxnorm,CD247,T_NK,T_NK,1
LUAD,enhancer,lognorm_maxnorm,SKAP1,T_NK,T_NK,1
LUAD,enhancer,lognorm_maxnorm,CD96,T_NK,T_NK,1
LUAD,enhancer,lognorm_maxnorm,ITK,T_NK,T_NK,1
LUAD,enhancer,lognorm_maxnorm,LCK,T_NK,T_NK,1
LUAD,enhancer,lognorm_maxnorm,KRT19,Epithelial,Epithelial,1
LUAD,enhancer,lognorm_maxnorm,KRT7,Epithelial,Macrophage,0
LUAD,enhancer,lognorm_maxnorm,CLDN4,Epithelial,Epithelial,1
LUAD,enhancer,lognorm_maxnorm,ELF3,Epithelial,Epithelial,1
LUAD,enhancer,lognorm_maxnorm,SFTPB,Epithelial,Epithelial,1
LUAD,enhancer,lognorm_maxnorm,NAPSA,Epithelial,T_NK,0
LUAD,enhancer,lognorm_maxnorm,CLDN5,Endothelial,B_cell,0
LUAD,enhancer,lognorm_maxnorm,FLT1,Endothelial,Macrophage,0
LUAD,enhancer,lognorm_maxnorm,ERG,Endothelial,Endothelial,1
LUAD,enhancer,lognorm_maxnorm,ENG,Endothelial,Macrophage,0
LUAD,enhancer,lognorm_maxnorm,TEK,Endothelial,Epithelial,0
LUAD,enhancer,lognorm_maxnorm,PLVAP,Endothelial,Endothelial,1
LUAD,enhancer,lognorm_maxnorm,COL3A1,Fibroblast,B_cell,0
LUAD,enhancer,lognorm_maxnorm,PDGFRA,Fibroblast,Epithelial,0
LUAD,enhancer,lognorm_maxnorm,PDGFRB,Fibroblast,Macrophage,0
LUAD,enhancer,lognorm_maxnorm,FBLN1,Fibroblast,Epithelial,0
LUAD,enhancer,lognorm_maxnorm,COL6A3,Fibroblast,T_NK,0
LUAD,enhancer,lognorm_maxnorm,COL5A1,Fibroblast,T_NK,0
LUAD,enhancer,pseudobulk_logcpm,CD163,Macrophage,Macrophage,1
LUAD,enhancer,pseudobulk_logcpm,C1QA,Macrophage,Macrophage,1
LUAD,enhancer,pseudobulk_logcpm,C1QB,Macrophage,Macrophage,1
LUAD,enhancer,pseudobulk_logcpm,CD14,Macrophage,Macrophage,1
LUAD,enhancer,pseudobulk_logcpm,MS4A7,Macrophage,Macrophage,1
LUAD,enhancer,pseudobulk_logcpm,FOLR2,Macrophage,Endothelial,0
LUAD,enhancer,pseudobulk_logcpm,CD22,B_cell,B_cell,1
LUAD,enhancer,pseudobulk_logcpm,FCRL1,B_cell,B_cell,1
LUAD,enhancer,pseudobulk_logcpm,BLK,B_cell,B_cell,1
LUAD,enhancer,pseudobulk_logcpm,TNFRSF13C,B_cell,B_cell,1
LUAD,enhancer,pseudobulk_logcpm,VPREB3,B_cell,B_cell,1
LUAD,enhancer,pseudobulk_logcpm,FCRLA,B_cell,B_cell,1
LUAD,enhancer,pseudobulk_logcpm,CD3G,T_NK,T_NK,1
LUAD,enhancer,pseudobulk_logcpm,CD247,T_NK,T_NK,1
LUAD,enhancer,pseudobulk_logcpm,SKAP1,T_NK,T_NK,1
LUAD,enhancer,pseudobulk_logcpm,CD96,T_NK,T_NK,1
LUAD,enhancer,pseudobulk_logcpm,ITK,T_NK,T_NK,1
LUAD,enhancer,pseudobulk_logcpm,LCK,T_NK,T_NK,1
LUAD,enhancer,pseudobulk_logcpm,KRT19,Epithelial,Epithelial,1
LUAD,enhancer,pseudobulk_logcpm,KRT7,Epithelial,Macrophage,0
LUAD,enhancer,pseudobulk_logcpm,CLDN4,Epithelial,Epithelial,1
LUAD,enhancer,pseudobulk_logcpm,ELF3,Epithelial,Epithelial,1
LUAD,enhancer,pseudobulk_logcpm,SFTPB,Epithelial,Epithelial,1
LUAD,enhancer,pseudobulk_logcpm,NAPSA,Epithelial,T_NK,0
LUAD,enhancer,pseudobulk_logcpm,CLDN5,Endothelial,B_cell,0
LUAD,enhancer,pseudobulk_logcpm,FLT1,Endothelial,Macrophage,0
LUAD,enhancer,pseudobulk_logcpm,ERG,Endothelial,Endothelial,1
LUAD,enhancer,pseudobulk_logcpm,ENG,Endothelial,Macrophage,0
LUAD,enhancer,pseudobulk_logcpm,TEK,Endothelial,Epithelial,0
LUAD,enhancer,pseudobulk_logcpm,PLVAP,Endothelial,Macrophage,0
LUAD,enhancer,pseudobulk_logcpm,COL3A1,Fibroblast,B_cell,0
LUAD,enhancer,pseudobulk_logcpm,PDGFRA,Fibroblast,Epithelial,0
LUAD,enhancer,pseudobulk_logcpm,PDGFRB,Fibroblast,Macrophage,0
LUAD,enhancer,pseudobulk_logcpm,FBLN1,Fibroblast,Epithelial,0
LUAD,enhancer,pseudobulk_logcpm,COL6A3,Fibroblast,Epithelial,0
LUAD,enhancer,pseudobulk_logcpm,COL5A1,Fibroblast,T_NK,0
LUAD,proximal,raw_mean,CD163,Macrophage,Macrophage,1
LUAD,proximal,raw_mean,C1QA,Macrophage,Macrophage,1
LUAD,proximal,raw_mean,C1QB,Macrophage,Macrophage,1
LUAD,proximal,raw_mean,CD14,Macrophage,Macrophage,1
LUAD,proximal,raw_mean,MS4A7,Macrophage,B_cell,0
LUAD,proximal,raw_mean,FOLR2,Macrophage,Macrophage,1
LUAD,proximal,raw_mean,CD22,B_cell,B_cell,1
LUAD,proximal,raw_mean,FCRL1,B_cell,B_cell,1
LUAD,proximal,raw_mean,BLK,B_cell,B_cell,1
LUAD,proximal,raw_mean,TNFRSF13C,B_cell,B_cell,1
LUAD,proximal,raw_mean,VPREB3,B_cell,B_cell,1
LUAD,proximal,raw_mean,FCRLA,B_cell,B_cell,1
LUAD,proximal,raw_mean,CD3G,T_NK,T_NK,1
LUAD,proximal,raw_mean,CD247,T_NK,T_NK,1
LUAD,proximal,raw_mean,SKAP1,T_NK,T_NK,1
LUAD,proximal,raw_mean,CD96,T_NK,T_NK,1
LUAD,proximal,raw_mean,ITK,T_NK,T_NK,1
LUAD,proximal,raw_mean,LCK,T_NK,T_NK,1
LUAD,proximal,raw_mean,KRT19,Epithelial,Epithelial,1
LUAD,proximal,raw_mean,KRT7,Epithelial,Epithelial,1
LUAD,proximal,raw_mean,CLDN4,Epithelial,Epithelial,1
LUAD,proximal,raw_mean,ELF3,Epithelial,Epithelial,1
LUAD,proximal,raw_mean,SFTPB,Epithelial,Epithelial,1
LUAD,proximal,raw_mean,NAPSA,Epithelial,T_NK,0
LUAD,proximal,raw_mean,CLDN5,Endothelial,B_cell,0
LUAD,proximal,raw_mean,FLT1,Endothelial,Macrophage,0
LUAD,proximal,raw_mean,ERG,Endothelial,Endothelial,1
LUAD,proximal,raw_mean,ENG,Endothelial,Macrophage,0
LUAD,proximal,raw_mean,TEK,Endothelial,Epithelial,0
LUAD,proximal,raw_mean,PLVAP,Endothelial,B_cell,0
LUAD,proximal,raw_mean,COL3A1,Fibroblast,B_cell,0
LUAD,proximal,raw_mean,PDGFRA,Fibroblast,Epithelial,0
LUAD,proximal,raw_mean,PDGFRB,Fibroblast,Macrophage,0
LUAD,proximal,raw_mean,FBLN1,Fibroblast,Epithelial,0
LUAD,proximal,raw_mean,COL6A3,Fibroblast,B_cell,0
LUAD,proximal,raw_mean,COL5A1,Fibroblast,T_NK,0
LUAD,proximal,zscale_mean,CD163,Macrophage,Macrophage,1
LUAD,proximal,zscale_mean,C1QA,Macrophage,Macrophage,1
LUAD,proximal,zscale_mean,C1QB,Macrophage,Macrophage,1
LUAD,proximal,zscale_mean,CD14,Macrophage,Macrophage,1
LUAD,proximal,zscale_mean,MS4A7,Macrophage,B_cell,0
LUAD,proximal,zscale_mean,FOLR2,Macrophage,Macrophage,1
LUAD,proximal,zscale_mean,CD22,B_cell,B_cell,1
LUAD,proximal,zscale_mean,FCRL1,B_cell,B_cell,1
LUAD,proximal,zscale_mean,BLK,B_cell,B_cell,1
LUAD,proximal,zscale_mean,TNFRSF13C,B_cell,B_cell,1
LUAD,proximal,zscale_mean,VPREB3,B_cell,B_cell,1
LUAD,proximal,zscale_mean,FCRLA,B_cell,B_cell,1
LUAD,proximal,zscale_mean,CD3G,T_NK,T_NK,1
LUAD,proximal,zscale_mean,CD247,T_NK,T_NK,1
LUAD,proximal,zscale_mean,SKAP1,T_NK,T_NK,1
LUAD,proximal,zscale_mean,CD96,T_NK,T_NK,1
LUAD,proximal,zscale_mean,ITK,T_NK,T_NK,1
LUAD,proximal,zscale_mean,LCK,T_NK,T_NK,1
LUAD,proximal,zscale_mean,KRT19,Epithelial,Epithelial,1
LUAD,proximal,zscale_mean,KRT7,Epithelial,Epithelial,1
LUAD,proximal,zscale_mean,CLDN4,Epithelial,Epithelial,1
LUAD,proximal,zscale_mean,ELF3,Epithelial,Epithelial,1
LUAD,proximal,zscale_mean,SFTPB,Epithelial,Epithelial,1
LUAD,proximal,zscale_mean,NAPSA,Epithelial,T_NK,0
LUAD,proximal,zscale_mean,CLDN5,Endothelial,B_cell,0
LUAD,proximal,zscale_mean,FLT1,Endothelial,Macrophage,0
LUAD,proximal,zscale_mean,ERG,Endothelial,Endothelial,1
LUAD,proximal,zscale_mean,ENG,Endothelial,Macrophage,0
LUAD,proximal,zscale_mean,TEK,Endothelial,Epithelial,0
LUAD,proximal,zscale_mean,PLVAP,Endothelial,B_cell,0
LUAD,proximal,zscale_mean,COL3A1,Fibroblast,B_cell,0
LUAD,proximal,zscale_mean,PDGFRA,Fibroblast,Epithelial,0
LUAD,proximal,zscale_mean,PDGFRB,Fibroblast,Macrophage,0
LUAD,proximal,zscale_mean,FBLN1,Fibroblast,Epithelial,0
LUAD,proximal,zscale_mean,COL6A3,Fibroblast,B_cell,0
LUAD,proximal,zscale_mean,COL5A1,Fibroblast,T_NK,0
LUAD,proximal,pseudobulk_cpm,CD163,Macrophage,Macrophage,1
LUAD,proximal,pseudobulk_cpm,C1QA,Macrophage,Macrophage,1
LUAD,proximal,pseudobulk_cpm,C1QB,Macrophage,Macrophage,1
LUAD,proximal,pseudobulk_cpm,CD14,Macrophage,Macrophage,1
LUAD,proximal,pseudobulk_cpm,MS4A7,Macrophage,Macrophage,1
LUAD,proximal,pseudobulk_cpm,FOLR2,Macrophage,Macrophage,1
LUAD,proximal,pseudobulk_cpm,CD22,B_cell,B_cell,1
LUAD,proximal,pseudobulk_cpm,FCRL1,B_cell,B_cell,1
LUAD,proximal,pseudobulk_cpm,BLK,B_cell,B_cell,1
LUAD,proximal,pseudobulk_cpm,TNFRSF13C,B_cell,B_cell,1
LUAD,proximal,pseudobulk_cpm,VPREB3,B_cell,B_cell,1
LUAD,proximal,pseudobulk_cpm,FCRLA,B_cell,B_cell,1
LUAD,proximal,pseudobulk_cpm,CD3G,T_NK,T_NK,1
LUAD,proximal,pseudobulk_cpm,CD247,T_NK,T_NK,1
LUAD,proximal,pseudobulk_cpm,SKAP1,T_NK,T_NK,1
LUAD,proximal,pseudobulk_cpm,CD96,T_NK,T_NK,1
LUAD,proximal,pseudobulk_cpm,ITK,T_NK,T_NK,1
LUAD,proximal,pseudobulk_cpm,LCK,T_NK,T_NK,1
LUAD,proximal,pseudobulk_cpm,KRT19,Epithelial,Epithelial,1
LUAD,proximal,pseudobulk_cpm,KRT7,Epithelial,Macrophage,0
LUAD,proximal,pseudobulk_cpm,CLDN4,Epithelial,Epithelial,1
LUAD,proximal,pseudobulk_cpm,ELF3,Epithelial,Epithelial,1
LUAD,proximal,pseudobulk_cpm,SFTPB,Epithelial,Epithelial,1
LUAD,proximal,pseudobulk_cpm,NAPSA,Epithelial,T_NK,0
LUAD,proximal,pseudobulk_cpm,CLDN5,Endothelial,B_cell,0
LUAD,proximal,pseudobulk_cpm,FLT1,Endothelial,Macrophage,0
LUAD,proximal,pseudobulk_cpm,ERG,Endothelial,Endothelial,1
LUAD,proximal,pseudobulk_cpm,ENG,Endothelial,Macrophage,0
LUAD,proximal,pseudobulk_cpm,TEK,Endothelial,Epithelial,0
LUAD,proximal,pseudobulk_cpm,PLVAP,Endothelial,Macrophage,0
LUAD,proximal,pseudobulk_cpm,COL3A1,Fibroblast,B_cell,0
LUAD,proximal,pseudobulk_cpm,PDGFRA,Fibroblast,Epithelial,0
LUAD,proximal,pseudobulk_cpm,PDGFRB,Fibroblast,Macrophage,0
LUAD,proximal,pseudobulk_cpm,FBLN1,Fibroblast,Epithelial,0
LUAD,proximal,pseudobulk_cpm,COL6A3,Fibroblast,B_cell,0
LUAD,proximal,pseudobulk_cpm,COL5A1,Fibroblast,T_NK,0
LUAD,proximal,depth_matched,CD163,Macrophage,Macrophage,1
LUAD,proximal,depth_matched,C1QA,Macrophage,Macrophage,1
LUAD,proximal,depth_matched,C1QB,Macrophage,Macrophage,1
LUAD,proximal,depth_matched,CD14,Macrophage,Macrophage,1
LUAD,proximal,depth_matched,MS4A7,Macrophage,Macrophage,1
LUAD,proximal,depth_matched,FOLR2,Macrophage,Macrophage,1
LUAD,proximal,depth_matched,CD22,B_cell,B_cell,1
LUAD,proximal,depth_matched,FCRL1,B_cell,B_cell,1
LUAD,proximal,depth_matched,BLK,B_cell,B_cell,1
LUAD,proximal,depth_matched,TNFRSF13C,B_cell,B_cell,1
LUAD,proximal,depth_matched,VPREB3,B_cell,B_cell,1
LUAD,proximal,depth_matched,FCRLA,B_cell,B_cell,1
LUAD,proximal,depth_matched,CD3G,T_NK,T_NK,1
LUAD,proximal,depth_matched,CD247,T_NK,T_NK,1
LUAD,proximal,depth_matched,SKAP1,T_NK,T_NK,1
LUAD,proximal,depth_matched,CD96,T_NK,T_NK,1
LUAD,proximal,depth_matched,ITK,T_NK,T_NK,1
LUAD,proximal,depth_matched,LCK,T_NK,T_NK,1
LUAD,proximal,depth_matched,KRT19,Epithelial,Epithelial,1
LUAD,proximal,depth_matched,KRT7,Epithelial,Macrophage,0
LUAD,proximal,depth_matched,CLDN4,Epithelial,Epithelial,1
LUAD,proximal,depth_matched,ELF3,Epithelial,Epithelial,1
LUAD,proximal,depth_matched,SFTPB,Epithelial,Epithelial,1
LUAD,proximal,depth_matched,NAPSA,Epithelial,T_NK,0
LUAD,proximal,depth_matched,CLDN5,Endothelial,B_cell,0
LUAD,proximal,depth_matched,FLT1,Endothelial,Macrophage,0
LUAD,proximal,depth_matched,ERG,Endothelial,Endothelial,1
LUAD,proximal,depth_matched,ENG,Endothelial,Macrophage,0
LUAD,proximal,depth_matched,TEK,Endothelial,Epithelial,0
LUAD,proximal,depth_matched,PLVAP,Endothelial,Endothelial,1
LUAD,proximal,depth_matched,COL3A1,Fibroblast,Endothelial,0
LUAD,proximal,depth_matched,PDGFRA,Fibroblast,Macrophage,0
LUAD,proximal,depth_matched,PDGFRB,Fibroblast,Macrophage,0
LUAD,proximal,depth_matched,FBLN1,Fibroblast,Epithelial,0
LUAD,proximal,depth_matched,COL6A3,Fibroblast,B_cell,0
LUAD,proximal,depth_matched,COL5A1,Fibroblast,T_NK,0
LUAD,proximal,cpm_mean,CD163,Macrophage,Macrophage,1
LUAD,proximal,cpm_mean,C1QA,Macrophage,Macrophage,1
LUAD,proximal,cpm_mean,C1QB,Macrophage,Macrophage,1
LUAD,proximal,cpm_mean,CD14,Macrophage,Macrophage,1
LUAD,proximal,cpm_mean,MS4A7,Macrophage,Macrophage,1
LUAD,proximal,cpm_mean,FOLR2,Macrophage,Macrophage,1
LUAD,proximal,cpm_mean,CD22,B_cell,B_cell,1
LUAD,proximal,cpm_mean,FCRL1,B_cell,B_cell,1
LUAD,proximal,cpm_mean,BLK,B_cell,B_cell,1
LUAD,proximal,cpm_mean,TNFRSF13C,B_cell,B_cell,1
LUAD,proximal,cpm_mean,VPREB3,B_cell,B_cell,1
LUAD,proximal,cpm_mean,FCRLA,B_cell,B_cell,1
LUAD,proximal,cpm_mean,CD3G,T_NK,T_NK,1
LUAD,proximal,cpm_mean,CD247,T_NK,T_NK,1
LUAD,proximal,cpm_mean,SKAP1,T_NK,T_NK,1
LUAD,proximal,cpm_mean,CD96,T_NK,T_NK,1
LUAD,proximal,cpm_mean,ITK,T_NK,T_NK,1
LUAD,proximal,cpm_mean,LCK,T_NK,T_NK,1
LUAD,proximal,cpm_mean,KRT19,Epithelial,Epithelial,1
LUAD,proximal,cpm_mean,KRT7,Epithelial,Macrophage,0
LUAD,proximal,cpm_mean,CLDN4,Epithelial,Epithelial,1
LUAD,proximal,cpm_mean,ELF3,Epithelial,Epithelial,1
LUAD,proximal,cpm_mean,SFTPB,Epithelial,Epithelial,1
LUAD,proximal,cpm_mean,NAPSA,Epithelial,Fibroblast,0
LUAD,proximal,cpm_mean,CLDN5,Endothelial,B_cell,0
LUAD,proximal,cpm_mean,FLT1,Endothelial,Macrophage,0
LUAD,proximal,cpm_mean,ERG,Endothelial,Endothelial,1
LUAD,proximal,cpm_mean,ENG,Endothelial,Macrophage,0
LUAD,proximal,cpm_mean,TEK,Endothelial,Epithelial,0
LUAD,proximal,cpm_mean,PLVAP,Endothelial,Macrophage,0
LUAD,proximal,cpm_mean,COL3A1,Fibroblast,Endothelial,0
LUAD,proximal,cpm_mean,PDGFRA,Fibroblast,Epithelial,0
LUAD,proximal,cpm_mean,PDGFRB,Fibroblast,Macrophage,0
LUAD,proximal,cpm_mean,FBLN1,Fibroblast,Epithelial,0
LUAD,proximal,cpm_mean,COL6A3,Fibroblast,B_cell,0
LUAD,proximal,cpm_mean,COL5A1,Fibroblast,Epithelial,0
LUAD,proximal,lognorm_mean,CD163,Macrophage,Macrophage,1
LUAD,proximal,lognorm_mean,C1QA,Macrophage,Macrophage,1
LUAD,proximal,lognorm_mean,C1QB,Macrophage,Macrophage,1
LUAD,proximal,lognorm_mean,CD14,Macrophage,Macrophage,1
LUAD,proximal,lognorm_mean,MS4A7,Macrophage,Macrophage,1
LUAD,proximal,lognorm_mean,FOLR2,Macrophage,Macrophage,1
LUAD,proximal,lognorm_mean,CD22,B_cell,B_cell,1
LUAD,proximal,lognorm_mean,FCRL1,B_cell,B_cell,1
LUAD,proximal,lognorm_mean,BLK,B_cell,B_cell,1
LUAD,proximal,lognorm_mean,TNFRSF13C,B_cell,B_cell,1
LUAD,proximal,lognorm_mean,VPREB3,B_cell,B_cell,1
LUAD,proximal,lognorm_mean,FCRLA,B_cell,B_cell,1
LUAD,proximal,lognorm_mean,CD3G,T_NK,T_NK,1
LUAD,proximal,lognorm_mean,CD247,T_NK,T_NK,1
LUAD,proximal,lognorm_mean,SKAP1,T_NK,T_NK,1
LUAD,proximal,lognorm_mean,CD96,T_NK,T_NK,1
LUAD,proximal,lognorm_mean,ITK,T_NK,T_NK,1
LUAD,proximal,lognorm_mean,LCK,T_NK,T_NK,1
LUAD,proximal,lognorm_mean,KRT19,Epithelial,Epithelial,1
LUAD,proximal,lognorm_mean,KRT7,Epithelial,Macrophage,0
LUAD,proximal,lognorm_mean,CLDN4,Epithelial,Epithelial,1
LUAD,proximal,lognorm_mean,ELF3,Epithelial,Epithelial,1
LUAD,proximal,lognorm_mean,SFTPB,Epithelial,Epithelial,1
LUAD,proximal,lognorm_mean,NAPSA,Epithelial,T_NK,0
LUAD,proximal,lognorm_mean,CLDN5,Endothelial,B_cell,0
LUAD,proximal,lognorm_mean,FLT1,Endothelial,Macrophage,0
LUAD,proximal,lognorm_mean,ERG,Endothelial,Endothelial,1
LUAD,proximal,lognorm_mean,ENG,Endothelial,Macrophage,0
LUAD,proximal,lognorm_mean,TEK,Endothelial,Epithelial,0
LUAD,proximal,lognorm_mean,PLVAP,Endothelial,Macrophage,0
LUAD,proximal,lognorm_mean,COL3A1,Fibroblast,Epithelial,0
LUAD,proximal,lognorm_mean,PDGFRA,Fibroblast,Epithelial,0
LUAD,proximal,lognorm_mean,PDGFRB,Fibroblast,Macrophage,0
LUAD,proximal,lognorm_mean,FBLN1,Fibroblast,Epithelial,0
LUAD,proximal,lognorm_mean,COL6A3,Fibroblast,B_cell,0
LUAD,proximal,lognorm_mean,COL5A1,Fibroblast,Epithelial,0
LUAD,proximal,tfidf1_mean,CD163,Macrophage,Macrophage,1
LUAD,proximal,tfidf1_mean,C1QA,Macrophage,Macrophage,1
LUAD,proximal,tfidf1_mean,C1QB,Macrophage,Macrophage,1
LUAD,proximal,tfidf1_mean,CD14,Macrophage,Macrophage,1
LUAD,proximal,tfidf1_mean,MS4A7,Macrophage,Macrophage,1
LUAD,proximal,tfidf1_mean,FOLR2,Macrophage,Macrophage,1
LUAD,proximal,tfidf1_mean,CD22,B_cell,B_cell,1
LUAD,proximal,tfidf1_mean,FCRL1,B_cell,B_cell,1
LUAD,proximal,tfidf1_mean,BLK,B_cell,B_cell,1
LUAD,proximal,tfidf1_mean,TNFRSF13C,B_cell,B_cell,1
LUAD,proximal,tfidf1_mean,VPREB3,B_cell,B_cell,1
LUAD,proximal,tfidf1_mean,FCRLA,B_cell,B_cell,1
LUAD,proximal,tfidf1_mean,CD3G,T_NK,T_NK,1
LUAD,proximal,tfidf1_mean,CD247,T_NK,T_NK,1
LUAD,proximal,tfidf1_mean,SKAP1,T_NK,T_NK,1
LUAD,proximal,tfidf1_mean,CD96,T_NK,T_NK,1
LUAD,proximal,tfidf1_mean,ITK,T_NK,T_NK,1
LUAD,proximal,tfidf1_mean,LCK,T_NK,T_NK,1
LUAD,proximal,tfidf1_mean,KRT19,Epithelial,Epithelial,1
LUAD,proximal,tfidf1_mean,KRT7,Epithelial,Macrophage,0
LUAD,proximal,tfidf1_mean,CLDN4,Epithelial,Epithelial,1
LUAD,proximal,tfidf1_mean,ELF3,Epithelial,Epithelial,1
LUAD,proximal,tfidf1_mean,SFTPB,Epithelial,Epithelial,1
LUAD,proximal,tfidf1_mean,NAPSA,Epithelial,T_NK,0
LUAD,proximal,tfidf1_mean,CLDN5,Endothelial,B_cell,0
LUAD,proximal,tfidf1_mean,FLT1,Endothelial,Macrophage,0
LUAD,proximal,tfidf1_mean,ERG,Endothelial,Endothelial,1
LUAD,proximal,tfidf1_mean,ENG,Endothelial,Macrophage,0
LUAD,proximal,tfidf1_mean,TEK,Endothelial,Epithelial,0
LUAD,proximal,tfidf1_mean,PLVAP,Endothelial,Macrophage,0
LUAD,proximal,tfidf1_mean,COL3A1,Fibroblast,B_cell,0
LUAD,proximal,tfidf1_mean,PDGFRA,Fibroblast,Epithelial,0
LUAD,proximal,tfidf1_mean,PDGFRB,Fibroblast,Macrophage,0
LUAD,proximal,tfidf1_mean,FBLN1,Fibroblast,Epithelial,0
LUAD,proximal,tfidf1_mean,COL6A3,Fibroblast,B_cell,0
LUAD,proximal,tfidf1_mean,COL5A1,Fibroblast,Epithelial,0
LUAD,proximal,tfidf2_mean,CD163,Macrophage,Macrophage,1
LUAD,proximal,tfidf2_mean,C1QA,Macrophage,Macrophage,1
LUAD,proximal,tfidf2_mean,C1QB,Macrophage,Macrophage,1
LUAD,proximal,tfidf2_mean,CD14,Macrophage,Macrophage,1
LUAD,proximal,tfidf2_mean,MS4A7,Macrophage,Macrophage,1
LUAD,proximal,tfidf2_mean,FOLR2,Macrophage,Macrophage,1
LUAD,proximal,tfidf2_mean,CD22,B_cell,B_cell,1
LUAD,proximal,tfidf2_mean,FCRL1,B_cell,B_cell,1
LUAD,proximal,tfidf2_mean,BLK,B_cell,B_cell,1
LUAD,proximal,tfidf2_mean,TNFRSF13C,B_cell,B_cell,1
LUAD,proximal,tfidf2_mean,VPREB3,B_cell,B_cell,1
LUAD,proximal,tfidf2_mean,FCRLA,B_cell,B_cell,1
LUAD,proximal,tfidf2_mean,CD3G,T_NK,T_NK,1
LUAD,proximal,tfidf2_mean,CD247,T_NK,T_NK,1
LUAD,proximal,tfidf2_mean,SKAP1,T_NK,T_NK,1
LUAD,proximal,tfidf2_mean,CD96,T_NK,T_NK,1
LUAD,proximal,tfidf2_mean,ITK,T_NK,T_NK,1
LUAD,proximal,tfidf2_mean,LCK,T_NK,T_NK,1
LUAD,proximal,tfidf2_mean,KRT19,Epithelial,Epithelial,1
LUAD,proximal,tfidf2_mean,KRT7,Epithelial,Macrophage,0
LUAD,proximal,tfidf2_mean,CLDN4,Epithelial,Epithelial,1
LUAD,proximal,tfidf2_mean,ELF3,Epithelial,Epithelial,1
LUAD,proximal,tfidf2_mean,SFTPB,Epithelial,Epithelial,1
LUAD,proximal,tfidf2_mean,NAPSA,Epithelial,Fibroblast,0
LUAD,proximal,tfidf2_mean,CLDN5,Endothelial,B_cell,0
LUAD,proximal,tfidf2_mean,FLT1,Endothelial,Macrophage,0
LUAD,proximal,tfidf2_mean,ERG,Endothelial,Endothelial,1
LUAD,proximal,tfidf2_mean,ENG,Endothelial,Macrophage,0
LUAD,proximal,tfidf2_mean,TEK,Endothelial,Epithelial,0
LUAD,proximal,tfidf2_mean,PLVAP,Endothelial,Macrophage,0
LUAD,proximal,tfidf2_mean,COL3A1,Fibroblast,Endothelial,0
LUAD,proximal,tfidf2_mean,PDGFRA,Fibroblast,Epithelial,0
LUAD,proximal,tfidf2_mean,PDGFRB,Fibroblast,Macrophage,0
LUAD,proximal,tfidf2_mean,FBLN1,Fibroblast,Epithelial,0
LUAD,proximal,tfidf2_mean,COL6A3,Fibroblast,B_cell,0
LUAD,proximal,tfidf2_mean,COL5A1,Fibroblast,Epithelial,0
LUAD,proximal,tfidf3_mean,CD163,Macrophage,Macrophage,1
LUAD,proximal,tfidf3_mean,C1QA,Macrophage,Macrophage,1
LUAD,proximal,tfidf3_mean,C1QB,Macrophage,Macrophage,1
LUAD,proximal,tfidf3_mean,CD14,Macrophage,Macrophage,1
LUAD,proximal,tfidf3_mean,MS4A7,Macrophage,Macrophage,1
LUAD,proximal,tfidf3_mean,FOLR2,Macrophage,Macrophage,1
LUAD,proximal,tfidf3_mean,CD22,B_cell,B_cell,1
LUAD,proximal,tfidf3_mean,FCRL1,B_cell,B_cell,1
LUAD,proximal,tfidf3_mean,BLK,B_cell,B_cell,1
LUAD,proximal,tfidf3_mean,TNFRSF13C,B_cell,B_cell,1
LUAD,proximal,tfidf3_mean,VPREB3,B_cell,B_cell,1
LUAD,proximal,tfidf3_mean,FCRLA,B_cell,B_cell,1
LUAD,proximal,tfidf3_mean,CD3G,T_NK,T_NK,1
LUAD,proximal,tfidf3_mean,CD247,T_NK,T_NK,1
LUAD,proximal,tfidf3_mean,SKAP1,T_NK,T_NK,1
LUAD,proximal,tfidf3_mean,CD96,T_NK,T_NK,1
LUAD,proximal,tfidf3_mean,ITK,T_NK,T_NK,1
LUAD,proximal,tfidf3_mean,LCK,T_NK,T_NK,1
LUAD,proximal,tfidf3_mean,KRT19,Epithelial,Epithelial,1
LUAD,proximal,tfidf3_mean,KRT7,Epithelial,Macrophage,0
LUAD,proximal,tfidf3_mean,CLDN4,Epithelial,Epithelial,1
LUAD,proximal,tfidf3_mean,ELF3,Epithelial,Epithelial,1
LUAD,proximal,tfidf3_mean,SFTPB,Epithelial,Epithelial,1
LUAD,proximal,tfidf3_mean,NAPSA,Epithelial,T_NK,0
LUAD,proximal,tfidf3_mean,CLDN5,Endothelial,B_cell,0
LUAD,proximal,tfidf3_mean,FLT1,Endothelial,Macrophage,0
LUAD,proximal,tfidf3_mean,ERG,Endothelial,Endothelial,1
LUAD,proximal,tfidf3_mean,ENG,Endothelial,Macrophage,0
LUAD,proximal,tfidf3_mean,TEK,Endothelial,Epithelial,0
LUAD,proximal,tfidf3_mean,PLVAP,Endothelial,Macrophage,0
LUAD,proximal,tfidf3_mean,COL3A1,Fibroblast,Epithelial,0
LUAD,proximal,tfidf3_mean,PDGFRA,Fibroblast,Epithelial,0
LUAD,proximal,tfidf3_mean,PDGFRB,Fibroblast,Macrophage,0
LUAD,proximal,tfidf3_mean,FBLN1,Fibroblast,Epithelial,0
LUAD,proximal,tfidf3_mean,COL6A3,Fibroblast,B_cell,0
LUAD,proximal,tfidf3_mean,COL5A1,Fibroblast,Epithelial,0
LUAD,proximal,pearson_mean,CD163,Macrophage,Macrophage,1
LUAD,proximal,pearson_mean,C1QA,Macrophage,Macrophage,1
LUAD,proximal,pearson_mean,C1QB,Macrophage,Macrophage,1
LUAD,proximal,pearson_mean,CD14,Macrophage,Macrophage,1
LUAD,proximal,pearson_mean,MS4A7,Macrophage,Macrophage,1
LUAD,proximal,pearson_mean,FOLR2,Macrophage,Macrophage,1
LUAD,proximal,pearson_mean,CD22,B_cell,B_cell,1
LUAD,proximal,pearson_mean,FCRL1,B_cell,B_cell,1
LUAD,proximal,pearson_mean,BLK,B_cell,B_cell,1
LUAD,proximal,pearson_mean,TNFRSF13C,B_cell,B_cell,1
LUAD,proximal,pearson_mean,VPREB3,B_cell,B_cell,1
LUAD,proximal,pearson_mean,FCRLA,B_cell,B_cell,1
LUAD,proximal,pearson_mean,CD3G,T_NK,T_NK,1
LUAD,proximal,pearson_mean,CD247,T_NK,T_NK,1
LUAD,proximal,pearson_mean,SKAP1,T_NK,T_NK,1
LUAD,proximal,pearson_mean,CD96,T_NK,T_NK,1
LUAD,proximal,pearson_mean,ITK,T_NK,T_NK,1
LUAD,proximal,pearson_mean,LCK,T_NK,T_NK,1
LUAD,proximal,pearson_mean,KRT19,Epithelial,Epithelial,1
LUAD,proximal,pearson_mean,KRT7,Epithelial,Macrophage,0
LUAD,proximal,pearson_mean,CLDN4,Epithelial,Epithelial,1
LUAD,proximal,pearson_mean,ELF3,Epithelial,Epithelial,1
LUAD,proximal,pearson_mean,SFTPB,Epithelial,Epithelial,1
LUAD,proximal,pearson_mean,NAPSA,Epithelial,T_NK,0
LUAD,proximal,pearson_mean,CLDN5,Endothelial,B_cell,0
LUAD,proximal,pearson_mean,FLT1,Endothelial,Macrophage,0
LUAD,proximal,pearson_mean,ERG,Endothelial,Endothelial,1
LUAD,proximal,pearson_mean,ENG,Endothelial,Macrophage,0
LUAD,proximal,pearson_mean,TEK,Endothelial,Epithelial,0
LUAD,proximal,pearson_mean,PLVAP,Endothelial,Macrophage,0
LUAD,proximal,pearson_mean,COL3A1,Fibroblast,B_cell,0
LUAD,proximal,pearson_mean,PDGFRA,Fibroblast,Epithelial,0
LUAD,proximal,pearson_mean,PDGFRB,Fibroblast,Macrophage,0
LUAD,proximal,pearson_mean,FBLN1,Fibroblast,Epithelial,0
LUAD,proximal,pearson_mean,COL6A3,Fibroblast,B_cell,0
LUAD,proximal,pearson_mean,COL5A1,Fibroblast,Epithelial,0
LUAD,proximal,medscale_mean,CD163,Macrophage,Macrophage,1
LUAD,proximal,medscale_mean,C1QA,Macrophage,Macrophage,1
LUAD,proximal,medscale_mean,C1QB,Macrophage,Macrophage,1
LUAD,proximal,medscale_mean,CD14,Macrophage,Macrophage,1
LUAD,proximal,medscale_mean,MS4A7,Macrophage,Macrophage,1
LUAD,proximal,medscale_mean,FOLR2,Macrophage,Macrophage,1
LUAD,proximal,medscale_mean,CD22,B_cell,B_cell,1
LUAD,proximal,medscale_mean,FCRL1,B_cell,B_cell,1
LUAD,proximal,medscale_mean,BLK,B_cell,B_cell,1
LUAD,proximal,medscale_mean,TNFRSF13C,B_cell,B_cell,1
LUAD,proximal,medscale_mean,VPREB3,B_cell,B_cell,1
LUAD,proximal,medscale_mean,FCRLA,B_cell,B_cell,1
LUAD,proximal,medscale_mean,CD3G,T_NK,T_NK,1
LUAD,proximal,medscale_mean,CD247,T_NK,T_NK,1
LUAD,proximal,medscale_mean,SKAP1,T_NK,T_NK,1
LUAD,proximal,medscale_mean,CD96,T_NK,T_NK,1
LUAD,proximal,medscale_mean,ITK,T_NK,T_NK,1
LUAD,proximal,medscale_mean,LCK,T_NK,T_NK,1
LUAD,proximal,medscale_mean,KRT19,Epithelial,Epithelial,1
LUAD,proximal,medscale_mean,KRT7,Epithelial,Macrophage,0
LUAD,proximal,medscale_mean,CLDN4,Epithelial,Epithelial,1
LUAD,proximal,medscale_mean,ELF3,Epithelial,Epithelial,1
LUAD,proximal,medscale_mean,SFTPB,Epithelial,Epithelial,1
LUAD,proximal,medscale_mean,NAPSA,Epithelial,Fibroblast,0
LUAD,proximal,medscale_mean,CLDN5,Endothelial,B_cell,0
LUAD,proximal,medscale_mean,FLT1,Endothelial,Macrophage,0
LUAD,proximal,medscale_mean,ERG,Endothelial,Endothelial,1
LUAD,proximal,medscale_mean,ENG,Endothelial,Macrophage,0
LUAD,proximal,medscale_mean,TEK,Endothelial,Epithelial,0
LUAD,proximal,medscale_mean,PLVAP,Endothelial,Macrophage,0
LUAD,proximal,medscale_mean,COL3A1,Fibroblast,Endothelial,0
LUAD,proximal,medscale_mean,PDGFRA,Fibroblast,Epithelial,0
LUAD,proximal,medscale_mean,PDGFRB,Fibroblast,Macrophage,0
LUAD,proximal,medscale_mean,FBLN1,Fibroblast,Epithelial,0
LUAD,proximal,medscale_mean,COL6A3,Fibroblast,B_cell,0
LUAD,proximal,medscale_mean,COL5A1,Fibroblast,Epithelial,0
LUAD,proximal,rank_mean,CD163,Macrophage,Macrophage,1
LUAD,proximal,rank_mean,C1QA,Macrophage,Macrophage,1
LUAD,proximal,rank_mean,C1QB,Macrophage,Macrophage,1
LUAD,proximal,rank_mean,CD14,Macrophage,Endothelial,0
LUAD,proximal,rank_mean,MS4A7,Macrophage,B_cell,0
LUAD,proximal,rank_mean,FOLR2,Macrophage,Macrophage,1
LUAD,proximal,rank_mean,CD22,B_cell,B_cell,1
LUAD,proximal,rank_mean,FCRL1,B_cell,B_cell,1
LUAD,proximal,rank_mean,BLK,B_cell,B_cell,1
LUAD,proximal,rank_mean,TNFRSF13C,B_cell,B_cell,1
LUAD,proximal,rank_mean,VPREB3,B_cell,B_cell,1
LUAD,proximal,rank_mean,FCRLA,B_cell,B_cell,1
LUAD,proximal,rank_mean,CD3G,T_NK,T_NK,1
LUAD,proximal,rank_mean,CD247,T_NK,T_NK,1
LUAD,proximal,rank_mean,SKAP1,T_NK,T_NK,1
LUAD,proximal,rank_mean,CD96,T_NK,T_NK,1
LUAD,proximal,rank_mean,ITK,T_NK,T_NK,1
LUAD,proximal,rank_mean,LCK,T_NK,T_NK,1
LUAD,proximal,rank_mean,KRT19,Epithelial,Epithelial,1
LUAD,proximal,rank_mean,KRT7,Epithelial,Epithelial,1
LUAD,proximal,rank_mean,CLDN4,Epithelial,Epithelial,1
LUAD,proximal,rank_mean,ELF3,Epithelial,Epithelial,1
LUAD,proximal,rank_mean,SFTPB,Epithelial,Epithelial,1
LUAD,proximal,rank_mean,NAPSA,Epithelial,T_NK,0
LUAD,proximal,rank_mean,CLDN5,Endothelial,B_cell,0
LUAD,proximal,rank_mean,FLT1,Endothelial,Endothelial,1
LUAD,proximal,rank_mean,ERG,Endothelial,Endothelial,1
LUAD,proximal,rank_mean,ENG,Endothelial,Macrophage,0
LUAD,proximal,rank_mean,TEK,Endothelial,Epithelial,0
LUAD,proximal,rank_mean,PLVAP,Endothelial,B_cell,0
LUAD,proximal,rank_mean,COL3A1,Fibroblast,B_cell,0
LUAD,proximal,rank_mean,PDGFRA,Fibroblast,Epithelial,0
LUAD,proximal,rank_mean,PDGFRB,Fibroblast,Macrophage,0
LUAD,proximal,rank_mean,FBLN1,Fibroblast,Epithelial,0
LUAD,proximal,rank_mean,COL6A3,Fibroblast,B_cell,0
LUAD,proximal,rank_mean,COL5A1,Fibroblast,T_NK,0
LUAD,proximal,rankfrac_mean,CD163,Macrophage,Macrophage,1
LUAD,proximal,rankfrac_mean,C1QA,Macrophage,Macrophage,1
LUAD,proximal,rankfrac_mean,C1QB,Macrophage,Macrophage,1
LUAD,proximal,rankfrac_mean,CD14,Macrophage,Macrophage,1
LUAD,proximal,rankfrac_mean,MS4A7,Macrophage,Macrophage,1
LUAD,proximal,rankfrac_mean,FOLR2,Macrophage,Macrophage,1
LUAD,proximal,rankfrac_mean,CD22,B_cell,B_cell,1
LUAD,proximal,rankfrac_mean,FCRL1,B_cell,B_cell,1
LUAD,proximal,rankfrac_mean,BLK,B_cell,B_cell,1
LUAD,proximal,rankfrac_mean,TNFRSF13C,B_cell,B_cell,1
LUAD,proximal,rankfrac_mean,VPREB3,B_cell,B_cell,1
LUAD,proximal,rankfrac_mean,FCRLA,B_cell,B_cell,1
LUAD,proximal,rankfrac_mean,CD3G,T_NK,T_NK,1
LUAD,proximal,rankfrac_mean,CD247,T_NK,T_NK,1
LUAD,proximal,rankfrac_mean,SKAP1,T_NK,T_NK,1
LUAD,proximal,rankfrac_mean,CD96,T_NK,T_NK,1
LUAD,proximal,rankfrac_mean,ITK,T_NK,T_NK,1
LUAD,proximal,rankfrac_mean,LCK,T_NK,T_NK,1
LUAD,proximal,rankfrac_mean,KRT19,Epithelial,Epithelial,1
LUAD,proximal,rankfrac_mean,KRT7,Epithelial,Epithelial,1
LUAD,proximal,rankfrac_mean,CLDN4,Epithelial,Epithelial,1
LUAD,proximal,rankfrac_mean,ELF3,Epithelial,Epithelial,1
LUAD,proximal,rankfrac_mean,SFTPB,Epithelial,Epithelial,1
LUAD,proximal,rankfrac_mean,NAPSA,Epithelial,T_NK,0
LUAD,proximal,rankfrac_mean,CLDN5,Endothelial,B_cell,0
LUAD,proximal,rankfrac_mean,FLT1,Endothelial,Macrophage,0
LUAD,proximal,rankfrac_mean,ERG,Endothelial,Endothelial,1
LUAD,proximal,rankfrac_mean,ENG,Endothelial,Macrophage,0
LUAD,proximal,rankfrac_mean,TEK,Endothelial,Epithelial,0
LUAD,proximal,rankfrac_mean,PLVAP,Endothelial,Endothelial,1
LUAD,proximal,rankfrac_mean,COL3A1,Fibroblast,B_cell,0
LUAD,proximal,rankfrac_mean,PDGFRA,Fibroblast,Epithelial,0
LUAD,proximal,rankfrac_mean,PDGFRB,Fibroblast,Macrophage,0
LUAD,proximal,rankfrac_mean,FBLN1,Fibroblast,Epithelial,0
LUAD,proximal,rankfrac_mean,COL6A3,Fibroblast,B_cell,0
LUAD,proximal,rankfrac_mean,COL5A1,Fibroblast,T_NK,0
LUAD,proximal,detection_mean,CD163,Macrophage,Macrophage,1
LUAD,proximal,detection_mean,C1QA,Macrophage,Macrophage,1
LUAD,proximal,detection_mean,C1QB,Macrophage,Macrophage,1
LUAD,proximal,detection_mean,CD14,Macrophage,Macrophage,1
LUAD,proximal,detection_mean,MS4A7,Macrophage,Macrophage,1
LUAD,proximal,detection_mean,FOLR2,Macrophage,Macrophage,1
LUAD,proximal,detection_mean,CD22,B_cell,B_cell,1
LUAD,proximal,detection_mean,FCRL1,B_cell,B_cell,1
LUAD,proximal,detection_mean,BLK,B_cell,B_cell,1
LUAD,proximal,detection_mean,TNFRSF13C,B_cell,B_cell,1
LUAD,proximal,detection_mean,VPREB3,B_cell,B_cell,1
LUAD,proximal,detection_mean,FCRLA,B_cell,B_cell,1
LUAD,proximal,detection_mean,CD3G,T_NK,T_NK,1
LUAD,proximal,detection_mean,CD247,T_NK,T_NK,1
LUAD,proximal,detection_mean,SKAP1,T_NK,T_NK,1
LUAD,proximal,detection_mean,CD96,T_NK,T_NK,1
LUAD,proximal,detection_mean,ITK,T_NK,T_NK,1
LUAD,proximal,detection_mean,LCK,T_NK,T_NK,1
LUAD,proximal,detection_mean,KRT19,Epithelial,Epithelial,1
LUAD,proximal,detection_mean,KRT7,Epithelial,Epithelial,1
LUAD,proximal,detection_mean,CLDN4,Epithelial,Epithelial,1
LUAD,proximal,detection_mean,ELF3,Epithelial,Epithelial,1
LUAD,proximal,detection_mean,SFTPB,Epithelial,Epithelial,1
LUAD,proximal,detection_mean,NAPSA,Epithelial,T_NK,0
LUAD,proximal,detection_mean,CLDN5,Endothelial,B_cell,0
LUAD,proximal,detection_mean,FLT1,Endothelial,Macrophage,0
LUAD,proximal,detection_mean,ERG,Endothelial,Endothelial,1
LUAD,proximal,detection_mean,ENG,Endothelial,Macrophage,0
LUAD,proximal,detection_mean,TEK,Endothelial,Epithelial,0
LUAD,proximal,detection_mean,PLVAP,Endothelial,B_cell,0
LUAD,proximal,detection_mean,COL3A1,Fibroblast,B_cell,0
LUAD,proximal,detection_mean,PDGFRA,Fibroblast,Epithelial,0
LUAD,proximal,detection_mean,PDGFRB,Fibroblast,Macrophage,0
LUAD,proximal,detection_mean,FBLN1,Fibroblast,Epithelial,0
LUAD,proximal,detection_mean,COL6A3,Fibroblast,B_cell,0
LUAD,proximal,detection_mean,COL5A1,Fibroblast,Epithelial,0
LUAD,proximal,lognorm_maxnorm,CD163,Macrophage,Macrophage,1
LUAD,proximal,lognorm_maxnorm,C1QA,Macrophage,Macrophage,1
LUAD,proximal,lognorm_maxnorm,C1QB,Macrophage,Macrophage,1
LUAD,proximal,lognorm_maxnorm,CD14,Macrophage,Macrophage,1
LUAD,proximal,lognorm_maxnorm,MS4A7,Macrophage,Macrophage,1
LUAD,proximal,lognorm_maxnorm,FOLR2,Macrophage,Macrophage,1
LUAD,proximal,lognorm_maxnorm,CD22,B_cell,B_cell,1
LUAD,proximal,lognorm_maxnorm,FCRL1,B_cell,B_cell,1
LUAD,proximal,lognorm_maxnorm,BLK,B_cell,B_cell,1
LUAD,proximal,lognorm_maxnorm,TNFRSF13C,B_cell,B_cell,1
LUAD,proximal,lognorm_maxnorm,VPREB3,B_cell,B_cell,1
LUAD,proximal,lognorm_maxnorm,FCRLA,B_cell,B_cell,1
LUAD,proximal,lognorm_maxnorm,CD3G,T_NK,T_NK,1
LUAD,proximal,lognorm_maxnorm,CD247,T_NK,T_NK,1
LUAD,proximal,lognorm_maxnorm,SKAP1,T_NK,T_NK,1
LUAD,proximal,lognorm_maxnorm,CD96,T_NK,T_NK,1
LUAD,proximal,lognorm_maxnorm,ITK,T_NK,T_NK,1
LUAD,proximal,lognorm_maxnorm,LCK,T_NK,T_NK,1
LUAD,proximal,lognorm_maxnorm,KRT19,Epithelial,Epithelial,1
LUAD,proximal,lognorm_maxnorm,KRT7,Epithelial,Macrophage,0
LUAD,proximal,lognorm_maxnorm,CLDN4,Epithelial,Epithelial,1
LUAD,proximal,lognorm_maxnorm,ELF3,Epithelial,Epithelial,1
LUAD,proximal,lognorm_maxnorm,SFTPB,Epithelial,Epithelial,1
LUAD,proximal,lognorm_maxnorm,NAPSA,Epithelial,T_NK,0
LUAD,proximal,lognorm_maxnorm,CLDN5,Endothelial,B_cell,0
LUAD,proximal,lognorm_maxnorm,FLT1,Endothelial,Macrophage,0
LUAD,proximal,lognorm_maxnorm,ERG,Endothelial,Endothelial,1
LUAD,proximal,lognorm_maxnorm,ENG,Endothelial,Macrophage,0
LUAD,proximal,lognorm_maxnorm,TEK,Endothelial,Epithelial,0
LUAD,proximal,lognorm_maxnorm,PLVAP,Endothelial,Macrophage,0
LUAD,proximal,lognorm_maxnorm,COL3A1,Fibroblast,Epithelial,0
LUAD,proximal,lognorm_maxnorm,PDGFRA,Fibroblast,Epithelial,0
LUAD,proximal,lognorm_maxnorm,PDGFRB,Fibroblast,Macrophage,0
LUAD,proximal,lognorm_maxnorm,FBLN1,Fibroblast,Epithelial,0
LUAD,proximal,lognorm_maxnorm,COL6A3,Fibroblast,B_cell,0
LUAD,proximal,lognorm_maxnorm,COL5A1,Fibroblast,Epithelial,0
LUAD,proximal,pseudobulk_logcpm,CD163,Macrophage,Macrophage,1
LUAD,proximal,pseudobulk_logcpm,C1QA,Macrophage,Macrophage,1
LUAD,proximal,pseudobulk_logcpm,C1QB,Macrophage,Macrophage,1
LUAD,proximal,pseudobulk_logcpm,CD14,Macrophage,Macrophage,1
LUAD,proximal,pseudobulk_logcpm,MS4A7,Macrophage,Macrophage,1
LUAD,proximal,pseudobulk_logcpm,FOLR2,Macrophage,Macrophage,1
LUAD,proximal,pseudobulk_logcpm,CD22,B_cell,B_cell,1
LUAD,proximal,pseudobulk_logcpm,FCRL1,B_cell,B_cell,1
LUAD,proximal,pseudobulk_logcpm,BLK,B_cell,B_cell,1
LUAD,proximal,pseudobulk_logcpm,TNFRSF13C,B_cell,B_cell,1
LUAD,proximal,pseudobulk_logcpm,VPREB3,B_cell,B_cell,1
LUAD,proximal,pseudobulk_logcpm,FCRLA,B_cell,B_cell,1
LUAD,proximal,pseudobulk_logcpm,CD3G,T_NK,T_NK,1
LUAD,proximal,pseudobulk_logcpm,CD247,T_NK,T_NK,1
LUAD,proximal,pseudobulk_logcpm,SKAP1,T_NK,T_NK,1
LUAD,proximal,pseudobulk_logcpm,CD96,T_NK,T_NK,1
LUAD,proximal,pseudobulk_logcpm,ITK,T_NK,T_NK,1
LUAD,proximal,pseudobulk_logcpm,LCK,T_NK,T_NK,1
LUAD,proximal,pseudobulk_logcpm,KRT19,Epithelial,Epithelial,1
LUAD,proximal,pseudobulk_logcpm,KRT7,Epithelial,Macrophage,0
LUAD,proximal,pseudobulk_logcpm,CLDN4,Epithelial,Epithelial,1
LUAD,proximal,pseudobulk_logcpm,ELF3,Epithelial,Epithelial,1
LUAD,proximal,pseudobulk_logcpm,SFTPB,Epithelial,Epithelial,1
LUAD,proximal,pseudobulk_logcpm,NAPSA,Epithelial,T_NK,0
LUAD,proximal,pseudobulk_logcpm,CLDN5,Endothelial,B_cell,0
LUAD,proximal,pseudobulk_logcpm,FLT1,Endothelial,Macrophage,0
LUAD,proximal,pseudobulk_logcpm,ERG,Endothelial,Endothelial,1
LUAD,proximal,pseudobulk_logcpm,ENG,Endothelial,Macrophage,0
LUAD,proximal,pseudobulk_logcpm,TEK,Endothelial,Epithelial,0
LUAD,proximal,pseudobulk_logcpm,PLVAP,Endothelial,Macrophage,0
LUAD,proximal,pseudobulk_logcpm,COL3A1,Fibroblast,B_cell,0
LUAD,proximal,pseudobulk_logcpm,PDGFRA,Fibroblast,Epithelial,0
LUAD,proximal,pseudobulk_logcpm,PDGFRB,Fibroblast,Macrophage,0
LUAD,proximal,pseudobulk_logcpm,FBLN1,Fibroblast,Epithelial,0
LUAD,proximal,pseudobulk_logcpm,COL6A3,Fibroblast,B_cell,0
LUAD,proximal,pseudobulk_logcpm,COL5A1,Fibroblast,T_NK,0
