cohort,target_depth,spread,deep_type,seed,cell_type,n_cells,imposed_factor,realised_median_rowsum,detection_rate,mean_lognorm_profile,mean_cpm_profile,mean_raw_profile,mean_zscale_profile,share_raw_mean,share_zscale_mean,share_lognorm_mean,share_pseudobulk_cpm,share_cpm_mean
HCC,5629.6,natural,none,-1,B_cell,416,,8965.5,0.1224916370360295,0.0957719243418774,0.1710863931662631,0.2519724698953741,0.0490780769379064,0.1295124037639007,0.1207185628742514,0.1364585115483319,0.1380496150556031,0.1429255774165953
HCC,5629.6,natural,none,-1,CD4_T,3305,,7159.0,0.0900630912134298,0.0883223001630492,0.1710864015861031,0.1362290124742949,-0.0752588355738589,0.0036441402908468,0.0038323353293413,0.028896492728828,0.0664499572284003,0.0662617621899059
HCC,5629.6,natural,none,-1,Endothelial_stromal,1137,,13139.0,0.1572977312380069,0.1001938851541642,0.1710863868871193,0.3892513202016623,0.1925651468686361,0.6706415739948675,0.653464499572284,0.2225149700598802,0.1848075278015397,0.1885372112917023
HCC,5629.6,natural,none,-1,Hepatocyte,1415,,11612.0,0.1330625245634657,0.0984199165350216,0.171086402129392,0.2374299800197686,0.0513692135788345,0.1511890504704875,0.1742343883661249,0.3362360992301112,0.316475620188195,0.3009751924721984
HCC,5629.6,natural,none,-1,Macrophage,2079,,8532.0,0.105058021568925,0.0930495383714436,0.1710863972766839,0.1693383301424362,-0.0324037036180855,0.0261762189905902,0.0281950384944396,0.1288622754491018,0.1548674080410607,0.1623096663815226
HCC,5629.6,natural,none,-1,NK_cytotoxic_T,3677,,9099.0,0.1096278876432852,0.0950624799400661,0.1710863877579017,0.1810861497022273,-0.0294831114302741,0.0188366124893071,0.0195551753635585,0.1470316509837468,0.139349871685201,0.1389905902480752
HCC,5629.6,1,B_cell,0,B_cell,416,1.0,5618.0,0.0699709684522768,0.0837153208998762,0.1716531876279058,0.0917811048787798,-0.0094734320923592,0.1455104107660882,0.1424034879928592,0.1484285150282369,0.1497502446057984,0.1518100829084916
HCC,5629.6,1,B_cell,0,CD4_T,3305,1.0,5605.0,0.066149397945176,0.0812177007827792,0.1716531549658762,0.0871858762818838,-0.0215614475039848,0.0411281047771083,0.0390854317936042,0.0486465145819386,0.0661036441972638,0.0666700997305044
HCC,5629.6,1,B_cell,0,Endothelial_stromal,1137,1.0,5624.0,0.0692161646024492,0.0827717917583704,0.1716531780399788,0.0930327992412959,-0.0027333426192295,0.1980362874847658,0.194963695349915,0.189213313421563,0.1916679540656058,0.1926635425785742
HCC,5629.6,1,B_cell,0,Hepatocyte,1415,1.0,5621.0,0.0700193711098238,0.0834880587763744,0.1716531632374035,0.0922582408847454,0.0020066983001594,0.2972346670786343,0.3078943302950718,0.3074308666769658,0.2953464819678322,0.2929261719621676
HCC,5629.6,1,B_cell,0,Macrophage,2079,1.0,5616.0,0.0692660536897297,0.0831328920417068,0.1716531659375983,0.0915742945026979,-0.0053892861427554,0.1575604648368436,0.1563073965360386,0.155603618449285,0.1603069159071013,0.1580239284549496
HCC,5629.6,1,B_cell,0,NK_cytotoxic_T,3677,1.0,5622.0,0.0706646718750246,0.0841221474415658,0.1716531468996632,0.0934114215774429,-0.011659385085965,0.1605300650565597,0.1593456580325111,0.1506771718420104,0.1368247592563983,0.1379061743653123
HCC,5629.6,2,B_cell,0,B_cell,416,1.0,5617.0,0.0699603629510171,0.0838951513937103,0.172034137050207,0.0919725896694827,0.0721316413387306,0.3570740434902285,0.3514657308009909,0.2688721442334159,0.1481729975227085,0.1494804569226534
HCC,5629.6,2,B_cell,0,CD4_T,3305,0.5743491774985174,3207.0,0.0416683970862714,0.0665491154535555,0.1720340691172357,0.0501912623942653,-0.0332937790309586,0.0184764657308009,0.0182700247729149,0.0380023396641893,0.0767788329204514,0.0763831544178365
HCC,5629.6,2,B_cell,0,Endothelial_stromal,1137,0.8705505632961241,4894.0,0.0619411708209084,0.0794371571552968,0.1720341380499621,0.081181272591395,0.04835528727295,0.2905484448114506,0.2867636939168731,0.2390242224057253,0.1865882191026699,0.1868462703000275
HCC,5629.6,2,B_cell,0,Hepatocyte,1415,0.6597539553864471,3701.0,0.0496083441851415,0.0725476093405621,0.1720341491937593,0.0609977347420922,0.0025681827953336,0.1768510872557115,0.1866054225158271,0.2512902559867878,0.2918387007982383,0.2881055601431324
HCC,5629.6,2,B_cell,0,Macrophage,2079,0.757858283255199,4251.0,0.0552244845079736,0.0760075902674461,0.172034128925013,0.0695402175583843,0.0197146888977902,0.1449903660886319,0.1448183319570603,0.1606110652353427,0.1587358932012111,0.1599057252958987
HCC,5629.6,2,B_cell,0,NK_cytotoxic_T,3677,0.5,2805.0,0.0395399962295974,0.0654474559221347,0.1720341289609583,0.0467874120759145,-0.0427245285085455,0.0120595926231764,0.0120767960363336,0.0421999724745389,0.1378853564547206,0.1392788329204514
HCC,5629.6,5,B_cell,0,B_cell,416,1.0,5617.5,0.069939637696647,0.0841117598522983,0.1725000484391808,0.0922206793051698,0.1368442600483373,0.4878646219661555,0.4804643701160925,0.3540390885097721,0.1430370357592589,0.1439512859878215
HCC,5629.6,5,B_cell,0,CD4_T,3305,0.5253055608807534,2929.0,0.0385556951185353,0.0642692697162795,0.1725000810616064,0.0460287841244426,0.0005994417189057,0.0422107605526901,0.0411585102896275,0.0683617670904417,0.0742785185696296,0.0766935191733798
HCC,5629.6,5,B_cell,0,Endothelial_stromal,1137,0.2,1121.0,0.0169124763063559,0.0409181808904704,0.1725000395939445,0.0186919802666626,-0.0772285137718034,0.0198892549723137,0.0212347553086888,0.0688447672111918,0.2180400545100136,0.2140898035224508
HCC,5629.6,5,B_cell,0,Hepatocyte,1415,0.3807307877431757,2133.0,0.0306024858450471,0.0574524871509962,0.1725000324430667,0.0352823298453174,-0.0237370610827527,0.1066740266685066,0.113263528315882,0.2236463059115764,0.2735850683962671,0.2714978178744545
HCC,5629.6,5,B_cell,0,Macrophage,2079,0.7247796636776955,4066.0,0.0532055055419541,0.0749998912731519,0.1725000280869127,0.0666917443064137,0.0661300305642987,0.3388763347190837,0.3395145848786462,0.272067068016767,0.1516102879025719,0.1522830380707595
HCC,5629.6,5,B_cell,0,NK_cytotoxic_T,3677,0.2759459322922429,1548.0,0.0231549430983142,0.0494055741640594,0.1725000571489594,0.0259109983189244,-0.0588833603290474,0.0044850011212502,0.0043642510910627,0.0130410032602508,0.1394490348622587,0.1414845353711338
HCC,5629.6,10,B_cell,0,B_cell,416,1.0,5611.0,0.0698652372717793,0.0843663699418433,0.1731032264343777,0.0924251361856305,0.2297366662935455,0.5124374664612509,0.5019820318856134,0.3865568038221191,0.1304332773632917,0.1358860288389967
HCC,5629.6,10,B_cell,0,CD4_T,3305,0.251188643150958,1395.0,0.0198009730855744,0.0449508941077953,0.1731032290310235,0.0220908203204536,-0.0265213947485643,0.0134328099845938,0.0133116377295781,0.0285101005729716,0.0933891879727881,0.0923332583219373
HCC,5629.6,10,B_cell,0,Endothelial_stromal,1137,0.3981071705534972,2237.0,0.0317695694856447,0.0586871210256279,0.1731032281903751,0.0373591159391634,0.0317826276918985,0.0877114023091969,0.0889231248593536,0.1542349703127975,0.1707317073170731,0.1749034949540411
HCC,5629.6,10,B_cell,0,Hepatocyte,1415,0.6309573444801932,3542.0,0.0477395661240316,0.0717426259865011,0.1731032003773683,0.0586962685001009,0.1134030189193765,0.3780747459710225,0.3874050096072288,0.3976180996728349,0.2578372483511918,0.2545309768214786
HCC,5629.6,10,B_cell,0,Macrophage,2079,0.1,555.0,0.0086510348192591,0.0266343017394071,0.1731032218274763,0.0092283833563758,-0.0734908144520058,0.0048815108449168,0.0049680624556423,0.0221918329900119,0.2032404923055618,0.1975800169641157
HCC,5629.6,10,B_cell,0,NK_cytotoxic_T,3677,0.1584893192461113,886.0,0.0137568448457811,0.036210449873109,0.1731031981196208,0.0149249390394902,-0.0533345528353187,0.003462064429019,0.0034101334625837,0.0108881926292648,0.1443680866900933,0.1447662240994305
HCC,5629.6,20,B_cell,0,B_cell,416,1.0,5618.0,0.0698993206002551,0.0845279713161997,0.1734003878686902,0.0926479905563484,0.224252093929328,0.6673833882434541,0.6611756545864401,0.4549159008149818,0.1367262007976417,0.134714756372464
HCC,5629.6,20,B_cell,0,CD4_T,3305,0.5492802716530588,3064.0,0.04008058902286,0.0658365250606936,0.1734003957561353,0.0483765658172496,0.0657845715715952,0.1492803884168545,0.1429512744928038,0.1509797121553667,0.0834229235304317,0.0860065892144962
HCC,5629.6,20,B_cell,0,Endothelial_stromal,1137,0.091028210151304,510.0,0.0080148700965903,0.0253278244441274,0.1734003788706508,0.0085724603897558,-0.0742100793316066,0.0143575515866134,0.0150511531125368,0.0542396393272065,0.188018033639674,0.2006069013351829
HCC,5629.6,20,B_cell,0,Hepatocyte,1415,0.3017088168272581,1687.0,0.0247551656540791,0.0514551706340867,0.1734003793081324,0.0280914990309798,0.0018880220628556,0.1602566325645916,0.1718917981619559,0.3052540315588694,0.2399341078550372,0.2463846020461245
HCC,5629.6,20,B_cell,0,Macrophage,2079,0.05,278.0,0.0044094991135489,0.0165666097324777,0.1734003775000405,0.0046293981789039,-0.0894278416006008,0.003936188659615,0.0040402288885035,0.0207213455869602,0.2091382001040402,0.1901855384081845
HCC,5629.6,20,B_cell,0,NK_cytotoxic_T,3677,0.1657227008669993,928.0,0.014355831892985,0.0372613357130411,0.1734003723331792,0.0156375689634349,-0.0509583503015891,0.0047858505288711,0.0048898907577596,0.0138893705566152,0.1427605340731749,0.1421016126235477
HCC,5629.6,40,B_cell,0,B_cell,416,1.0,5616.0,0.0699604034300296,0.0848282588124065,0.1739523743703276,0.0929960251883034,0.2374411989428941,0.7533529319672274,0.7534746986275158,0.570459408214031,0.134743507227721,0.1355958738497399
HCC,5629.6,40,B_cell,0,CD4_T,3305,0.2286525259636631,1269.0,0.0181393881333084,0.0428751027783625,0.1739523787578189,0.0202117760913491,-0.0275906945660854,0.0426009358637605,0.0429836310818098,0.0632490824012385,0.1121123036512602,0.1130864369335675
HCC,5629.6,40,B_cell,0,Endothelial_stromal,1137,0.0522819776295636,292.0,0.0046619153861528,0.0173109470079415,0.1739523699501873,0.0049263709485524,-0.082895973398171,0.015934037260598,0.0167864038826169,0.0553864351940438,0.1785969001687338,0.180145076278115
HCC,5629.6,40,B_cell,0,Hepatocyte,1415,0.1093362073943278,610.0,0.0095009655803552,0.0285248540963883,0.1739523698910963,0.0102110534008579,-0.0605638437883057,0.0494024736027275,0.0525684067702263,0.1395098022161532,0.2519178248995425,0.246177396628803
HCC,5629.6,40,B_cell,0,Macrophage,2079,0.025,137.0,0.00222232184849,0.0099216371869251,0.1739523718550808,0.0023183441695453,-0.0934281952306831,0.0038965331292292,0.0039139283664132,0.0173082609981387,0.1783185763737888,0.1817802285734166
HCC,5629.6,40,B_cell,0,NK_cytotoxic_T,3677,0.4781762498950184,2684.0,0.038037055963596,0.0649282320435803,0.1739523634641725,0.0452625396159732,0.0610297112785384,0.1348130881764573,0.1302729312714179,0.1540870109763946,0.1443108876789535,0.1432149877363578
HCC,5629.6,1,B_cell,1,B_cell,416,1.0,5621.0,0.0699516194843297,0.0836731755655574,0.1715972271996806,0.091742931184232,-0.0094576454147894,0.1470759832521106,0.1430091289724758,0.1497872194385338,0.1511085180863477,0.1529102889697302
HCC,5629.6,1,B_cell,1,CD4_T,3305,1.0,5604.0,0.06614552058244,0.0811912359511728,0.1715972128058398,0.0871487695518296,-0.0215306014001106,0.0407543414098428,0.0385922163497837,0.0483046193973505,0.0643661198435033,0.0653613837600384
HCC,5629.6,1,B_cell,1,Endothelial_stromal,1137,1.0,5622.0,0.0692051013358931,0.0827389107570943,0.1715972163114487,0.0929973510942047,-0.0028528344875,0.1986924291303452,0.1952948040359667,0.1899924497220124,0.1934587137071864,0.194385338732926
HCC,5629.6,1,B_cell,1,Hepatocyte,1415,1.0,5620.0,0.0700200375402647,0.0834613043719427,0.1715972089016197,0.092234479667487,0.0018887208932848,0.2973436749262132,0.3079483835541217,0.3070217585283822,0.2961939735053882,0.2929336261926007
HCC,5629.6,1,B_cell,1,Macrophage,2079,1.0,5618.0,0.0692756032319895,0.0831114395585776,0.171597192425408,0.0915590391360863,-0.0053721973924791,0.1580238863339968,0.1580753655020934,0.1566167890726885,0.1599457752762715,0.1589161919143386
HCC,5629.6,1,B_cell,1,NK_cytotoxic_T,3677,1.0,5622.0,0.0706592725009811,0.0840924091357196,0.1715971982030979,0.0933794868428094,-0.0116205447165079,0.1581096849474912,0.1570801015855583,0.1482771638410323,0.1349268995813027,0.1354931704303658
HCC,5629.6,2,B_cell,1,B_cell,416,1.0,5619.0,0.069955586427549,0.0838584622761253,0.1719808753971773,0.0919844674810622,0.0606598685924532,0.3321122691156743,0.3257833728889348,0.2226292436281085,0.1462525367179169,0.1485054861899356
HCC,5629.6,2,B_cell,1,CD4_T,3305,0.5,2787.0,0.0369091763444698,0.0627059076956466,0.1719808864736967,0.0436655176470851,-0.0571877120221813,0.0080315068964331,0.0078251298455611,0.0215835999036907,0.0760843394214563,0.0779417328793038
HCC,5629.6,2,B_cell,1,Endothelial_stromal,1137,0.5743491774985174,3226.0,0.0437552784703427,0.0682849202825846,0.1719808639585249,0.053523503947135,-0.0283078047041204,0.0806934268909297,0.0819144911085887,0.1378082757197399,0.1998245795067588,0.197881195611048
HCC,5629.6,2,B_cell,1,Hepatocyte,1415,0.8705505632961241,4892.0,0.0625867081043594,0.0800482929833209,0.1719808820728035,0.0804983531767663,0.043572692798728,0.4072851098957796,0.4136999965603825,0.356137997454683,0.2886011075568396,0.2849035187287174
HCC,5629.6,2,B_cell,1,Macrophage,2079,0.6597539553864471,3702.0,0.0491522634824815,0.072204990034411,0.1719808807271469,0.0605438860864857,-0.0110738067066764,0.0954149898531283,0.0961201114436074,0.13276923606095,0.1559522581088983,0.1564853988236508
HCC,5629.6,2,B_cell,1,NK_cytotoxic_T,3677,0.757858283255199,4256.0,0.0564045082804026,0.0769582273148071,0.1719809150469383,0.0709023128888062,0.0056293117247617,0.0764626973480549,0.0746568981529254,0.1290716472328277,0.1332851786881299,0.1342826677673442
HCC,5629.6,5,B_cell,1,B_cell,416,1.0,5621.5,0.0699370875188632,0.0840606161332588,0.172416761309977,0.0922093981726475,0.1462619029763816,0.4681115191641235,0.4602837979965172,0.3487301505198365,0.1411231228124622,0.1423300401731064
HCC,5629.6,5,B_cell,1,CD4_T,3305,0.3807307877431757,2119.0,0.0289783595010736,0.0554789518294806,0.1724167550850074,0.033348574349409,-0.0311275703832924,0.0161899343092122,0.0161726926326316,0.0359661373471956,0.082449697408576,0.0843290401558647
HCC,5629.6,5,B_cell,1,Endothelial_stromal,1137,0.2,1121.0,0.0169234951421226,0.0409171956466829,0.172416765175647,0.0186843818297112,-0.0736201162555903,0.016431317781341,0.0176727184951464,0.0596044759392403,0.2202279349643959,0.2176761668304626
HCC,5629.6,5,B_cell,1,Hepatocyte,1415,0.5253055608807534,2950.0,0.04076477653308,0.0663764402282875,0.1724167944885013,0.0486986098273779,0.0228964844234403,0.2059863101087949,0.2161244159382058,0.2974016793392989,0.274384041104157,0.2684873877135812
HCC,5629.6,5,B_cell,1,Macrophage,2079,0.7247796636776955,4061.0,0.0531743055107541,0.0749487687429254,0.1724167321134193,0.0666139680088196,0.0728204218909524,0.2878153071604682,0.2840566216658908,0.2396593044707667,0.1441921412438145,0.1493301608648425
HCC,5629.6,5,B_cell,1,NK_cytotoxic_T,3677,0.2759459322922429,1547.0,0.0231508992923087,0.0493783092187699,0.1724167826858052,0.025882419934064,-0.0542879080711616,0.0054656114760599,0.0056897532716081,0.0186382523836617,0.1376230624665942,0.1378472042621424
HCC,5629.6,10,B_cell,1,B_cell,416,1.0,5616.5,0.0699206125607994,0.0843336993690211,0.1729774669878941,0.0924545401926436,0.1913631389663279,0.6075314386535434,0.6020134576464686,0.4097490097040355,0.1316012523568179,0.1375862725086921
HCC,5629.6,10,B_cell,1,CD4_T,3305,0.6309573444801932,3525.0,0.0451776039757998,0.0695078299440834,0.1729774641226525,0.0554317605093817,0.0673516719233705,0.1491757623981595,0.1404749961080071,0.1462351455605334,0.0743284150075245,0.0747435609140129
HCC,5629.6,10,B_cell,1,Endothelial_stromal,1137,0.3981071705534972,2234.0,0.0317466728188499,0.0586221456773988,0.1729774641256611,0.0373118773125181,0.0138439625752114,0.1572019165902682,0.1646053519226444,0.2320319662347996,0.1751050838075798,0.1769386448945702
HCC,5629.6,10,B_cell,1,Hepatocyte,1415,0.251188643150958,1406.0,0.020918418501061,0.0466224937067379,0.1729774688457173,0.0233412607538651,-0.031909777996666,0.0764906332704848,0.0828735015827437,0.1762121395582155,0.2728892425316981,0.2700005189323831
HCC,5629.6,10,B_cell,1,Macrophage,2079,0.1,556.0,0.0086547849787725,0.0266265408874783,0.1729774609592247,0.0092234594145995,-0.0833984182197906,0.0066250367577104,0.0071093736486135,0.0265693380152566,0.1987684004774177,0.1940288180450087
HCC,5629.6,10,B_cell,1,NK_cytotoxic_T,3677,0.1584893192461113,888.0,0.0137706111887624,0.036206034113844,0.1729774394018287,0.0149272915798358,-0.0662198680281294,0.0029752123298334,0.0029233190915223,0.0092024009271591,0.1473076058189618,0.1467021847053329
HCC,5629.6,20,B_cell,1,B_cell,416,1.0,5619.0,0.069914338313871,0.084545987279954,0.1734454970743391,0.0927225856053581,0.2645737211841522,0.5982828896019425,0.5870436215419305,0.4229468389558581,0.1325470470904518,0.1306911802965918
HCC,5629.6,20,B_cell,1,CD4_T,3305,0.1657227008669993,917.0,0.0133957991245872,0.0354438727656663,0.1734454881259226,0.0146058949689129,-0.0399023779302928,0.0076142572196687,0.0076489463186193,0.0247506721012921,0.1008585551990287,0.1020032954644003
HCC,5629.6,20,B_cell,1,Endothelial_stromal,1137,0.091028210151304,509.0,0.007999363751096,0.0252986816372514,0.1734454936258345,0.008555179960379,-0.0636604704449424,0.0099384268493625,0.0102853178388691,0.0429451045009105,0.214517387910849,0.2127135547654149
HCC,5629.6,20,B_cell,1,Hepatocyte,1415,0.3017088168272581,1690.0,0.0247715408020549,0.0514912257463748,0.1734454890444835,0.0281147669839452,0.0176124275908533,0.109617552684069,0.1171277426068857,0.2278033128089497,0.2438817101725782,0.2478536120024282
HCC,5629.6,20,B_cell,1,Macrophage,2079,0.5492802716530588,3075.0,0.0419810918253285,0.0677008010026631,0.1734455137956917,0.0508005919505355,0.1041447931212813,0.2735235452259127,0.2768710432746509,0.2773566906599601,0.1418090365102766,0.1425895412366663
HCC,5629.6,20,B_cell,1,NK_cytotoxic_T,3677,0.05,279.0,0.0045004171920923,0.0168432189437052,0.1734454876187768,0.0047246420693722,-0.079835064044628,0.0010233284190443,0.0010233284190443,0.0041973809730292,0.1663862631168155,0.1641488162344983
HCC,5629.6,40,B_cell,1,B_cell,416,1.0,5620.0,0.0699531576868025,0.084899369182648,0.1741068318697936,0.0930938348770805,0.3181331118532752,0.6118462288460199,0.6002333031548158,0.4583884671634515,0.1202381781461104,0.1228671913085869
HCC,5629.6,40,B_cell,1,CD4_T,3305,0.0522819776295636,285.0,0.004381715406925,0.0165013596228162,0.1741068256696288,0.0046226601859239,-0.0670306067191593,0.0023852635977435,0.0024200849641339,0.0084615920328713,0.1417751932585834,0.1411832300299463
HCC,5629.6,40,B_cell,1,Endothelial_stromal,1137,0.025,139.0,0.0022663997561045,0.01008354610998,0.174106832764388,0.0023700732743226,-0.0771864643803595,0.0029424054599902,0.0029424054599902,0.0182115746221881,0.1832474406295703,0.1819068180235392
HCC,5629.6,40,B_cell,1,Hepatocyte,1415,0.4781762498950184,2682.0,0.0375116320375724,0.0643599592941754,0.1741068282879698,0.0447412723259713,0.1152333509693911,0.3286092346263667,0.3396824291385193,0.4127028344592242,0.2543700814819973,0.2548227592450727
HCC,5629.6,40,B_cell,1,Macrophage,2079,0.2286525259636631,1276.0,0.0190081330268246,0.0443387653897452,0.1741068411856345,0.0212197788978901,0.0087056041892204,0.0478271467372379,0.048332056549899,0.0867574343617243,0.1602653388118949,0.1606135524757991
HCC,5629.6,40,B_cell,1,NK_cytotoxic_T,3677,0.1093362073943278,610.0,0.0096266167982495,0.0288461765713258,0.1741068306961874,0.0103434278804614,-0.0411132352719628,0.0063897207326415,0.0063897207326415,0.0154780973605404,0.1401037676718434,0.1386064489170555
HCC,5629.6,1,B_cell,2,B_cell,416,1.0,5616.0,0.0698805383384822,0.0836473293975895,0.1716237377181578,0.0917113080896826,-0.0095885433627232,0.1465151801191068,0.142687970892615,0.1497931934027837,0.1508744229152007,0.1535689155096366
HCC,5629.6,1,B_cell,2,CD4_T,3305,1.0,5605.0,0.0661481088876567,0.0812063971141716,0.1716237118012804,0.0871608909135931,-0.0215421062759229,0.0415844302950211,0.0384952031166869,0.0486896528051899,0.0649595826110834,0.0656804022860281
HCC,5629.6,1,B_cell,2,Endothelial_stromal,1137,1.0,5622.0,0.0691903206932921,0.0827439119683928,0.1716237200346959,0.0930265987048763,-0.0027363678167991,0.1987574441793811,0.1948959102064633,0.1890263785676283,0.193437108483361,0.1928192630476942
HCC,5629.6,1,B_cell,2,Hepatocyte,1415,1.0,5618.0,0.0700024128352122,0.0834678847221092,0.1716237252149511,0.0922107144028879,0.0019375622894159,0.2971836545557519,0.308888393086996,0.3078243259477921,0.2963598606415295,0.2931161721042786
HCC,5629.6,1,B_cell,2,Macrophage,2079,1.0,5619.0,0.0692710512025153,0.0831208783931793,0.1716237225367941,0.0915786463523604,-0.0053114663578727,0.1573617999897025,0.157104364391508,0.1553538023237853,0.1588720888324437,0.1581512691574991
HCC,5629.6,1,B_cell,2,NK_cytotoxic_T,3677,1.0,5623.0,0.0706603716102011,0.0841039047811656,0.1716236962946994,0.0933965615014904,-0.0116857714339101,0.1585974908610362,0.1579281583057305,0.1493126469528206,0.1354969365163814,0.1366639778948633
HCC,5629.6,2,B_cell,2,B_cell,416,1.0,5616.0,0.0699311775830467,0.0838429107172145,0.1719690459407533,0.0919239863747602,0.0708152226427203,0.3509028374892519,0.3459501289767842,0.2580739466895959,0.1471195184866724,0.1484092863284608
HCC,5629.6,2,B_cell,2,CD4_T,3305,0.5,2788.0,0.0369173233917956,0.0627150400101881,0.1719690511730232,0.0436633257148357,-0.0500614369699159,0.0099742046431642,0.0096818572656921,0.0252450558899398,0.0809974204643164,0.0801719690455717
HCC,5629.6,2,B_cell,2,Endothelial_stromal,1137,0.8705505632961241,4893.0,0.0619051522609829,0.0793829106583064,0.1719690641067924,0.0811307305054483,0.0473936977260568,0.2911092003439381,0.2877730008598452,0.2366122098022356,0.1861736887360275,0.1866552020636285
HCC,5629.6,2,B_cell,2,Hepatocyte,1415,0.6597539553864471,3704.0,0.0495938136214217,0.0725096118225987,0.1719690528106658,0.0609736000170145,0.0019573073701124,0.1785038693035253,0.1877214101461737,0.252725709372313,0.2940326741186586,0.2876354256233878
HCC,5629.6,2,B_cell,2,Macrophage,2079,0.757858283255199,4252.0,0.0552295225192421,0.0759838297777775,0.1719690575425904,0.0695142308727863,0.0188961462795035,0.1456577815993121,0.145262252794497,0.1593981083404987,0.1553224419604471,0.1591057609630266
HCC,5629.6,2,B_cell,2,NK_cytotoxic_T,3677,0.5743491774985174,3225.0,0.0446427893889889,0.0693310378330518,0.171968946244143,0.0537696274230062,-0.026463606151054,0.0238521066208082,0.0236113499570077,0.067944969905417,0.1363542562338779,0.1380223559759243
HCC,5629.6,5,B_cell,2,B_cell,416,1.0,5617.0,0.069888674619983,0.0840508611772651,0.1724435184411304,0.0921421713955987,0.1288685128918922,0.5300224176582169,0.5230384549060183,0.348594585273323,0.1428522158992929,0.1443697189170546
HCC,5629.6,5,B_cell,2,CD4_T,3305,0.7247796636776955,4051.0,0.0508138423887713,0.0730816000733869,0.1724434957335851,0.0634781989382592,0.0446185552776032,0.1400068977409898,0.1298672184859458,0.132195206070012,0.0700810484566304,0.0713398861872736
HCC,5629.6,5,B_cell,2,Endothelial_stromal,1137,0.2,1118.0,0.0169449107826046,0.0409571978185423,0.1724435256774849,0.0187142022333332,-0.0797311479598543,0.0232798758406621,0.0246594240386273,0.0736506294188653,0.2154509398172098,0.2135713053974823
HCC,5629.6,5,B_cell,2,Hepatocyte,1415,0.3807307877431757,2131.0,0.0305827309426926,0.0574134750310458,0.1724435194371443,0.0352532817587045,-0.0272840810576667,0.1387653043628211,0.1497327125366442,0.2443524745645801,0.2772546990860493,0.2726677013278151
HCC,5629.6,5,B_cell,2,Macrophage,2079,0.5253055608807534,2947.0,0.040421203661079,0.0660974916698087,0.1724435588873598,0.0483555282831019,0.0078130929574916,0.1641489912053802,0.1689601655457837,0.1892912571132954,0.151008794619762,0.1546473529918951
HCC,5629.6,5,B_cell,2,NK_cytotoxic_T,3677,0.2759459322922429,1547.0,0.0231621743210579,0.0493968983703055,0.1724435380784683,0.0259077894714528,-0.0624984944685986,0.0037765131919296,0.0037420244869805,0.0119158475599241,0.1433523021210553,0.143404035178479
HCC,5629.6,10,B_cell,2,B_cell,416,1.0,5618.0,0.0699206935188243,0.0843413701905063,0.173001408140181,0.0924629693827443,0.1777871305354619,0.6096915385014618,0.6018372748819265,0.3772468556995311,0.1288860439769562,0.1331245783090843
HCC,5629.6,10,B_cell,2,CD4_T,3305,0.1584893192461113,876.0,0.0128366691517963,0.0344049959595057,0.1730013930070984,0.0139310307536032,-0.0735597439409905,0.0057263463834057,0.0058301472241925,0.0180786464370361,0.0976592910402574,0.102987734200647
HCC,5629.6,10,B_cell,2,Endothelial_stromal,1137,0.3981071705534972,2234.0,0.0317456805312204,0.0586279312531661,0.1730014057809092,0.037312050600521,0.0078522696608531,0.1764960296178399,0.1842810926768507,0.2436032731865128,0.179973357784198,0.1783125443316091
HCC,5629.6,10,B_cell,2,Hepatocyte,1415,0.251188643150958,1406.0,0.0209328657609757,0.0466478962955031,0.1730014026437109,0.0233614979207126,-0.036390735505061,0.083905679636005,0.0887151185924606,0.1803020604466896,0.2692074805805927,0.2666124595609224
HCC,5629.6,10,B_cell,2,Macrophage,2079,0.1,556.0,0.008647657245788,0.0266130243849289,0.1730013991530604,0.009218586455062,-0.0871630325586799,0.0075947615175682,0.0080445651609778,0.0277840250506029,0.1948514782969742,0.1887099285504212
HCC,5629.6,10,B_cell,2,NK_cytotoxic_T,3677,0.6309573444801932,3543.0,0.048364057214222,0.0723613177062223,0.173001421705301,0.0594030493724779,0.0680704678616062,0.1165856443437191,0.1112918014635918,0.1529851391796273,0.1294223483210214,0.1302527550473158
HCC,5629.6,20,B_cell,2,B_cell,416,1.0,5618.0,0.0699444142201151,0.0846099735605871,0.1735237447645111,0.092737680815081,0.2735988027426334,0.5945444134029741,0.5843759218449045,0.4237970466258307,0.1253709070086241,0.1249718023911572
HCC,5629.6,20,B_cell,2,CD4_T,3305,0.05,273.0,0.0041892280392428,0.0159136245845205,0.1735237409672884,0.0043996906604505,-0.0783974014717212,0.0011105519790383,0.0011105519790383,0.0048586649082927,0.1511912405212653,0.1493345364313106
HCC,5629.6,20,B_cell,2,Endothelial_stromal,1137,0.1657227008669993,929.0,0.0141802641543721,0.0369110852482261,0.1735237479731551,0.0155807079014946,-0.0316672040267922,0.0257856287632962,0.0267573617449547,0.0737302399833417,0.1952315674400041,0.1964462336670773
HCC,5629.6,20,B_cell,2,Hepatocyte,1415,0.3017088168272581,1688.0,0.0247717907134703,0.0515155073408216,0.1735237436478208,0.0281246798164964,0.0216580385011774,0.1063179996182477,0.1140571587221711,0.2197678252268823,0.2450675874993493,0.2458484443596106
HCC,5629.6,20,B_cell,2,Macrophage,2079,0.5492802716530588,3078.0,0.0419954039891734,0.0677374705117667,0.1735237647430781,0.050858432992428,0.1099859473500455,0.2701591212757466,0.271564663624217,0.2682850648111194,0.1400336636068646,0.1395304447413628
HCC,5629.6,20,B_cell,2,NK_cytotoxic_T,3677,0.091028210151304,509.0,0.0080725862720021,0.0255122827729639,0.1735237412976007,0.0085930733784638,-0.0611470882191113,0.0020822849606968,0.0021343420847142,0.0095611584445331,0.1431050339238924,0.1438685384094813
HCC,5629.6,40,B_cell,2,B_cell,416,1.0,5617.0,0.069951740921367,0.0848569844073151,0.1740129128393859,0.0930034595105418,0.2372840523436453,0.7541023543946961,0.7545199853829154,0.5748690552839021,0.1398019733064193,0.141350688221066
HCC,5629.6,40,B_cell,2,CD4_T,3305,0.2286525259636631,1268.0,0.0181333963086334,0.0428807723853941,0.1740129265103201,0.0202046681425032,-0.0275592598937713,0.0455565802982581,0.0457653957923678,0.0676388188003549,0.1178763464249047,0.1190422329336836
HCC,5629.6,40,B_cell,2,Endothelial_stromal,1137,0.1093362073943278,612.0,0.0095470214376337,0.0286182030650075,0.1740129085456986,0.0103121092218287,-0.0613896496669136,0.0428767814571841,0.0453129622217968,0.121687229192406,0.1872378930516644,0.1880557537369273
HCC,5629.6,40,B_cell,2,Hepatocyte,1415,0.025,138.0,0.0022380281275297,0.0099806396521945,0.1740129123801541,0.0023350688098088,-0.0929111608622074,0.0071867332556075,0.007499956496772,0.0369777437485861,0.2192562688151461,0.2147841369829641
HCC,5629.6,40,B_cell,2,Macrophage,2079,0.0522819776295636,291.0,0.0046069130181279,0.0171657798810904,0.1740129069105243,0.0048594800539394,-0.0832679697661845,0.009553308855517,0.0100405450084396,0.0361772843544991,0.1867158543163903,0.1883341743957401
HCC,5629.6,40,B_cell,2,NK_cytotoxic_T,3677,0.4781762498950184,2683.0,0.0380390297805703,0.0649557670146465,0.1740129105835846,0.0452776721950636,0.0611313575676872,0.140724241738737,0.1368611550977082,0.1626498686202516,0.1491116640854751,0.1484330137296187
HCC,5629.6,1,NK_cytotoxic_T,0,B_cell,416,1.0,5613.0,0.0699210173509239,0.0836866012234881,0.1716414073517675,0.0916940165145439,-0.00949648960924,0.147663102246786,0.1445392286435179,0.1502033950670259,0.1523317485110108,0.1532929403889394
HCC,5629.6,1,NK_cytotoxic_T,0,CD4_T,3305,1.0,5603.0,0.0661481751238138,0.0812153546705681,0.1716413870441117,0.0871697684900186,-0.0215204195098202,0.0411596093441581,0.038550659961209,0.0475789979574672,0.0649834366042464,0.0662192547330118
HCC,5629.6,1,NK_cytotoxic_T,0,Endothelial_stromal,1137,1.0,5621.0,0.0691898023340826,0.0827512825288729,0.1716414012823887,0.093022864371421,-0.0027959228898509,0.1985376152142943,0.195688367861863,0.1898182317502274,0.1920152417569214,0.1927876280873998
HCC,5629.6,1,NK_cytotoxic_T,0,Hepatocyte,1415,1.0,5620.0,0.0700074824667803,0.0834795420071594,0.1716413912457528,0.0922394612327868,0.0019399363684595,0.2948284444139304,0.3068090146066837,0.3054873757745318,0.2930948662055234,0.2909665127615386
HCC,5629.6,1,NK_cytotoxic_T,0,Macrophage,2079,1.0,5614.0,0.0692514985349876,0.083123783191377,0.1716413886644505,0.0915366346787022,-0.0053934707805155,0.1586309881395788,0.1561765160227253,0.1570003947752355,0.1618578465869106,0.1596608365802166
HCC,5629.6,1,NK_cytotoxic_T,0,NK_cytotoxic_T,3677,1.0,5621.0,0.0706483592623502,0.0841058738596302,0.1716413422563049,0.0934063713187498,-0.0116503264925473,0.1591802406412523,0.1582362129040009,0.1499116046755119,0.1357168603353873,0.1370728274488937
HCC,5629.6,2,NK_cytotoxic_T,0,B_cell,416,0.757858283255199,4255.5,0.0557519867099306,0.076488710492813,0.1719867862529639,0.0697159621602599,-0.0089467525017313,0.1207003302146395,0.1193244358833241,0.1420782883874518,0.1604636763896532,0.1588813979086406
HCC,5629.6,2,NK_cytotoxic_T,0,CD4_T,3305,0.6597539553864471,3686.0,0.0469240833011387,0.0703239067782414,0.1719868255726289,0.0576276063934749,-0.0387872579104996,0.0222206934507429,0.0206040176114474,0.034483351678591,0.0715465052283984,0.0722172537149146
HCC,5629.6,2,NK_cytotoxic_T,0,Endothelial_stromal,1137,0.8705505632961241,4892.0,0.0619326845401365,0.0794120127294805,0.1719868057194577,0.081144623677774,0.0221750817246217,0.3511626307099614,0.3512486241056687,0.2649284534947716,0.1865024766097963,0.1867776554760594
HCC,5629.6,2,NK_cytotoxic_T,0,Hepatocyte,1415,0.5,2804.0,0.0389996641071572,0.0648010464880647,0.171986789745751,0.0462034918545111,-0.0545269091067668,0.1101919372592185,0.1178281507980187,0.208207209686296,0.2866159878921299,0.2847757292239956
HCC,5629.6,2,NK_cytotoxic_T,0,Macrophage,2079,0.5743491774985174,3220.0,0.043647887884648,0.0683778315689411,0.1719867638654168,0.0526890014885336,-0.043375042665767,0.0830008255365988,0.0854946340121078,0.1257739405613649,0.1614611997798569,0.1622523390203632
HCC,5629.6,2,NK_cytotoxic_T,0,NK_cytotoxic_T,3677,1.0,5622.0,0.0706483913197024,0.0842750555472947,0.1719867733453126,0.0935916757981347,0.0373734986337321,0.3127235828288387,0.3055001375894331,0.2245287561915245,0.1334101541001651,0.1350956246560264
HCC,5629.6,5,NK_cytotoxic_T,0,B_cell,416,0.7247796636776955,4068.0,0.0537003079643266,0.0754463020044015,0.172404882476166,0.0668157996469678,0.0350192441754904,0.1783873247935451,0.1792493491715945,0.1842146095891592,0.1570780821681637,0.1498887988552316
HCC,5629.6,5,NK_cytotoxic_T,0,CD4_T,3305,0.2,1108.0,0.0160046681205503,0.0393812401333796,0.1724048804699868,0.0175219848167381,-0.0951085280168391,0.002861920935124,0.0030343258107339,0.0123097081185455,0.0925469372273847,0.0989603986000724
HCC,5629.6,5,NK_cytotoxic_T,0,Endothelial_stromal,1137,0.5253055608807534,2950.0,0.0405006046660178,0.0659954232700514,0.1724048994083143,0.0490634101341708,-0.0057597352092917,0.2279020050687033,0.2380394117545644,0.2417805975552988,0.1816112959674499,0.1865937968725755
HCC,5629.6,5,NK_cytotoxic_T,0,Hepatocyte,1415,0.2759459322922429,1546.0,0.0228216248347683,0.0488633888097362,0.1724048797640886,0.0255626110237139,-0.0673226717702314,0.0648242332293157,0.070237746323466,0.1565263865662121,0.2853128286467941,0.2747271692843474
HCC,5629.6,5,NK_cytotoxic_T,0,Macrophage,2079,0.3807307877431757,2130.0,0.0303763568561076,0.0571756920210373,0.1724048575167259,0.0350275375532689,-0.0443087824163095,0.0680654448907815,0.0725652121441994,0.1218385255935037,0.1547506163474303,0.1603710152923124
HCC,5629.6,5,NK_cytotoxic_T,0,NK_cytotoxic_T,3677,1.0,5623.0,0.0706623500067973,0.0844879174236705,0.1724048463037088,0.093825537171886,0.0958782913575636,0.4579590710825302,0.4368739547954416,0.2833301725772805,0.1287002396427771,0.1294588210954605
HCC,5629.6,10,NK_cytotoxic_T,0,B_cell,416,0.251188643150958,1409.5,0.0209213751853938,0.046524113477838,0.1724316276299727,0.0231920958003613,-0.0809562833119491,0.0495740938717798,0.0531779149567196,0.0963375521605683,0.1726385488153947,0.1762423699003345
HCC,5629.6,10,NK_cytotoxic_T,0,CD4_T,3305,0.6309573444801932,3524.0,0.0451577891746427,0.0692702818498917,0.1724316477784498,0.0552443032736914,-0.0022054714799072,0.1069076111321861,0.1064248025657826,0.1085801979515122,0.0753181363589336,0.0763182398179121
HCC,5629.6,10,NK_cytotoxic_T,0,Endothelial_stromal,1137,0.3981071705534972,2234.0,0.0317618533385554,0.0584528164260554,0.1724316307413739,0.0372065754292539,-0.0399938303861514,0.1863813497948063,0.2056936924509432,0.2733386212366797,0.1700865606786909,0.1767251784667379
HCC,5629.6,10,NK_cytotoxic_T,0,Hepatocyte,1415,0.1584893192461113,887.0,0.0135817809818007,0.0357130533989042,0.1724316284375338,0.0146981453302528,-0.0997059272597466,0.0318136358933682,0.036262371969514,0.1236852088147049,0.2520260716625858,0.2500258647446287
HCC,5629.6,10,NK_cytotoxic_T,0,Macrophage,2079,0.1,556.0,0.0086507270307893,0.0265349576167857,0.1724316289516808,0.0091864423519422,-0.1165088410122941,0.006000620753871,0.0066213746249612,0.0333310342449218,0.2008311204607373,0.1906921405662655
HCC,5629.6,10,NK_cytotoxic_T,0,NK_cytotoxic_T,3677,1.0,5622.0,0.0706702498543165,0.0845045796993139,0.1724315914913676,0.0938564171517035,0.0891057472947245,0.6193226885539883,0.5918198434320792,0.3647273855916129,0.1290995620236576,0.1299962065041211
HCC,5629.6,20,NK_cytotoxic_T,0,B_cell,416,0.1657227008669993,924.5,0.0141160031346947,0.0366691617919029,0.1726519356248603,0.0152806922014449,-0.0812175176736239,0.0242058011049723,0.0257769337016574,0.0599620165745856,0.1720303867403315,0.1691988950276243
HCC,5629.6,20,NK_cytotoxic_T,0,CD4_T,3305,0.05,273.0,0.0042040445580819,0.0158766628680636,0.1726519297338467,0.0043943391061592,-0.1127721148807943,0.0009668508287292,0.0010013812154696,0.005524861878453,0.13958908839779,0.1403832872928176
HCC,5629.6,20,NK_cytotoxic_T,0,Endothelial_stromal,1137,0.3017088168272581,1694.0,0.0247319842220342,0.0511370613523564,0.1726519337788361,0.0282239901456289,-0.0408668760460286,0.0663328729281768,0.0701657458563535,0.1345649171270718,0.1739468232044199,0.1752589779005524
HCC,5629.6,20,NK_cytotoxic_T,0,Hepatocyte,1415,0.5492802716530588,3084.0,0.0423685651901364,0.0677048052813945,0.1726519434064463,0.0509695351697479,0.0304652978195704,0.3794371546961326,0.3971685082872928,0.4125345303867403,0.2336153314917127,0.2332872928176795
HCC,5629.6,20,NK_cytotoxic_T,0,Macrophage,2079,0.091028210151304,504.0,0.0078856863903592,0.0249359101396616,0.1726519315061162,0.0083624491428358,-0.1000677368454384,0.0047824585635359,0.0050587016574585,0.0281077348066298,0.1675587016574585,0.1671443370165745
HCC,5629.6,20,NK_cytotoxic_T,0,NK_cytotoxic_T,3677,1.0,5621.0,0.0706595930745036,0.0846092404581355,0.1726518915299564,0.0939440773014873,0.1291352239915418,0.5242748618784531,0.5008287292817679,0.3593059392265193,0.1132596685082873,0.1147272099447513
HCC,5629.6,40,NK_cytotoxic_T,0,B_cell,416,0.4781762498950184,2679.0,0.0374969235950544,0.0640393672312967,0.1730103802860639,0.0442098915357998,0.0113188157334453,0.1474048442906574,0.157681660899654,0.2227162629757785,0.1376297577854671,0.1388927335640138
HCC,5629.6,40,NK_cytotoxic_T,0,CD4_T,3305,0.2286525259636631,1268.0,0.0181295953722325,0.0426300676270119,0.1730103878771703,0.0200923158263928,-0.0605354182838693,0.018235294117647,0.0194290657439446,0.0522318339100346,0.1133737024221453,0.111955017301038
HCC,5629.6,40,NK_cytotoxic_T,0,Endothelial_stromal,1137,0.0522819776295636,292.0,0.0046658104853552,0.017224442480087,0.1730103780611253,0.0049074843347241,-0.1030617332280413,0.0101384083044982,0.0114359861591695,0.0508304498269896,0.1811764705882353,0.1820934256055363
HCC,5629.6,40,NK_cytotoxic_T,0,Hepatocyte,1415,0.1093362073943278,612.0,0.0095214702169558,0.028411146090529,0.1730103805483503,0.0101803709636005,-0.0852304342469193,0.0322664359861591,0.0370588235294117,0.1506574394463667,0.2386159169550173,0.2415743944636678
HCC,5629.6,40,NK_cytotoxic_T,0,Macrophage,2079,0.025,137.0,0.0022189199759293,0.009857069525055,0.1730103809841609,0.0023022946552358,-0.1114334058829015,0.0014705882352941,0.0017301038062283,0.0188581314878892,0.1815570934256055,0.1761245674740484
HCC,5629.6,40,NK_cytotoxic_T,0,NK_cytotoxic_T,3677,1.0,5622.0,0.0706517390232019,0.0847807018956372,0.1730103366368527,0.0941421141238014,0.1419631809779544,0.7904844290657439,0.7726643598615917,0.5047058823529412,0.1476470588235294,0.1493598615916955
HCC,5629.6,1,NK_cytotoxic_T,1,B_cell,416,1.0,5622.0,0.0699751782695708,0.0837261568046998,0.1716767693221645,0.091814468257626,-0.0092953979579194,0.1475561812219952,0.1448093529502652,0.1512128963587357,0.1514189084791155,0.1539940599838624
HCC,5629.6,1,NK_cytotoxic_T,1,CD4_T,3305,1.0,5604.0,0.0661456173891311,0.0812283473603747,0.1716767379747858,0.087185399402622,-0.0215634724291421,0.0410307473089666,0.0386959432779961,0.0480351594018781,0.0647564765060344,0.0658723754914247
HCC,5629.6,1,NK_cytotoxic_T,1,Endothelial_stromal,1137,1.0,5621.0,0.0691934900896013,0.0827703729561779,0.1716767554560812,0.0930390989835542,-0.0028470098504423,0.1965012274888839,0.1935998901268691,0.1879517244931243,0.1904410376143796,0.1916771103366581
HCC,5629.6,1,NK_cytotoxic_T,1,Hepatocyte,1415,1.0,5617.0,0.0700003897428024,0.0834934404513664,0.1716767547567123,0.092238323507821,0.0019191766634946,0.2970008068808048,0.3076447664337585,0.3061683462377036,0.2952497038575769,0.2922453604353723
HCC,5629.6,1,NK_cytotoxic_T,1,Macrophage,2079,1.0,5615.0,0.0692448648834941,0.0831369915777569,0.1716767429798432,0.0915521727552835,-0.0053934546307461,0.1590413569331662,0.1579597933011725,0.1571700801730501,0.1621315387388624,0.1594877165273223
HCC,5629.6,1,NK_cytotoxic_T,1,NK_cytotoxic_T,3677,1.0,5624.0,0.0706464861970544,0.0841201365203387,0.171676739692397,0.0934386871834207,-0.0116203012423451,0.1588696801661831,0.1572902539099383,0.1494617933355079,0.1360023348040309,0.1367233772253601
HCC,5629.6,2,NK_cytotoxic_T,1,B_cell,416,0.757858283255199,4257.0,0.0557844103988963,0.0764727418779188,0.1719128650748996,0.0697164148363455,-0.0173343305903914,0.1316164967594423,0.1306194020870223,0.1458852653475219,0.1559937423713661,0.1560109336588217
HCC,5629.6,2,NK_cytotoxic_T,1,CD4_T,3305,0.8705505632961241,4873.0,0.0591422595980968,0.0777483619989854,0.1719129016430998,0.0760162216052142,-0.007220949423931,0.0763980814523199,0.0693324623081022,0.0608915401674431,0.0684557066478708,0.0663927521532087
HCC,5629.6,2,NK_cytotoxic_T,1,Endothelial_stromal,1137,0.5,2805.0,0.038817492312918,0.0644715906803252,0.171912876909439,0.046579861400121,-0.0642679383272272,0.0933314995960047,0.0968900960992968,0.1432378070793721,0.1982499269370283,0.1975450841513521
HCC,5629.6,2,NK_cytotoxic_T,1,Hepatocyte,1415,0.5743491774985174,3221.0,0.0440070082301184,0.0686281191784836,0.1719128517756875,0.0530349638591147,-0.0452385967618256,0.2149082844814248,0.2263232993518884,0.2706080558373016,0.2881603603293851,0.2847221028382815
HCC,5629.6,2,NK_cytotoxic_T,1,Macrophage,2079,0.6597539553864471,3699.0,0.0491559002462429,0.0721827989776792,0.1719128886211328,0.0605080562102343,-0.0329248459573353,0.1562344203957434,0.1582973748904055,0.1586755832144269,0.1550654128487682,0.1595351475872028
HCC,5629.6,2,NK_cytotoxic_T,1,NK_cytotoxic_T,3677,1.0,5623.0,0.0706653954552612,0.0842496754509844,0.171912827271546,0.0935668757656159,0.0274290765008112,0.3275112173150647,0.3185373652632846,0.2207017483539342,0.1340748508655813,0.135793979611133
HCC,5629.6,5,NK_cytotoxic_T,1,B_cell,416,0.3807307877431757,2130.5,0.0305813676724891,0.0573935235050507,0.1721614837766466,0.0350373871845637,-0.0577169322418842,0.0460359817508823,0.0473960575019368,0.0897822157183438,0.1722820005164844,0.1746578290436429
HCC,5629.6,5,NK_cytotoxic_T,1,CD4_T,3305,0.2,1107.0,0.0159950740679458,0.0393106597236067,0.1721614850257757,0.0174887785741512,-0.1030926549254965,0.0018421279159851,0.0019109925109752,0.0101230954635448,0.0927950417491607,0.0969441335973142
HCC,5629.6,5,NK_cytotoxic_T,1,Endothelial_stromal,1137,0.5253055608807534,2951.0,0.0405535217361716,0.0659435419292136,0.1721615099420899,0.0490542285215863,-0.0178247089307026,0.1617801497804941,0.167186020487217,0.2053542222604803,0.1847120599121976,0.1840406301110441
HCC,5629.6,5,NK_cytotoxic_T,1,Hepatocyte,1415,0.2759459322922429,1544.0,0.022824314357619,0.0487984894891251,0.1721614919176256,0.025526827839425,-0.0768062254424421,0.048583971765516,0.0534044934148231,0.1406559352672807,0.276577429628992,0.2722733924421107
HCC,5629.6,5,NK_cytotoxic_T,1,Macrophage,2079,0.7247796636776955,4066.0,0.0532328501175853,0.0748718266094278,0.1721614597337545,0.0665983817399845,0.0266804594357308,0.3301885168287854,0.333717827322028,0.259499010071447,0.1510544891107859,0.1478178531462511
HCC,5629.6,5,NK_cytotoxic_T,1,NK_cytotoxic_T,3677,1.0,5621.0,0.0706496415564403,0.0843626349551362,0.1721614433116219,0.0936805052211588,0.0810229778485854,0.4115692519583369,0.3963846087630197,0.2945855212189033,0.1225789790823792,0.1242661616596367
HCC,5629.6,10,NK_cytotoxic_T,1,B_cell,416,0.1,557.0,0.0086733165588305,0.0265976985908612,0.1724108195757605,0.0091957963589487,-0.116319652696503,0.0131721866864364,0.0141376872812537,0.0404993017361769,0.1764624747849175,0.1762900639644144
HCC,5629.6,10,NK_cytotoxic_T,1,CD4_T,3305,0.3981071705534972,2216.0,0.0301513967485944,0.0566619682307141,0.1724108191551581,0.0348527560730407,-0.0504698178683848,0.0203617179014154,0.0204996465578179,0.041895829382252,0.0782572714263547,0.0810503267185048
HCC,5629.6,10,NK_cytotoxic_T,1,Endothelial_stromal,1137,0.6309573444801932,3545.0,0.0474089111427902,0.0710289640119179,0.1724108092208872,0.0589461677464481,0.0207495814801563,0.3816485922656505,0.394820778952087,0.373424596127653,0.179221047912967,0.1798762090308787
HCC,5629.6,10,NK_cytotoxic_T,1,Hepatocyte,1415,0.1584893192461113,888.0,0.0135911586101474,0.0357256861771138,0.1724108181347184,0.0147109441210438,-0.098267109863168,0.0255340425165083,0.02841330321891,0.0993086326097826,0.2781158945535422,0.2729780521025499
HCC,5629.6,10,NK_cytotoxic_T,1,Macrophage,2079,0.251188643150958,1403.0,0.0207430313349316,0.0462256009918118,0.1724108224404837,0.0230792988848884,-0.0768087265125392,0.0360511025671971,0.0399993103567179,0.0939983793382872,0.1646178514163548,0.1651523249599144
HCC,5629.6,10,NK_cytotoxic_T,1,NK_cytotoxic_T,3677,1.0,5621.0,0.0706488676003645,0.0844831432569309,0.1724107781868832,0.0938255887169557,0.0948134181199047,0.523232358062792,0.5021292736332132,0.3508732608058482,0.1233254599058636,0.1246530232237375
HCC,5629.6,20,NK_cytotoxic_T,1,B_cell,416,0.3017088168272581,1688.0,0.0247541709574419,0.0512685644091332,0.1725714896664434,0.0278327941580569,-0.058425118563529,0.0767597977462163,0.0838007144459592,0.1380226758934888,0.1536921669801715,0.1550382245845341
HCC,5629.6,20,NK_cytotoxic_T,1,CD4_T,3305,0.5492802716530588,3065.0,0.0400851440324343,0.0655244415170457,0.1725714987157527,0.0481508181859645,-0.0073835510951967,0.1080815227708078,0.1134312388907104,0.1614578839284173,0.0936890606933922,0.0960360329266398
HCC,5629.6,20,NK_cytotoxic_T,1,Endothelial_stromal,1137,0.091028210151304,509.0,0.0080006522439881,0.0251740765355578,0.172571486120933,0.0085144981070941,-0.1094490151658092,0.0159456054670647,0.0184306348905033,0.0864583153571366,0.1964036101955235,0.1951265811862564
HCC,5629.6,20,NK_cytotoxic_T,1,Hepatocyte,1415,0.05,278.0,0.0044445198145538,0.0165876326462755,0.1725714847123702,0.0046427096382273,-0.1201140032357168,0.0069891452534212,0.0082316599651405,0.052151103594664,0.2391840820059709,0.2394774535351269
HCC,5629.6,20,NK_cytotoxic_T,1,Macrophage,2079,0.1657227008669993,924.0,0.0140532246451249,0.0365138418003012,0.1725714852810493,0.0152592374450279,-0.0902790968928669,0.0280256096087804,0.0321155538681899,0.1092377517386577,0.1790256613802267,0.175539717327903
HCC,5629.6,20,NK_cytotoxic_T,1,NK_cytotoxic_T,3677,1.0,5620.0,0.0706251726374286,0.0845496281325522,0.1725714559899413,0.0938932507319305,0.1055293141738145,0.7641983191537094,0.7439901979394964,0.4526722694876352,0.138005418744715,0.1387819904395396
HCC,5629.6,40,NK_cytotoxic_T,1,B_cell,416,0.0522819776295636,292.0,0.0046256177097298,0.0170961623348148,0.1726906942120664,0.0048338864970489,-0.1114548211086713,0.0074947761065156,0.0082891532975287,0.0247983836151069,0.1583400970521698,0.1578047559017044
HCC,5629.6,40,NK_cytotoxic_T,1,CD4_T,3305,0.1093362073943278,602.0,0.0089954815476893,0.0271771692663362,0.1726906928310227,0.009592719841066,-0.0983009402559887,0.0020377501856424,0.002089557393752,0.0107413611480477,0.1117308788229402,0.1182585870447441
HCC,5629.6,40,NK_cytotoxic_T,1,Endothelial_stromal,1137,0.025,139.0,0.0022532778629738,0.0099579850023549,0.1726906944684056,0.0023378097586159,-0.118360975539668,0.0021240955324917,0.0024694769198887,0.0208955739375205,0.1708083651372027,0.1695477230732036
HCC,5629.6,40,NK_cytotoxic_T,1,Hepatocyte,1415,0.4781762498950184,2681.0,0.0375199267164525,0.0638392225478734,0.1726906967051573,0.0443813496247577,0.0116677619942898,0.3500785742656328,0.3747733434645207,0.4443676930250229,0.2764259934032155,0.2686549121867823
HCC,5629.6,40,NK_cytotoxic_T,1,Macrophage,2079,0.2286525259636631,1276.0,0.0190075255495816,0.0439788309730542,0.172690701431956,0.0210487694384287,-0.062236827767903,0.0395807069957,0.04306905900841,0.1019911236983439,0.1705838672353946,0.1717236258138049
HCC,5629.6,40,NK_cytotoxic_T,1,NK_cytotoxic_T,3677,1.0,5622.0,0.0706455885911913,0.0846202504596571,0.172690644744585,0.0939553424496141,0.1293666541511969,0.5986840969140172,0.5693094099158996,0.397205864575958,0.1121107983490769,0.1140103959797606
HCC,5629.6,1,NK_cytotoxic_T,2,B_cell,416,1.0,5623.0,0.0700119736918802,0.0837298237380971,0.1716472982495989,0.0918420329906108,-0.0092720947537391,0.1473248768430628,0.1440464134296847,0.1496764448411404,0.1502600456581815,0.1530235671741705
HCC,5629.6,1,NK_cytotoxic_T,2,CD4_T,3305,1.0,5607.0,0.0661566533519253,0.0812178242037358,0.1716472862837115,0.0872016008434763,-0.021493097962733,0.0416073053090509,0.0388609485229749,0.0489194802519782,0.0653117973188691,0.06606704543504
HCC,5629.6,1,NK_cytotoxic_T,2,Endothelial_stromal,1137,1.0,5620.0,0.0691968668295943,0.0827634728496847,0.1716472851129093,0.0929910338968995,-0.0029074330031069,0.199694467807549,0.1962443570950411,0.1907516435228891,0.194957002351568,0.1939614480166154
HCC,5629.6,1,NK_cytotoxic_T,2,Hepatocyte,1415,1.0,5618.0,0.0699931542123015,0.0834762336287932,0.1716472769495063,0.0922158313761194,0.0018225238312385,0.295816955320208,0.3065449115158173,0.3047941090646938,0.2942378001682144,0.2918862321701368
HCC,5629.6,1,NK_cytotoxic_T,2,Macrophage,2079,1.0,5620.0,0.069272403851843,0.0831335661488173,0.1716472899007235,0.0915888852173374,-0.0053436317111023,0.1582073156078889,0.1578811857395423,0.1569714550541547,0.1593745172419712,0.158808081154843
HCC,5629.6,1,NK_cytotoxic_T,2,NK_cytotoxic_T,3677,1.0,5623.0,0.0706616264265607,0.0841156629543015,0.1716472694984346,0.0934102827973046,-0.0116635109875868,0.1573490791122401,0.1564221836969395,0.1488868672651435,0.1358588372611957,0.1362536260491941
HCC,5629.6,2,NK_cytotoxic_T,2,B_cell,416,0.757858283255199,4255.0,0.0557757074112214,0.076468009690411,0.1719010506631171,0.0696617036848974,-0.0081386533960533,0.1184913963522596,0.117219328554484,0.1383631581661595,0.1589053340896979,0.15900847472195
HCC,5629.6,2,NK_cytotoxic_T,2,CD4_T,3305,0.6597539553864471,3687.0,0.0469206492111464,0.0702902889164543,0.1719010765595546,0.0575925951787657,-0.0380668110501596,0.0219345744589414,0.020971928557922,0.0349646743334536,0.0702387705636635,0.0717171196259433
HCC,5629.6,2,NK_cytotoxic_T,2,Endothelial_stromal,1137,0.8705505632961241,4894.0,0.0619354688696044,0.0793698518492772,0.1719010709892077,0.0811344399134834,0.0230829057428652,0.3432176439241572,0.3407766489608581,0.2556340570367696,0.1921338077802417,0.1890395888126794
HCC,5629.6,2,NK_cytotoxic_T,2,Hepatocyte,1415,0.5743491774985174,3226.0,0.0440504333136676,0.0686535203894663,0.1719010285152484,0.0530878440503921,-0.0372601661503501,0.1532841696319598,0.1623089749540164,0.2451137125470579,0.2860433534457566,0.283430457428704
HCC,5629.6,2,NK_cytotoxic_T,2,Macrophage,2079,0.5,2799.0,0.0386812916407931,0.0644904651870692,0.1719010431253772,0.0458440100714007,-0.0585841233244919,0.0538566001409588,0.0559194127860003,0.1033125333058291,0.1594382273563337,0.1627387275884001
HCC,5629.6,2,NK_cytotoxic_T,2,NK_cytotoxic_T,3677,1.0,5623.0,0.0706524442849514,0.084235859603985,0.1719010325048456,0.0935434436388781,0.0382961061971699,0.3092156154917229,0.3028037061867189,0.22261186461073,0.1332405067643064,0.134065631822323
HCC,5629.6,5,NK_cytotoxic_T,2,B_cell,416,0.5253055608807534,2947.0,0.0407570627780908,0.0664252525583878,0.1722682602313634,0.0483996361826944,-0.0305506178958971,0.1191062722872056,0.1229995348757084,0.1525607676273493,0.1608124170959017,0.1592964564419714
HCC,5629.6,5,NK_cytotoxic_T,2,CD4_T,3305,0.7247796636776955,4054.0,0.0508055119182411,0.0729982985547619,0.1722682417764041,0.0634248091672982,0.0023544201212239,0.1275646436631122,0.1224482764560974,0.0924219194129097,0.0711640166066598,0.0704232631053075
HCC,5629.6,5,NK_cytotoxic_T,2,Endothelial_stromal,1137,0.3807307877431757,2136.0,0.0304965681288024,0.0571597427691906,0.1722682536379079,0.0355305475177591,-0.0579613454218294,0.129356233526848,0.1412944236765491,0.2022946131716308,0.1726472462919258,0.1812951127495736
HCC,5629.6,5,NK_cytotoxic_T,2,Hepatocyte,1415,0.2759459322922429,1546.0,0.0228406181023333,0.0488479535918766,0.1722682630374307,0.0255651327101686,-0.0812415885848807,0.0812761632413995,0.0923530121104584,0.183241744043825,0.2895484849006873,0.2809178452686523
HCC,5629.6,5,NK_cytotoxic_T,2,Macrophage,2079,0.2,1118.0,0.0167826765957607,0.0406953978784672,0.1722682606767422,0.0183858868763001,-0.1026045935255049,0.0168650622749745,0.0188116935692259,0.0616031283915312,0.1753518579131423,0.1767644576133955
HCC,5629.6,5,NK_cytotoxic_T,2,NK_cytotoxic_T,3677,1.0,5621.0,0.0706534472221147,0.0844158109519178,0.1722682336951224,0.0937468201877763,0.0702929077700422,0.5258316250064601,0.5020930593119606,0.3078778273527537,0.1304759771916828,0.1313028648210994
HCC,5629.6,10,NK_cytotoxic_T,2,B_cell,416,0.3981071705534972,2229.0,0.0318481178878375,0.0587178960142667,0.1724048750502283,0.0366751172684702,-0.0457738523280624,0.0959260727893384,0.1023222936744651,0.1421305794527869,0.1554747168249918,0.1596296743271899
HCC,5629.6,10,NK_cytotoxic_T,2,CD4_T,3305,0.6309573444801932,3522.0,0.045162354374395,0.0692649826228605,0.1724048868988962,0.0552424866750723,-0.0015572350205021,0.1178904539420374,0.1192179714842335,0.1142182300915469,0.0753926521042015,0.0771684223229833
HCC,5629.6,10,NK_cytotoxic_T,2,Endothelial_stromal,1137,0.1,558.0,0.0087492814245458,0.0267338025475608,0.1724048718634198,0.0093351099071984,-0.1155904217358909,0.011568367153423,0.0133096563970829,0.0592727962346775,0.2146957915969863,0.2109201248211299
HCC,5629.6,10,NK_cytotoxic_T,2,Hepatocyte,1415,0.251188643150958,1407.0,0.0209354719800213,0.046487018813733,0.1724048799611927,0.0232850756044115,-0.0748148923530587,0.1008396117442201,0.1159250383600848,0.25610744271848,0.2397634605106632,0.2460907194455459
HCC,5629.6,10,NK_cytotoxic_T,2,Macrophage,2079,0.1584893192461113,885.0,0.0134839212720832,0.0355352172600003,0.1724048717716962,0.0145956358910861,-0.1013403176893458,0.0170336017102563,0.018895574366843,0.0629967415478509,0.1847663051911108,0.1757150492215919
HCC,5629.6,10,NK_cytotoxic_T,2,NK_cytotoxic_T,3677,1.0,5621.0,0.0706508093599866,0.0844839154842276,0.1724048442596831,0.0938102612653117,0.089810069823248,0.6567418926607245,0.6303294657172905,0.3652742099546575,0.1299070737720462,0.1304760098615588
HCC,5629.6,20,NK_cytotoxic_T,2,B_cell,416,0.1657227008669993,926.0,0.0141402905421597,0.0367192401262271,0.1726936764440657,0.0153171818251861,-0.0855561766444651,0.0277518737263841,0.0306358581148758,0.0706835215694401,0.1696888059959244,0.1686353745725831
HCC,5629.6,20,NK_cytotoxic_T,2,CD4_T,3305,0.3017088168272581,1677.0,0.0234441808160472,0.0494401104674773,0.1726936525371159,0.0264678008852889,-0.0562153556745062,0.0163022830103961,0.0171312126549925,0.0431561496218008,0.0916485338306911,0.0904224087313922
HCC,5629.6,20,NK_cytotoxic_T,2,Endothelial_stromal,1137,0.5492802716530588,3085.0,0.0421170708350448,0.0673567649200656,0.1726936854738954,0.0514043610727372,0.0208682230390872,0.3429523710841708,0.3620868303802714,0.3972645321728318,0.1742479190412047,0.177373674576037
HCC,5629.6,20,NK_cytotoxic_T,2,Hepatocyte,1415,0.091028210151304,507.0,0.0079770176702246,0.0251466188005307,0.172693676466565,0.0084604523549132,-0.1027591598402778,0.012157634787414,0.0135046454598832,0.069474665837737,0.2419438400165786,0.2434635443650053
HCC,5629.6,20,NK_cytotoxic_T,2,Macrophage,2079,0.05,277.0,0.0044044044044044,0.0164850201193654,0.1726936727714202,0.0046057212326683,-0.1151677195127042,0.002141401581874,0.0022968258902358,0.0212758608779746,0.1911546299174524,0.1886851103512589
HCC,5629.6,20,NK_cytotoxic_T,2,NK_cytotoxic_T,3677,1.0,5623.0,0.0706632247145516,0.0846299672565784,0.1726936722887918,0.0939920297524198,0.1195413938186521,0.5986944358097607,0.5743446274997409,0.3981452699202155,0.1313162711981487,0.1314198874037232
HCC,5629.6,40,NK_cytotoxic_T,2,B_cell,416,0.2286525259636631,1280.0,0.0191459252206915,0.0442602286701761,0.1728518857976153,0.0211388711974247,-0.0564582753930824,0.0434031078768603,0.0460823120667899,0.0853715451229841,0.1492576011615646,0.1489983233367327
HCC,5629.6,40,NK_cytotoxic_T,2,CD4_T,3305,0.025,134.0,0.0021089745279941,0.0094416526708718,0.1728518831878499,0.0021865998578012,-0.1127501746059232,0.0005012704613416,0.0005012704613416,0.0044768637754308,0.1430522185539211,0.1440029039116381
HCC,5629.6,40,NK_cytotoxic_T,2,Endothelial_stromal,1137,0.0522819776295636,292.0,0.0046668027729848,0.0172164264411614,0.1728518816590009,0.004899051079647,-0.1038259382660759,0.0055831158280469,0.0062918085492541,0.0322887317857328,0.1891863861856774,0.1870084524570895
HCC,5629.6,40,NK_cytotoxic_T,2,Hepatocyte,1415,0.4781762498950184,2682.0,0.0375202004289551,0.0639016939898406,0.1728518736247547,0.0444164963240878,0.0216818269966958,0.3472594333915268,0.3719081119388795,0.4369004200300762,0.246659637356749,0.2413876549185003
HCC,5629.6,40,NK_cytotoxic_T,2,Macrophage,2079,0.1093362073943278,609.0,0.0094449589776692,0.0282263529382631,0.1728518810046774,0.010087275069212,-0.0878036969352887,0.0091611498107271,0.0100772647917999,0.0464107306449103,0.1533196204172644,0.1585570324788688
HCC,5629.6,40,NK_cytotoxic_T,2,NK_cytotoxic_T,3677,1.0,5623.0,0.0706552882300584,0.0847036217643038,0.1728518218912325,0.0940752368071975,0.1421325036618342,0.594091922631497,0.5651392321919347,0.3945517086408656,0.1185245363248232,0.1200456328971704
LUAD,2818.2000000000007,natural,none,-1,B_cell,10340,,9063.0,0.2139274646950982,0.2424398612329813,0.544099348816763,0.8860747954392064,0.1109391252850887,0.6423635671146417,0.6266390989716524,0.2074650416235921,0.2280864029598998,0.1624680341694325
LUAD,2818.2000000000007,natural,none,-1,Endothelial,8444,,7656.5,0.1906862020387319,0.2337263889734459,0.5440992626657374,0.6435322013062041,-0.0060997704315293,0.0280211110506556,0.0286196202187278,0.0480983731432613,0.0381957669078839,0.057837749605528
LUAD,2818.2000000000007,natural,none,-1,Epithelial,6178,,9057.5,0.207424618407872,0.2413177487538368,0.5440993018941693,0.7282463300911136,0.0458232690180453,0.1283530115893139,0.1319440665977474,0.2059415637412264,0.1728059197997714,0.1717177213123673
LUAD,2818.2000000000007,natural,none,-1,Fibroblast,10773,,3218.0,0.1219452340129094,0.1829108227288415,0.5440992126700921,0.3684780131000694,-0.159909301095375,0.0019587572773273,0.0020131672016975,0.0038631046302845,0.1036509059252407,0.1261766146145057
LUAD,2818.2000000000007,natural,none,-1,Macrophage,9081,,6883.0,0.1748271024347798,0.2257899341408084,0.5440992861634587,0.5581613661268495,-0.0511339295628334,0.0706784917568964,0.0721475597148919,0.1664943685728276,0.2253114968170194,0.2251482670439088
LUAD,2818.2000000000007,natural,none,-1,T_NK,13296,,10580.5,0.2124141021855676,0.2439131709697247,0.544099463001602,0.7672656693543598,0.0430797005111422,0.1286250612111649,0.1386364872952826,0.3681375482888079,0.2319495075901844,0.2566516132542575
LUAD,2818.2000000000007,1,B_cell,0,B_cell,10340,1.0,2811.0,0.0957265953079492,0.1822691310487934,0.5440988849284417,0.1474451698984091,0.0042582709706021,0.1993579628924315,0.2003917514554654,0.2020240491865716,0.1695957342619293,0.1669840578921595
LUAD,2818.2000000000007,1,B_cell,0,Endothelial,8444,1.0,2812.0,0.0939184825715204,0.1803401527554403,0.5440991334401499,0.1475392177378724,0.0060001039301646,0.0808531476141248,0.0793840796561292,0.0718755100930409,0.0645301703030632,0.0669786168997225
LUAD,2818.2000000000007,1,B_cell,0,Epithelial,6178,1.0,2810.0,0.095526021229694,0.182091458604813,0.5440993049057969,0.1474473634181875,0.008581402441007,0.2037651667664182,0.2075194515479623,0.2054518744218945,0.1784101420099026,0.1738941182871755
LUAD,2818.2000000000007,1,B_cell,0,Fibroblast,10773,1.0,2769.0,0.0731673686269156,0.154114348777274,0.5440989205677292,0.1277791947186746,-0.0345515020798982,0.0075085695630883,0.0058218619076119,0.0063659611513139,0.1078404701017465,0.1234017084716252
LUAD,2818.2000000000007,1,B_cell,0,Macrophage,9081,1.0,2810.0,0.0916595817991535,0.1776266582220977,0.5440990883910146,0.1459403650572191,0.0029516676701645,0.2171500081614886,0.2160618096740845,0.2016431797159802,0.221502802111105,0.2187278959682246
LUAD,2818.2000000000007,1,B_cell,0,T_NK,13296,1.0,2810.0,0.0955345853990772,0.1818984270050787,0.5440989420004537,0.1466978888621968,-0.0019365622995163,0.2913651450024484,0.2908210457587464,0.3126394254311986,0.2581206812122531,0.2500136024810925
LUAD,2818.2000000000007,2,B_cell,0,B_cell,10340,1.0,2812.0,0.0957430697965121,0.1823308151676763,0.5442471932695421,0.1475219062172412,0.086724050260991,0.7225971481441167,0.7139980407096985,0.5306955480570371,0.1621856971807989,0.1617502993360182
LUAD,2818.2000000000007,2,B_cell,0,Endothelial,8444,0.8705505632961241,2446.0,0.0856679215720203,0.1721758407908852,0.544247097711201,0.1284822546245165,0.047012731903804,0.1781865679764885,0.1734516164144987,0.1741047131816697,0.0664525960596495,0.0694459562425166
LUAD,2818.2000000000007,2,B_cell,0,Epithelial,6178,0.5743491774985174,1611.0,0.0635137029457422,0.1466627044151575,0.5442469318932946,0.0847363191397136,-0.0479508645545728,0.0253619244584739,0.0321105910525742,0.063241536954392,0.1840100141504299,0.1804179819309894
LUAD,2818.2000000000007,2,B_cell,0,Fibroblast,10773,0.5,1369.0,0.0465606509444151,0.1197802722114175,0.5442475011961503,0.0639121387518722,-0.0986053751534504,0.0019048655709154,0.0020137150321105,0.003646456950038,0.1188091868945248,0.1301839555894198
LUAD,2818.2000000000007,2,B_cell,0,Macrophage,9081,0.6597539553864471,1850.0,0.0687324145687088,0.1527516110771342,0.5442469212397689,0.0963028916714603,-0.0241364173010297,0.0344508544682703,0.0390769565690649,0.0987264613040165,0.2159029062806139,0.213671492326113
LUAD,2818.2000000000007,2,B_cell,0,T_NK,13296,0.757858283255199,2127.0,0.0785374638551416,0.1645848542094145,0.5442478314980247,0.1112032775804035,0.0030742600869701,0.037498639381735,0.0393490802220529,0.1295852835528464,0.2526395994339828,0.2445303145749428
LUAD,2818.2000000000007,5,B_cell,0,B_cell,10340,1.0,2811.0,0.0957245087011503,0.1823231529105291,0.5442767087147732,0.1475044113276556,0.1772145349574163,0.8675229957002123,0.8527186632558645,0.7182822620149132,0.1485876013715778,0.1473357644369455
LUAD,2818.2000000000007,5,B_cell,0,Endothelial,8444,0.7247796636776955,2036.0,0.075159755021305,0.1607522135840093,0.5442771442412273,0.1069680067524372,0.0753790215229728,0.1055897240515974,0.1142981549012137,0.1859794263321177,0.0651499482936918,0.0679801883198171
LUAD,2818.2000000000007,5,B_cell,0,Epithelial,6178,0.2759459322922429,772.0,0.0338995077786821,0.1001447573994695,0.5442768792408968,0.0407052451116522,-0.0975806425046065,0.0072933108365536,0.0098514123986284,0.0239481848364447,0.2021988787895281,0.1990965002993523
LUAD,2818.2000000000007,5,B_cell,0,Fibroblast,10773,0.2,538.0,0.0214194077302676,0.0727183542341243,0.5442766872737383,0.0255489642624272,-0.1399050329523066,0.0006531323137212,0.0004898492352909,0.0022859630980242,0.1344364012409514,0.1422195613127959
LUAD,2818.2000000000007,5,B_cell,0,Macrophage,9081,0.3807307877431757,1065.0,0.0440814351165098,0.1179432332158741,0.5442766516083657,0.0555705185260544,-0.0591890552252841,0.0083274369999455,0.0104501170195395,0.0301529418167963,0.2138464050508899,0.2122135742665868
LUAD,2818.2000000000007,5,B_cell,0,T_NK,13296,0.5253055608807534,1473.0,0.0589088585017477,0.1404115205688638,0.5442767048316021,0.0770870924300772,-0.0073732757202159,0.0106134000979698,0.0121918031894627,0.0393512219017035,0.2357807652533609,0.2311544113645022
LUAD,2818.2000000000007,10,B_cell,0,B_cell,10340,1.0,2812.0,0.0957485337947807,0.182408205638321,0.5444546087988996,0.1475891818425085,0.2377556582282208,0.9123427886971198,0.8975336200794903,0.7935972123917896,0.1409048837589154,0.1389992922088528
LUAD,2818.2000000000007,10,B_cell,0,Endothelial,8444,0.6309573444801932,1771.0,0.0677017239162269,0.1519090217627173,0.5444546110354969,0.0931632644350075,0.0863367740606628,0.0688190776936897,0.0787825992268742,0.1378559372788152,0.0644634398649752,0.0678935046550879
LUAD,2818.2000000000007,10,B_cell,0,Epithelial,6178,0.1584893192461113,442.0,0.020302728374172,0.070947351526058,0.5444545590121548,0.0233733234068314,-0.1156312534533326,0.0038656285729841,0.0046823106658681,0.0126313497032721,0.2053138781510317,0.2056949964610442
LUAD,2818.2000000000007,10,B_cell,0,Fibroblast,10773,0.1,264.0,0.0112329056273211,0.0459157551535305,0.5444547343515983,0.0127837950057243,-0.1479661319124237,0.0002177818914357,0.0002177818914357,0.0019600370229215,0.160396363042413,0.1649153372897043
LUAD,2818.2000000000007,10,B_cell,0,Macrophage,9081,0.3981071705534972,1114.0,0.0457784770648376,0.1207392470468288,0.5444544269184481,0.0581042613957789,-0.0148814471151807,0.0124680132846953,0.0160069690205259,0.0463875428758098,0.2013393586323297,0.1980181847879348
LUAD,2818.2000000000007,10,B_cell,0,T_NK,13296,0.251188643150958,703.0,0.0309984388802445,0.0944487405206192,0.5444546884805448,0.0368765051536145,-0.0789824658603592,0.0022867098600751,0.0027767191158055,0.0075679207273915,0.2275820765503348,0.2244786845973757
LUAD,2818.2000000000007,20,B_cell,0,B_cell,10340,1.0,2812.0,0.0957347476321865,0.1823953984554477,0.5444546418767097,0.1475694150818593,0.2879333946770591,0.9379866064136768,0.9242119017803668,0.832416834540208,0.1285457614199379,0.1283824250013611
LUAD,2818.2000000000007,20,B_cell,0,Endothelial,8444,0.091028210151304,254.0,0.0119434957452932,0.0484766573911011,0.5444547024880835,0.0134306355519859,-0.1251032049389104,0.0009255730386018,0.0008711275657429,0.0041923014101377,0.1368759187673545,0.1390537376817117
LUAD,2818.2000000000007,20,B_cell,0,Epithelial,6178,0.5492802716530588,1542.0,0.0613063901057391,0.1438095102242868,0.5444545539514031,0.0810843084710229,0.0905723387440222,0.0543365819132139,0.0665323678336146,0.1315947079000381,0.1487450318506016,0.1455871944247835
LUAD,2818.2000000000007,20,B_cell,0,Fibroblast,10773,0.05,130.0,0.0057507597951784,0.0276458597177013,0.5444547256585582,0.0063921653586183,-0.1480442982523901,0.0003266728371535,0.0003266728371535,0.0010889094571786,0.1872379811618663,0.1920836282463113
LUAD,2818.2000000000007,20,B_cell,0,Macrophage,9081,0.1657227008669993,463.0,0.0208829460539484,0.0722587069239503,0.5444546148665385,0.0242209208669016,-0.0904725192221087,0.0029945010072412,0.0041923014101377,0.0180214515163064,0.193118092230631,0.1909947187891326
LUAD,2818.2000000000007,20,B_cell,0,T_NK,13296,0.3017088168272581,844.0,0.0365683849550442,0.1051151907267729,0.5444544672864335,0.0442774982560741,-0.030382692393786,0.0034300647901127,0.0038656285729841,0.0126857951761311,0.2054772145696085,0.2038982958566995
LUAD,2818.2000000000007,40,B_cell,0,B_cell,10340,1.0,2812.0,0.095744763344821,0.1825007610052163,0.544751156825278,0.147666973392217,0.3246862091376926,0.953696137713134,0.9413847578580378,0.8674075284632565,0.1266002070055019,0.1251293784387427
LUAD,2818.2000000000007,40,B_cell,0,Endothelial,8444,0.4781762498950184,1341.0,0.0542315204114447,0.1339390237375882,0.5447513449159863,0.0706209896683821,0.0813284360838367,0.0367707141689818,0.0470120390041945,0.1036117012583755,0.0832380018521544,0.0837282780410742
LUAD,2818.2000000000007,40,B_cell,0,Epithelial,6178,0.2286525259636631,639.0,0.0285675324951672,0.0895842816974797,0.5447513410750355,0.033762642873114,-0.0398485668274514,0.0086070708721468,0.0105681756278258,0.0241324835212725,0.1665849539685133,0.1665849539685133
LUAD,2818.2000000000007,40,B_cell,0,Fibroblast,10773,0.1093362073943278,290.0,0.01221421079785,0.0488509712247872,0.544751358395327,0.0139694252872551,-0.1078953277914494,0.0007081767173285,0.0007081767173285,0.0024513809445987,0.13052241651686,0.1361333551233861
LUAD,2818.2000000000007,40,B_cell,0,Macrophage,9081,0.025,69.0,0.0033339239922041,0.0180940345910303,0.5447513212349542,0.0036574103393224,-0.1420006524445233,0.0001634253963065,0.0002723756605109,0.0016342539630658,0.262679086996786,0.2628425123930925
LUAD,2818.2000000000007,40,B_cell,0,T_NK,13296,0.0522819776295636,145.0,0.0069389222084757,0.032208536652208,0.5447512842170265,0.0076815467358284,-0.1290152464346655,5.447513210219535e-05,5.447513210219535e-05,0.0007626518494307,0.2303753336601841,0.2255815220351909
LUAD,2818.2000000000007,1,B_cell,1,B_cell,10340,1.0,2811.0,0.0957328551283457,0.1822734615551846,0.5440990837668754,0.147447311565645,0.0042803093764731,0.1977800750856956,0.1988138636487295,0.2008814407747973,0.1659502693291256,0.1632297731106153
LUAD,2818.2000000000007,1,B_cell,1,Endothelial,8444,1.0,2811.0,0.0938922657534435,0.1803205862936095,0.5440992138433252,0.1475182373122744,0.0060605519343604,0.0823766254964905,0.0791664399586484,0.0717122803199303,0.0651830893955057,0.0689917841014201
LUAD,2818.2000000000007,1,B_cell,1,Epithelial,6178,1.0,2810.0,0.0955472512485833,0.1821065054252939,0.544099276372193,0.1474891000047188,0.0086260819742688,0.2055606942706349,0.208498830186626,0.2051798248000435,0.1781925023124217,0.1759616954132433
LUAD,2818.2000000000007,1,B_cell,1,Fibroblast,10773,1.0,2769.0,0.0731584168464125,0.1541049349560515,0.5440990290136705,0.1277529771453519,-0.0345519716380747,0.008487948201752,0.0063659611513139,0.0068556504706458,0.1105609663202568,0.1240002176396974
LUAD,2818.2000000000007,1,B_cell,1,Macrophage,9081,1.0,2809.0,0.0916309494860687,0.1776018251768135,0.5440991018837821,0.1458931271050405,0.0028440333899427,0.2161162195984547,0.2175852875564503,0.2027313782033843,0.221774851732956,0.217258828010229
LUAD,2818.2000000000007,1,B_cell,1,T_NK,13296,1.0,2809.5,0.0955356571405454,0.1818988654597376,0.5440988251106026,0.146695756824697,-0.0019178424584294,0.2896784373469721,0.2895696174982317,0.3126394254311986,0.2583383209097339,0.2505577017247946
LUAD,2818.2000000000007,2,B_cell,1,B_cell,10340,1.0,2811.0,0.0957565648046693,0.182315583393316,0.5441581085144297,0.1475062175629721,0.0831444407350291,0.7632910703596888,0.749251782118953,0.4920280785764814,0.1605811612341514,0.1578059530935408
LUAD,2818.2000000000007,2,B_cell,1,Endothelial,8444,0.5,1403.0,0.0562812750833507,0.1367258474277466,0.5441586611705896,0.0737773570123117,-0.0757025666531253,0.0057680796647983,0.0068563965826848,0.0140392882407357,0.0782499863960385,0.0796647983892909
LUAD,2818.2000000000007,2,B_cell,1,Epithelial,6178,0.6597539553864471,1852.0,0.0708348107986239,0.1557971611917608,0.5441582495387467,0.0973325260739365,-0.0219925436850939,0.057027806497252,0.0648636883060347,0.1094302660934864,0.1808782717527344,0.176960330848343
LUAD,2818.2000000000007,2,B_cell,1,Fibroblast,10773,0.757858283255199,2091.0,0.0624502522962923,0.1415743997548382,0.5441587732076261,0.0968518965796264,-0.0291381780708162,0.0090874462643521,0.0074005550416281,0.0089786145725635,0.1088861076345431,0.1248843663274745
LUAD,2818.2000000000007,2,B_cell,1,Macrophage,9081,0.5743491774985174,1610.0,0.0617914600672886,0.1439302255434155,0.5441578172475404,0.0838288360203681,-0.0534657093903839,0.0557218261957882,0.0613266583229036,0.1181912172824726,0.2187517004951842,0.2145616803613212
LUAD,2818.2000000000007,2,B_cell,1,T_NK,13296,0.8705505632961241,2446.0,0.0868773672655739,0.1734282560595079,0.5441581210095475,0.12774991557686,0.0353803970930013,0.1091037710181204,0.1103009196277956,0.2573325352342602,0.2526527724873483,0.2461228709800293
LUAD,2818.2000000000007,5,B_cell,1,B_cell,10340,1.0,2811.0,0.0957207236934687,0.1823033412580811,0.5442174965891149,0.147481572125949,0.1786315293485854,0.929904761904762,0.920108843537415,0.8196462585034013,0.1517278911564626,0.1501496598639455
LUAD,2818.2000000000007,5,B_cell,1,Endothelial,8444,0.5253055608807534,1473.0,0.0585681754924804,0.1399246840410162,0.5442175831022852,0.0775144577963824,0.0010539521744982,0.0373333333333333,0.0455510204081632,0.1030204081632653,0.0763537414965986,0.0779863945578231
LUAD,2818.2000000000007,5,B_cell,1,Epithelial,6178,0.2759459322922429,772.0,0.0338998245234169,0.1001350184810728,0.5442176423631905,0.0407073156229147,-0.0947123679790433,0.0097959183673469,0.0120816326530612,0.0282448979591836,0.2006530612244898,0.198312925170068
LUAD,2818.2000000000007,5,B_cell,1,Fibroblast,10773,0.7247796636776955,1997.0,0.0606740411266779,0.1393652436658721,0.5442178725742105,0.0926156712011826,0.035507775265282,0.0152925170068027,0.0129523809523809,0.0202993197278911,0.1028027210884353,0.1131972789115646
LUAD,2818.2000000000007,5,B_cell,1,Macrophage,9081,0.2,558.0,0.0248357081521919,0.0813456764352371,0.5442175485695939,0.0291762287560107,-0.1260484560873059,0.0016870748299319,0.0023945578231292,0.0087619047619047,0.2234557823129251,0.2226938775510204
LUAD,2818.2000000000007,5,B_cell,1,T_NK,13296,0.3807307877431757,1067.0,0.0448942651566886,0.1194614302931318,0.544217516526885,0.0558609289684586,-0.059462731365501,0.0059863945578231,0.0069115646258503,0.0200272108843537,0.2450068027210884,0.2376598639455782
LUAD,2818.2000000000007,10,B_cell,1,B_cell,10340,1.0,2809.0,0.0956923603987262,0.1823348223391164,0.5443951825274009,0.1474709251237236,0.2188763005962912,0.9535630682127496,0.9454515760248244,0.857967227393979,0.1415428167020523,0.1406717839838858
LUAD,2818.2000000000007,10,B_cell,1,Endothelial,8444,0.1584893192461113,443.0,0.0202547737545644,0.0708112689198935,0.5443952139163637,0.0233801920877807,-0.1233498344785603,0.0020687027056453,0.002830856334041,0.0077848549186128,0.1170994610485056,0.1190048451194948
LUAD,2818.2000000000007,10,B_cell,1,Epithelial,6178,0.251188643150958,703.0,0.031136746498793,0.0947671298675416,0.544395397118424,0.0370638220920607,-0.0836233344796472,0.0109967880668517,0.0150797539332571,0.0358756600794817,0.1839512221677826,0.1813381240132832
LUAD,2818.2000000000007,10,B_cell,1,Fibroblast,10773,0.3981071705534972,1086.0,0.0388721380675676,0.1074059950210199,0.5443951525577648,0.0508918026703999,-0.0481446877146029,0.0046818008601448,0.0053350753987696,0.0104523926179977,0.1058849148021122,0.115139637432631
LUAD,2818.2000000000007,10,B_cell,1,Macrophage,9081,0.1,278.0,0.0129214777876073,0.0513103826863674,0.5443954503932119,0.014600690734173,-0.1483647229930339,0.0010343513528226,0.0014154281670205,0.0067505035657901,0.2248353203767216,0.2224944199466492
LUAD,2818.2000000000007,10,B_cell,1,T_NK,13296,0.6309573444801932,1770.0,0.0682376094610317,0.1525765513964692,0.54439527022538,0.0926032790556003,0.0645410034802457,0.0276552888017856,0.0298873101420872,0.0811693614241385,0.2266862649028254,0.2213511895040557
LUAD,2818.2000000000007,20,B_cell,1,B_cell,10340,1.0,2811.0,0.0957520519108951,0.1824441526779914,0.544573250266466,0.1476392851616619,0.259376134381947,0.96830583238033,0.9624788977835864,0.9008876545226816,0.1290094211185536,0.1270489571420791
LUAD,2818.2000000000007,20,B_cell,1,Endothelial,8444,0.091028210151304,254.0,0.0119513393989336,0.0485099779668639,0.5445732850739429,0.0134446409225108,-0.1351227292673668,0.0008168599901976,0.0012525186516364,0.0042476719490279,0.1379404236780482,0.1393018569950443
LUAD,2818.2000000000007,20,B_cell,1,Epithelial,6178,0.1657227008669993,463.0,0.0211903445809117,0.0731020525819271,0.5445732173406108,0.0244717220030912,-0.1009585410257887,0.0072428252464194,0.0088220878941349,0.0230354517235745,0.1898927190546207,0.1878233404127866
LUAD,2818.2000000000007,20,B_cell,1,Fibroblast,10773,0.3017088168272581,819.0,0.0308364991756863,0.0927826222245345,0.5445730745308549,0.0386005483574871,-0.0609193038015454,0.0033763546261504,0.0040842999509884,0.0090399172248543,0.1005282361269945,0.108424549365572
LUAD,2818.2000000000007,20,B_cell,1,Macrophage,9081,0.05,138.0,0.0065981734440766,0.0309609478677268,0.5445733124888094,0.0073098219781339,-0.1538635621280006,0.000326743996079,0.0004356586614387,0.0029951532973914,0.236617110493928,0.2375428851494853
LUAD,2818.2000000000007,20,B_cell,1,T_NK,13296,0.5492802716530588,1541.0,0.0611048190326793,0.1434613138753016,0.544572638196416,0.0806674470251715,0.0609067778166023,0.0199313837608233,0.0229265370582148,0.0597941512824701,0.2060120895278549,0.1998584109350324
LUAD,2818.2000000000007,40,B_cell,1,B_cell,10340,1.0,2811.0,0.0957211118993847,0.1824411160694564,0.5446324244193623,0.1475723974276062,0.3220444067491025,0.9558847557322586,0.9431403518326889,0.8725014977397745,0.1176951146451718,0.1175861881161156
LUAD,2818.2000000000007,40,B_cell,1,Endothelial,8444,0.0522819776295636,145.0,0.0069762168537298,0.0323453439308542,0.5446326186167522,0.0077289912601037,-0.1301040929635938,0.0006535591743369,0.000762485703393,0.0025597734328195,0.1650781547845977,0.1667665159849681
LUAD,2818.2000000000007,40,B_cell,1,Epithelial,6178,0.4781762498950184,1341.0,0.0546964878856509,0.1346711440159335,0.544632688637009,0.0706210640528014,0.0812630602409183,0.0403028157507761,0.0527204400631773,0.1134469800119819,0.1403518326888513,0.1387723980175371
LUAD,2818.2000000000007,40,B_cell,1,Fibroblast,10773,0.1093362073943278,290.0,0.0122380713449454,0.0489089409430153,0.5446326990900799,0.0139940913854347,-0.1097562092687481,0.0009258754969772,0.0008714122324492,0.0027776264909318,0.1313653940417188,0.1376831327269756
LUAD,2818.2000000000007,40,B_cell,1,Macrophage,9081,0.025,69.0,0.0033305977373842,0.0180745485042401,0.5446326495166455,0.0036521214365148,-0.1438898499874157,0.0001089265290561,0.0002178530581123,0.0015249714067861,0.2527095474102718,0.2516747453842383
LUAD,2818.2000000000007,40,B_cell,1,T_NK,13296,0.2286525259636631,639.0,0.0284375692480843,0.0892497325406012,0.5446326613594193,0.0335638264893458,-0.0460571078557165,0.0021240673165949,0.0022874571101791,0.007189150917706,0.1927999564293883,0.187517019770165
LUAD,2818.2000000000007,1,B_cell,2,B_cell,10340,1.0,2811.0,0.0957472818307014,0.1823146296716043,0.5441878738653916,0.1475108290268443,0.004280160408711,0.2005877231171092,0.2024923813670004,0.2014584240313452,0.1683717892903787,0.1643447975620374
LUAD,2818.2000000000007,1,B_cell,2,Endothelial,8444,1.0,2811.0,0.0938902216497675,0.1803425907656272,0.5441880759348096,0.1475297857254957,0.0059413724234977,0.0803221593382673,0.0778188942098389,0.070037004788855,0.0647039616891597,0.0659555942533739
LUAD,2818.2000000000007,1,B_cell,2,Epithelial,6178,1.0,2810.0,0.0955502156544344,0.1821430164788036,0.5441881077116506,0.1475213352025168,0.0086293044843147,0.2073356552024379,0.2095668262951676,0.2091858946451893,0.1807792773182411,0.1782760121898128
LUAD,2818.2000000000007,1,B_cell,2,Fibroblast,10773,1.0,2771.0,0.0731812015031353,0.154152747499313,0.5441878527183696,0.1278183466373248,-0.034509975092585,0.0075642141924249,0.005169786678276,0.0064214192424902,0.1107966913365259,0.1241837178929037
LUAD,2818.2000000000007,1,B_cell,2,Macrophage,9081,1.0,2809.0,0.0916509014896483,0.1776460397152106,0.54418803784993,0.1459770988209102,0.0029360712952329,0.2194166303874619,0.2203961689159773,0.2037440139312146,0.2214301262516325,0.2191989551589029
LUAD,2818.2000000000007,1,B_cell,2,T_NK,13296,1.0,2810.0,0.0955479406563163,0.1819417160507684,0.5441877707410117,0.1467350745779956,-0.0019236084173992,0.2847736177622986,0.2845559425337396,0.3091532433609055,0.2539181541140618,0.2480409229429691
LUAD,2818.2000000000007,2,B_cell,2,B_cell,10340,1.0,2811.0,0.0957216165670756,0.1823046669699157,0.5442175370787452,0.1474690035395202,0.0920058329932625,0.7291428571428571,0.71978231292517,0.6078911564625851,0.1627755102040816,0.1603265306122449
LUAD,2818.2000000000007,2,B_cell,2,Endothelial,8444,0.6597539553864471,1852.0,0.0700263035736399,0.1546933172547984,0.5442173018420179,0.0973053103761637,-0.0172102672835376,0.0119727891156462,0.0130612244897959,0.0232925170068027,0.0709659863945578,0.0727619047619047
LUAD,2818.2000000000007,2,B_cell,2,Epithelial,6178,0.5743491774985174,1612.0,0.0635231565578261,0.1466670913208586,0.5442172790608352,0.0847486208468495,-0.0432544348475678,0.0311292517006802,0.0373333333333333,0.070312925170068,0.1879183673469387,0.1854149659863945
LUAD,2818.2000000000007,2,B_cell,2,Fibroblast,10773,0.757858283255199,2091.0,0.0624464098306758,0.1415813206912154,0.5442179300508485,0.0968568915359702,-0.0219348408329468,0.0060408163265306,0.0053877551020408,0.0082176870748299,0.1108571428571428,0.1234285714285714
LUAD,2818.2000000000007,2,B_cell,2,Macrophage,9081,0.8705505632961241,2444.0,0.0837613234250722,0.1696971139951287,0.5442175089724938,0.1270582055528962,0.0484978188894469,0.2155102040816326,0.2169251700680272,0.2611700680272109,0.2136054421768707,0.2117551020408163
LUAD,2818.2000000000007,2,B_cell,2,T_NK,13296,0.5,1401.0,0.0565428722248688,0.1371106525578534,0.5442179927546438,0.073327079086749,-0.0743249427652651,0.006204081632653,0.0075102040816326,0.0291156462585034,0.2538775510204081,0.246312925170068
LUAD,2818.2000000000007,5,B_cell,2,B_cell,10340,1.0,2811.0,0.0957270271870308,0.1823393480570664,0.5443063658208243,0.1475110503705706,0.1793820690428667,0.8476485956890921,0.8355105595471369,0.7215871979098628,0.1522969736555628,0.1506640539952101
LUAD,2818.2000000000007,5,B_cell,2,Endothelial,8444,0.5253055608807534,1474.0,0.058573297635994,0.1399534981081402,0.5443064660708357,0.0775264964614143,-6.267477573501191e-05,0.0129000653167864,0.0156215980840409,0.0249836708033964,0.0721750489875898,0.0732092314391465
LUAD,2818.2000000000007,5,B_cell,2,Epithelial,6178,0.2,560.0,0.0252542038929714,0.0824014045857825,0.5443065826005116,0.0295098291296797,-0.1262292739027777,0.0047898976703679,0.0059873720879599,0.0169279338123231,0.2068364903113433,0.2021554539516655
LUAD,2818.2000000000007,5,B_cell,2,Fibroblast,10773,0.2759459322922429,747.0,0.0285357704905068,0.0881701787464556,0.544306320623601,0.0352718124346193,-0.113130114843433,0.0007075985194861,0.0007075985194861,0.0028303940779446,0.1258436751578489,0.1370563901589375
LUAD,2818.2000000000007,5,B_cell,2,Macrophage,9081,0.7247796636776955,2033.0,0.0736626369807817,0.1586237193084445,0.5443067926754258,0.1057905070587467,0.0735402082206686,0.1288917918571739,0.1362399303287611,0.2150555192684519,0.2054757239277161,0.2028630524711517
LUAD,2818.2000000000007,5,B_cell,2,T_NK,13296,0.3807307877431757,1066.0,0.0448928688737899,0.1194758185557027,0.5443064062782665,0.055878737571667,-0.0602175906531288,0.0050620509470934,0.0059329414326148,0.0186152841280209,0.237372087959939,0.2340518179838885
LUAD,2818.2000000000007,10,B_cell,2,B_cell,10340,1.0,2811.0,0.0957055448421506,0.1823973938480607,0.5445434831489119,0.1475514967683386,0.2423309324371608,0.8929427140056633,0.8800370289697234,0.7788063602700936,0.1435961664125463,0.1412546286212154
LUAD,2818.2000000000007,10,B_cell,2,Endothelial,8444,0.1584893192461113,443.0,0.0202690052321923,0.0708648746720454,0.5445434451604877,0.0234063172328287,-0.1124859565626993,0.001742539751688,0.0020148115878893,0.0043018950119799,0.1111958179045959,0.1154977129165759
LUAD,2818.2000000000007,10,B_cell,2,Epithelial,6178,0.251188643150958,703.0,0.0311262858008858,0.0947683861465889,0.5445436168577572,0.0370701145900402,-0.071317209709999,0.0098562404704857,0.012088869527336,0.0283162709649313,0.1880309300805924,0.1860161184927031
LUAD,2818.2000000000007,10,B_cell,2,Fibroblast,10773,0.3981071705534972,1085.0,0.0388752446427995,0.1074371002460532,0.5445433948806843,0.0509026717426446,-0.0342607658678951,0.0029949901982138,0.0027227183620126,0.0068067959050315,0.1098344587235896,0.1182748856458287
LUAD,2818.2000000000007,10,B_cell,2,Macrophage,9081,0.6309573444801932,1770.0,0.0664511783975994,0.150015575863338,0.5445435048479147,0.0921566438369685,0.0873519992239405,0.092027880636027,0.1026464822478762,0.1798083206273143,0.1928229143977347,0.1895556523633195
LUAD,2818.2000000000007,10,B_cell,2,T_NK,13296,0.1,279.0,0.0130352820310315,0.0516828374923808,0.5445436655164556,0.0146846014189327,-0.1391382808789076,0.000435634937922,0.0004900893051622,0.001960357220649,0.2545197124809409,0.2494010019603572
LUAD,2818.2000000000007,20,B_cell,2,B_cell,10340,1.0,2811.0,0.09571743364833,0.1824270431758118,0.5446028295831513,0.1475898684462508,0.3026562146006504,0.9392767672366844,0.9226119159132992,0.8318265984097593,0.1373488726718222,0.1376211741640344
LUAD,2818.2000000000007,20,B_cell,2,Endothelial,8444,0.3017088168272581,845.0,0.0365330646842347,0.1050980721368842,0.5446026686675913,0.0445410684052822,-0.0176420436508595,0.0066441564099771,0.0084958065570199,0.022764404748938,0.0850125258686417,0.086047271539048
LUAD,2818.2000000000007,20,B_cell,2,Epithelial,6178,0.5492802716530588,1540.0,0.0612658061713894,0.1437934672389406,0.5446027973027102,0.0810698488500167,0.1012162783984585,0.051410521729659,0.0655701993246923,0.129942272083651,0.1583160875721599,0.1559198344406927
LUAD,2818.2000000000007,20,B_cell,2,Fibroblast,10773,0.091028210151304,240.0,0.0102723497711217,0.0429858014759982,0.5446029233401241,0.0116433014141286,-0.1250813293860491,0.0004356823875394,0.0004901426859819,0.0017427295501579,0.1524343753403768,0.1610391024942816
LUAD,2818.2000000000007,20,B_cell,2,Macrophage,9081,0.1657227008669993,462.0,0.0208790175370431,0.0722730024371774,0.5446028782995421,0.024220295667425,-0.0834267170463018,0.0021239516392549,0.0027230149221217,0.0127437098355299,0.2065134516937153,0.2051519442326544
LUAD,2818.2000000000007,20,B_cell,2,T_NK,13296,0.05,139.0,0.0066342759224071,0.0311052722678378,0.5446029429628974,0.0073366164832383,-0.1391414512596342,0.0001089205968848,0.0001089205968848,0.0009802853719638,0.2603746868532839,0.2542206731292887
LUAD,2818.2000000000007,40,B_cell,2,B_cell,10340,1.0,2811.0,0.0957144638730722,0.1825529933823447,0.5449886318812581,0.1476766082678283,0.3219648404777581,0.9557469071884026,0.9427216742056788,0.8664232383236143,0.1249659381982669,0.1227314840045779
LUAD,2818.2000000000007,40,B_cell,2,Endothelial,8444,0.4781762498950184,1341.0,0.0542548849918342,0.1340301857121535,0.5449888491162178,0.0706762862142946,0.0794268108120803,0.0330263229603793,0.0439805983977328,0.1008774320126437,0.0722110196740966,0.0729195051501444
LUAD,2818.2000000000007,40,B_cell,2,Epithelial,6178,0.2286525259636631,640.0,0.0285774652851831,0.089644664390969,0.544988857716319,0.0337901982850724,-0.041424473286896,0.0101367921957599,0.0121532508583574,0.0267044525587225,0.1624611695460243,0.1625156684287972
LUAD,2818.2000000000007,40,B_cell,2,Fibroblast,10773,0.025,63.0,0.0029124026359966,0.0161462765976643,0.5449888365233744,0.0032021040403351,-0.1450782473800562,0.0001089977655458,0.0001089977655458,0.0008174832415935,0.2142896070630552,0.2184860210365687
LUAD,2818.2000000000007,40,B_cell,2,Macrophage,9081,0.0522819776295636,145.0,0.0068848004686372,0.0320177090028314,0.5449888028919759,0.0076377414551516,-0.1299319762886696,0.0003269932966374,0.0003814921794103,0.0025614474903264,0.2229004305411739,0.2231184260722655
LUAD,2818.2000000000007,40,B_cell,2,T_NK,13296,0.1093362073943278,305.0,0.0142085521346372,0.0550713836116139,0.5449889131045966,0.0160731617005461,-0.1028409756476205,0.0006539865932748,0.0006539865932748,0.0026159463730993,0.2031718349773829,0.2002288953076462
LUAD,2818.2000000000007,1,T_NK,0,B_cell,10340,1.0,2811.0,0.0957085437328522,0.1822481745619132,0.544099056232586,0.1474320094321761,0.0041939261483766,0.2008270308504271,0.2014799499428695,0.2033842972958267,0.1704662930518526,0.167909026606453
LUAD,2818.2000000000007,1,T_NK,0,Endothelial,8444,1.0,2811.0,0.09390482154143,0.1803296651763398,0.5440991828910129,0.1475033461072508,0.0059831213260606,0.0819413461015289,0.0798737689754611,0.0726372490342238,0.0649654496980249,0.0678491756896458
LUAD,2818.2000000000007,1,T_NK,0,Epithelial,6178,1.0,2811.0,0.095569009175364,0.1821266065613193,0.5440993223334238,0.1475076124134313,0.0086607184421768,0.206104793514337,0.2080635507916644,0.205832743892486,0.178518961858643,0.1738397083628053
LUAD,2818.2000000000007,1,T_NK,0,Fibroblast,10773,1.0,2770.0,0.0731620683531318,0.1541101532112331,0.5440989764524348,0.1277733461442366,-0.0345391891716375,0.0073997497143478,0.0055498122857609,0.0060395016050927,0.1116491648076609,0.1243810871102889
LUAD,2818.2000000000007,1,T_NK,0,Macrophage,9081,1.0,2810.0,0.0916648198216939,0.1776313012909395,0.544099066615478,0.1459512758018815,0.0029299848567142,0.2170411883127482,0.2173676478589694,0.2015343598672397,0.2197072746068883,0.2174764677077099
LUAD,2818.2000000000007,1,T_NK,0,T_NK,13296,1.0,2810.0,0.0955378836457082,0.1819001730020543,0.5440988018199123,0.1467151988787496,-0.0018848198033323,0.2866858915066108,0.2876652701452745,0.3105718483051308,0.2546928559769302,0.248544534523097
LUAD,2818.2000000000007,2,T_NK,0,B_cell,10340,0.6597539553864471,1852.0,0.0708928493440775,0.1558763550011525,0.5442171584456135,0.0972879485256384,-0.0232563746366612,0.0319455782312925,0.0360816326530612,0.067047619047619,0.1700136054421768,0.1678367346938775
LUAD,2818.2000000000007,2,T_NK,0,Endothelial,8444,0.8705505632961241,2446.0,0.085666162692113,0.1721675269065768,0.5442175801574032,0.1284660460110145,0.0470459802070785,0.2379863945578231,0.228843537414966,0.201469387755102,0.0632925170068027,0.0663945578231292
LUAD,2818.2000000000007,2,T_NK,0,Epithelial,6178,0.757858283255199,2128.0,0.0786697517062389,0.1648667523097086,0.5442176749498467,0.1117988385383288,0.0125499162081981,0.0900136054421768,0.0971428571428571,0.1425306122448979,0.1797551020408163,0.1775238095238095
LUAD,2818.2000000000007,2,T_NK,0,Fibroblast,10773,0.5,1369.0,0.046561507930686,0.1197717975864273,0.544217934258392,0.0639129595215046,-0.0985834995044153,0.002938775510204,0.0027210884353741,0.0052789115646258,0.12,0.1288163265306122
LUAD,2818.2000000000007,2,T_NK,0,Macrophage,9081,0.5743491774985174,1611.0,0.0618018256055648,0.1439611793530167,0.5442171055014652,0.0838488793601352,-0.0515213698581649,0.0209523809523809,0.0266666666666666,0.0683537414965986,0.218938775510204,0.2162176870748299
LUAD,2818.2000000000007,2,T_NK,0,T_NK,13296,1.0,2810.0,0.0955504350968461,0.1819484193516259,0.5442172438155531,0.1467758171860801,0.079078885285397,0.6161632653061224,0.6085442176870748,0.5153197278911564,0.248,0.2432108843537415
LUAD,2818.2000000000007,5,T_NK,0,B_cell,10340,0.3807307877431757,1068.0,0.0450766997838663,0.1198499073965878,0.5443358958625045,0.056162064569221,-0.066066718358267,0.013935006259866,0.0210113766262043,0.0492079908551521,0.1663491372271515,0.1629742528985901
LUAD,2818.2000000000007,5,T_NK,0,Endothelial,8444,0.5253055608807534,1474.0,0.0585706474318095,0.139951973267426,0.5443360638825292,0.0775377366666579,-0.0104738970103926,0.092156115617005,0.1090849708780142,0.1744597463393391,0.0741385879919438,0.0764247999564531
LUAD,2818.2000000000007,5,T_NK,0,Epithelial,6178,0.2,559.0,0.0252411686288867,0.0823804202224741,0.5443362339067216,0.0294939194265089,-0.1323657425681731,0.0067497686571226,0.0090359806216319,0.0231342877361058,0.2122366773719449,0.2086984921887757
LUAD,2818.2000000000007,5,T_NK,0,Fibroblast,10773,0.7247796636776955,1998.0,0.0606694720857448,0.1393891927305719,0.5443363373163799,0.0926506010539102,0.0223977133993416,0.0334222415763975,0.0277067116651243,0.0243862609547656,0.0998856894017745,0.113221925861412
LUAD,2818.2000000000007,5,T_NK,0,Macrophage,9081,0.2759459322922429,771.0,0.0332729358392519,0.0987762345230528,0.5443359888554689,0.040277143063567,-0.1051615763093676,0.0047901584018289,0.0067497686571226,0.0267269065374775,0.2151216591366828,0.2145228893364542
LUAD,2818.2000000000007,5,T_NK,0,T_NK,13296,1.0,2810.0,0.0955496841230709,0.1819892670374922,0.5443357749211948,0.1467899337567103,0.1523867841481365,0.8489467094877796,0.8264111915519025,0.7020848075771596,0.2322682488705024,0.2241576397583147
LUAD,2818.2000000000007,10,T_NK,0,B_cell,10340,0.3981071705534972,1116.0,0.0468363595602015,0.1226818312877483,0.5443358618382367,0.0587248772269219,-0.0212971561623691,0.0127374666594088,0.0195961025529366,0.0452343367263622,0.1563877850960753,0.1561156170050623
LUAD,2818.2000000000007,10,T_NK,0,Endothelial,8444,0.251188643150958,703.0,0.0310055647157281,0.0944664909165017,0.5443361182739412,0.0370694422637618,-0.081317629150784,0.0037559196559795,0.0051711937292471,0.0160034837515649,0.092972619890044,0.0954765663273637
LUAD,2818.2000000000007,10,T_NK,0,Epithelial,6178,0.6309573444801932,1771.0,0.0684189987065444,0.1529051365207347,0.5443360764218246,0.0931014790137431,0.0792100823205169,0.1655326329541124,0.1845843993250231,0.2483261662402699,0.1573131566055195,0.1567688204234935
LUAD,2818.2000000000007,10,T_NK,0,Fibroblast,10773,0.1,265.0,0.011241559325643,0.0459313867221661,0.5443362009570952,0.0127919508054293,-0.1519389412445013,0.000544336182026,0.0005987698002286,0.0021229111099014,0.1645528278264656,0.1673833759730009
LUAD,2818.2000000000007,10,T_NK,0,Macrophage,9081,0.1584893192461113,443.0,0.0200390055868372,0.0702007203371457,0.5443359442182574,0.0231694079397231,-0.1210131784700365,0.0027761145283326,0.0035926188013717,0.0162212182243753,0.2144684557182516,0.214141854009036
LUAD,2818.2000000000007,10,T_NK,0,T_NK,13296,1.0,2810.0,0.0955565787416004,0.1819962564070375,0.544335870193749,0.146787829448666,0.2141372746902743,0.8146535300201404,0.7864569157911926,0.672091883947526,0.2143051548636438,0.2101137662620434
LUAD,2818.2000000000007,20,T_NK,0,B_cell,10340,0.5492802716530588,1541.0,0.061304192332739,0.1438119623529814,0.5445135771372702,0.0810383471629713,0.0534801358273737,0.0740539068881023,0.0979036210182412,0.1548053362374081,0.1336237408113259,0.1301388510754152
LUAD,2818.2000000000007,20,T_NK,0,Endothelial,8444,0.091028210151304,254.0,0.0119505669178933,0.0485045991948108,0.544513990005276,0.0134413324833308,-0.1413982705732361,0.0009256738361012,0.0014701878573373,0.0042472093656411,0.1309011707051456,0.1297576912605499
LUAD,2818.2000000000007,20,T_NK,0,Epithelial,6178,0.05,139.0,0.0066847758023915,0.031292496420689,0.5445140077785428,0.0073929632888435,-0.1591811845325721,0.0011979308467193,0.0016335420637081,0.0066430710590797,0.2448679553498502,0.2477538796624013
LUAD,2818.2000000000007,20,T_NK,0,Fibroblast,10773,0.1657227008669993,444.0,0.018054586206275,0.0646192440286254,0.5445139381249187,0.0211943325961696,-0.1198483258215554,0.0014157364552137,0.0014157364552137,0.0046283691805063,0.119411924857065,0.126163898720392
LUAD,2818.2000000000007,20,T_NK,0,Macrophage,9081,0.3017088168272581,844.0,0.0360226877100354,0.1039840575724814,0.5445136901243761,0.0440632366600585,-0.0509112791771519,0.0369725020419275,0.044486795534985,0.0964334331609038,0.1806697522461203,0.1782194391505581
LUAD,2818.2000000000007,20,T_NK,0,T_NK,13296,1.0,2811.0,0.0955633412793151,0.1820587848492121,0.5445136958598012,0.1468790779169423,0.2301283321392449,0.8854342499319358,0.8530901170705145,0.7332425809964607,0.1905254560304927,0.1879662401306833
LUAD,2818.2000000000007,40,T_NK,0,B_cell,10340,0.2286525259636631,640.0,0.0285800446630906,0.0895998389397112,0.5447216722144447,0.0337573592737438,-0.0639045856532181,0.005937465954897,0.0098049896502887,0.0406907070486981,0.1392308530340995,0.1371609107745942
LUAD,2818.2000000000007,40,T_NK,0,Endothelial,8444,0.0522819776295636,145.0,0.0069698943935227,0.032327712037181,0.5447216175175978,0.0077242290795277,-0.1432021628503271,0.0010349711297526,0.001252859788648,0.003431746377601,0.1645059374659549,0.1630351890184116
LUAD,2818.2000000000007,40,T_NK,0,Epithelial,6178,0.1093362073943278,305.0,0.0142782841271741,0.0552633325776236,0.5447216635807451,0.0161467205376213,-0.1167235529103818,0.0049024948251443,0.0063187711079638,0.021298616407016,0.1833533064603987,0.1856956095435232
LUAD,2818.2000000000007,40,T_NK,0,Fibroblast,10773,0.4781762498950184,1309.0,0.0449785983980225,0.1174403479256337,0.5447215280884296,0.0611747186011859,0.0165385393815309,0.0250027236082361,0.0315938555398191,0.0735374223771652,0.0819261357446344,0.090205904782656
LUAD,2818.2000000000007,40,T_NK,0,Macrophage,9081,0.025,69.0,0.0033334488129441,0.0180920144921688,0.5447216464069446,0.0036561073925955,-0.1558409841222482,0.0002178886588953,0.0003268329883429,0.0019065257653339,0.2512800958710099,0.2492646257762283
LUAD,2818.2000000000007,40,T_NK,0,T_NK,13296,1.0,2810.0,0.0955356797829708,0.1821062444822495,0.5447212843707625,0.146881205549632,0.2619334891998169,0.9629044558230744,0.9507026909249372,0.8591349820241856,0.1797036714239024,0.1746377601045865
LUAD,2818.2000000000007,1,T_NK,1,B_cell,10340,1.0,2811.0,0.0957045403593428,0.1822754641890569,0.5441877917754044,0.14745327350703,0.0042524087021049,0.1986286460600783,0.1989007400957771,0.1987919024814976,0.1659773617762298,0.1626033957335655
LUAD,2818.2000000000007,1,T_NK,1,Endothelial,8444,1.0,2810.0,0.0938844458684505,0.1803422519754229,0.5441879900646059,0.1475043743853072,0.005955614159211,0.0820635611667392,0.0786895951240748,0.0723770134958641,0.0650304745319982,0.0670439703961689
LUAD,2818.2000000000007,1,T_NK,1,Epithelial,6178,1.0,2812.0,0.0955961273976561,0.1821840870928351,0.544188135077621,0.1475740892063951,0.0087630938251942,0.2066282107096212,0.2092947322594688,0.2072812363952982,0.1783848498040923,0.1760992599042229
LUAD,2818.2000000000007,1,T_NK,1,Fibroblast,10773,1.0,2769.0,0.0731466006824498,0.154119515238026,0.5441877492069851,0.1277622659172965,-0.0345986302885029,0.0072921201567261,0.0063670004353504,0.0060949063996517,0.1100892468437091,0.1239660426643448
LUAD,2818.2000000000007,1,T_NK,1,Macrophage,9081,1.0,2809.0,0.091645856854016,0.1776457585011765,0.5441878755945774,0.1459410413423771,0.0028966875527281,0.2169677840661732,0.2182738354375272,0.2023291249455812,0.2214301262516325,0.2194166303874619
LUAD,2818.2000000000007,1,T_NK,1,T_NK,13296,1.0,2810.0,0.095549336939215,0.181942905543687,0.5441877370801764,0.1467309653359402,-0.0018862566680402,0.2884196778406617,0.2884740966478015,0.3131258162821071,0.2590879407923378,0.2508707009142359
LUAD,2818.2000000000007,2,T_NK,1,B_cell,10340,0.6597539553864471,1853.0,0.07090976541687,0.1558694354974774,0.5441282944138274,0.0973152556258397,-0.0225903932139815,0.0361845685058221,0.0422788116225922,0.0732397431711829,0.1663401893568397,0.1635651322233104
LUAD,2818.2000000000007,2,T_NK,1,Endothelial,8444,0.5743491774985174,1611.0,0.0628857205810103,0.1456855536087347,0.5441282519938876,0.0847066465016793,-0.0488096975318865,0.0140385243225595,0.0155076722167809,0.0285123517248884,0.0737294591359233,0.0756883229948851
LUAD,2818.2000000000007,2,T_NK,1,Epithelial,6178,0.8705505632961241,2447.0,0.086974457542155,0.1736862608042269,0.5441287755754078,0.1284494712860792,0.0500791189016292,0.2815322668407879,0.2821852214604418,0.2924692567199913,0.1774948307759277,0.1735226901730329
LUAD,2818.2000000000007,2,T_NK,1,Fibroblast,10773,0.757858283255199,2090.0,0.0624549517481798,0.1415740150957246,0.5441291433006242,0.0968517330051811,-0.0262658894394176,0.009141364675155,0.0068016106213951,0.0083795842855588,0.1115464141908804,0.122918707149853
LUAD,2818.2000000000007,2,T_NK,1,Macrophage,9081,0.5,1401.0,0.0553406142951713,0.1350991204075123,0.5441290953845831,0.072982616674114,-0.0747182549387639,0.0342801175318315,0.038850799869409,0.0857002938295788,0.2210795516378278,0.219120687778866
LUAD,2818.2000000000007,2,T_NK,1,T_NK,13296,1.0,2810.0,0.0955364005668455,0.1819083575695936,0.5441283833580332,0.1467178087217503,0.0791340820923577,0.6248231581238437,0.6143758842093808,0.5116987702687996,0.2498095549026009,0.2451844596800522
LUAD,2818.2000000000007,5,T_NK,1,B_cell,10340,0.7247796636776955,2035.0,0.0761557860636017,0.1620396753924767,0.544247451430919,0.1068860179814256,0.0599950493385232,0.1310547512789811,0.1389463372156308,0.1731794927615108,0.15472950908893,0.1539675628605638
LUAD,2818.2000000000007,5,T_NK,1,Endothelial,8444,0.3807307877431757,1067.0,0.0447674214083731,0.1192685700949677,0.5442470187210044,0.0561800312853254,-0.0664407224292582,0.0068575160552955,0.008490257973223,0.0162729944486774,0.0787525851747033,0.0818547948187656
LUAD,2818.2000000000007,5,T_NK,1,Epithelial,6178,0.2759459322922429,772.0,0.0338932703439051,0.1001234641333565,0.5442472734315293,0.0407033909267613,-0.1053115090956085,0.0116468923478828,0.014368128877762,0.0320561663219767,0.1957113312289104,0.1920648742788723
LUAD,2818.2000000000007,5,T_NK,1,Fibroblast,10773,0.2,539.0,0.0214249548533577,0.0727234052374451,0.5442470584890923,0.0255591275921299,-0.1464618893705343,0.0009796451507565,0.001034069881354,0.0031022096440622,0.1377489931424839,0.1470011973440731
LUAD,2818.2000000000007,5,T_NK,1,Macrophage,9081,0.5253055608807534,1471.0,0.0575326493735673,0.1382033836755113,0.5442472174716637,0.0766233921435668,-0.0140012650419751,0.0890932839882442,0.0955154021987591,0.1525525198650266,0.2062697289648416,0.2042015892021334
LUAD,2818.2000000000007,5,T_NK,1,T_NK,13296,1.0,2810.0,0.095543970684399,0.181955956265006,0.5442468982301574,0.1467588566588821,0.152174711744072,0.7603679111788396,0.741645803853271,0.622836616958746,0.2267878524001306,0.2209099814955916
LUAD,2818.2000000000007,10,T_NK,1,B_cell,10340,0.1584893192461113,443.0,0.0203146408949699,0.0709543070388251,0.5443359177483288,0.0233762646471969,-0.1235520902257453,0.0013064068368624,0.0016874421642806,0.0084916444396059,0.1821893201241086,0.1814816830874748
LUAD,2818.2000000000007,10,T_NK,1,Endothelial,8444,0.6309573444801932,1771.0,0.067703173803718,0.1518841257159267,0.5443360543704095,0.0931289005871172,0.0719001068057064,0.164770562299276,0.1832779924881606,0.2600293941538294,0.0701649338631538,0.073975287137336
LUAD,2818.2000000000007,10,T_NK,1,Epithelial,6178,0.251188643150958,703.0,0.0311342531492142,0.0947489183649849,0.544336147004145,0.037072606886947,-0.0835334995660702,0.0100157857492787,0.013662838168853,0.0337488432856131,0.1901366283816885,0.1857819389254803
LUAD,2818.2000000000007,10,T_NK,1,Fibroblast,10773,0.3981071705534972,1085.0,0.0388739964236658,0.1073907077613526,0.5443358987311996,0.0508802999379776,-0.048592453280128,0.0044635566926133,0.0051711937292471,0.007784007402972,0.1040770780033748,0.1142017309890588
LUAD,2818.2000000000007,10,T_NK,1,Macrophage,9081,0.1,278.0,0.012913676007199,0.0512817897847762,0.5443361880310438,0.0145884134821756,-0.1476571671966291,0.0004899025638234,0.0007620706548364,0.0046268575472211,0.2370584072723313,0.2337923901801752
LUAD,2818.2000000000007,10,T_NK,1,T_NK,13296,1.0,2810.0,0.0955583071134047,0.181998171513871,0.5443358956573829,0.1467957676846539,0.2065721781762072,0.818953785858146,0.7954384627946219,0.6853192531707583,0.2163736323553426,0.2107669696804746
LUAD,2818.2000000000007,20,T_NK,1,B_cell,10340,0.05,139.0,0.0066761615363637,0.0312570073782561,0.544454714557346,0.0073815108018449,-0.1521311116982955,0.0003266728371535,0.0003811183100125,0.0021778189143572,0.2188708008929057,0.2198508194043665
LUAD,2818.2000000000007,20,T_NK,1,Endothelial,8444,0.091028210151304,254.0,0.0119438819858134,0.0484770073465672,0.544454699950141,0.0134319895961948,-0.1336957143439595,0.0009800185114607,0.0013066913486143,0.005553438231611,0.1338814177601132,0.1342625360701257
LUAD,2818.2000000000007,20,T_NK,1,Epithelial,6178,0.3017088168272581,845.0,0.0367351853208469,0.1054779875894549,0.5444544536608237,0.0445440374954285,-0.0400602238908541,0.0277671911580552,0.0413785593727881,0.0976207328360646,0.16360864594109,0.1620841727010399
LUAD,2818.2000000000007,20,T_NK,1,Fibroblast,10773,0.5492802716530588,1507.0,0.0499755223296389,0.1249136662366258,0.544454259931886,0.0702272105656703,0.0297161537700061,0.0317961561496161,0.0338106386453966,0.0425763597756846,0.0848260467142157,0.0963140414874503
LUAD,2818.2000000000007,20,T_NK,1,Macrophage,9081,0.1657227008669993,462.0,0.02086444721485,0.0722147693767329,0.5444546129855685,0.0241962132583066,-0.1011850111069443,0.0050089835030217,0.0083301573474165,0.0386018402569826,0.1985081940436652,0.1940436652692328
LUAD,2818.2000000000007,20,T_NK,1,T_NK,13296,1.0,2809.0,0.0955364345304836,0.1820196908551261,0.5444544389368979,0.1467743645292789,0.2420286783837973,0.9341209778406926,0.9147928349757718,0.8134698099852997,0.20030489464801,0.1934447650677846
LUAD,2818.2000000000007,40,T_NK,1,B_cell,10340,0.0522819776295636,145.0,0.006958513404265,0.0322828642706463,0.5446622905187537,0.0077023309861232,-0.1399011388408632,0.0002178649237472,0.000272331154684,0.0020152505446623,0.1956971677559912,0.1953703703703703
LUAD,2818.2000000000007,40,T_NK,1,Endothelial,8444,0.4781762498950184,1341.0,0.0542417112190154,0.1339268437833334,0.5446622878752956,0.070620067464851,0.0573656340598927,0.0924291938997821,0.1137799564270152,0.1959150326797385,0.0814270152505446,0.0830065359477124
LUAD,2818.2000000000007,40,T_NK,1,Epithelial,6178,0.2286525259636631,640.0,0.028606532705843,0.0896522349247799,0.5446623233578042,0.0337940834403615,-0.0566512015774238,0.0112745098039215,0.0153050108932461,0.0385076252723311,0.1561002178649237,0.1543572984749455
LUAD,2818.2000000000007,40,T_NK,1,Fibroblast,10773,0.1093362073943278,290.0,0.0122273869617643,0.0488802340904161,0.5446623422201502,0.0139826690910282,-0.1206677724163739,0.0012527233115468,0.0012527233115468,0.0031045751633986,0.1272875816993464,0.1326252723311546
LUAD,2818.2000000000007,40,T_NK,1,Macrophage,9081,0.025,69.0,0.0033327636707553,0.018086524070072,0.544662312185071,0.0036548994177073,-0.152440494489751,0.0002178649237472,0.0003267973856209,0.0020152505446623,0.259041394335512,0.2600217864923747
LUAD,2818.2000000000007,40,T_NK,1,T_NK,13296,1.0,2809.0,0.095534717479892,0.1820857835588265,0.5446618976896306,0.1468600643894407,0.2742292453960134,0.8946078431372549,0.8690631808278867,0.758442265795207,0.1804466230936819,0.1746187363834422
LUAD,2818.2000000000007,1,T_NK,2,B_cell,10340,1.0,2811.0,0.0957015220583454,0.1822742044359619,0.5441879973034047,0.1474473000693024,0.0042106195447688,0.1993905093600348,0.2005877231171092,0.2028733130169786,0.1677731824118415,0.1666848062690465
LUAD,2818.2000000000007,1,T_NK,2,Endothelial,8444,1.0,2810.0,0.0938972334007491,0.1803535009029688,0.5441880947166848,0.1475140800607634,0.0059237586457972,0.081247279059643,0.0796691336525903,0.0716695690030474,0.0636155855463648,0.0674249020461471
LUAD,2818.2000000000007,1,T_NK,2,Epithelial,6178,1.0,2811.0,0.0955603839725864,0.1821500279285771,0.544188167919011,0.1475435501963023,0.0086889401834801,0.2043426208097518,0.2065193730953417,0.205376578145407,0.1792011319111885,0.1757727470613844
LUAD,2818.2000000000007,1,T_NK,2,Fibroblast,10773,1.0,2772.0,0.0731847878043774,0.1541566318692816,0.5441878088893874,0.1278116585745148,-0.0345090912179346,0.0083260774923813,0.0058228123639529,0.0070200261210274,0.1118306486721811,0.1242381367000435
LUAD,2818.2000000000007,1,T_NK,2,Macrophage,9081,1.0,2809.0,0.0916631456436035,0.1776606466822485,0.54418794906946,0.1459662941618118,0.0029521130197511,0.2197975620374401,0.2204505877231171,0.2050500653025685,0.2220831519373095,0.2181105790161079
LUAD,2818.2000000000007,1,T_NK,2,T_NK,13296,1.0,2810.0,0.0955473444057812,0.1819391483891817,0.5441876734290749,0.1467345056689859,-0.0019178794620656,0.2868959512407488,0.2869503700478885,0.3080104484109708,0.2554962995211145,0.2477688289072703
LUAD,2818.2000000000007,2,T_NK,2,B_cell,10340,0.5743491774985174,1613.0,0.0635844605053858,0.1467283342123219,0.5441874252112571,0.0847483345950356,-0.0513058764654151,0.0244340444057466,0.0311819764910753,0.0540378754897692,0.1695690030474532,0.168317370483239
LUAD,2818.2000000000007,2,T_NK,2,Endothelial,8444,0.5,1402.0,0.0562716606654793,0.1367195033989761,0.5441882687201203,0.0737891506067168,-0.0740781322729621,0.0062037440139312,0.0071288637353069,0.0142577274706138,0.0769481932956029,0.080158902916848
LUAD,2818.2000000000007,2,T_NK,2,Epithelial,6178,0.757858283255199,2128.0,0.0786642208558702,0.1648483553825669,0.5441881011034948,0.1117795858970129,0.0114872057480261,0.1442098389203308,0.1480735742272529,0.1902481497605572,0.1783848498040923,0.1759904222899434
LUAD,2818.2000000000007,2,T_NK,2,Fibroblast,10773,0.8705505632961241,2407.0,0.0679329384023885,0.1481712758077192,0.544187874738801,0.1112734734334991,0.0032626201752736,0.0181758815846756,0.0128428384849804,0.01077492381367,0.1063887679582063,0.1171092729647366
LUAD,2818.2000000000007,2,T_NK,2,Macrophage,9081,0.6597539553864471,1850.0,0.0687410617261726,0.1527453519627677,0.5441876350822062,0.0963066247433908,-0.0244597220379499,0.1145515890291684,0.1192860252503265,0.1679364388332608,0.2177840661732694,0.2151719634305616
LUAD,2818.2000000000007,2,T_NK,2,T_NK,13296,1.0,2811.0,0.0955457518885292,0.1819374439217727,0.5441876394313031,0.1467651653624489,0.0771877397480585,0.6924249020461472,0.6814867218110578,0.5627448846321289,0.2509251197213757,0.2432520679146713
LUAD,2818.2000000000007,5,T_NK,2,B_cell,10340,0.2759459322922429,773.0,0.0339226121211474,0.1002013095189273,0.5443951865937637,0.040724675634555,-0.1018994549798819,0.0038652076868637,0.0065327453862485,0.0220480156785889,0.1777451140508465,0.1755130927105449
LUAD,2818.2000000000007,5,T_NK,2,Endothelial,8444,0.5253055608807534,1474.0,0.0585754071034504,0.1399756929610972,0.5443953757265276,0.0775552822489252,-0.0063283188162569,0.0885186999836681,0.1047961239044041,0.1682181936959007,0.075997604660025,0.0772497141923893
LUAD,2818.2000000000007,5,T_NK,2,Epithelial,6178,0.3807307877431757,1067.0,0.0450849826123383,0.1198859207061149,0.5443951908590683,0.0562183468809198,-0.0599545689937257,0.0267298165387337,0.0371822091567314,0.071969078338505,0.1847133757961783,0.1827535521803037
LUAD,2818.2000000000007,5,T_NK,2,Fibroblast,10773,0.7247796636776955,1997.0,0.0606636361955417,0.1393986907342383,0.5443955537554774,0.092639050399694,0.0266209733545779,0.0308672219500244,0.0256410256410256,0.0244977951984321,0.1007675975828842,0.1112199902008819
LUAD,2818.2000000000007,5,T_NK,2,Macrophage,9081,0.2,558.0,0.024850659722861,0.0814065339339382,0.5443953173406202,0.0292119264699377,-0.1305425588792318,0.0029397354238118,0.0037563285970929,0.0109967880668517,0.2267407044477108,0.224889759921607
LUAD,2818.2000000000007,5,T_NK,2,T_NK,13296,1.0,2810.0,0.0955344269020995,0.1819980672995251,0.544395084890069,0.1467781190239743,0.1576419598862327,0.847079318416898,0.8220915673144973,0.7022701290217214,0.234035603462355,0.2283738907942729
LUAD,2818.2000000000007,10,T_NK,2,B_cell,10340,0.1,279.0,0.0130922396666864,0.0518579854007971,0.5444843868806705,0.014749007448167,-0.1440504592075993,0.0008167265599477,0.0009256234346074,0.0036480453010998,0.2051072634215398,0.2033649134269846
LUAD,2818.2000000000007,10,T_NK,2,Endothelial,8444,0.1584893192461113,443.0,0.0202803250505143,0.0708830379759211,0.544484137628644,0.0234178447363733,-0.1186273837858372,0.0018512468692148,0.0020145921812043,0.0064249156049221,0.1126538168354568,0.1131438527714254
LUAD,2818.2000000000007,10,T_NK,2,Epithelial,6178,0.6309573444801932,1770.0,0.068412907461645,0.152938501316006,0.5444842753113202,0.093122920881397,0.0812062367906295,0.1644887291734727,0.1850157900468256,0.2546008929543722,0.1557769792006969,0.1551780463900686
LUAD,2818.2000000000007,10,T_NK,2,Fibroblast,10773,0.3981071705534972,1087.0,0.0388825802589765,0.1074345405404619,0.5444841088351143,0.0509196802509579,-0.0430563001128706,0.0051726015463356,0.0052270499836654,0.0085484046607862,0.1063377981051943,0.1135249918327344
LUAD,2818.2000000000007,10,T_NK,2,Macrophage,9081,0.251188643150958,702.0,0.0305823714130389,0.0935153006774226,0.5444842976044937,0.0366757862552813,-0.0802435545889789,0.0100185124686921,0.013666557769792,0.0457366873570728,0.2037460524882935,0.2023303931177175
LUAD,2818.2000000000007,10,T_NK,2,T_NK,13296,1.0,2810.0,0.0955552692546657,0.1820490849959565,0.5444840182725432,0.1468183561800549,0.2161113137884202,0.8176521833823369,0.793150386583905,0.6810410541217468,0.2163780899488184,0.2124578024610693
LUAD,2818.2000000000007,20,T_NK,2,B_cell,10340,0.5492802716530588,1542.0,0.0613244955021492,0.1438370216486659,0.5445135394514049,0.0810684692152099,0.0543402321681816,0.0756329975496869,0.0984481350394772,0.1546964334331609,0.1310645249115164,0.1293765314456847
LUAD,2818.2000000000007,20,T_NK,2,Endothelial,8444,0.05,139.0,0.0066707719082159,0.0312435512275683,0.544514012786272,0.0073833367102144,-0.1588366414141296,0.0008712224339776,0.000816771031854,0.0025047644976858,0.1696161176150286,0.1730465559488156
LUAD,2818.2000000000007,20,T_NK,2,Epithelial,6178,0.091028210151304,254.0,0.0119720332266851,0.048568737262607,0.5445140209414188,0.0134471518646784,-0.1405846239646085,0.002885924312551,0.0039205009528995,0.0113258916417097,0.2138306561393956,0.2102913150013612
LUAD,2818.2000000000007,20,T_NK,2,Fibroblast,10773,0.1657227008669993,443.0,0.0180325188098007,0.0645629680403847,0.5445139382817707,0.0211824192985918,-0.1192950349563263,0.0007623196297304,0.0011434794445956,0.0037026953444051,0.1157636809147835,0.1239313912333242
LUAD,2818.2000000000007,20,T_NK,2,Macrophage,9081,0.3017088168272581,844.0,0.0360233839029047,0.1039810603813276,0.5445137361771133,0.0440678537264207,-0.0502578214793361,0.0355023141845902,0.0440511843179961,0.095997821943915,0.1789273073781649,0.1781649877484345
LUAD,2818.2000000000007,20,T_NK,2,T_NK,13296,1.0,2810.0,0.095528822901817,0.1820282984125086,0.5445137335379038,0.1468220300806319,0.230953197588196,0.8843452218894636,0.8516199292131772,0.7317723931391233,0.1907977130411108,0.1851892186223795
LUAD,2818.2000000000007,40,T_NK,2,B_cell,10340,0.1093362073943278,305.0,0.0142684647717688,0.0552071209948817,0.5444547808525185,0.0161263752089226,-0.1179516514528547,0.0009800185114607,0.0013066913486143,0.0076223662002504,0.1545706974465073,0.1548429248108019
LUAD,2818.2000000000007,40,T_NK,2,Endothelial,8444,0.2286525259636631,640.0,0.028458944296511,0.0892845872083575,0.5444547341714976,0.033747340302543,-0.062812856408027,0.005553438231611,0.0082757118745576,0.0209615070506887,0.081395981924103,0.0812326455055262
LUAD,2818.2000000000007,40,T_NK,2,Epithelial,6178,0.025,69.0,0.0033612870037036,0.0182131307040506,0.5444547264156346,0.0036823752284343,-0.1562115944184549,0.000762236620025,0.0008166820928839,0.003157837425818,0.2692873087602765,0.2662383622801764
LUAD,2818.2000000000007,40,T_NK,2,Fibroblast,10773,0.0522819776295636,135.0,0.006008866361328,0.0286014051529233,0.5444547172258716,0.0066856746208252,-0.1473219752614604,0.0003811183100125,0.0004355637828714,0.0013066913486143,0.1561496161594163,0.1642619916153971
LUAD,2818.2000000000007,40,T_NK,2,Macrophage,9081,0.4781762498950184,1340.0,0.0533764166212621,0.1323530070866901,0.5444547427716779,0.0698680149046895,0.0482473175174852,0.1043719714705722,0.1215222954211357,0.202646049980944,0.1703598845755975,0.167583165459792
LUAD,2818.2000000000007,40,T_NK,2,T_NK,13296,1.0,2809.0,0.0955401026033958,0.1820213325537948,0.5444543158775276,0.1468067017659792,0.2650113525580588,0.8879512168563184,0.8676430554799368,0.7643055479936843,0.1682365111340992,0.1658409103283062
