cohort,seed,cell_type,rank,gene
HCC,0,B_cell,1,MIR339
HCC,0,B_cell,2,RP11-1134I14.6
HCC,0,B_cell,3,RP11-299L17.1
HCC,0,B_cell,4,LA16c-329F2.1
HCC,0,B_cell,5,IGLV4-60
HCC,0,B_cell,6,IGLV7-43
HCC,0,B_cell,7,MIR5195
HCC,0,B_cell,8,IGHV5-78
HCC,0,B_cell,9,IGLVI-68
HCC,0,B_cell,10,RPS3AP7
HCC,0,B_cell,11,AC104024.1
HCC,0,B_cell,12,LL22NC03-30E12.13
HCC,0,B_cell,13,ENSG10010139551.1
HCC,0,B_cell,14,IGLV1-44
HCC,0,B_cell,15,IGKV2OR2-1
HCC,0,B_cell,16,TAL2
HCC,0,B_cell,17,RP11-534L6.2
HCC,0,B_cell,18,BNIP3P41
HCC,0,B_cell,19,MIR378I
HCC,0,B_cell,20,RNU6-354P
HCC,0,B_cell,21,RPL31P50
HCC,0,B_cell,22,RP11-136K14.2
HCC,0,B_cell,23,RP11-379K17.2
HCC,0,B_cell,24,XXYLT1-AS1
HCC,0,B_cell,25,ZFAT-AS1
HCC,0,B_cell,26,TNFRSF17
HCC,0,B_cell,27,RP5-1022E24.7
HCC,0,B_cell,28,IGLV4-69
HCC,0,B_cell,29,IGKV2D-36
HCC,0,B_cell,30,IGLV7-46
HCC,0,B_cell,31,MYOCD-AS1
HCC,0,B_cell,32,CYP4A43P
HCC,0,B_cell,33,DTNB-AS1
HCC,0,B_cell,34,PTMAP12
HCC,0,B_cell,35,MIR6751
HCC,0,B_cell,36,TRBV29-1
HCC,0,B_cell,37,RP11-794P6.1
HCC,0,B_cell,38,AL590762.10
HCC,0,B_cell,39,RP11-772F18.1
HCC,0,B_cell,40,FCRLA
HCC,0,B_cell,41,KRT18P50
HCC,0,B_cell,42,RP11-371A22.1
HCC,0,B_cell,43,MIR3654
HCC,0,B_cell,44,RP11-109G23.1
HCC,0,B_cell,45,RP11-338K17.6
HCC,0,B_cell,46,U62631.5
HCC,0,B_cell,47,VPREB3
HCC,0,B_cell,48,C15orf62
HCC,0,B_cell,49,RSL24D1P11
HCC,0,B_cell,50,VDAC1P9
HCC,0,B_cell,51,LL22NC01-132D12.4
HCC,0,B_cell,52,RNU4-38P
HCC,0,B_cell,53,RP11-598O12.1
HCC,0,B_cell,54,RP11-1180F24.1
HCC,0,B_cell,55,CNR1
HCC,0,B_cell,56,AC005838.2
HCC,0,B_cell,57,RP11-187D20.1
HCC,0,B_cell,58,CTD-2227C6.2
HCC,0,B_cell,59,RP11-309L24.10
HCC,0,B_cell,60,RP11-505E24.4
HCC,0,B_cell,61,RP11-301L8.2
HCC,0,B_cell,62,RP11-255E6.7
HCC,0,B_cell,63,SDCBPP3
HCC,0,B_cell,64,IGHA1
HCC,0,B_cell,65,LINC02397
HCC,0,B_cell,66,LINC00400
HCC,0,B_cell,67,RP5-1042K10.13
HCC,0,B_cell,68,RP11-297B17.3
HCC,0,B_cell,69,AC005105.2
HCC,0,B_cell,70,AF238378.7
HCC,0,B_cell,71,RN7SKP141
HCC,0,B_cell,72,LL22NC03-22A12.12
HCC,0,B_cell,73,LINC00494
HCC,0,B_cell,74,MTCO2P32
HCC,0,B_cell,75,RP11-158L12.5
HCC,0,B_cell,76,MIR3674
HCC,0,B_cell,77,RNU6-266P
HCC,0,B_cell,78,MIR6836
HCC,0,B_cell,79,ENSG00000263963
HCC,0,B_cell,80,OR6L2P
HCC,0,B_cell,81,CH17-84K15.2
HCC,0,B_cell,82,RN7SL328P
HCC,0,B_cell,83,MS4A1
HCC,0,B_cell,84,RNY1P5
HCC,0,B_cell,85,RN7SL817P
HCC,0,B_cell,86,RP4-697K14.15
HCC,0,B_cell,87,PPIAP40
HCC,0,B_cell,88,IGLVI-42
HCC,0,B_cell,89,RP11-468E2.10
HCC,0,B_cell,90,PNOC
HCC,0,B_cell,91,IGKV1-13
HCC,0,B_cell,92,RP11-507K2.6
HCC,0,B_cell,93,HNRNPKP2
HCC,0,B_cell,94,RP11-1399P15.1
HCC,0,B_cell,95,BLK
HCC,0,B_cell,96,RP11-274J15.4
HCC,0,B_cell,97,LA16c-2F2.5
HCC,0,B_cell,98,MIR6858
HCC,0,B_cell,99,RNU6-1254P
HCC,0,B_cell,100,ENSG10010140115.1
HCC,0,B_cell,101,LL22NC03-23C6.12
HCC,0,B_cell,102,RN7SL555P
HCC,0,B_cell,103,RN7SL692P
HCC,0,B_cell,104,IGHA2
HCC,0,B_cell,105,CTB-92J24.2
HCC,0,B_cell,106,IGLVI-70
HCC,0,B_cell,107,MTND5P11
HCC,0,B_cell,108,RP11-474P2.6
HCC,0,B_cell,109,RP11-90P16.1
HCC,0,B_cell,110,RN7SL388P
HCC,0,B_cell,111,RP3-410C9.2
HCC,0,B_cell,112,RP11-216M21.4
HCC,0,B_cell,113,SDR42E1P2
HCC,0,B_cell,114,TCP11X2
HCC,0,B_cell,115,RNU1-19P
HCC,0,B_cell,116,RP5-837I24.6
HCC,0,B_cell,117,RP11-768B22.2
HCC,0,B_cell,118,OR2BH1P
HCC,0,B_cell,119,CTD-2666L21.3
HCC,0,B_cell,120,RN7SL337P
HCC,0,B_cell,121,P2RX1
HCC,0,B_cell,122,RPL12P28
HCC,0,B_cell,123,RNU6-1165P
HCC,0,B_cell,124,RP11-16E12.2
HCC,0,B_cell,125,RNU6-1089P
HCC,0,B_cell,126,MIR5571
HCC,0,B_cell,127,ATP6V1G1P6
HCC,0,B_cell,128,IGHJ6
HCC,0,B_cell,129,RP11-43D2.2
HCC,0,B_cell,130,RN7SL767P
HCC,0,B_cell,131,MORF4L1P4
HCC,0,B_cell,132,LA16c-390E6.5
HCC,0,B_cell,133,CTC-518B2.12
HCC,0,B_cell,134,RP11-703I16.2
HCC,0,B_cell,135,ASS1P9
HCC,0,B_cell,136,VN1R8P
HCC,0,B_cell,137,RP11-563N6.7
HCC,0,B_cell,138,RP11-20L24.1
HCC,0,B_cell,139,CTC-484M2.1
HCC,0,B_cell,140,RP11-1023P17.2
HCC,0,B_cell,141,RP11-355I22.2
HCC,0,B_cell,142,RP11-287J9.1
HCC,0,B_cell,143,NANOGNBP2
HCC,0,B_cell,144,RP4-555D20.3
HCC,0,B_cell,145,TNFRSF13B
HCC,0,B_cell,146,RP11-775A1.2
HCC,0,B_cell,147,OR8R1P
HCC,0,B_cell,148,SPATA31A6
HCC,0,B_cell,149,KRTAP9-8
HCC,0,B_cell,150,RP11-654C22.1
HCC,0,B_cell,151,IGLV6-57
HCC,0,B_cell,152,MTND4P12
HCC,0,B_cell,153,POLR3GP2
HCC,0,B_cell,154,LINC00670
HCC,0,B_cell,155,NPIPB11
HCC,0,B_cell,156,KRT8P44
HCC,0,B_cell,157,IGHV3-7
HCC,0,B_cell,158,C12orf77
HCC,0,B_cell,159,RP11-353J17.5
HCC,0,B_cell,160,RPF2P2
HCC,0,B_cell,161,RP11-158I9.5
HCC,0,B_cell,162,RAMACL
HCC,0,B_cell,163,RP1-41C23.2
HCC,0,B_cell,164,RNU6-735P
HCC,0,B_cell,165,RP11-283G6.7
HCC,0,B_cell,166,NRBF2P3
HCC,0,B_cell,167,RP11-158I9.1
HCC,0,B_cell,168,RP11-23B5.2
HCC,0,B_cell,169,MYOCD
HCC,0,B_cell,170,SEM1P1
HCC,0,B_cell,171,RP1-228P16.7
HCC,0,B_cell,172,RP11-542M13.5
HCC,0,B_cell,173,RP1-273G13.1
HCC,0,B_cell,174,RP11-570P14.1
HCC,0,B_cell,175,CTC-436P18.4
HCC,0,B_cell,176,RP4-665J23.4
HCC,0,B_cell,177,LL22NC03-23C6.13
HCC,0,B_cell,178,RNA5SP291
HCC,0,B_cell,179,CHCHD2P1
HCC,0,B_cell,180,IGKV4-1
HCC,0,B_cell,181,SLC25A47P1
HCC,0,B_cell,182,RNU6-1189P
HCC,0,B_cell,183,RNU2-58P
HCC,0,B_cell,184,COPDA1
HCC,0,B_cell,185,RP11-754I20.1
HCC,0,B_cell,186,TRIM53BP
HCC,0,B_cell,187,IGKV3-20
HCC,0,B_cell,188,RP11-384P14.1
HCC,0,B_cell,189,RNU6-704P
HCC,0,B_cell,190,RPL32P23
HCC,0,B_cell,191,ENSG10010136661.1
HCC,0,B_cell,192,TNFRSF13C
HCC,0,B_cell,193,RNU6-192P
HCC,0,B_cell,194,RHOT1P2
HCC,0,B_cell,195,MYBL2
HCC,0,B_cell,196,MIR1264
HCC,0,B_cell,197,FCRL1
HCC,0,B_cell,198,RP11-982M15.7
HCC,0,B_cell,199,IGLV3-31
HCC,0,B_cell,200,RP11-930P14.1
HCC,0,CD4_T,1,RNU6-159P
HCC,0,CD4_T,2,C2orf69P4
HCC,0,CD4_T,3,MIR3118-1
HCC,0,CD4_T,4,RP11-566K19.9
HCC,0,CD4_T,5,AC002306.1
HCC,0,CD4_T,6,PRAMEF5
HCC,0,CD4_T,7,RP5-1068B5.5
HCC,0,CD4_T,8,RPL34P31
HCC,0,CD4_T,9,CTDSPL2P1
HCC,0,CD4_T,10,MIR548Q
HCC,0,CD4_T,11,NPM1P26
HCC,0,CD4_T,12,RP11-630H24.4
HCC,0,CD4_T,13,MIR4439
HCC,0,CD4_T,14,ENSG10010138676.1
HCC,0,CD4_T,15,MIR520H
HCC,0,CD4_T,16,RP11-264B17.5
HCC,0,CD4_T,17,LINC02195
HCC,0,CD4_T,18,RP11-134L4.2
HCC,0,CD4_T,19,CYCSP6
HCC,0,CD4_T,20,RP11-567L7.3
HCC,0,CD4_T,21,DKKL1P1
HCC,0,CD4_T,22,OR1X1P
HCC,0,CD4_T,23,UQCR10P1
HCC,0,CD4_T,24,RP11-305L7.5
HCC,0,CD4_T,25,AC007274.2
HCC,0,CD4_T,26,ENSG10010134337.1
HCC,0,CD4_T,27,RPS12P24
HCC,0,CD4_T,28,RNU1-119P
HCC,0,CD4_T,29,RN7SL735P
HCC,0,CD4_T,30,RNU6-119P
HCC,0,CD4_T,31,RBX1P2
HCC,0,CD4_T,32,IGHV1-68
HCC,0,CD4_T,33,OR5D3P
HCC,0,CD4_T,34,S100A11P6
HCC,0,CD4_T,35,DBF4P2
HCC,0,CD4_T,36,ENSG10010137792.1
HCC,0,CD4_T,37,CCR8
HCC,0,CD4_T,38,RP11-56L13.8
HCC,0,CD4_T,39,CTC-422A18.2
HCC,0,CD4_T,40,CTD-2206N4.1
HCC,0,CD4_T,41,RP5-1025A1.2
HCC,0,CD4_T,42,IGHV4-4
HCC,0,CD4_T,43,MRPS31P1
HCC,0,CD4_T,44,ENSG10010138031.1
HCC,0,CD4_T,45,ENSG10010135969.1
HCC,0,CD4_T,46,RPS3AP14
HCC,0,CD4_T,47,DUX4L52
HCC,0,CD4_T,48,IGKV2-14
HCC,0,CD4_T,49,RNU6-268P
HCC,0,CD4_T,50,RN7SL261P
HCC,0,CD4_T,51,MIR548T
HCC,0,CD4_T,52,OR7A11P
HCC,0,CD4_T,53,KB-1589B1.4
HCC,0,CD4_T,54,RNU6-202P
HCC,0,CD4_T,55,RNA5SP521
HCC,0,CD4_T,56,CCR4
HCC,0,CD4_T,57,RP5-1037N22.2
HCC,0,CD4_T,58,RNU6-356P
HCC,0,CD4_T,59,MTND3P4
HCC,0,CD4_T,60,RP11-368N21.1
HCC,0,CD4_T,61,FRGCA
HCC,0,CD4_T,62,LLfos-22E10.1
HCC,0,CD4_T,63,AC104978.1
HCC,0,CD4_T,64,B3GALNT1P1
HCC,0,CD4_T,65,GS1-53I10.2
HCC,0,CD4_T,66,RNU6-463P
HCC,0,CD4_T,67,RNU6-434P
HCC,0,CD4_T,68,RP11-467M13.3
HCC,0,CD4_T,69,MTHFD1P1
HCC,0,CD4_T,70,LINC00852
HCC,0,CD4_T,71,SRIP1
HCC,0,CD4_T,72,SNORD111B
HCC,0,CD4_T,73,RP11-367H1.1
HCC,0,CD4_T,74,BNIP3P29
HCC,0,CD4_T,75,RNU6-405P
HCC,0,CD4_T,76,CTD-2002J20.1
HCC,0,CD4_T,77,AMMECR1-IT1
HCC,0,CD4_T,78,TXNP5
HCC,0,CD4_T,79,AC105393.2
HCC,0,CD4_T,80,RP11-325O24.2
HCC,0,CD4_T,81,RP11-131M11.2
HCC,0,CD4_T,82,ULK4P2
HCC,0,CD4_T,83,RNA5SP404
HCC,0,CD4_T,84,RP11-1212A22.8
HCC,0,CD4_T,85,MIR1323
HCC,0,CD4_T,86,AC074366.3
HCC,0,CD4_T,87,RP11-510M2.7
HCC,0,CD4_T,88,RN7SL693P
HCC,0,CD4_T,89,RP11-56B16.1
HCC,0,CD4_T,90,RNA5SP394
HCC,0,CD4_T,91,RP11-574K11.26
HCC,0,CD4_T,92,YWHAQP5
HCC,0,CD4_T,93,MTCO3P41
HCC,0,CD4_T,94,RP11-313H3.1
HCC,0,CD4_T,95,RP11-386M24.5
HCC,0,CD4_T,96,RP11-661C8.4
HCC,0,CD4_T,97,TRBV3-1
HCC,0,CD4_T,98,CTC-311G1.1
HCC,0,CD4_T,99,IGHD3OR15-3B
HCC,0,CD4_T,100,TTTY8
HCC,0,CD4_T,101,TTTY1
HCC,0,CD4_T,102,RPL12P16
HCC,0,CD4_T,103,ABHD17AP8
HCC,0,CD4_T,104,UST-AS2
HCC,0,CD4_T,105,RP4-784A16.4
HCC,0,CD4_T,106,SNX18P12
HCC,0,CD4_T,107,HNRNPA1P63
HCC,0,CD4_T,108,RP1-281H8.3
HCC,0,CD4_T,109,AP001429.1
HCC,0,CD4_T,110,FTH1P21
HCC,0,CD4_T,111,HSPA8P9
HCC,0,CD4_T,112,CTB-31N19.3
HCC,0,CD4_T,113,CTD-2302E22.1
HCC,0,CD4_T,114,CTSLP2
HCC,0,CD4_T,115,RP13-461N9.2
HCC,0,CD4_T,116,C1QL1P1
HCC,0,CD4_T,117,CTB-85C5.1
HCC,0,CD4_T,118,RNU6-126P
HCC,0,CD4_T,119,RNU6-198P
HCC,0,CD4_T,120,KRTAP10-11
HCC,0,CD4_T,121,RP11-98J23.1
HCC,0,CD4_T,122,RP11-451H23.1
HCC,0,CD4_T,123,HERC2P4
HCC,0,CD4_T,124,SNORD116-29
HCC,0,CD4_T,125,CTC-512J12.7
HCC,0,CD4_T,126,RPL5P5
HCC,0,CD4_T,127,RP11-583F2.1
HCC,0,CD4_T,128,RPL36AP16
HCC,0,CD4_T,129,OR10A7
HCC,0,CD4_T,130,RP5-1181K21.4
HCC,0,CD4_T,131,OR51Q1
HCC,0,CD4_T,132,CH17-262O2.2
HCC,0,CD4_T,133,EIF4BP4
HCC,0,CD4_T,134,RPS29P21
HCC,0,CD4_T,135,BNIP3P9
HCC,0,CD4_T,136,LLNLR-304A6.1
HCC,0,CD4_T,137,MIR4708
HCC,0,CD4_T,138,RP11-126O22.8
HCC,0,CD4_T,139,RP11-1299A16.1
HCC,0,CD4_T,140,AP000248.1
HCC,0,CD4_T,141,RP11-555G19.2
HCC,0,CD4_T,142,AA06
HCC,0,CD4_T,143,RPS2P48
HCC,0,CD4_T,144,SCARNA18
HCC,0,CD4_T,145,RANBP1P1
HCC,0,CD4_T,146,AC016831.5
HCC,0,CD4_T,147,CTC-470E21.1
HCC,0,CD4_T,148,RNU2-56P
HCC,0,CD4_T,149,PRODH
HCC,0,CD4_T,150,RNU1-28P
HCC,0,CD4_T,151,RN7SKP79
HCC,0,CD4_T,152,SEPTIN7P1
HCC,0,CD4_T,153,VTI1BP4
HCC,0,CD4_T,154,MIR6728
HCC,0,CD4_T,155,PPIAP4
HCC,0,CD4_T,156,RNU5B-4P
HCC,0,CD4_T,157,RNA5SP493
HCC,0,CD4_T,158,MIR6752
HCC,0,CD4_T,159,KRT8P49
HCC,0,CD4_T,160,PGA3
HCC,0,CD4_T,161,RNU6-497P
HCC,0,CD4_T,162,RP11-57K16.1
HCC,0,CD4_T,163,TRAV13-1
HCC,0,CD4_T,164,TRBV7-4
HCC,0,CD4_T,165,ENSG10010134592.1
HCC,0,CD4_T,166,AC006989.2
HCC,0,CD4_T,167,CICP3
HCC,0,CD4_T,168,RNU6-1159P
HCC,0,CD4_T,169,RNU4-70P
HCC,0,CD4_T,170,SNORD18C
HCC,0,CD4_T,171,RPL32P28
HCC,0,CD4_T,172,RP11-32A1.2
HCC,0,CD4_T,173,CORO1CP1
HCC,0,CD4_T,174,SCARNA4
HCC,0,CD4_T,175,RP11-299P2.1
HCC,0,CD4_T,176,PPIAP29
HCC,0,CD4_T,177,MIR516B1
HCC,0,CD4_T,178,RN7SL673P
HCC,0,CD4_T,179,MIR766
HCC,0,CD4_T,180,RN7SL740P
HCC,0,CD4_T,181,LINC02591
HCC,0,CD4_T,182,RNA5SP356
HCC,0,CD4_T,183,OR52I1
HCC,0,CD4_T,184,RNA5SP168
HCC,0,CD4_T,185,RNU6-326P
HCC,0,CD4_T,186,RPSAP28
HCC,0,CD4_T,187,RP11-536P16.4
HCC,0,CD4_T,188,RP11-1102P22.2
HCC,0,CD4_T,189,RP1-73A14.1
HCC,0,CD4_T,190,COX6B1P3
HCC,0,CD4_T,191,ENSG00000265421
HCC,0,CD4_T,192,RP1-39G22.4
HCC,0,CD4_T,193,ZBED2
HCC,0,CD4_T,194,RP11-470P21.2
HCC,0,CD4_T,195,HIGD1AP15
HCC,0,CD4_T,196,IGHV3OR16-15
HCC,0,CD4_T,197,SNORD96B
HCC,0,CD4_T,198,CARD17
HCC,0,CD4_T,199,RP11-436A7.1
HCC,0,CD4_T,200,RNA5SP159
HCC,0,Endothelial_stromal,1,CLEC14A
HCC,0,Endothelial_stromal,2,RP11-212E4.1
HCC,0,Endothelial_stromal,3,C2CD4B
HCC,0,Endothelial_stromal,4,RP11-95F22.1
HCC,0,Endothelial_stromal,5,MIR199A2
HCC,0,Endothelial_stromal,6,COX5BP2
HCC,0,Endothelial_stromal,7,OR4G1P
HCC,0,Endothelial_stromal,8,CLDN5
HCC,0,Endothelial_stromal,9,AC000050.1
HCC,0,Endothelial_stromal,10,PABPC4L
HCC,0,Endothelial_stromal,11,RP11-142J21.1
HCC,0,Endothelial_stromal,12,GS1-345D13.1
HCC,0,Endothelial_stromal,13,RPS20P4
HCC,0,Endothelial_stromal,14,DNM3OS
HCC,0,Endothelial_stromal,15,SOX18
HCC,0,Endothelial_stromal,16,AC000082.4
HCC,0,Endothelial_stromal,17,RP11-191A15.2
HCC,0,Endothelial_stromal,18,SLC25A5P7
HCC,0,Endothelial_stromal,19,ENSG10010138723.1
HCC,0,Endothelial_stromal,20,HOXD8
HCC,0,Endothelial_stromal,21,CYCSP26
HCC,0,Endothelial_stromal,22,MIR4299
HCC,0,Endothelial_stromal,23,MIR7849
HCC,0,Endothelial_stromal,24,MIR8089
HCC,0,Endothelial_stromal,25,LINC02530
HCC,0,Endothelial_stromal,26,MIR542
HCC,0,Endothelial_stromal,27,RNA5SP390
HCC,0,Endothelial_stromal,28,ENPP7P12
HCC,0,Endothelial_stromal,29,RP4-736I12.1
HCC,0,Endothelial_stromal,30,ENSG10010138144.1
HCC,0,Endothelial_stromal,31,RP11-182E7.1
HCC,0,Endothelial_stromal,32,KDR
HCC,0,Endothelial_stromal,33,RFPL3
HCC,0,Endothelial_stromal,34,RNU2-21P
HCC,0,Endothelial_stromal,35,OR2AS2P
HCC,0,Endothelial_stromal,36,RP11-53M11.5
HCC,0,Endothelial_stromal,37,ENSG10010136563.1
HCC,0,Endothelial_stromal,38,YAP1P2
HCC,0,Endothelial_stromal,39,RNU6-1298P
HCC,0,Endothelial_stromal,40,RP11-6L6.7
HCC,0,Endothelial_stromal,41,PCDH17
HCC,0,Endothelial_stromal,42,NBEAP3
HCC,0,Endothelial_stromal,43,PTP4A2P2
HCC,0,Endothelial_stromal,44,RPL21P135
HCC,0,Endothelial_stromal,45,CYP4F62P
HCC,0,Endothelial_stromal,46,RP1-144F13.3
HCC,0,Endothelial_stromal,47,RP11-564C24.2
HCC,0,Endothelial_stromal,48,HOXD-AS2
HCC,0,Endothelial_stromal,49,RNU6-394P
HCC,0,Endothelial_stromal,50,AC006158.7
HCC,0,Endothelial_stromal,51,TSPY7P
HCC,0,Endothelial_stromal,52,HAGLROS
HCC,0,Endothelial_stromal,53,RPL36AP14
HCC,0,Endothelial_stromal,54,RNA5SP481
HCC,0,Endothelial_stromal,55,GJA4
HCC,0,Endothelial_stromal,56,RP11-540O11.8
HCC,0,Endothelial_stromal,57,ZNF454-DT
HCC,0,Endothelial_stromal,58,LINC02310
HCC,0,Endothelial_stromal,59,OR7L1P
HCC,0,Endothelial_stromal,60,AC004870.5
HCC,0,Endothelial_stromal,61,RP11-227D13.1
HCC,0,Endothelial_stromal,62,RP11-513O13.1
HCC,0,Endothelial_stromal,63,RP11-252P19.2
HCC,0,Endothelial_stromal,64,RPS15AP7
HCC,0,Endothelial_stromal,65,APLNR
HCC,0,Endothelial_stromal,66,LINC00453
HCC,0,Endothelial_stromal,67,CTD-2373N4.5
HCC,0,Endothelial_stromal,68,SMG6-IT1
HCC,0,Endothelial_stromal,69,RP11-27M24.2
HCC,0,Endothelial_stromal,70,RP13-152O15.5
HCC,0,Endothelial_stromal,71,RP11-314N13.9
HCC,0,Endothelial_stromal,72,SUMO2P2
HCC,0,Endothelial_stromal,73,C11orf96
HCC,0,Endothelial_stromal,74,RP4-808A1.1
HCC,0,Endothelial_stromal,75,MAGEB5
HCC,0,Endothelial_stromal,76,ID4
HCC,0,Endothelial_stromal,77,HOXA2
HCC,0,Endothelial_stromal,78,RNA5SP289
HCC,0,Endothelial_stromal,79,HOXD9
HCC,0,Endothelial_stromal,80,RP11-95G6.1
HCC,0,Endothelial_stromal,81,MIR3668
HCC,0,Endothelial_stromal,82,RP11-168P8.3
HCC,0,Endothelial_stromal,83,RBMX2P3
HCC,0,Endothelial_stromal,84,AC005609.18
HCC,0,Endothelial_stromal,85,RP11-207D10.1
HCC,0,Endothelial_stromal,86,SOX17
HCC,0,Endothelial_stromal,87,RP11-530I17.1
HCC,0,Endothelial_stromal,88,RPL36AP13
HCC,0,Endothelial_stromal,89,RP1-18D14.7
HCC,0,Endothelial_stromal,90,RP11-688D15.2
HCC,0,Endothelial_stromal,91,AC124789.1
HCC,0,Endothelial_stromal,92,AC016722.3
HCC,0,Endothelial_stromal,93,RP11-776F5.1
HCC,0,Endothelial_stromal,94,H2AP
HCC,0,Endothelial_stromal,95,RP11-495L18.2
HCC,0,Endothelial_stromal,96,COX7A1
HCC,0,Endothelial_stromal,97,AC000067.1
HCC,0,Endothelial_stromal,98,RP11-798G7.6
HCC,0,Endothelial_stromal,99,RNA5SP280
HCC,0,Endothelial_stromal,100,SOX7
HCC,0,Endothelial_stromal,101,F2RL3
HCC,0,Endothelial_stromal,102,LINC00454
HCC,0,Endothelial_stromal,103,MIR575
HCC,0,Endothelial_stromal,104,BTF3P14
HCC,0,Endothelial_stromal,105,ADAMTS1
HCC,0,Endothelial_stromal,106,SNORD113-9
HCC,0,Endothelial_stromal,107,RP11-667K14.14
HCC,0,Endothelial_stromal,108,RP11-676J12.9
HCC,0,Endothelial_stromal,109,RP11-616M22.1
HCC,0,Endothelial_stromal,110,RP11-59O2.1
HCC,0,Endothelial_stromal,111,AC133633.2
HCC,0,Endothelial_stromal,112,GJA1
HCC,0,Endothelial_stromal,113,RP11-728C8.2
HCC,0,Endothelial_stromal,114,RNU6-591P
HCC,0,Endothelial_stromal,115,WASH9P
HCC,0,Endothelial_stromal,116,LINC01820
HCC,0,Endothelial_stromal,117,RP11-26H16.1
HCC,0,Endothelial_stromal,118,RP11-598C10.2
HCC,0,Endothelial_stromal,119,RP11-54O15.3
HCC,0,Endothelial_stromal,120,RNU7-73P
HCC,0,Endothelial_stromal,121,BNIP3P31
HCC,0,Endothelial_stromal,122,RP11-342I1.3
HCC,0,Endothelial_stromal,123,SSU72P2
HCC,0,Endothelial_stromal,124,ZCRB1P1
HCC,0,Endothelial_stromal,125,CCDC89
HCC,0,Endothelial_stromal,126,RP11-272L14.3
HCC,0,Endothelial_stromal,127,EDNRB
HCC,0,Endothelial_stromal,128,C1QTNF5
HCC,0,Endothelial_stromal,129,MIR505
HCC,0,Endothelial_stromal,130,MIR3197
HCC,0,Endothelial_stromal,131,CALHM5
HCC,0,Endothelial_stromal,132,RP11-112N19.1
HCC,0,Endothelial_stromal,133,LINC02705
HCC,0,Endothelial_stromal,134,TCF4-AS2
HCC,0,Endothelial_stromal,135,RP11-261P13.6
HCC,0,Endothelial_stromal,136,RNU6-525P
HCC,0,Endothelial_stromal,137,FAM72D
HCC,0,Endothelial_stromal,138,RP11-349F21.6
HCC,0,Endothelial_stromal,139,PRRG3
HCC,0,Endothelial_stromal,140,CAVIN2
HCC,0,Endothelial_stromal,141,RP11-495O10.1
HCC,0,Endothelial_stromal,142,RP11-96D24.1
HCC,0,Endothelial_stromal,143,LINC02452
HCC,0,Endothelial_stromal,144,RP11-539E19.2
HCC,0,Endothelial_stromal,145,RP11-120K24.5
HCC,0,Endothelial_stromal,146,RP13-122B23.14
HCC,0,Endothelial_stromal,147,PCNAP3
HCC,0,Endothelial_stromal,148,HOXA5
HCC,0,Endothelial_stromal,149,RP11-405F3.5
HCC,0,Endothelial_stromal,150,RN7SL810P
HCC,0,Endothelial_stromal,151,RP11-138A23.1
HCC,0,Endothelial_stromal,152,LINC01963
HCC,0,Endothelial_stromal,153,XXbac-BPG170G13.31
HCC,0,Endothelial_stromal,154,MYCT1
HCC,0,Endothelial_stromal,155,MIR8073
HCC,0,Endothelial_stromal,156,CH507-152C13.4
HCC,0,Endothelial_stromal,157,STC1
HCC,0,Endothelial_stromal,158,CTB-31C7.3
HCC,0,Endothelial_stromal,159,RP11-1228E12.2
HCC,0,Endothelial_stromal,160,RP11-274H24.4
HCC,0,Endothelial_stromal,161,RPL35AP14
HCC,0,Endothelial_stromal,162,RP11-421L21.2
HCC,0,Endothelial_stromal,163,RP11-1086F11.1
HCC,0,Endothelial_stromal,164,CTC-526N19.1
HCC,0,Endothelial_stromal,165,RP11-547J14.1
HCC,0,Endothelial_stromal,166,NID2
HCC,0,Endothelial_stromal,167,RNA5SP451
HCC,0,Endothelial_stromal,168,MIR7704
HCC,0,Endothelial_stromal,169,YBX1P5
HCC,0,Endothelial_stromal,170,ENSG10010138246.1
HCC,0,Endothelial_stromal,171,RP11-19J3.7
HCC,0,Endothelial_stromal,172,CTD-2145A24.5
HCC,0,Endothelial_stromal,173,SEC11B
HCC,0,Endothelial_stromal,174,VEZTP1
HCC,0,Endothelial_stromal,175,RP11-822P1.1
HCC,0,Endothelial_stromal,176,LA16c-380F5.1
HCC,0,Endothelial_stromal,177,HSFX2
HCC,0,Endothelial_stromal,178,SMIM7P1
HCC,0,Endothelial_stromal,179,HOXD1
HCC,0,Endothelial_stromal,180,RP11-73E6.2
HCC,0,Endothelial_stromal,181,RP4-778K6.1
HCC,0,Endothelial_stromal,182,FGF12-AS2
HCC,0,Endothelial_stromal,183,RP11-474I11.7
HCC,0,Endothelial_stromal,184,HSPB7
HCC,0,Endothelial_stromal,185,BTNL9
HCC,0,Endothelial_stromal,186,MFRP
HCC,0,Endothelial_stromal,187,RN7SL400P
HCC,0,Endothelial_stromal,188,RP11-104O19.4
HCC,0,Endothelial_stromal,189,GAPDHP14
HCC,0,Endothelial_stromal,190,CTD-2223O18.1
HCC,0,Endothelial_stromal,191,TRBV24OR9-2
HCC,0,Endothelial_stromal,192,RP11-724F15.2
HCC,0,Endothelial_stromal,193,RP1-40G4P.1
HCC,0,Endothelial_stromal,194,MTUS2-AS2
HCC,0,Endothelial_stromal,195,CDH5
HCC,0,Endothelial_stromal,196,PPIAP76
HCC,0,Endothelial_stromal,197,FLT4
HCC,0,Endothelial_stromal,198,KRT18P44
HCC,0,Endothelial_stromal,199,RP11-158A14.1
HCC,0,Endothelial_stromal,200,RP11-94P14.1
HCC,0,Hepatocyte,1,RP4-604G5.5
HCC,0,Hepatocyte,2,RP11-486A14.1
HCC,0,Hepatocyte,3,AZGP1
HCC,0,Hepatocyte,4,SLC10A5
HCC,0,Hepatocyte,5,MIR122HG
HCC,0,Hepatocyte,6,MIR3591
HCC,0,Hepatocyte,7,NR0B2
HCC,0,Hepatocyte,8,APCS
HCC,0,Hepatocyte,9,FOXA2
HCC,0,Hepatocyte,10,RP11-327J17.2
HCC,0,Hepatocyte,11,RP13-923O23.7
HCC,0,Hepatocyte,12,RP11-530A18.1
HCC,0,Hepatocyte,13,RPL7L1P3
HCC,0,Hepatocyte,14,RP11-83B6.1
HCC,0,Hepatocyte,15,DCAF4L2
HCC,0,Hepatocyte,16,UPP2-IT1
HCC,0,Hepatocyte,17,RIPPLY1
HCC,0,Hepatocyte,18,HMGB1P3
HCC,0,Hepatocyte,19,MIR30B
HCC,0,Hepatocyte,20,RP4-614O4.13
HCC,0,Hepatocyte,21,LEAP2
HCC,0,Hepatocyte,22,MAPK6P1
HCC,0,Hepatocyte,23,CLDN3
HCC,0,Hepatocyte,24,RP5-1092L12.2
HCC,0,Hepatocyte,25,GJB1
HCC,0,Hepatocyte,26,RP11-263G22.1
HCC,0,Hepatocyte,27,RP11-549K20.2
HCC,0,Hepatocyte,28,RP11-95P13.2
HCC,0,Hepatocyte,29,MIR587
HCC,0,Hepatocyte,30,RP11-510N19.5
HCC,0,Hepatocyte,31,GREB1L-DT
HCC,0,Hepatocyte,32,RP11-710E1.1
HCC,0,Hepatocyte,33,RP11-14N9.1
HCC,0,Hepatocyte,34,ENSG10010136111.1
HCC,0,Hepatocyte,35,LL22NC01-146D10.5
HCC,0,Hepatocyte,36,CRPP1
HCC,0,Hepatocyte,37,TMEM75
HCC,0,Hepatocyte,38,RPL23AP95
HCC,0,Hepatocyte,39,TSPO2
HCC,0,Hepatocyte,40,RP11-725L2.2
HCC,0,Hepatocyte,41,ENSG10010134740.1
HCC,0,Hepatocyte,42,KRT17P8
HCC,0,Hepatocyte,43,ENSG10010134473.1
HCC,0,Hepatocyte,44,BX842568.1
HCC,0,Hepatocyte,45,NPM1P31
HCC,0,Hepatocyte,46,MIR6081
HCC,0,Hepatocyte,47,RPS26P31
HCC,0,Hepatocyte,48,RP11-740C1.2
HCC,0,Hepatocyte,49,NAT8B
HCC,0,Hepatocyte,50,ELF3
HCC,0,Hepatocyte,51,UGT1A2P
HCC,0,Hepatocyte,52,GPT
HCC,0,Hepatocyte,53,IGFBP1
HCC,0,Hepatocyte,54,TTPA
HCC,0,Hepatocyte,55,RN7SL296P
HCC,0,Hepatocyte,56,CYP3A4
HCC,0,Hepatocyte,57,CTD-3037G24.5
HCC,0,Hepatocyte,58,LINC01067
HCC,0,Hepatocyte,59,AC114812.8
HCC,0,Hepatocyte,60,LINC02535
HCC,0,Hepatocyte,61,FOXQ1
HCC,0,Hepatocyte,62,LINC02779
HCC,0,Hepatocyte,63,CCT5P2
HCC,0,Hepatocyte,64,RP11-126D17.1
HCC,0,Hepatocyte,65,TFDP1P2
HCC,0,Hepatocyte,66,KLHDC7A
HCC,0,Hepatocyte,67,CTD-2342N23.1
HCC,0,Hepatocyte,68,APOA2
HCC,0,Hepatocyte,69,RP11-270G18.1
HCC,0,Hepatocyte,70,AC011899.10
HCC,0,Hepatocyte,71,RP11-532L16.3
HCC,0,Hepatocyte,72,SALL1
HCC,0,Hepatocyte,73,AC021218.2
HCC,0,Hepatocyte,74,ELF3-AS1
HCC,0,Hepatocyte,75,RP11-223I10.1
HCC,0,Hepatocyte,76,RNU6-813P
HCC,0,Hepatocyte,77,LINC00272
HCC,0,Hepatocyte,78,RP11-105F10.2
HCC,0,Hepatocyte,79,FGG
HCC,0,Hepatocyte,80,CYP3A43
HCC,0,Hepatocyte,81,RP11-100N21.1
HCC,0,Hepatocyte,82,CTD-2517M22.14
HCC,0,Hepatocyte,83,CCAT2
HCC,0,Hepatocyte,84,ARL5AP1
HCC,0,Hepatocyte,85,ENSG10010137173.1
HCC,0,Hepatocyte,86,RP11-379P1.5
HCC,0,Hepatocyte,87,UGT1A6
HCC,0,Hepatocyte,88,RP11-278H7.5
HCC,0,Hepatocyte,89,UGT1A1
HCC,0,Hepatocyte,90,XRCC6P4
HCC,0,Hepatocyte,91,RP4-604G5.4
HCC,0,Hepatocyte,92,RPL23AP96
HCC,0,Hepatocyte,93,RP11-15E18.3
HCC,0,Hepatocyte,94,ANGPTL8
HCC,0,Hepatocyte,95,AKR1C1
HCC,0,Hepatocyte,96,RP11-383J24.1
HCC,0,Hepatocyte,97,MTCO1P12
HCC,0,Hepatocyte,98,BAAT
HCC,0,Hepatocyte,99,LIVAR
HCC,0,Hepatocyte,100,AC006160.8
HCC,0,Hepatocyte,101,UGT1A7
HCC,0,Hepatocyte,102,RP1-138B7.5
HCC,0,Hepatocyte,103,NAT8
HCC,0,Hepatocyte,104,ENSG10010135413.1
HCC,0,Hepatocyte,105,UGT1A4
HCC,0,Hepatocyte,106,MPRIP-AS1
HCC,0,Hepatocyte,107,ENSG10010136487.1
HCC,0,Hepatocyte,108,MIR4428
HCC,0,Hepatocyte,109,COX6B1P6
HCC,0,Hepatocyte,110,UGT1A9
HCC,0,Hepatocyte,111,CYP3A51P
HCC,0,Hepatocyte,112,AC090625.1
HCC,0,Hepatocyte,113,RP11-15I20.1
HCC,0,Hepatocyte,114,SERPINA10
HCC,0,Hepatocyte,115,RP11-35N6.6
HCC,0,Hepatocyte,116,RP11-548P2.4
HCC,0,Hepatocyte,117,RP11-42O4.2
HCC,0,Hepatocyte,118,CTD-2526L21.3
HCC,0,Hepatocyte,119,RP4-601P9.4
HCC,0,Hepatocyte,120,RP11-354K1.2
HCC,0,Hepatocyte,121,RP11-413H22.2
HCC,0,Hepatocyte,122,RP5-875H18.4
HCC,0,Hepatocyte,123,RNU4ATAC15P
HCC,0,Hepatocyte,124,RN7SL494P
HCC,0,Hepatocyte,125,HOXD4
HCC,0,Hepatocyte,126,OR10J6P
HCC,0,Hepatocyte,127,RP1-81D8.3
HCC,0,Hepatocyte,128,MIR6076
HCC,0,Hepatocyte,129,OR5BH1P
HCC,0,Hepatocyte,130,CTD-2515H24.3
HCC,0,Hepatocyte,131,RPS27P23
HCC,0,Hepatocyte,132,CRP
HCC,0,Hepatocyte,133,UGT1A5
HCC,0,Hepatocyte,134,RP11-959F10.6
HCC,0,Hepatocyte,135,MTND2P28
HCC,0,Hepatocyte,136,RP11-278H7.6
HCC,0,Hepatocyte,137,RP13-392I16.1
HCC,0,Hepatocyte,138,GNA13P1
HCC,0,Hepatocyte,139,AC093159.1
HCC,0,Hepatocyte,140,RP1-287H17.1
HCC,0,Hepatocyte,141,RPS20P32
HCC,0,Hepatocyte,142,ENSG10010136693.1
HCC,0,Hepatocyte,143,RPA3P2
HCC,0,Hepatocyte,144,ENSG10010137222.1
HCC,0,Hepatocyte,145,UGT1A3
HCC,0,Hepatocyte,146,AC114812.9
HCC,0,Hepatocyte,147,RHOG2P
HCC,0,Hepatocyte,148,MTND2P13
HCC,0,Hepatocyte,149,RP11-351O2.2
HCC,0,Hepatocyte,150,RPL12P32
HCC,0,Hepatocyte,151,RP11-458K10.1
HCC,0,Hepatocyte,152,RP11-757A13.1
HCC,0,Hepatocyte,153,DNAJB3
HCC,0,Hepatocyte,154,RNU6-171P
HCC,0,Hepatocyte,155,CTD-2534I21.9
HCC,0,Hepatocyte,156,CLDN2
HCC,0,Hepatocyte,157,ENSG10010136498.1
HCC,0,Hepatocyte,158,ARL14
HCC,0,Hepatocyte,159,MAT1A
HCC,0,Hepatocyte,160,RP11-401N18.1
HCC,0,Hepatocyte,161,ADORA2BP1
HCC,0,Hepatocyte,162,AC009120.11
HCC,0,Hepatocyte,163,CTA-305I2.1
HCC,0,Hepatocyte,164,MET
HCC,0,Hepatocyte,165,FGA
HCC,0,Hepatocyte,166,RP11-503C24.6
HCC,0,Hepatocyte,167,C2orf72
HCC,0,Hepatocyte,168,UBD
HCC,0,Hepatocyte,169,RNF186
HCC,0,Hepatocyte,170,MCCD1P1
HCC,0,Hepatocyte,171,RNU6-1079P
HCC,0,Hepatocyte,172,IRS3P
HCC,0,Hepatocyte,173,DDC-AS1
HCC,0,Hepatocyte,174,RP11-113K21.6
HCC,0,Hepatocyte,175,RP11-294J22.6
HCC,0,Hepatocyte,176,MIR5589
HCC,0,Hepatocyte,177,RP11-91K8.5
HCC,0,Hepatocyte,178,KB-1517D11.4
HCC,0,Hepatocyte,179,RNF14P1
HCC,0,Hepatocyte,180,RPL23AP56
HCC,0,Hepatocyte,181,RP11-468N14.8
HCC,0,Hepatocyte,182,RP11-986E7.8
HCC,0,Hepatocyte,183,RP11-515O17.2
HCC,0,Hepatocyte,184,AC092839.4
HCC,0,Hepatocyte,185,RP11-434J24.4
HCC,0,Hepatocyte,186,C1orf210
HCC,0,Hepatocyte,187,LINC02651
HCC,0,Hepatocyte,188,MIR122
HCC,0,Hepatocyte,189,MIR190A
HCC,0,Hepatocyte,190,CYP3A5
HCC,0,Hepatocyte,191,PON3
HCC,0,Hepatocyte,192,LINC02766
HCC,0,Hepatocyte,193,SLC2A2
HCC,0,Hepatocyte,194,MTND1P15
HCC,0,Hepatocyte,195,THAP12P7
HCC,0,Hepatocyte,196,RPL7AP26
HCC,0,Hepatocyte,197,RP11-613E4.4
HCC,0,Hepatocyte,198,RP11-242O24.3
HCC,0,Hepatocyte,199,H3P35
HCC,0,Hepatocyte,200,CTC-505O3.2
HCC,0,Macrophage,1,MIR8061
HCC,0,Macrophage,2,ARHGAP22-IT1
HCC,0,Macrophage,3,SNORD36
HCC,0,Macrophage,4,CTD-2228A4.1
HCC,0,Macrophage,5,RPL17P1
HCC,0,Macrophage,6,RP3-336K20__B.2
HCC,0,Macrophage,7,PTPRN2-AS1
HCC,0,Macrophage,8,RPL3P1
HCC,0,Macrophage,9,MIR4802
HCC,0,Macrophage,10,RP1-229K20.5
HCC,0,Macrophage,11,WASH8P
HCC,0,Macrophage,12,MIR28
HCC,0,Macrophage,13,OR11G1P
HCC,0,Macrophage,14,C1QB
HCC,0,Macrophage,15,RP11-218C14.5
HCC,0,Macrophage,16,FPR3
HCC,0,Macrophage,17,LLNLR-470E3.2
HCC,0,Macrophage,18,AC009892.5
HCC,0,Macrophage,19,LINC01260
HCC,0,Macrophage,20,PHBP5
HCC,0,Macrophage,21,MIR1208
HCC,0,Macrophage,22,CD300C
HCC,0,Macrophage,23,RPL35P6
HCC,0,Macrophage,24,SIGLEC22P
HCC,0,Macrophage,25,RP11-307A17.2
HCC,0,Macrophage,26,SLAMF9
HCC,0,Macrophage,27,RP11-588L15.2
HCC,0,Macrophage,28,FPR1
HCC,0,Macrophage,29,IL1B
HCC,0,Macrophage,30,HCG24
HCC,0,Macrophage,31,CTB-114C7.5
HCC,0,Macrophage,32,RP11-751K21.1
HCC,0,Macrophage,33,OR8G2P
HCC,0,Macrophage,34,RPL10L
HCC,0,Macrophage,35,RP11-286N3.1
HCC,0,Macrophage,36,RPL7AP73
HCC,0,Macrophage,37,COX6CP16
HCC,0,Macrophage,38,BOLA3P1
HCC,0,Macrophage,39,OR10J4
HCC,0,Macrophage,40,RP11-77A13.1
HCC,0,Macrophage,41,RN7SKP190
HCC,0,Macrophage,42,RP11-67L14.1
HCC,0,Macrophage,43,CTD-2036A2.1
HCC,0,Macrophage,44,RP11-61K12.2
HCC,0,Macrophage,45,SUCNR1
HCC,0,Macrophage,46,HLA-DPA3
HCC,0,Macrophage,47,TLR8-AS1
HCC,0,Macrophage,48,CTD-3187F8.15
HCC,0,Macrophage,49,RP11-490K7.1
HCC,0,Macrophage,50,AC008984.7
HCC,0,Macrophage,51,RP11-388M20.2
HCC,0,Macrophage,52,RP11-468F18.5
HCC,0,Macrophage,53,MIR492
HCC,0,Macrophage,54,FFAR3
HCC,0,Macrophage,55,FLT1P1
HCC,0,Macrophage,56,RP11-431K24.4
HCC,0,Macrophage,57,RP3-340H11.2
HCC,0,Macrophage,58,SIGLEC18P
HCC,0,Macrophage,59,UQCRC2P1
HCC,0,Macrophage,60,RP11-750H9.7
HCC,0,Macrophage,61,RP11-217A12.3
HCC,0,Macrophage,62,RP11-697N18.2
HCC,0,Macrophage,63,CTD-2616J11.15
HCC,0,Macrophage,64,RN7SL371P
HCC,0,Macrophage,65,CTC-518P12.6
HCC,0,Macrophage,66,KNOP1P3
HCC,0,Macrophage,67,CD300LF
HCC,0,Macrophage,68,C1QA
HCC,0,Macrophage,69,MS4A6A
HCC,0,Macrophage,70,OR52P2P
HCC,0,Macrophage,71,CSF2RA
HCC,0,Macrophage,72,RNU6-612P
HCC,0,Macrophage,73,RP11-946L16.2
HCC,0,Macrophage,74,ENSG10010139226.1
HCC,0,Macrophage,75,CYP2A7P2
HCC,0,Macrophage,76,IFNE
HCC,0,Macrophage,77,MIR7-2
HCC,0,Macrophage,78,RNU6-118P
HCC,0,Macrophage,79,RP13-638C3.4
HCC,0,Macrophage,80,RN7SL187P
HCC,0,Macrophage,81,RP11-83B20.6
HCC,0,Macrophage,82,MMP2-AS1
HCC,0,Macrophage,83,RNA5SP151
HCC,0,Macrophage,84,RP5-1042K10.12
HCC,0,Macrophage,85,RP11-27G13.1
HCC,0,Macrophage,86,GPR84
HCC,0,Macrophage,87,AC010492.4
HCC,0,Macrophage,88,RP11-153M7.6
HCC,0,Macrophage,89,FCGR1B
HCC,0,Macrophage,90,CTB-138E5.1
HCC,0,Macrophage,91,RP11-862L9.2
HCC,0,Macrophage,92,RN7SL615P
HCC,0,Macrophage,93,CTD-2240H23.2
HCC,0,Macrophage,94,AP000487.4
HCC,0,Macrophage,95,OR2B11
HCC,0,Macrophage,96,LINC00102
HCC,0,Macrophage,97,RP11-715G15.1
HCC,0,Macrophage,98,RP11-736N17.12
HCC,0,Macrophage,99,HUNK-AS1
HCC,0,Macrophage,100,RP11-153M7.3
HCC,0,Macrophage,101,KRT19P2
HCC,0,Macrophage,102,RNU6-60P
HCC,0,Macrophage,103,BMS1P3
HCC,0,Macrophage,104,RP11-298D21.2
HCC,0,Macrophage,105,RP11-351I21.11
HCC,0,Macrophage,106,MIR6769B
HCC,0,Macrophage,107,RP11-512N21.3
HCC,0,Macrophage,108,RNU6-422P
HCC,0,Macrophage,109,SIRPB2
HCC,0,Macrophage,110,ADGRE2
HCC,0,Macrophage,111,RP11-94P2.1
HCC,0,Macrophage,112,GS1-204I12.3
HCC,0,Macrophage,113,RP11-290L1.7
HCC,0,Macrophage,114,PELATON
HCC,0,Macrophage,115,RP11-113A11.3
HCC,0,Macrophage,116,RN7SL66P
HCC,0,Macrophage,117,RP11-266L9.6
HCC,0,Macrophage,118,RPL21P33
HCC,0,Macrophage,119,RP11-876N24.3
HCC,0,Macrophage,120,CTA-385F2.1
HCC,0,Macrophage,121,CTD-2353N24.1
HCC,0,Macrophage,122,S100A9
HCC,0,Macrophage,123,SIRPD
HCC,0,Macrophage,124,AC108868.5
HCC,0,Macrophage,125,RP5-1039K5.18
HCC,0,Macrophage,126,CFAP61-AS1
HCC,0,Macrophage,127,RP11-503L23.2
HCC,0,Macrophage,128,RNU1-29P
HCC,0,Macrophage,129,LL22NC01-81G9.3
HCC,0,Macrophage,130,ZGLP1
HCC,0,Macrophage,131,SHISA5P1
HCC,0,Macrophage,132,CTD-2003C8.2
HCC,0,Macrophage,133,RN7SKP134
HCC,0,Macrophage,134,RP1-102E24.8
HCC,0,Macrophage,135,RN7SL254P
HCC,0,Macrophage,136,PIGAP1
HCC,0,Macrophage,137,RPL36AP15
HCC,0,Macrophage,138,RPL26P13
HCC,0,Macrophage,139,NUDCP1
HCC,0,Macrophage,140,CTD-2290P7.1
HCC,0,Macrophage,141,CXCL8
HCC,0,Macrophage,142,RNU1-108P
HCC,0,Macrophage,143,RP11-578C11.2
HCC,0,Macrophage,144,SIGLEC19P
HCC,0,Macrophage,145,HMGN1P15
HCC,0,Macrophage,146,RNU5B-3P
HCC,0,Macrophage,147,EEF1DP3
HCC,0,Macrophage,148,RPS15AP30
HCC,0,Macrophage,149,CTB-83J4.1
HCC,0,Macrophage,150,RP11-467I17.1
HCC,0,Macrophage,151,RNU6-1154P
HCC,0,Macrophage,152,NLRP3
HCC,0,Macrophage,153,FPR2
HCC,0,Macrophage,154,RP11-132G19.3
HCC,0,Macrophage,155,PACERR
HCC,0,Macrophage,156,CTD-3193K9.1
HCC,0,Macrophage,157,CRYGFP
HCC,0,Macrophage,158,AC104695.4
HCC,0,Macrophage,159,OR56B3P
HCC,0,Macrophage,160,RNU6ATAC33P
HCC,0,Macrophage,161,FCGR1CP
HCC,0,Macrophage,162,NAP1L4P1
HCC,0,Macrophage,163,OFD1P16Y
HCC,0,Macrophage,164,RP11-447M12.2
HCC,0,Macrophage,165,RP11-522M21.2
HCC,0,Macrophage,166,LARP1BP2
HCC,0,Macrophage,167,RP5-1022P6.5
HCC,0,Macrophage,168,RP11-529G21.3
HCC,0,Macrophage,169,EDDM3DP
HCC,0,Macrophage,170,RPS7P3
HCC,0,Macrophage,171,GPR33
HCC,0,Macrophage,172,PPEF1-AS1
HCC,0,Macrophage,173,MIR4645
HCC,0,Macrophage,174,RP3-388E23.2
HCC,0,Macrophage,175,RP11-340F14.6
HCC,0,Macrophage,176,RPS6P21
HCC,0,Macrophage,177,RP11-399D15.1
HCC,0,Macrophage,178,TRGV6
HCC,0,Macrophage,179,RP11-218M11.1
HCC,0,Macrophage,180,RP11-663N22.1
HCC,0,Macrophage,181,RP11-295K2.6
HCC,0,Macrophage,182,AC100802.3
HCC,0,Macrophage,183,LILRB5
HCC,0,Macrophage,184,MMP8
HCC,0,Macrophage,185,RP11-81A1.7
HCC,0,Macrophage,186,ANKRD66
HCC,0,Macrophage,187,AC006116.22
HCC,0,Macrophage,188,MIR4648
HCC,0,Macrophage,189,SNRPEP5
HCC,0,Macrophage,190,AC100830.5
HCC,0,Macrophage,191,OR8A3P
HCC,0,Macrophage,192,IFNWP4
HCC,0,Macrophage,193,LINC01960
HCC,0,Macrophage,194,CCRL2
HCC,0,Macrophage,195,PTGS2
HCC,0,Macrophage,196,RP1-130E4.4
HCC,0,Macrophage,197,AC007879.3
HCC,0,Macrophage,198,RP11-90P13.2
HCC,0,Macrophage,199,RP11-299H22.7
HCC,0,Macrophage,200,RP11-68D16.1
HCC,0,NK_cytotoxic_T,1,RP5-1178H5.2
HCC,0,NK_cytotoxic_T,2,TRGV10
HCC,0,NK_cytotoxic_T,3,S1PR5
HCC,0,NK_cytotoxic_T,4,RP11-40C18.2
HCC,0,NK_cytotoxic_T,5,IGLV3-17
HCC,0,NK_cytotoxic_T,6,TRGC1
HCC,0,NK_cytotoxic_T,7,TRAJ52
HCC,0,NK_cytotoxic_T,8,GRPEL2P1
HCC,0,NK_cytotoxic_T,9,TRGV9
HCC,0,NK_cytotoxic_T,10,RP11-121A8.1
HCC,0,NK_cytotoxic_T,11,RP11-4B16.3
HCC,0,NK_cytotoxic_T,12,XCL2
HCC,0,NK_cytotoxic_T,13,GZMB
HCC,0,NK_cytotoxic_T,14,TRGV8
HCC,0,NK_cytotoxic_T,15,FGFBP2
HCC,0,NK_cytotoxic_T,16,RP11-44D5.1
HCC,0,NK_cytotoxic_T,17,KRT2
HCC,0,NK_cytotoxic_T,18,RNU7-181P
HCC,0,NK_cytotoxic_T,19,CCL18
HCC,0,NK_cytotoxic_T,20,NCR1
HCC,0,NK_cytotoxic_T,21,RP11-685B13.2
HCC,0,NK_cytotoxic_T,22,WI2-2413G8.1
HCC,0,NK_cytotoxic_T,23,PVRIG2P
HCC,0,NK_cytotoxic_T,24,ANKRD20A18P
HCC,0,NK_cytotoxic_T,25,RP11-1033H12.3
HCC,0,NK_cytotoxic_T,26,PRF1
HCC,0,NK_cytotoxic_T,27,AC007278.2
HCC,0,NK_cytotoxic_T,28,RP11-44D5.2
HCC,0,NK_cytotoxic_T,29,CBS
HCC,0,NK_cytotoxic_T,30,KLRC4-KLRK1
HCC,0,NK_cytotoxic_T,31,DPRXP4
HCC,0,NK_cytotoxic_T,32,IGLV2-14
HCC,0,NK_cytotoxic_T,33,GZMH
HCC,0,NK_cytotoxic_T,34,RP11-630D10.2
HCC,0,NK_cytotoxic_T,35,EOMES
HCC,0,NK_cytotoxic_T,36,RP11-552E4.5
HCC,0,NK_cytotoxic_T,37,HLFP1
HCC,0,NK_cytotoxic_T,38,KLRD1
HCC,0,NK_cytotoxic_T,39,KRT74
HCC,0,NK_cytotoxic_T,40,RP11-259K5.1
HCC,0,NK_cytotoxic_T,41,KLRK1
HCC,0,NK_cytotoxic_T,42,RP11-104L21.2
HCC,0,NK_cytotoxic_T,43,TRGJP
HCC,0,NK_cytotoxic_T,44,IFITM3P2
HCC,0,NK_cytotoxic_T,45,RP11-415F23.2
HCC,0,NK_cytotoxic_T,46,KLRK1-AS1
HCC,0,NK_cytotoxic_T,47,GNLY
HCC,0,NK_cytotoxic_T,48,NCOA4P3
HCC,0,NK_cytotoxic_T,49,RP11-382B18.5
HCC,0,NK_cytotoxic_T,50,TRBJ2-6
HCC,0,NK_cytotoxic_T,51,LGALS9C
HCC,0,NK_cytotoxic_T,52,TRBJ2-5
HCC,0,NK_cytotoxic_T,53,KLRC4
HCC,0,NK_cytotoxic_T,54,RNU6-948P
HCC,0,NK_cytotoxic_T,55,FAM214BP1
HCC,0,NK_cytotoxic_T,56,DEFB109A
HCC,0,NK_cytotoxic_T,57,CTD-2313F11.3
HCC,0,NK_cytotoxic_T,58,KLRF1
HCC,0,NK_cytotoxic_T,59,GZMM
HCC,0,NK_cytotoxic_T,60,RNU6-196P
HCC,0,NK_cytotoxic_T,61,CXCR1
HCC,0,NK_cytotoxic_T,62,MIR5000
HCC,0,NK_cytotoxic_T,63,RP11-353N4.6
HCC,0,NK_cytotoxic_T,64,TRAV1-2
HCC,0,NK_cytotoxic_T,65,NKG7
HCC,0,NK_cytotoxic_T,66,RNU6-1005P
HCC,0,NK_cytotoxic_T,67,PRSS30P
HCC,0,NK_cytotoxic_T,68,IGLV2-18
HCC,0,NK_cytotoxic_T,69,RP1-37N7.7
HCC,0,NK_cytotoxic_T,70,GZMA
HCC,0,NK_cytotoxic_T,71,RNA5SP57
HCC,0,NK_cytotoxic_T,72,RP11-298A10.3
HCC,0,NK_cytotoxic_T,73,KIR2DL4
HCC,0,NK_cytotoxic_T,74,RP11-493E3.2
HCC,0,NK_cytotoxic_T,75,IGLV2-8
HCC,0,NK_cytotoxic_T,76,CST7
HCC,0,NK_cytotoxic_T,77,IGKV2OR2-2
HCC,0,NK_cytotoxic_T,78,CX3CR1
HCC,0,NK_cytotoxic_T,79,LINC02084
HCC,0,NK_cytotoxic_T,80,RP11-104E19.1
HCC,0,NK_cytotoxic_T,81,FRG1KP
HCC,0,NK_cytotoxic_T,82,TRBJ2-4
HCC,0,NK_cytotoxic_T,83,TRGC2
HCC,0,NK_cytotoxic_T,84,SHLD2P2
HCC,0,NK_cytotoxic_T,85,RP4-592A1.4
HCC,0,NK_cytotoxic_T,86,SNRK-AS1
HCC,0,NK_cytotoxic_T,87,AC007349.5
HCC,0,NK_cytotoxic_T,88,TRAJ45
HCC,0,NK_cytotoxic_T,89,RP11-330L19.2
HCC,0,NK_cytotoxic_T,90,NMUR1
HCC,0,NK_cytotoxic_T,91,IFNL1
HCC,0,NK_cytotoxic_T,92,TRBJ1-3
HCC,0,NK_cytotoxic_T,93,MIR650
HCC,0,NK_cytotoxic_T,94,MIR8078
HCC,0,NK_cytotoxic_T,95,TRBJ2-3
HCC,0,NK_cytotoxic_T,96,RP11-659G9.1
HCC,0,NK_cytotoxic_T,97,CD8A
HCC,0,NK_cytotoxic_T,98,CTSW
HCC,0,NK_cytotoxic_T,99,RBISP2
HCC,0,NK_cytotoxic_T,100,FCGR3B
HCC,0,NK_cytotoxic_T,101,TRDD3
HCC,0,NK_cytotoxic_T,102,GNGT2
HCC,0,NK_cytotoxic_T,103,PTGDR
HCC,0,NK_cytotoxic_T,104,IGLV3-9
HCC,0,NK_cytotoxic_T,105,RP11-425D17.2
HCC,0,NK_cytotoxic_T,106,RP11-73O6.3
HCC,0,NK_cytotoxic_T,107,CLIC3
HCC,0,NK_cytotoxic_T,108,TRDJ2
HCC,0,NK_cytotoxic_T,109,LINC02446
HCC,0,NK_cytotoxic_T,110,Z69666.2
HCC,0,NK_cytotoxic_T,111,RP11-326K13.5
HCC,0,NK_cytotoxic_T,112,RP11-543G23.2
HCC,0,NK_cytotoxic_T,113,ENSG10010137683.1
HCC,0,NK_cytotoxic_T,114,CH17-80A12.1
HCC,0,NK_cytotoxic_T,115,AP006285.7
HCC,0,NK_cytotoxic_T,116,MTCYBP34
HCC,0,NK_cytotoxic_T,117,RP11-170L3.7
HCC,0,NK_cytotoxic_T,118,TRAJ3
HCC,0,NK_cytotoxic_T,119,RN7SL702P
HCC,0,NK_cytotoxic_T,120,RP11-388M20.6
HCC,0,NK_cytotoxic_T,121,RN7SL594P
HCC,0,NK_cytotoxic_T,122,TRAJ46
HCC,0,NK_cytotoxic_T,123,RP11-535A5.1
HCC,0,NK_cytotoxic_T,124,RN7SL270P
HCC,0,NK_cytotoxic_T,125,RNU7-171P
HCC,0,NK_cytotoxic_T,126,GOLGA6C
HCC,0,NK_cytotoxic_T,127,RP11-382D8.3
HCC,0,NK_cytotoxic_T,128,TRBJ2-2P
HCC,0,NK_cytotoxic_T,129,RP3-406A7.1
HCC,0,NK_cytotoxic_T,130,RP11-353K11.2
HCC,0,NK_cytotoxic_T,131,MTCO1P29
HCC,0,NK_cytotoxic_T,132,CTD-3220F14.2
HCC,0,NK_cytotoxic_T,133,PSMA1P1
HCC,0,NK_cytotoxic_T,134,HNRNPA1P70
HCC,0,NK_cytotoxic_T,135,RPL38P4
HCC,0,NK_cytotoxic_T,136,TRBJ1-2
HCC,0,NK_cytotoxic_T,137,GOT2P3
HCC,0,NK_cytotoxic_T,138,RN7SL303P
HCC,0,NK_cytotoxic_T,139,SNORD72
HCC,0,NK_cytotoxic_T,140,FCGR3A
HCC,0,NK_cytotoxic_T,141,YWHAEP3
HCC,0,NK_cytotoxic_T,142,BCAS2P2
HCC,0,NK_cytotoxic_T,143,RP11-289I10.2
HCC,0,NK_cytotoxic_T,144,RGPD6
HCC,0,NK_cytotoxic_T,145,TDGF1P6
HCC,0,NK_cytotoxic_T,146,MIR4772
HCC,0,NK_cytotoxic_T,147,TRBVB
HCC,0,NK_cytotoxic_T,148,RP11-460I13.6
HCC,0,NK_cytotoxic_T,149,RP11-179A10.2
HCC,0,NK_cytotoxic_T,150,TRBJ2-2
HCC,0,NK_cytotoxic_T,151,LINC02683
HCC,0,NK_cytotoxic_T,152,H4C12
HCC,0,NK_cytotoxic_T,153,AC007792.1
HCC,0,NK_cytotoxic_T,154,LINC00092
HCC,0,NK_cytotoxic_T,155,RP11-136C24.1
HCC,0,NK_cytotoxic_T,156,RP11-21K12.2
HCC,0,NK_cytotoxic_T,157,IGHV1-46
HCC,0,NK_cytotoxic_T,158,IGKV3D-31
HCC,0,NK_cytotoxic_T,159,ART2P
HCC,0,NK_cytotoxic_T,160,TRBJ1-1
HCC,0,NK_cytotoxic_T,161,RP11-96D1.8
HCC,0,NK_cytotoxic_T,162,IGHV1-58
HCC,0,NK_cytotoxic_T,163,VN1R40P
HCC,0,NK_cytotoxic_T,164,SNORD138
HCC,0,NK_cytotoxic_T,165,RNU6-1192P
HCC,0,NK_cytotoxic_T,166,MIR513A2
HCC,0,NK_cytotoxic_T,167,AC006033.22
HCC,0,NK_cytotoxic_T,168,HOXB4
HCC,0,NK_cytotoxic_T,169,RPL36AP39
HCC,0,NK_cytotoxic_T,170,SNORD14E
HCC,0,NK_cytotoxic_T,171,TRAJ40
HCC,0,NK_cytotoxic_T,172,TRBD1
HCC,0,NK_cytotoxic_T,173,TRAJ38
HCC,0,NK_cytotoxic_T,174,HOMER2P1
HCC,0,NK_cytotoxic_T,175,RP3-405J10.2
HCC,0,NK_cytotoxic_T,176,BIN2
HCC,0,NK_cytotoxic_T,177,ANKRD61
HCC,0,NK_cytotoxic_T,178,IGHVIII-26-1
HCC,0,NK_cytotoxic_T,179,RP11-17E15.1
HCC,0,NK_cytotoxic_T,180,ABHD17A
HCC,0,NK_cytotoxic_T,181,TRBJ2-1
HCC,0,NK_cytotoxic_T,182,RPSAP74
HCC,0,NK_cytotoxic_T,183,LIM2
HCC,0,NK_cytotoxic_T,184,RP11-70O5.2
HCC,0,NK_cytotoxic_T,185,MIR548E
HCC,0,NK_cytotoxic_T,186,MEIS3P2
HCC,0,NK_cytotoxic_T,187,RP11-395I6.2
HCC,0,NK_cytotoxic_T,188,RNVU1-32
HCC,0,NK_cytotoxic_T,189,PIMREGP4
HCC,0,NK_cytotoxic_T,190,PRR33
HCC,0,NK_cytotoxic_T,191,RPL23AP1
HCC,0,NK_cytotoxic_T,192,RPS6
HCC,0,NK_cytotoxic_T,193,PGBD4P1
HCC,0,NK_cytotoxic_T,194,IGHV1-69-2
HCC,0,NK_cytotoxic_T,195,AC000123.3
HCC,0,NK_cytotoxic_T,196,SEPTIN7P5
HCC,0,NK_cytotoxic_T,197,RP11-290F24.6
HCC,0,NK_cytotoxic_T,198,RP11-326C3.15
HCC,0,NK_cytotoxic_T,199,RLN2
HCC,0,NK_cytotoxic_T,200,FTLP5
HCC,1,B_cell,1,MIR339
HCC,1,B_cell,2,RP11-1134I14.6
HCC,1,B_cell,3,LA16c-329F2.1
HCC,1,B_cell,4,IGLV7-43
HCC,1,B_cell,5,IGLV4-60
HCC,1,B_cell,6,RN7SKP141
HCC,1,B_cell,7,AC104024.1
HCC,1,B_cell,8,ANKRD36BP1
HCC,1,B_cell,9,RP11-534L6.2
HCC,1,B_cell,10,RPS3AP7
HCC,1,B_cell,11,RP11-598O12.1
HCC,1,B_cell,12,XXYLT1-AS1
HCC,1,B_cell,13,IGLV4-69
HCC,1,B_cell,14,IGLVI-68
HCC,1,B_cell,15,RNU6-266P
HCC,1,B_cell,16,RPL31P50
HCC,1,B_cell,17,RP11-379K17.2
HCC,1,B_cell,18,LL22NC03-30E12.13
HCC,1,B_cell,19,RP11-136K14.2
HCC,1,B_cell,20,RPL12P28
HCC,1,B_cell,21,TRBV29-1
HCC,1,B_cell,22,TAL2
HCC,1,B_cell,23,RP11-794P6.1
HCC,1,B_cell,24,RP5-837I24.6
HCC,1,B_cell,25,MIR5700
HCC,1,B_cell,26,AL590762.10
HCC,1,B_cell,27,MIR378I
HCC,1,B_cell,28,RP11-158L12.5
HCC,1,B_cell,29,RP11-90P16.1
HCC,1,B_cell,30,IGHA1
HCC,1,B_cell,31,RP5-1022E24.7
HCC,1,B_cell,32,FCRLA
HCC,1,B_cell,33,RP11-505E24.4
HCC,1,B_cell,34,TNFRSF17
HCC,1,B_cell,35,LL22NC01-132D12.4
HCC,1,B_cell,36,RP4-697K14.15
HCC,1,B_cell,37,RP11-772F18.1
HCC,1,B_cell,38,ENSG10010134187.1
HCC,1,B_cell,39,LA16c-390E6.5
HCC,1,B_cell,40,PPIAP40
HCC,1,B_cell,41,DTNB-AS1
HCC,1,B_cell,42,CNR1
HCC,1,B_cell,43,ENSG10010139551.1
HCC,1,B_cell,44,ZFAT-AS1
HCC,1,B_cell,45,RP11-158I9.5
HCC,1,B_cell,46,MIR6836
HCC,1,B_cell,47,PTPRT-AS1
HCC,1,B_cell,48,LINC02397
HCC,1,B_cell,49,MIR5195
HCC,1,B_cell,50,RP11-309L24.10
HCC,1,B_cell,51,MIR3654
HCC,1,B_cell,52,OR6L2P
HCC,1,B_cell,53,RP11-301L8.2
HCC,1,B_cell,54,RPF2P2
HCC,1,B_cell,55,MIR6751
HCC,1,B_cell,56,RP11-570P14.1
HCC,1,B_cell,57,RNU6-30P
HCC,1,B_cell,58,RP11-474P2.6
HCC,1,B_cell,59,VPREB3
HCC,1,B_cell,60,ZNF114P1
HCC,1,B_cell,61,RNU6-354P
HCC,1,B_cell,62,MED6P1
HCC,1,B_cell,63,RP11-371A22.1
HCC,1,B_cell,64,RP11-243M5.3
HCC,1,B_cell,65,VN1R8P
HCC,1,B_cell,66,RN7SL337P
HCC,1,B_cell,67,IGHV5-78
HCC,1,B_cell,68,SDCBPP3
HCC,1,B_cell,69,RPL39P34
HCC,1,B_cell,70,RP1-41C23.2
HCC,1,B_cell,71,RP11-287J9.1
HCC,1,B_cell,72,MIR3674
HCC,1,B_cell,73,MS4A1
HCC,1,B_cell,74,RP11-480C16.1
HCC,1,B_cell,75,RP11-196B3.5
HCC,1,B_cell,76,MIR5571
HCC,1,B_cell,77,RNU6-735P
HCC,1,B_cell,78,RP11-364L4.4
HCC,1,B_cell,79,IGKJ1
HCC,1,B_cell,80,IGLV1-44
HCC,1,B_cell,81,RP3-410C9.2
HCC,1,B_cell,82,C15orf62
HCC,1,B_cell,83,LL22NC03-23C6.12
HCC,1,B_cell,84,SKAP1-AS1
HCC,1,B_cell,85,ATP6V1G1P6
HCC,1,B_cell,86,U62631.5
HCC,1,B_cell,87,RP11-1180F24.1
HCC,1,B_cell,88,TCP11X2
HCC,1,B_cell,89,IGLV8-61
HCC,1,B_cell,90,RP11-775A1.2
HCC,1,B_cell,91,RNU6-397P
HCC,1,B_cell,92,RP11-640M9.4
HCC,1,B_cell,93,CH17-84K15.2
HCC,1,B_cell,94,MTCO2P32
HCC,1,B_cell,95,IGLV6-57
HCC,1,B_cell,96,AC010468.3
HCC,1,B_cell,97,IGKV1OR-2
HCC,1,B_cell,98,NANOGNBP2
HCC,1,B_cell,99,ENSG00000281133
HCC,1,B_cell,100,RPS28P5
HCC,1,B_cell,101,VDAC1P9
HCC,1,B_cell,102,NRBF2P3
HCC,1,B_cell,103,RP11-220H4.2
HCC,1,B_cell,104,RP1-228H13.2
HCC,1,B_cell,105,RSL24D1P11
HCC,1,B_cell,106,RP11-87G24.6
HCC,1,B_cell,107,DNAJB6P4
HCC,1,B_cell,108,IGLC5
HCC,1,B_cell,109,MIR6761
HCC,1,B_cell,110,RP11-654C22.1
HCC,1,B_cell,111,SDR42E1P2
HCC,1,B_cell,112,LCN15
HCC,1,B_cell,113,TNFRSF13B
HCC,1,B_cell,114,RNY1P5
HCC,1,B_cell,115,SEM1P1
HCC,1,B_cell,116,MIR3977
HCC,1,B_cell,117,IGLV1-47
HCC,1,B_cell,118,IGLV11-55
HCC,1,B_cell,119,LINC00494
HCC,1,B_cell,120,LINC02318
HCC,1,B_cell,121,MEP1AP4
HCC,1,B_cell,122,CDRT15P7
HCC,1,B_cell,123,RNU6-886P
HCC,1,B_cell,124,RP11-768B22.2
HCC,1,B_cell,125,P2RX1
HCC,1,B_cell,126,RP11-107P7.1
HCC,1,B_cell,127,RP11-703I16.2
HCC,1,B_cell,128,RP11-439E19.10
HCC,1,B_cell,129,KRTAP9-8
HCC,1,B_cell,130,RP11-20O24.1
HCC,1,B_cell,131,RP11-227G15.2
HCC,1,B_cell,132,H3P42
HCC,1,B_cell,133,IGHA2
HCC,1,B_cell,134,RP11-474P2.4
HCC,1,B_cell,135,RNU4-38P
HCC,1,B_cell,136,RP11-95I16.4
HCC,1,B_cell,137,LLNLR-470E3.1
HCC,1,B_cell,138,IGLVI-56
HCC,1,B_cell,139,CERNA2
HCC,1,B_cell,140,RP11-158I9.1
HCC,1,B_cell,141,RP11-297B17.3
HCC,1,B_cell,142,RP11-353J17.5
HCC,1,B_cell,143,RP4-570O12.3
HCC,1,B_cell,144,RP11-58K22.4
HCC,1,B_cell,145,RP11-745A24.3
HCC,1,B_cell,146,RP11-252P18.1
HCC,1,B_cell,147,RPS23P2
HCC,1,B_cell,148,SSX8P
HCC,1,B_cell,149,RP11-274J15.4
HCC,1,B_cell,150,RP11-468E2.10
HCC,1,B_cell,151,RN7SL328P
HCC,1,B_cell,152,CTC-518B2.12
HCC,1,B_cell,153,ANKRD20A6P
HCC,1,B_cell,154,MIR761
HCC,1,B_cell,155,RP11-149F8.4
HCC,1,B_cell,156,C12orf77
HCC,1,B_cell,157,RN7SL387P
HCC,1,B_cell,158,RP11-517H2.7
HCC,1,B_cell,159,USP17L1
HCC,1,B_cell,160,CTD-2017D15.1
HCC,1,B_cell,161,ENSG10010135837.1
HCC,1,B_cell,162,ENSG00000280249
HCC,1,B_cell,163,RP11-255E6.7
HCC,1,B_cell,164,RNU6-1254P
HCC,1,B_cell,165,TLR9
HCC,1,B_cell,166,MBD3L5
HCC,1,B_cell,167,RPL32P23
HCC,1,B_cell,168,GP5
HCC,1,B_cell,169,IGKV4-1
HCC,1,B_cell,170,MIR6085
HCC,1,B_cell,171,PNOC
HCC,1,B_cell,172,LINC02090
HCC,1,B_cell,173,OR4C14P
HCC,1,B_cell,174,OR8R1P
HCC,1,B_cell,175,MIR548C
HCC,1,B_cell,176,RP11-380I10.2
HCC,1,B_cell,177,TRIM53BP
HCC,1,B_cell,178,EXOSC3P2
HCC,1,B_cell,179,MIR4693
HCC,1,B_cell,180,RP11-542M13.5
HCC,1,B_cell,181,MIR513A2
HCC,1,B_cell,182,SNORA9B
HCC,1,B_cell,183,RP11-16E12.2
HCC,1,B_cell,184,RP11-683I7.1
HCC,1,B_cell,185,OR5B21
HCC,1,B_cell,186,HNRNPA3P16
HCC,1,B_cell,187,RP11-710E1.2
HCC,1,B_cell,188,AF131216.8
HCC,1,B_cell,189,RP1-130L23.1
HCC,1,B_cell,190,RP3-329A5.1
HCC,1,B_cell,191,CYP4A43P
HCC,1,B_cell,192,RP11-544A12.5
HCC,1,B_cell,193,RN7SL555P
HCC,1,B_cell,194,BLK
HCC,1,B_cell,195,RPL12P30
HCC,1,B_cell,196,RP11-283G6.7
HCC,1,B_cell,197,RP11-797A18.6
HCC,1,B_cell,198,RP11-932O9.8
HCC,1,B_cell,199,IGKJ5
HCC,1,B_cell,200,MIR5011
HCC,1,CD4_T,1,RP5-1068B5.5
HCC,1,CD4_T,2,RNU1-119P
HCC,1,CD4_T,3,GAPDHP17
HCC,1,CD4_T,4,NBPF19
HCC,1,CD4_T,5,MIR3118-1
HCC,1,CD4_T,6,RP11-566K19.9
HCC,1,CD4_T,7,SNORD111
HCC,1,CD4_T,8,ULK4P2
HCC,1,CD4_T,9,RNA5SP491
HCC,1,CD4_T,10,PABPC1P8
HCC,1,CD4_T,11,RP1-228H13.5
HCC,1,CD4_T,12,CCR8
HCC,1,CD4_T,13,RNU6-183P
HCC,1,CD4_T,14,ENSG10010137661.1
HCC,1,CD4_T,15,RNU6-110P
HCC,1,CD4_T,16,MIR4439
HCC,1,CD4_T,17,RNU5B-4P
HCC,1,CD4_T,18,TRBV21OR9-2
HCC,1,CD4_T,19,SNX18P12
HCC,1,CD4_T,20,AP000280.66
HCC,1,CD4_T,21,RP11-104D21.1
HCC,1,CD4_T,22,RP11-184E9.4
HCC,1,CD4_T,23,RP11-131M11.2
HCC,1,CD4_T,24,RP5-1025A1.2
HCC,1,CD4_T,25,AC002306.1
HCC,1,CD4_T,26,B3GALNT1P1
HCC,1,CD4_T,27,RP11-386M24.5
HCC,1,CD4_T,28,RNA5SP168
HCC,1,CD4_T,29,RP11-56L13.8
HCC,1,CD4_T,30,RP11-134L4.2
HCC,1,CD4_T,31,RNU6-280P
HCC,1,CD4_T,32,COX6CP17
HCC,1,CD4_T,33,BX255923.2
HCC,1,CD4_T,34,RNA5SP493
HCC,1,CD4_T,35,RP5-1180E21.4
HCC,1,CD4_T,36,MTATP6P8
HCC,1,CD4_T,37,RNU6-1191P
HCC,1,CD4_T,38,MIR382
HCC,1,CD4_T,39,MIR548Q
HCC,1,CD4_T,40,RNF7P1
HCC,1,CD4_T,41,AC074366.3
HCC,1,CD4_T,42,RP11-70D24.1
HCC,1,CD4_T,43,MTHFD1P1
HCC,1,CD4_T,44,RNU7-22P
HCC,1,CD4_T,45,LCE3B
HCC,1,CD4_T,46,ENSG10010135969.1
HCC,1,CD4_T,47,IGHV1-14
HCC,1,CD4_T,48,BUD31P1
HCC,1,CD4_T,49,LINC01842
HCC,1,CD4_T,50,RPL34P31
HCC,1,CD4_T,51,DGKZP1
HCC,1,CD4_T,52,MIR4708
HCC,1,CD4_T,53,CTC-311G1.1
HCC,1,CD4_T,54,MIR8060
HCC,1,CD4_T,55,S100A11P6
HCC,1,CD4_T,56,MIR548T
HCC,1,CD4_T,57,RP11-324J13.1
HCC,1,CD4_T,58,SLC25A3P3
HCC,1,CD4_T,59,RNA5-8SP4
HCC,1,CD4_T,60,SEPTIN7P1
HCC,1,CD4_T,61,TRBV18
HCC,1,CD4_T,62,PRR20FP
HCC,1,CD4_T,63,MIR580
HCC,1,CD4_T,64,FAM71B
HCC,1,CD4_T,65,TXNP5
HCC,1,CD4_T,66,ENSG10010134680.1
HCC,1,CD4_T,67,LINC02195
HCC,1,CD4_T,68,RP11-436A7.1
HCC,1,CD4_T,69,OR2A42
HCC,1,CD4_T,70,RP11-486M23.3
HCC,1,CD4_T,71,RP11-927P21.9
HCC,1,CD4_T,72,MIR134
HCC,1,CD4_T,73,RNU6-25P
HCC,1,CD4_T,74,CCR4
HCC,1,CD4_T,75,GOLGA8T
HCC,1,CD4_T,76,IGHV1OR15-6
HCC,1,CD4_T,77,DUXAP4
HCC,1,CD4_T,78,YWHAZP6
HCC,1,CD4_T,79,RP11-32B5.5
HCC,1,CD4_T,80,RP11-467L13.4
HCC,1,CD4_T,81,RNU6-602P
HCC,1,CD4_T,82,OR7E87P
HCC,1,CD4_T,83,RP13-726E6.4
HCC,1,CD4_T,84,RP11-649E7.7
HCC,1,CD4_T,85,IGHD3OR15-3B
HCC,1,CD4_T,86,RNU1-16P
HCC,1,CD4_T,87,GS1-53I10.2
HCC,1,CD4_T,88,RP5-1029F21.3
HCC,1,CD4_T,89,MTCO3P41
HCC,1,CD4_T,90,PMCH
HCC,1,CD4_T,91,CTB-3M24.1
HCC,1,CD4_T,92,RP5-1037N22.2
HCC,1,CD4_T,93,RP13-726E6.1
HCC,1,CD4_T,94,RNU7-61P
HCC,1,CD4_T,95,MIR4657
HCC,1,CD4_T,96,RP11-313H3.1
HCC,1,CD4_T,97,JADRR
HCC,1,CD4_T,98,RP11-305B6.1
HCC,1,CD4_T,99,MIR5004
HCC,1,CD4_T,100,RP11-402G3.4
HCC,1,CD4_T,101,RNU1-30P
HCC,1,CD4_T,102,TRAV8-7
HCC,1,CD4_T,103,IGHV3-11
HCC,1,CD4_T,104,MIR139
HCC,1,CD4_T,105,RN7SL261P
HCC,1,CD4_T,106,RP11-98J23.1
HCC,1,CD4_T,107,MIR6750
HCC,1,CD4_T,108,RP11-395E19.2
HCC,1,CD4_T,109,ASS1P4
HCC,1,CD4_T,110,OPCML-IT2
HCC,1,CD4_T,111,TMEM212-IT1
HCC,1,CD4_T,112,AC020951.1
HCC,1,CD4_T,113,ASS1P1
HCC,1,CD4_T,114,HERC2P4
HCC,1,CD4_T,115,UST-AS2
HCC,1,CD4_T,116,PKMP2
HCC,1,CD4_T,117,RP1-172H20.4
HCC,1,CD4_T,118,RP11-5P18.11
HCC,1,CD4_T,119,AP000248.1
HCC,1,CD4_T,120,RN7SL267P
HCC,1,CD4_T,121,CTD-2323K18.3
HCC,1,CD4_T,122,ENSG10010135727.1
HCC,1,CD4_T,123,RNU6-107P
HCC,1,CD4_T,124,OR7E7P
HCC,1,CD4_T,125,RNU7-173P
HCC,1,CD4_T,126,RPL30P1
HCC,1,CD4_T,127,MIR3612
HCC,1,CD4_T,128,RNU6-202P
HCC,1,CD4_T,129,SNX9-AS1
HCC,1,CD4_T,130,GAPDHP72
HCC,1,CD4_T,131,ANAPC1P5
HCC,1,CD4_T,132,MIR7848
HCC,1,CD4_T,133,RNU6-820P
HCC,1,CD4_T,134,RP11-373F14.1
HCC,1,CD4_T,135,RNA5SP223
HCC,1,CD4_T,136,TRAJ5
HCC,1,CD4_T,137,TRBV7-4
HCC,1,CD4_T,138,OR14K1
HCC,1,CD4_T,139,RP11-70D24.4
HCC,1,CD4_T,140,RP11-715F3.1
HCC,1,CD4_T,141,RP11-567L7.3
HCC,1,CD4_T,142,RP3-508I15.21
HCC,1,CD4_T,143,OR4C15
HCC,1,CD4_T,144,RP11-235E17.3
HCC,1,CD4_T,145,RP11-711M9.2
HCC,1,CD4_T,146,OR2V2
HCC,1,CD4_T,147,RN7SL652P
HCC,1,CD4_T,148,OR1X1P
HCC,1,CD4_T,149,PTP4A1P2
HCC,1,CD4_T,150,MED13P1
HCC,1,CD4_T,151,RP11-264B17.5
HCC,1,CD4_T,152,TMEM95
HCC,1,CD4_T,153,CARD17
HCC,1,CD4_T,154,RNU6-336P
HCC,1,CD4_T,155,AC084809.3
HCC,1,CD4_T,156,NCOA4P1
HCC,1,CD4_T,157,CTD-2193P3.1
HCC,1,CD4_T,158,MIR548BB
HCC,1,CD4_T,159,FNDC9
HCC,1,CD4_T,160,MRPS31P1
HCC,1,CD4_T,161,CMTM1
HCC,1,CD4_T,162,TXNP7
HCC,1,CD4_T,163,RP11-255E6.5
HCC,1,CD4_T,164,RPSAP8
HCC,1,CD4_T,165,RPL14P3
HCC,1,CD4_T,166,LLfos-22E10.1
HCC,1,CD4_T,167,RNU6-753P
HCC,1,CD4_T,168,OR56A7P
HCC,1,CD4_T,169,KRT8P25
HCC,1,CD4_T,170,RP11-661C8.4
HCC,1,CD4_T,171,RNU6-1000P
HCC,1,CD4_T,172,ENSG10010138157.1
HCC,1,CD4_T,173,EIF4BP4
HCC,1,CD4_T,174,RP11-1174L13.2
HCC,1,CD4_T,175,RP5-1085F17.3
HCC,1,CD4_T,176,RP11-20B24.6
HCC,1,CD4_T,177,AC009237.2
HCC,1,CD4_T,178,TRBV12-3
HCC,1,CD4_T,179,IGHV4-4
HCC,1,CD4_T,180,EIF3CL
HCC,1,CD4_T,181,XXyac-YR21CG7.1
HCC,1,CD4_T,182,TPM3P3
HCC,1,CD4_T,183,RP11-1029J19.2
HCC,1,CD4_T,184,GTF3C6P1
HCC,1,CD4_T,185,RP11-849F2.10
HCC,1,CD4_T,186,MIR766
HCC,1,CD4_T,187,MIR5190
HCC,1,CD4_T,188,VPS26AP1
HCC,1,CD4_T,189,RP11-557B9.1
HCC,1,CD4_T,190,RNA5SP240
HCC,1,CD4_T,191,PRR23D1
HCC,1,CD4_T,192,RP11-23N11.1
HCC,1,CD4_T,193,DPP10-AS3
HCC,1,CD4_T,194,RPL35AP29
HCC,1,CD4_T,195,CTC-342M10.2
HCC,1,CD4_T,196,AC068279.3
HCC,1,CD4_T,197,IGHV2-5
HCC,1,CD4_T,198,MTCO3P10
HCC,1,CD4_T,199,RNU6-1167P
HCC,1,CD4_T,200,RP11-96D1.9
HCC,1,Endothelial_stromal,1,CLEC14A
HCC,1,Endothelial_stromal,2,RP11-212E4.1
HCC,1,Endothelial_stromal,3,RP11-95F22.1
HCC,1,Endothelial_stromal,4,CYCSP26
HCC,1,Endothelial_stromal,5,C2CD4B
HCC,1,Endothelial_stromal,6,MIR199A2
HCC,1,Endothelial_stromal,7,PABPC4L
HCC,1,Endothelial_stromal,8,CLDN5
HCC,1,Endothelial_stromal,9,RNU1-115P
HCC,1,Endothelial_stromal,10,AC000050.1
HCC,1,Endothelial_stromal,11,AC000082.4
HCC,1,Endothelial_stromal,12,RP11-227D13.1
HCC,1,Endothelial_stromal,13,DNM3OS
HCC,1,Endothelial_stromal,14,PTP4A2P2
HCC,1,Endothelial_stromal,15,SOX18
HCC,1,Endothelial_stromal,16,GS1-345D13.1
HCC,1,Endothelial_stromal,17,RNA5SP481
HCC,1,Endothelial_stromal,18,RP11-6L6.7
HCC,1,Endothelial_stromal,19,HOXD-AS2
HCC,1,Endothelial_stromal,20,GJA1
HCC,1,Endothelial_stromal,21,RFPL3
HCC,1,Endothelial_stromal,22,SLC25A5P7
HCC,1,Endothelial_stromal,23,HOXD9
HCC,1,Endothelial_stromal,24,RNU2-21P
HCC,1,Endothelial_stromal,25,HOXD8
HCC,1,Endothelial_stromal,26,COX5BP2
HCC,1,Endothelial_stromal,27,RP11-274H24.4
HCC,1,Endothelial_stromal,28,RPS20P4
HCC,1,Endothelial_stromal,29,RP11-513O13.1
HCC,1,Endothelial_stromal,30,ZNF454-DT
HCC,1,Endothelial_stromal,31,ATP6V0CP1
HCC,1,Endothelial_stromal,32,RNA5SP69
HCC,1,Endothelial_stromal,33,OR2AS2P
HCC,1,Endothelial_stromal,34,SOX17
HCC,1,Endothelial_stromal,35,RP11-27M24.2
HCC,1,Endothelial_stromal,36,RNU6-1298P
HCC,1,Endothelial_stromal,37,MIR8089
HCC,1,Endothelial_stromal,38,RNA5SP249
HCC,1,Endothelial_stromal,39,C11orf96
HCC,1,Endothelial_stromal,40,ID4
HCC,1,Endothelial_stromal,41,RP11-314N13.9
HCC,1,Endothelial_stromal,42,ZCRB1P1
HCC,1,Endothelial_stromal,43,HOXA5
HCC,1,Endothelial_stromal,44,RP11-168P8.3
HCC,1,Endothelial_stromal,45,ENSG10010136563.1
HCC,1,Endothelial_stromal,46,PCDH17
HCC,1,Endothelial_stromal,47,HAGLROS
HCC,1,Endothelial_stromal,48,ENPP7P12
HCC,1,Endothelial_stromal,49,AF064858.9
HCC,1,Endothelial_stromal,50,RP11-421L21.2
HCC,1,Endothelial_stromal,51,RP1-144F13.3
HCC,1,Endothelial_stromal,52,RP11-191A15.2
HCC,1,Endothelial_stromal,53,MIR542
HCC,1,Endothelial_stromal,54,RP11-776F5.1
HCC,1,Endothelial_stromal,55,MIX23P1
HCC,1,Endothelial_stromal,56,RP11-709A23.2
HCC,1,Endothelial_stromal,57,SMG6-IT1
HCC,1,Endothelial_stromal,58,RNU7-35P
HCC,1,Endothelial_stromal,59,MIR8085
HCC,1,Endothelial_stromal,60,RP11-667K14.14
HCC,1,Endothelial_stromal,61,GJA4
HCC,1,Endothelial_stromal,62,RP11-95G6.1
HCC,1,Endothelial_stromal,63,SNORD114-18
HCC,1,Endothelial_stromal,64,COX7A1
HCC,1,Endothelial_stromal,65,SOX7
HCC,1,Endothelial_stromal,66,RP11-207D10.1
HCC,1,Endothelial_stromal,67,HNRNPA3P14
HCC,1,Endothelial_stromal,68,ENSG10010139087.1
HCC,1,Endothelial_stromal,69,ENSG10010138144.1
HCC,1,Endothelial_stromal,70,RNU6-832P
HCC,1,Endothelial_stromal,71,LINC02530
HCC,1,Endothelial_stromal,72,AC005609.18
HCC,1,Endothelial_stromal,73,SNORD114-17
HCC,1,Endothelial_stromal,74,RP11-262A16.1
HCC,1,Endothelial_stromal,75,LINC02344
HCC,1,Endothelial_stromal,76,RP1-18D14.7
HCC,1,Endothelial_stromal,77,RPL12P23
HCC,1,Endothelial_stromal,78,ADAMTS1
HCC,1,Endothelial_stromal,79,CTD-2145A24.5
HCC,1,Endothelial_stromal,80,APLNR
HCC,1,Endothelial_stromal,81,RP11-53M11.5
HCC,1,Endothelial_stromal,82,MIR4299
HCC,1,Endothelial_stromal,83,RP11-495L18.2
HCC,1,Endothelial_stromal,84,RP11-547D24.1
HCC,1,Endothelial_stromal,85,RN7SKP11
HCC,1,Endothelial_stromal,86,RP11-744K17.3
HCC,1,Endothelial_stromal,87,C1QTNF5
HCC,1,Endothelial_stromal,88,RP13-152O15.5
HCC,1,Endothelial_stromal,89,TRAPPC2P7
HCC,1,Endothelial_stromal,90,RP11-564C24.2
HCC,1,Endothelial_stromal,91,MIR6788
HCC,1,Endothelial_stromal,92,LA16c-380F5.1
HCC,1,Endothelial_stromal,93,TRIM60P14
HCC,1,Endothelial_stromal,94,LINC00454
HCC,1,Endothelial_stromal,95,STC1
HCC,1,Endothelial_stromal,96,LINC02452
HCC,1,Endothelial_stromal,97,RP11-676J12.9
HCC,1,Endothelial_stromal,98,SEC11B
HCC,1,Endothelial_stromal,99,NUDT19P4
HCC,1,Endothelial_stromal,100,RP11-146F11.2
HCC,1,Endothelial_stromal,101,KDR
HCC,1,Endothelial_stromal,102,RP11-96D24.1
HCC,1,Endothelial_stromal,103,RP11-672A2.4
HCC,1,Endothelial_stromal,104,CTD-2223O18.1
HCC,1,Endothelial_stromal,105,RP11-127L20.7
HCC,1,Endothelial_stromal,106,RP11-182E7.1
HCC,1,Endothelial_stromal,107,RP11-288D15.1
HCC,1,Endothelial_stromal,108,HOXD1
HCC,1,Endothelial_stromal,109,PHC1P1
HCC,1,Endothelial_stromal,110,MYCT1
HCC,1,Endothelial_stromal,111,CDH5
HCC,1,Endothelial_stromal,112,CYP4F62P
HCC,1,Endothelial_stromal,113,EDNRB
HCC,1,Endothelial_stromal,114,MIR8055
HCC,1,Endothelial_stromal,115,RP11-616M22.1
HCC,1,Endothelial_stromal,116,PHKG1P2
HCC,1,Endothelial_stromal,117,IGKV1D-12
HCC,1,Endothelial_stromal,118,RPS15AP24
HCC,1,Endothelial_stromal,119,LINC00453
HCC,1,Endothelial_stromal,120,MIR505
HCC,1,Endothelial_stromal,121,AC124789.1
HCC,1,Endothelial_stromal,122,RP11-252P19.2
HCC,1,Endothelial_stromal,123,RPL36AP14
HCC,1,Endothelial_stromal,124,RPL7P20
HCC,1,Endothelial_stromal,125,CTA-243E7.3
HCC,1,Endothelial_stromal,126,RP11-155N3.4
HCC,1,Endothelial_stromal,127,XXbac-B476C20.14
HCC,1,Endothelial_stromal,128,GNG11
HCC,1,Endothelial_stromal,129,LINC01820
HCC,1,Endothelial_stromal,130,MIR513A1
HCC,1,Endothelial_stromal,131,RP11-98L12.2
HCC,1,Endothelial_stromal,132,MIR7704
HCC,1,Endothelial_stromal,133,MIR3129
HCC,1,Endothelial_stromal,134,MIR3668
HCC,1,Endothelial_stromal,135,NRN1
HCC,1,Endothelial_stromal,136,RNU6-247P
HCC,1,Endothelial_stromal,137,RP11-530I17.1
HCC,1,Endothelial_stromal,138,HMGB1P32
HCC,1,Endothelial_stromal,139,RP11-734K2.3
HCC,1,Endothelial_stromal,140,MIR7160
HCC,1,Endothelial_stromal,141,RN7SKP14
HCC,1,Endothelial_stromal,142,RP11-64C12.1
HCC,1,Endothelial_stromal,143,RP11-474I11.7
HCC,1,Endothelial_stromal,144,RP11-416K24.1
HCC,1,Endothelial_stromal,145,UBE2WP1
HCC,1,Endothelial_stromal,146,LINC02104
HCC,1,Endothelial_stromal,147,RP11-468N14.3
HCC,1,Endothelial_stromal,148,SAPCD1
HCC,1,Endothelial_stromal,149,ENSG10010137961.1
HCC,1,Endothelial_stromal,150,GATA2
HCC,1,Endothelial_stromal,151,RP11-483L5.1
HCC,1,Endothelial_stromal,152,TMEM185AP1
HCC,1,Endothelial_stromal,153,FITM1
HCC,1,Endothelial_stromal,154,H3-2
HCC,1,Endothelial_stromal,155,RP1-38C16.2
HCC,1,Endothelial_stromal,156,VN1R71P
HCC,1,Endothelial_stromal,157,RNA5SP490
HCC,1,Endothelial_stromal,158,RPL39P26
HCC,1,Endothelial_stromal,159,RP11-272L14.3
HCC,1,Endothelial_stromal,160,IGBP1P5
HCC,1,Endothelial_stromal,161,RNU4-65P
HCC,1,Endothelial_stromal,162,MIR8073
HCC,1,Endothelial_stromal,163,ENSG10010134915.1
HCC,1,Endothelial_stromal,164,VEGFC
HCC,1,Endothelial_stromal,165,MIR3173
HCC,1,Endothelial_stromal,166,RPS21P4
HCC,1,Endothelial_stromal,167,RP11-613D13.8
HCC,1,Endothelial_stromal,168,RP11-453N3.1
HCC,1,Endothelial_stromal,169,RRM2P4
HCC,1,Endothelial_stromal,170,RN7SKP233
HCC,1,Endothelial_stromal,171,LINC01870
HCC,1,Endothelial_stromal,172,RP11-203F10.6
HCC,1,Endothelial_stromal,173,RP11-94P14.1
HCC,1,Endothelial_stromal,174,RP11-1J7.1
HCC,1,Endothelial_stromal,175,RNU6-152P
HCC,1,Endothelial_stromal,176,MIR3180-1
HCC,1,Endothelial_stromal,177,BTF3P13
HCC,1,Endothelial_stromal,178,RP11-26H16.1
HCC,1,Endothelial_stromal,179,RP1-142L7.9
HCC,1,Endothelial_stromal,180,FOXC2
HCC,1,Endothelial_stromal,181,RP11-567J20.2
HCC,1,Endothelial_stromal,182,RP1-170O19.22
HCC,1,Endothelial_stromal,183,FOXC2-AS1
HCC,1,Endothelial_stromal,184,SYNE1-AS1
HCC,1,Endothelial_stromal,185,RP5-1166A24.1
HCC,1,Endothelial_stromal,186,AC004870.5
HCC,1,Endothelial_stromal,187,CTD-2541M15.3
HCC,1,Endothelial_stromal,188,AC009227.3
HCC,1,Endothelial_stromal,189,CALHM5
HCC,1,Endothelial_stromal,190,HOXA-AS3
HCC,1,Endothelial_stromal,191,RP11-167B3.2
HCC,1,Endothelial_stromal,192,HOXA2
HCC,1,Endothelial_stromal,193,PPIAP24
HCC,1,Endothelial_stromal,194,GRAMD4P8
HCC,1,Endothelial_stromal,195,AP001605.4
HCC,1,Endothelial_stromal,196,AC073621.2
HCC,1,Endothelial_stromal,197,RP11-497E19.1
HCC,1,Endothelial_stromal,198,UBE2V1P2
HCC,1,Endothelial_stromal,199,SMIM7P1
HCC,1,Endothelial_stromal,200,RP11-304F15.3
HCC,1,Hepatocyte,1,RP4-604G5.5
HCC,1,Hepatocyte,2,RPS26P31
HCC,1,Hepatocyte,3,NR0B2
HCC,1,Hepatocyte,4,SLC10A5
HCC,1,Hepatocyte,5,RP11-486A14.1
HCC,1,Hepatocyte,6,RP11-530A18.1
HCC,1,Hepatocyte,7,RP11-549K20.2
HCC,1,Hepatocyte,8,RP11-14N9.1
HCC,1,Hepatocyte,9,AZGP1
HCC,1,Hepatocyte,10,CTD-2342N23.1
HCC,1,Hepatocyte,11,TMEM75
HCC,1,Hepatocyte,12,UGT1A2P
HCC,1,Hepatocyte,13,APCS
HCC,1,Hepatocyte,14,RP13-923O23.7
HCC,1,Hepatocyte,15,MIR3591
HCC,1,Hepatocyte,16,ENSG10010134473.1
HCC,1,Hepatocyte,17,FOXA2
HCC,1,Hepatocyte,18,CTD-2515H24.3
HCC,1,Hepatocyte,19,ENSG10010136111.1
HCC,1,Hepatocyte,20,RP11-710E1.1
HCC,1,Hepatocyte,21,ENSG10010134740.1
HCC,1,Hepatocyte,22,CRPP1
HCC,1,Hepatocyte,23,LEAP2
HCC,1,Hepatocyte,24,RP11-959F10.6
HCC,1,Hepatocyte,25,CLDN3
HCC,1,Hepatocyte,26,TFDP1P2
HCC,1,Hepatocyte,27,MIR122HG
HCC,1,Hepatocyte,28,RPL19P14
HCC,1,Hepatocyte,29,RP11-725L2.2
HCC,1,Hepatocyte,30,RP11-263G22.1
HCC,1,Hepatocyte,31,UPP2-IT1
HCC,1,Hepatocyte,32,LINC01067
HCC,1,Hepatocyte,33,MAPK6P1
HCC,1,Hepatocyte,34,DCAF4L2
HCC,1,Hepatocyte,35,NAT8
HCC,1,Hepatocyte,36,RP11-510N19.5
HCC,1,Hepatocyte,37,RPL21P42
HCC,1,Hepatocyte,38,MIR4428
HCC,1,Hepatocyte,39,RPL7L1P3
HCC,1,Hepatocyte,40,H2BP5
HCC,1,Hepatocyte,41,CCAT2
HCC,1,Hepatocyte,42,RP11-434J24.4
HCC,1,Hepatocyte,43,CTD-2008P7.7
HCC,1,Hepatocyte,44,TSPO2
HCC,1,Hepatocyte,45,ELF3
HCC,1,Hepatocyte,46,GJB1
HCC,1,Hepatocyte,47,RP4-614O4.13
HCC,1,Hepatocyte,48,LL22NC01-146D10.5
HCC,1,Hepatocyte,49,MIR30B
HCC,1,Hepatocyte,50,AC012485.2
HCC,1,Hepatocyte,51,FGG
HCC,1,Hepatocyte,52,GPT
HCC,1,Hepatocyte,53,RPL23AP95
HCC,1,Hepatocyte,54,RP11-113K21.6
HCC,1,Hepatocyte,55,RP11-327J17.2
HCC,1,Hepatocyte,56,KRT17P8
HCC,1,Hepatocyte,57,AP006216.5
HCC,1,Hepatocyte,58,RP1-257A7.5
HCC,1,Hepatocyte,59,RP11-379P1.5
HCC,1,Hepatocyte,60,RP11-83B6.1
HCC,1,Hepatocyte,61,RP11-124G5.2
HCC,1,Hepatocyte,62,RP13-526J3.1
HCC,1,Hepatocyte,63,CYP3A4
HCC,1,Hepatocyte,64,NPM1P31
HCC,1,Hepatocyte,65,RP11-278H7.5
HCC,1,Hepatocyte,66,RP11-740C1.2
HCC,1,Hepatocyte,67,RP4-604G5.4
HCC,1,Hepatocyte,68,LINC02779
HCC,1,Hepatocyte,69,GREB1L-DT
HCC,1,Hepatocyte,70,ENSG10010137173.1
HCC,1,Hepatocyte,71,RHOG2P
HCC,1,Hepatocyte,72,RP11-548P2.4
HCC,1,Hepatocyte,73,LINC00272
HCC,1,Hepatocyte,74,ASB9P1
HCC,1,Hepatocyte,75,CTD-3037G24.5
HCC,1,Hepatocyte,76,PRDX1P1
HCC,1,Hepatocyte,77,CYP3A43
HCC,1,Hepatocyte,78,PCK1
HCC,1,Hepatocyte,79,RP11-35N6.6
HCC,1,Hepatocyte,80,RP11-1430O6.1
HCC,1,Hepatocyte,81,RP11-91K8.2
HCC,1,Hepatocyte,82,RP11-223I10.1
HCC,1,Hepatocyte,83,TTPA
HCC,1,Hepatocyte,84,AGT
HCC,1,Hepatocyte,85,SERPINA10
HCC,1,Hepatocyte,86,KLHDC7A
HCC,1,Hepatocyte,87,APOA2
HCC,1,Hepatocyte,88,MIR4796
HCC,1,Hepatocyte,89,MTND2P13
HCC,1,Hepatocyte,90,AC021218.2
HCC,1,Hepatocyte,91,RP11-126D17.1
HCC,1,Hepatocyte,92,RNA5SP288
HCC,1,Hepatocyte,93,RP11-503C24.6
HCC,1,Hepatocyte,94,NACA4P
HCC,1,Hepatocyte,95,RP1-81D8.3
HCC,1,Hepatocyte,96,COX6B1P6
HCC,1,Hepatocyte,97,RIPPLY1
HCC,1,Hepatocyte,98,MAT1A
HCC,1,Hepatocyte,99,OR10J6P
HCC,1,Hepatocyte,100,HMGB1P3
HCC,1,Hepatocyte,101,MCCD1P1
HCC,1,Hepatocyte,102,FGA
HCC,1,Hepatocyte,103,UBD
HCC,1,Hepatocyte,104,BAAT
HCC,1,Hepatocyte,105,ELF3-AS1
HCC,1,Hepatocyte,106,CTD-2534I21.9
HCC,1,Hepatocyte,107,RP11-132N15.2
HCC,1,Hepatocyte,108,CTD-2517M22.14
HCC,1,Hepatocyte,109,RPS20P32
HCC,1,Hepatocyte,110,RP11-759A9.1
HCC,1,Hepatocyte,111,RPL38P1
HCC,1,Hepatocyte,112,C4BPB
HCC,1,Hepatocyte,113,RPL37AP1
HCC,1,Hepatocyte,114,CTA-305I2.1
HCC,1,Hepatocyte,115,AC105443.2
HCC,1,Hepatocyte,116,RP11-274J2.1
HCC,1,Hepatocyte,117,LINC02766
HCC,1,Hepatocyte,118,FOXQ1
HCC,1,Hepatocyte,119,RPL23AP96
HCC,1,Hepatocyte,120,MET
HCC,1,Hepatocyte,121,RNA5SP397
HCC,1,Hepatocyte,122,MIR6081
HCC,1,Hepatocyte,123,MTND2P28
HCC,1,Hepatocyte,124,UGT1A4
HCC,1,Hepatocyte,125,RP4-604A21.1
HCC,1,Hepatocyte,126,RP11-45A17.3
HCC,1,Hepatocyte,127,CCND2P1
HCC,1,Hepatocyte,128,RP1-117P20.3
HCC,1,Hepatocyte,129,MTCO1P12
HCC,1,Hepatocyte,130,AC012506.3
HCC,1,Hepatocyte,131,APOC3
HCC,1,Hepatocyte,132,ENSG10010137222.1
HCC,1,Hepatocyte,133,RP11-383J24.1
HCC,1,Hepatocyte,134,RP11-332H18.7
HCC,1,Hepatocyte,135,UGT1A6
HCC,1,Hepatocyte,136,RNA5SP384
HCC,1,Hepatocyte,137,OR5BH1P
HCC,1,Hepatocyte,138,RP11-413H22.2
HCC,1,Hepatocyte,139,RN7SL494P
HCC,1,Hepatocyte,140,AKR1C1
HCC,1,Hepatocyte,141,CTA-21C21.1
HCC,1,Hepatocyte,142,DDC-AS1
HCC,1,Hepatocyte,143,LINC01101
HCC,1,Hepatocyte,144,MTND1P15
HCC,1,Hepatocyte,145,RNU6-929P
HCC,1,Hepatocyte,146,IGFBP1
HCC,1,Hepatocyte,147,RP4-749H3.3
HCC,1,Hepatocyte,148,RP11-986E7.8
HCC,1,Hepatocyte,149,LINC01419
HCC,1,Hepatocyte,150,AC114812.8
HCC,1,Hepatocyte,151,RP11-613E4.4
HCC,1,Hepatocyte,152,MST1L
HCC,1,Hepatocyte,153,CTB-2L9.1
HCC,1,Hepatocyte,154,UGT1A5
HCC,1,Hepatocyte,155,CLDN2
HCC,1,Hepatocyte,156,AC009120.11
HCC,1,Hepatocyte,157,RFESDP1
HCC,1,Hepatocyte,158,CTB-3M24.2
HCC,1,Hepatocyte,159,SNORD114-29
HCC,1,Hepatocyte,160,RP4-736H5.3
HCC,1,Hepatocyte,161,RP11-515O17.2
HCC,1,Hepatocyte,162,MIR375
HCC,1,Hepatocyte,163,MIR4664
HCC,1,Hepatocyte,164,AC092839.4
HCC,1,Hepatocyte,165,AC009517.2
HCC,1,Hepatocyte,166,CTD-2015A6.2
HCC,1,Hepatocyte,167,CTB-161M19.1
HCC,1,Hepatocyte,168,RP11-118D22.3
HCC,1,Hepatocyte,169,RP11-356C4.5
HCC,1,Hepatocyte,170,MIR587
HCC,1,Hepatocyte,171,NAV2-AS5
HCC,1,Hepatocyte,172,PON1
HCC,1,Hepatocyte,173,RP11-1151B14.2
HCC,1,Hepatocyte,174,CYP3A5
HCC,1,Hepatocyte,175,RP11-278H7.6
HCC,1,Hepatocyte,176,RPL18P13
HCC,1,Hepatocyte,177,MIR4663
HCC,1,Hepatocyte,178,UGT1A7
HCC,1,Hepatocyte,179,RP4-791C19.1
HCC,1,Hepatocyte,180,GS1-124K5.10
HCC,1,Hepatocyte,181,RPL7AP6
HCC,1,Hepatocyte,182,CYP3A51P
HCC,1,Hepatocyte,183,SOX9
HCC,1,Hepatocyte,184,RP11-21A7A.4
HCC,1,Hepatocyte,185,MIR4467
HCC,1,Hepatocyte,186,UGT1A1
HCC,1,Hepatocyte,187,RP11-93H12.4
HCC,1,Hepatocyte,188,RP11-354K1.2
HCC,1,Hepatocyte,189,LINC02535
HCC,1,Hepatocyte,190,RP11-293K19.1
HCC,1,Hepatocyte,191,PMS2P11
HCC,1,Hepatocyte,192,RP11-270G18.1
HCC,1,Hepatocyte,193,AC114812.9
HCC,1,Hepatocyte,194,UGT1A3
HCC,1,Hepatocyte,195,CFHR4
HCC,1,Hepatocyte,196,CTD-2008P7.3
HCC,1,Hepatocyte,197,GPR37
HCC,1,Hepatocyte,198,ENSG10010136487.1
HCC,1,Hepatocyte,199,RP13-644M16.4
HCC,1,Hepatocyte,200,TMEM171
HCC,1,Macrophage,1,SNORD36
HCC,1,Macrophage,2,MIR8061
HCC,1,Macrophage,3,AC009892.5
HCC,1,Macrophage,4,RP1-229K20.5
HCC,1,Macrophage,5,BOLA3P1
HCC,1,Macrophage,6,LLNLR-470E3.2
HCC,1,Macrophage,7,FPR1
HCC,1,Macrophage,8,RP3-336K20__B.2
HCC,1,Macrophage,9,MIR1208
HCC,1,Macrophage,10,LINC00102
HCC,1,Macrophage,11,FPR3
HCC,1,Macrophage,12,SHISA5P1
HCC,1,Macrophage,13,RP11-217A12.3
HCC,1,Macrophage,14,MIR4802
HCC,1,Macrophage,15,UQCRC2P1
HCC,1,Macrophage,16,RPL7AP73
HCC,1,Macrophage,17,GS1-204I12.3
HCC,1,Macrophage,18,RP11-512N21.3
HCC,1,Macrophage,19,RP11-77A13.1
HCC,1,Macrophage,20,RN7SKP190
HCC,1,Macrophage,21,ENSG10010139344.1
HCC,1,Macrophage,22,PHBP5
HCC,1,Macrophage,23,COX6CP16
HCC,1,Macrophage,24,RP11-399D15.1
HCC,1,Macrophage,25,SLAMF9
HCC,1,Macrophage,26,RP11-468F18.5
HCC,1,Macrophage,27,RP11-751K21.1
HCC,1,Macrophage,28,RPS15AP30
HCC,1,Macrophage,29,CD300C
HCC,1,Macrophage,30,PTPRN2-AS1
HCC,1,Macrophage,31,RPL26P13
HCC,1,Macrophage,32,RP11-218C14.5
HCC,1,Macrophage,33,RP11-307A17.2
HCC,1,Macrophage,34,RP11-374M1.9
HCC,1,Macrophage,35,RP11-67L14.1
HCC,1,Macrophage,36,ENSG10010139226.1
HCC,1,Macrophage,37,C1QB
HCC,1,Macrophage,38,MIR7-2
HCC,1,Macrophage,39,GPR33
HCC,1,Macrophage,40,RN7SL615P
HCC,1,Macrophage,41,RP11-715G15.1
HCC,1,Macrophage,42,C1QA
HCC,1,Macrophage,43,RNU6-118P
HCC,1,Macrophage,44,CTB-114C7.5
HCC,1,Macrophage,45,SIGLEC18P
HCC,1,Macrophage,46,LINC01260
HCC,1,Macrophage,47,IL1B
HCC,1,Macrophage,48,HCAR2
HCC,1,Macrophage,49,CTD-2228A4.1
HCC,1,Macrophage,50,RNA5SP151
HCC,1,Macrophage,51,CSF2RA
HCC,1,Macrophage,52,OR11G1P
HCC,1,Macrophage,53,SIGLEC19P
HCC,1,Macrophage,54,MIR5009
HCC,1,Macrophage,55,RP11-153M7.3
HCC,1,Macrophage,56,RP11-153M7.6
HCC,1,Macrophage,57,RPL3P1
HCC,1,Macrophage,58,RN7SL371P
HCC,1,Macrophage,59,HCG24
HCC,1,Macrophage,60,MIR28
HCC,1,Macrophage,61,RP11-388M20.2
HCC,1,Macrophage,62,CTD-3187F8.15
HCC,1,Macrophage,63,ARHGAP22-IT1
HCC,1,Macrophage,64,RN7SKP134
HCC,1,Macrophage,65,RP11-84C10.2
HCC,1,Macrophage,66,HLA-DPA3
HCC,1,Macrophage,67,MMP8
HCC,1,Macrophage,68,RPL35P6
HCC,1,Macrophage,69,AP000487.4
HCC,1,Macrophage,70,PRKXP1
HCC,1,Macrophage,71,RP11-113A11.3
HCC,1,Macrophage,72,FFAR3
HCC,1,Macrophage,73,RP11-431K24.4
HCC,1,Macrophage,74,RP11-411G7.2
HCC,1,Macrophage,75,RPSAP40
HCC,1,Macrophage,76,RPL10L
HCC,1,Macrophage,77,AC108868.5
HCC,1,Macrophage,78,RN7SL187P
HCC,1,Macrophage,79,RP11-490K7.1
HCC,1,Macrophage,80,FCGR1A
HCC,1,Macrophage,81,RP11-750H9.7
HCC,1,Macrophage,82,ATP5MC1P3
HCC,1,Macrophage,83,ADGRE2
HCC,1,Macrophage,84,RP11-726G23.3
HCC,1,Macrophage,85,RP11-174G17.3
HCC,1,Macrophage,86,FCGR1B
HCC,1,Macrophage,87,RPS20P25
HCC,1,Macrophage,88,RP4-785G19.2
HCC,1,Macrophage,89,LINC01960
HCC,1,Macrophage,90,RP11-342F17.2
HCC,1,Macrophage,91,RP11-286N3.1
HCC,1,Macrophage,92,OR10AA1P
HCC,1,Macrophage,93,GCNT2P1
HCC,1,Macrophage,94,RNU6-244P
HCC,1,Macrophage,95,RP11-298D21.2
HCC,1,Macrophage,96,SNX19P4
HCC,1,Macrophage,97,FCF1P7
HCC,1,Macrophage,98,RP11-467I17.1
HCC,1,Macrophage,99,RP11-667K14.9
HCC,1,Macrophage,100,HUNK-AS1
HCC,1,Macrophage,101,AC092316.1
HCC,1,Macrophage,102,CCRL2
HCC,1,Macrophage,103,RNU1-108P
HCC,1,Macrophage,104,RP11-51I5.1
HCC,1,Macrophage,105,MFSD1P1
HCC,1,Macrophage,106,RN7SL769P
HCC,1,Macrophage,107,RNU6ATAC33P
HCC,1,Macrophage,108,RP11-736N17.12
HCC,1,Macrophage,109,RNU5B-3P
HCC,1,Macrophage,110,RP3-340H11.2
HCC,1,Macrophage,111,RP11-182E21.1
HCC,1,Macrophage,112,CXCL8
HCC,1,Macrophage,113,RP11-15A1.4
HCC,1,Macrophage,114,RP11-61K12.2
HCC,1,Macrophage,115,CD300LB
HCC,1,Macrophage,116,RP11-507E23.1
HCC,1,Macrophage,117,ZNF577
HCC,1,Macrophage,118,MS4A6A
HCC,1,Macrophage,119,CYP2A7P2
HCC,1,Macrophage,120,RP11-432D22.1
HCC,1,Macrophage,121,COL4A2-AS2
HCC,1,Macrophage,122,RN7SL66P
HCC,1,Macrophage,123,RP11-154D6.2
HCC,1,Macrophage,124,MIR520E
HCC,1,Macrophage,125,LINC00656
HCC,1,Macrophage,126,WASH8P
HCC,1,Macrophage,127,COL11A2P1
HCC,1,Macrophage,128,RP1-102E24.8
HCC,1,Macrophage,129,RP11-81A1.7
HCC,1,Macrophage,130,CSF1R
HCC,1,Macrophage,131,MRPS21P2
HCC,1,Macrophage,132,RP11-862L9.2
HCC,1,Macrophage,133,CTB-138E5.1
HCC,1,Macrophage,134,RPL36AP15
HCC,1,Macrophage,135,CLEC7A
HCC,1,Macrophage,136,OLR1
HCC,1,Macrophage,137,S100A9
HCC,1,Macrophage,138,RP11-96C23.13
HCC,1,Macrophage,139,RP11-65B23.3
HCC,1,Macrophage,140,RP11-15A1.9
HCC,1,Macrophage,141,HINT1P1
HCC,1,Macrophage,142,RP11-506K6.4
HCC,1,Macrophage,143,RP11-867G2.4
HCC,1,Macrophage,144,CTD-2061E19.6
HCC,1,Macrophage,145,MMP2-AS1
HCC,1,Macrophage,146,RP11-542A14.2
HCC,1,Macrophage,147,ENSG10010137746.1
HCC,1,Macrophage,148,U47924.32
HCC,1,Macrophage,149,PELATON
HCC,1,Macrophage,150,RP11-40C6.2
HCC,1,Macrophage,151,PIGAP1
HCC,1,Macrophage,152,SIRPB2
HCC,1,Macrophage,153,RP11-867G2.5
HCC,1,Macrophage,154,MIR1283-1
HCC,1,Macrophage,155,RNU1-123P
HCC,1,Macrophage,156,LINC02111
HCC,1,Macrophage,157,AC010492.4
HCC,1,Macrophage,158,RP11-576N17.6
HCC,1,Macrophage,159,RNU6-520P
HCC,1,Macrophage,160,RP11-529G21.3
HCC,1,Macrophage,161,HCK
HCC,1,Macrophage,162,RNU4-86P
HCC,1,Macrophage,163,CD300LF
HCC,1,Macrophage,164,CLEC4E
HCC,1,Macrophage,165,OR2B11
HCC,1,Macrophage,166,AC100802.3
HCC,1,Macrophage,167,RP11-94P2.1
HCC,1,Macrophage,168,SIGLEC7
HCC,1,Macrophage,169,TAS2R40
HCC,1,Macrophage,170,AC008984.7
HCC,1,Macrophage,171,OR1D5
HCC,1,Macrophage,172,RP11-313N8.1
HCC,1,Macrophage,173,RP5-1039K5.18
HCC,1,Macrophage,174,CTD-2036A2.1
HCC,1,Macrophage,175,CCL19
HCC,1,Macrophage,176,RNU4-46P
HCC,1,Macrophage,177,RP11-90P13.2
HCC,1,Macrophage,178,RNU4-91P
HCC,1,Macrophage,179,RPL21P2
HCC,1,Macrophage,180,RP11-218C14.8
HCC,1,Macrophage,181,MIR520A
HCC,1,Macrophage,182,RNA5SP46
HCC,1,Macrophage,183,MRPS11P1
HCC,1,Macrophage,184,CTD-2003C8.2
HCC,1,Macrophage,185,RP13-638C3.4
HCC,1,Macrophage,186,HMGN1P15
HCC,1,Macrophage,187,RNU6-544P
HCC,1,Macrophage,188,CTD-2081C10.7
HCC,1,Macrophage,189,ZGLP1
HCC,1,Macrophage,190,TREM1
HCC,1,Macrophage,191,FPR2
HCC,1,Macrophage,192,SERPINA2
HCC,1,Macrophage,193,OR52P2P
HCC,1,Macrophage,194,RP11-133K1.12
HCC,1,Macrophage,195,AC006116.22
HCC,1,Macrophage,196,RNU6-1306P
HCC,1,Macrophage,197,RPL11P3
HCC,1,Macrophage,198,LILRB5
HCC,1,Macrophage,199,RP11-485G7.6
HCC,1,Macrophage,200,RNA5SP344
HCC,1,NK_cytotoxic_T,1,S1PR5
HCC,1,NK_cytotoxic_T,2,XCL2
HCC,1,NK_cytotoxic_T,3,SHLD2P2
HCC,1,NK_cytotoxic_T,4,AC007278.2
HCC,1,NK_cytotoxic_T,5,TRAJ52
HCC,1,NK_cytotoxic_T,6,RP5-1178H5.2
HCC,1,NK_cytotoxic_T,7,TRGC1
HCC,1,NK_cytotoxic_T,8,TRGV8
HCC,1,NK_cytotoxic_T,9,RP11-121A8.1
HCC,1,NK_cytotoxic_T,10,KLRK1
HCC,1,NK_cytotoxic_T,11,TRGV9
HCC,1,NK_cytotoxic_T,12,FGFBP2
HCC,1,NK_cytotoxic_T,13,SPATA31E2P
HCC,1,NK_cytotoxic_T,14,RP11-40C18.2
HCC,1,NK_cytotoxic_T,15,KLRC4-KLRK1
HCC,1,NK_cytotoxic_T,16,RP11-170L3.7
HCC,1,NK_cytotoxic_T,17,IGHV1-69D
HCC,1,NK_cytotoxic_T,18,CCL18
HCC,1,NK_cytotoxic_T,19,PRF1
HCC,1,NK_cytotoxic_T,20,RP11-136C24.1
HCC,1,NK_cytotoxic_T,21,GZMB
HCC,1,NK_cytotoxic_T,22,TRGV10
HCC,1,NK_cytotoxic_T,23,MIR4306
HCC,1,NK_cytotoxic_T,24,NCR1
HCC,1,NK_cytotoxic_T,25,NPM1P34
HCC,1,NK_cytotoxic_T,26,KLRK1-AS1
HCC,1,NK_cytotoxic_T,27,RP4-738P11.3
HCC,1,NK_cytotoxic_T,28,IGLV3-9
HCC,1,NK_cytotoxic_T,29,IGLV2-14
HCC,1,NK_cytotoxic_T,30,RNF19BPY
HCC,1,NK_cytotoxic_T,31,RP11-330L19.2
HCC,1,NK_cytotoxic_T,32,ANKRD20A18P
HCC,1,NK_cytotoxic_T,33,LINC02446
HCC,1,NK_cytotoxic_T,34,KLRC4
HCC,1,NK_cytotoxic_T,35,KRT74
HCC,1,NK_cytotoxic_T,36,RP11-326C3.15
HCC,1,NK_cytotoxic_T,37,RP11-259K5.1
HCC,1,NK_cytotoxic_T,38,KIR2DL4
HCC,1,NK_cytotoxic_T,39,PVRIG2P
HCC,1,NK_cytotoxic_T,40,EOMES
HCC,1,NK_cytotoxic_T,41,NCOA4P3
HCC,1,NK_cytotoxic_T,42,RP11-4B16.3
HCC,1,NK_cytotoxic_T,43,NMUR1
HCC,1,NK_cytotoxic_T,44,RPL36AP39
HCC,1,NK_cytotoxic_T,45,KLRB1
HCC,1,NK_cytotoxic_T,46,GZMM
HCC,1,NK_cytotoxic_T,47,RNU6-744P
HCC,1,NK_cytotoxic_T,48,GNLY
HCC,1,NK_cytotoxic_T,49,RP11-846F4.6
HCC,1,NK_cytotoxic_T,50,DPRXP4
HCC,1,NK_cytotoxic_T,51,Z69666.2
HCC,1,NK_cytotoxic_T,52,RP11-659G9.1
HCC,1,NK_cytotoxic_T,53,RP11-44D5.2
HCC,1,NK_cytotoxic_T,54,GZMH
HCC,1,NK_cytotoxic_T,55,RP11-1079K10.4
HCC,1,NK_cytotoxic_T,56,RP11-44F14.5
HCC,1,NK_cytotoxic_T,57,KLRF1
HCC,1,NK_cytotoxic_T,58,RP11-434H6.7
HCC,1,NK_cytotoxic_T,59,AC005944.2
HCC,1,NK_cytotoxic_T,60,PTGDR
HCC,1,NK_cytotoxic_T,61,MIR5000
HCC,1,NK_cytotoxic_T,62,RNU7-181P
HCC,1,NK_cytotoxic_T,63,WI2-88277B6.1
HCC,1,NK_cytotoxic_T,64,ANKRD20A17P
HCC,1,NK_cytotoxic_T,65,TRGC2
HCC,1,NK_cytotoxic_T,66,RNA5SP260
HCC,1,NK_cytotoxic_T,67,NKG7
HCC,1,NK_cytotoxic_T,68,TRBJ1-4
HCC,1,NK_cytotoxic_T,69,KLRD1
HCC,1,NK_cytotoxic_T,70,RN7SL299P
HCC,1,NK_cytotoxic_T,71,RP11-53I6.1
HCC,1,NK_cytotoxic_T,72,LINC01878
HCC,1,NK_cytotoxic_T,73,CD8A
HCC,1,NK_cytotoxic_T,74,FCGR3A
HCC,1,NK_cytotoxic_T,75,RP11-1033H12.3
HCC,1,NK_cytotoxic_T,76,RP11-297C4.3
HCC,1,NK_cytotoxic_T,77,GZMA
HCC,1,NK_cytotoxic_T,78,ENSG10010134620.1
HCC,1,NK_cytotoxic_T,79,OR4A42P
HCC,1,NK_cytotoxic_T,80,TRGJP
HCC,1,NK_cytotoxic_T,81,CLIC3
HCC,1,NK_cytotoxic_T,82,LINC02442
HCC,1,NK_cytotoxic_T,83,ANXA2P3
HCC,1,NK_cytotoxic_T,84,LINC00092
HCC,1,NK_cytotoxic_T,85,RP11-73O6.3
HCC,1,NK_cytotoxic_T,86,SNRK-AS1
HCC,1,NK_cytotoxic_T,87,MTHFD2P2
HCC,1,NK_cytotoxic_T,88,CX3CR1
HCC,1,NK_cytotoxic_T,89,TRAJ45
HCC,1,NK_cytotoxic_T,90,IGLV2-8
HCC,1,NK_cytotoxic_T,91,OR4R2P
HCC,1,NK_cytotoxic_T,92,RP11-44D5.1
HCC,1,NK_cytotoxic_T,93,CTD-2047H16.2
HCC,1,NK_cytotoxic_T,94,RP11-104E19.1
HCC,1,NK_cytotoxic_T,95,IGLV3-17
HCC,1,NK_cytotoxic_T,96,LINC02683
HCC,1,NK_cytotoxic_T,97,IGHV1-46
HCC,1,NK_cytotoxic_T,98,RP11-298A10.3
HCC,1,NK_cytotoxic_T,99,RP4-620F22.2
HCC,1,NK_cytotoxic_T,100,AC007349.5
HCC,1,NK_cytotoxic_T,101,ENSG10010138111.1
HCC,1,NK_cytotoxic_T,102,CSTP1
HCC,1,NK_cytotoxic_T,103,TRAJ51
HCC,1,NK_cytotoxic_T,104,SH2D1B
HCC,1,NK_cytotoxic_T,105,CTSW
HCC,1,NK_cytotoxic_T,106,RP11-21K12.2
HCC,1,NK_cytotoxic_T,107,RNU6-1162P
HCC,1,NK_cytotoxic_T,108,RNU6-403P
HCC,1,NK_cytotoxic_T,109,PRR33
HCC,1,NK_cytotoxic_T,110,DDX43P1
HCC,1,NK_cytotoxic_T,111,RP11-212P7.1
HCC,1,NK_cytotoxic_T,112,RN7SKP166
HCC,1,NK_cytotoxic_T,113,GOLGA8CP
HCC,1,NK_cytotoxic_T,114,IFNL1
HCC,1,NK_cytotoxic_T,115,CST7
HCC,1,NK_cytotoxic_T,116,TRAJ39
HCC,1,NK_cytotoxic_T,117,MIR650
HCC,1,NK_cytotoxic_T,118,TRBJ1-5
HCC,1,NK_cytotoxic_T,119,ART2P
HCC,1,NK_cytotoxic_T,120,RP11-425D17.2
HCC,1,NK_cytotoxic_T,121,RP11-128N14.4
HCC,1,NK_cytotoxic_T,122,SNORD3P1
HCC,1,NK_cytotoxic_T,123,RP4-568C11.4
HCC,1,NK_cytotoxic_T,124,TRAJ46
HCC,1,NK_cytotoxic_T,125,RP11-104L21.2
HCC,1,NK_cytotoxic_T,126,LINC01632
HCC,1,NK_cytotoxic_T,127,FAM131B-AS1
HCC,1,NK_cytotoxic_T,128,RP11-845M18.6
HCC,1,NK_cytotoxic_T,129,RP11-493L12.7
HCC,1,NK_cytotoxic_T,130,USP12PY
HCC,1,NK_cytotoxic_T,131,RP11-460I13.6
HCC,1,NK_cytotoxic_T,132,RPL23AP39
HCC,1,NK_cytotoxic_T,133,FCGR3B
HCC,1,NK_cytotoxic_T,134,RP11-535A5.1
HCC,1,NK_cytotoxic_T,135,DEFB108C
HCC,1,NK_cytotoxic_T,136,GRPEL2P1
HCC,1,NK_cytotoxic_T,137,CTC-325H20.7
HCC,1,NK_cytotoxic_T,138,SNORD72
HCC,1,NK_cytotoxic_T,139,MIR548AT
HCC,1,NK_cytotoxic_T,140,CTD-3220F14.2
HCC,1,NK_cytotoxic_T,141,TRBJ1-3
HCC,1,NK_cytotoxic_T,142,PRKAR1AP1
HCC,1,NK_cytotoxic_T,143,RNU12-2P
HCC,1,NK_cytotoxic_T,144,NDUFA3P2
HCC,1,NK_cytotoxic_T,145,RP11-354B3.1
HCC,1,NK_cytotoxic_T,146,TRAJ37
HCC,1,NK_cytotoxic_T,147,RP11-382D8.3
HCC,1,NK_cytotoxic_T,148,FTLP5
HCC,1,NK_cytotoxic_T,149,RNU6-173P
HCC,1,NK_cytotoxic_T,150,ENSG10010137117.1
HCC,1,NK_cytotoxic_T,151,HOXB4
HCC,1,NK_cytotoxic_T,152,TRAJ38
HCC,1,NK_cytotoxic_T,153,OR1AB1P
HCC,1,NK_cytotoxic_T,154,LINC02084
HCC,1,NK_cytotoxic_T,155,RP11-395I6.2
HCC,1,NK_cytotoxic_T,156,RP11-374M1.5
HCC,1,NK_cytotoxic_T,157,RP11-814E24.3
HCC,1,NK_cytotoxic_T,158,RN7SL482P
HCC,1,NK_cytotoxic_T,159,RP11-305E17.4
HCC,1,NK_cytotoxic_T,160,MIR3136
HCC,1,NK_cytotoxic_T,161,BTF3L4P3
HCC,1,NK_cytotoxic_T,162,RTP5
HCC,1,NK_cytotoxic_T,163,CCL5
HCC,1,NK_cytotoxic_T,164,CIBAR2
HCC,1,NK_cytotoxic_T,165,AC015849.2
HCC,1,NK_cytotoxic_T,166,RN7SL263P
HCC,1,NK_cytotoxic_T,167,RP11-732A19.2
HCC,1,NK_cytotoxic_T,168,AP001048.4
HCC,1,NK_cytotoxic_T,169,VTRNA3-1P
HCC,1,NK_cytotoxic_T,170,RNU6-1192P
HCC,1,NK_cytotoxic_T,171,RP11-317J9.1
HCC,1,NK_cytotoxic_T,172,AC009508.1
HCC,1,NK_cytotoxic_T,173,TRBJ1-2
HCC,1,NK_cytotoxic_T,174,TRAV21
HCC,1,NK_cytotoxic_T,175,ZNF705D
HCC,1,NK_cytotoxic_T,176,MIR1205
HCC,1,NK_cytotoxic_T,177,RP1-169P22.2
HCC,1,NK_cytotoxic_T,178,IGHV1-58
HCC,1,NK_cytotoxic_T,179,RP11-685N10.1
HCC,1,NK_cytotoxic_T,180,GTF2H2B
HCC,1,NK_cytotoxic_T,181,RP11-216B13.1
HCC,1,NK_cytotoxic_T,182,RPS26P42
HCC,1,NK_cytotoxic_T,183,AC006033.22
HCC,1,NK_cytotoxic_T,184,TRAJ44
HCC,1,NK_cytotoxic_T,185,XCL1
HCC,1,NK_cytotoxic_T,186,KRT2
HCC,1,NK_cytotoxic_T,187,LGALS9C
HCC,1,NK_cytotoxic_T,188,ENSG10010140007.1
HCC,1,NK_cytotoxic_T,189,MIR6835
HCC,1,NK_cytotoxic_T,190,CTSLP4
HCC,1,NK_cytotoxic_T,191,FAM214BP1
HCC,1,NK_cytotoxic_T,192,KLRC1
HCC,1,NK_cytotoxic_T,193,LL22NC03-48A11.14
HCC,1,NK_cytotoxic_T,194,PRAMEF13
HCC,1,NK_cytotoxic_T,195,TXK
HCC,1,NK_cytotoxic_T,196,LINC01980
HCC,1,NK_cytotoxic_T,197,RP11-493E3.2
HCC,1,NK_cytotoxic_T,198,RNU6-1042P
HCC,1,NK_cytotoxic_T,199,ENSG10010135892.1
HCC,1,NK_cytotoxic_T,200,RNU6-230P
HCC,2,B_cell,1,MIR339
HCC,2,B_cell,2,RP11-1134I14.6
HCC,2,B_cell,3,LA16c-329F2.1
HCC,2,B_cell,4,IGLV7-43
HCC,2,B_cell,5,AC104024.1
HCC,2,B_cell,6,IGLV4-60
HCC,2,B_cell,7,IGLV4-69
HCC,2,B_cell,8,TNFRSF17
HCC,2,B_cell,9,IGLVI-68
HCC,2,B_cell,10,XXYLT1-AS1
HCC,2,B_cell,11,MIR378I
HCC,2,B_cell,12,CNR1
HCC,2,B_cell,13,LL22NC03-30E12.13
HCC,2,B_cell,14,RP11-379K17.2
HCC,2,B_cell,15,MIR3654
HCC,2,B_cell,16,ANKRD36BP1
HCC,2,B_cell,17,RP11-371A22.1
HCC,2,B_cell,18,RP11-772F18.1
HCC,2,B_cell,19,MIR5195
HCC,2,B_cell,20,TAL2
HCC,2,B_cell,21,RPS3AP7
HCC,2,B_cell,22,DTNB-AS1
HCC,2,B_cell,23,MTCO2P32
HCC,2,B_cell,24,RPL31P50
HCC,2,B_cell,25,RP11-1399P15.1
HCC,2,B_cell,26,MIR6836
HCC,2,B_cell,27,TRBV29-1
HCC,2,B_cell,28,RP11-534L6.2
HCC,2,B_cell,29,RSL24D1P11
HCC,2,B_cell,30,IGHV5-78
HCC,2,B_cell,31,RP11-309L24.10
HCC,2,B_cell,32,U62631.5
HCC,2,B_cell,33,VPREB3
HCC,2,B_cell,34,PPIAP40
HCC,2,B_cell,35,RP5-837I24.6
HCC,2,B_cell,36,IGLV7-46
HCC,2,B_cell,37,RP11-109G23.1
HCC,2,B_cell,38,FCRLA
HCC,2,B_cell,39,IGKV2D-36
HCC,2,B_cell,40,MS4A1
HCC,2,B_cell,41,XXbac-B476C20.13
HCC,2,B_cell,42,NANOGNBP2
HCC,2,B_cell,43,MIR6751
HCC,2,B_cell,44,IGLV6-57
HCC,2,B_cell,45,RP11-136K14.2
HCC,2,B_cell,46,KRT18P50
HCC,2,B_cell,47,RP5-1022E24.7
HCC,2,B_cell,48,RP11-794P6.1
HCC,2,B_cell,49,RN7SKP141
HCC,2,B_cell,50,IGHA1
HCC,2,B_cell,51,CTD-2269E23.3
HCC,2,B_cell,52,CERNA2
HCC,2,B_cell,53,PNOC
HCC,2,B_cell,54,LINC00400
HCC,2,B_cell,55,IGKV2OR2-1
HCC,2,B_cell,56,NPIPB11
HCC,2,B_cell,57,VN1R8P
HCC,2,B_cell,58,RP11-762J3.1
HCC,2,B_cell,59,RP11-301L8.2
HCC,2,B_cell,60,RNU6-266P
HCC,2,B_cell,61,RP11-1180F24.1
HCC,2,B_cell,62,AC009970.1
HCC,2,B_cell,63,RNU4-38P
HCC,2,B_cell,64,RP11-187D20.1
HCC,2,B_cell,65,RP5-1042K10.13
HCC,2,B_cell,66,RP11-158L12.5
HCC,2,B_cell,67,RN7SL692P
HCC,2,B_cell,68,C15orf62
HCC,2,B_cell,69,TLR9
HCC,2,B_cell,70,RNU6-211P
HCC,2,B_cell,71,RP11-184C23.1
HCC,2,B_cell,72,RN7SL337P
HCC,2,B_cell,73,RP11-138I18.2
HCC,2,B_cell,74,RPF2P2
HCC,2,B_cell,75,RP11-231C14.5
HCC,2,B_cell,76,MYOCD-AS1
HCC,2,B_cell,77,ENSG00000263963
HCC,2,B_cell,78,MRPL49P1
HCC,2,B_cell,79,MIR5571
HCC,2,B_cell,80,IGKV2-24
HCC,2,B_cell,81,RP11-542M13.5
HCC,2,B_cell,82,ATP6V1G1P6
HCC,2,B_cell,83,RP11-982M15.7
HCC,2,B_cell,84,RP11-158I9.5
HCC,2,B_cell,85,RP11-505E24.4
HCC,2,B_cell,86,RP11-474P2.6
HCC,2,B_cell,87,RNU2-6P
HCC,2,B_cell,88,RP11-287J9.1
HCC,2,B_cell,89,BLK
HCC,2,B_cell,90,LL0XNC01-105G4.3
HCC,2,B_cell,91,IGLV10-67
HCC,2,B_cell,92,LL22NC03-22A12.12
HCC,2,B_cell,93,RNU6-735P
HCC,2,B_cell,94,RP11-196B3.5
HCC,2,B_cell,95,FAM230B
HCC,2,B_cell,96,RNU6-397P
HCC,2,B_cell,97,ENSG00000280249
HCC,2,B_cell,98,RHOT1P2
HCC,2,B_cell,99,RP11-666A1.4
HCC,2,B_cell,100,RP11-364L4.4
HCC,2,B_cell,101,RP11-283G6.7
HCC,2,B_cell,102,RP11-563N6.7
HCC,2,B_cell,103,RNU6-797P
HCC,2,B_cell,104,RNU6-939P
HCC,2,B_cell,105,RNU6-354P
HCC,2,B_cell,106,ENSG00000281133
HCC,2,B_cell,107,TNFRSF13B
HCC,2,B_cell,108,RP11-395I6.4
HCC,2,B_cell,109,MEP1AP4
HCC,2,B_cell,110,ENSG10010139551.1
HCC,2,B_cell,111,PTPRT-AS1
HCC,2,B_cell,112,LA16c-390E6.5
HCC,2,B_cell,113,IGLV1-44
HCC,2,B_cell,114,RPL32P23
HCC,2,B_cell,115,MIR5700
HCC,2,B_cell,116,FCRL1
HCC,2,B_cell,117,RP1-41C23.2
HCC,2,B_cell,118,RP11-468E2.10
HCC,2,B_cell,119,SEM1P1
HCC,2,B_cell,120,ENSG10010134187.1
HCC,2,B_cell,121,DYNLL1P7
HCC,2,B_cell,122,CH17-84K15.2
HCC,2,B_cell,123,LINC01754
HCC,2,B_cell,124,NUDT19P3
HCC,2,B_cell,125,RP11-384P14.1
HCC,2,B_cell,126,IGHJ6
HCC,2,B_cell,127,LINC02397
HCC,2,B_cell,128,RP4-697K14.15
HCC,2,B_cell,129,BCRP1
HCC,2,B_cell,130,RP11-220H4.2
HCC,2,B_cell,131,OR10T2
HCC,2,B_cell,132,IGLV11-55
HCC,2,B_cell,133,EXOSC3P2
HCC,2,B_cell,134,LCN15
HCC,2,B_cell,135,RP11-58K22.4
HCC,2,B_cell,136,RP11-517H2.7
HCC,2,B_cell,137,LINC00670
HCC,2,B_cell,138,C12orf77
HCC,2,B_cell,139,RP11-424G14.1
HCC,2,B_cell,140,AC123886.2
HCC,2,B_cell,141,IGHV3-66
HCC,2,B_cell,142,RPL39P34
HCC,2,B_cell,143,RPS28P5
HCC,2,B_cell,144,TNFRSF13C
HCC,2,B_cell,145,RP11-297B17.3
HCC,2,B_cell,146,ANKRD20A6P
HCC,2,B_cell,147,IGLV3-31
HCC,2,B_cell,148,AC003092.1
HCC,2,B_cell,149,RP11-158I9.1
HCC,2,B_cell,150,SKAP1-AS1
HCC,2,B_cell,151,GMPSP1
HCC,2,B_cell,152,IGHV3-48
HCC,2,B_cell,153,PPIAP36
HCC,2,B_cell,154,RP11-553K8.2
HCC,2,B_cell,155,RP11-474P2.4
HCC,2,B_cell,156,RP1-228H13.2
HCC,2,B_cell,157,CYP4A43P
HCC,2,B_cell,158,IGLV1-47
HCC,2,B_cell,159,RP11-1109M24.15
HCC,2,B_cell,160,MTND4P12
HCC,2,B_cell,161,RNU6-320P
HCC,2,B_cell,162,RNA5SP236
HCC,2,B_cell,163,RP11-754I20.1
HCC,2,B_cell,164,RP11-60I3.4
HCC,2,B_cell,165,AC114755.5
HCC,2,B_cell,166,VDAC1P9
HCC,2,B_cell,167,MIR7515
HCC,2,B_cell,168,RP11-363E7.4
HCC,2,B_cell,169,MYOCD
HCC,2,B_cell,170,ZFAT-AS1
HCC,2,B_cell,171,IL9RP3
HCC,2,B_cell,172,IGLVI-42
HCC,2,B_cell,173,MORF4L1P4
HCC,2,B_cell,174,RNY1P5
HCC,2,B_cell,175,RP11-775A1.2
HCC,2,B_cell,176,LINC00336
HCC,2,B_cell,177,CTC-444N24.7
HCC,2,B_cell,178,RP11-138H8.4
HCC,2,B_cell,179,RP11-330H6.5
HCC,2,B_cell,180,MIR3674
HCC,2,B_cell,181,RP1-5O6.4
HCC,2,B_cell,182,IGKV4-1
HCC,2,B_cell,183,RP11-598O12.1
HCC,2,B_cell,184,OR2T2
HCC,2,B_cell,185,RP11-44F21.4
HCC,2,B_cell,186,MYBL2
HCC,2,B_cell,187,LINC00494
HCC,2,B_cell,188,RP1-202I21.3
HCC,2,B_cell,189,RP11-817O13.9
HCC,2,B_cell,190,RP3-329A5.1
HCC,2,B_cell,191,CTB-92J24.2
HCC,2,B_cell,192,RNU6-1011P
HCC,2,B_cell,193,RP5-1119A7.10
HCC,2,B_cell,194,RP11-543D10.2
HCC,2,B_cell,195,IGHD2-8
HCC,2,B_cell,196,ENSG10010135837.1
HCC,2,B_cell,197,PRELID1P5
HCC,2,B_cell,198,NRBF2P3
HCC,2,B_cell,199,IGKJ1
HCC,2,B_cell,200,OR11J2P
HCC,2,CD4_T,1,ULK4P2
HCC,2,CD4_T,2,MIR382
HCC,2,CD4_T,3,RP5-1025A1.2
HCC,2,CD4_T,4,HNRNPA1P35
HCC,2,CD4_T,5,OR5AK4P
HCC,2,CD4_T,6,C2orf69P4
HCC,2,CD4_T,7,MIR3118-1
HCC,2,CD4_T,8,RPL35AP29
HCC,2,CD4_T,9,MTHFD1P1
HCC,2,CD4_T,10,AGGF1P9
HCC,2,CD4_T,11,RNU6-107P
HCC,2,CD4_T,12,AC002306.1
HCC,2,CD4_T,13,HSPE1P13
HCC,2,CD4_T,14,MIR551A
HCC,2,CD4_T,15,RP11-115H13.1
HCC,2,CD4_T,16,RP11-603B24.6
HCC,2,CD4_T,17,MRPS31P1
HCC,2,CD4_T,18,MIR4439
HCC,2,CD4_T,19,RNA5SP168
HCC,2,CD4_T,20,IGHV4-4
HCC,2,CD4_T,21,OR7E108P
HCC,2,CD4_T,22,RP11-466P24.5
HCC,2,CD4_T,23,RP11-56L13.8
HCC,2,CD4_T,24,CTDSPL2P1
HCC,2,CD4_T,25,RNU1-119P
HCC,2,CD4_T,26,HERC2P4
HCC,2,CD4_T,27,CTD-2224J9.7
HCC,2,CD4_T,28,RNA5SP251
HCC,2,CD4_T,29,RNU5B-4P
HCC,2,CD4_T,30,RPL35AP8
HCC,2,CD4_T,31,OR2A42
HCC,2,CD4_T,32,RP11-124D2.1
HCC,2,CD4_T,33,MIR134
HCC,2,CD4_T,34,RNU6-1187P
HCC,2,CD4_T,35,BX255923.2
HCC,2,CD4_T,36,RP11-201O14.1
HCC,2,CD4_T,37,CTD-2283N19.1
HCC,2,CD4_T,38,CCR8
HCC,2,CD4_T,39,MIR5004
HCC,2,CD4_T,40,RP11-440L14.3
HCC,2,CD4_T,41,RBMY1KP
HCC,2,CD4_T,42,ELOA2
HCC,2,CD4_T,43,RPL31P59
HCC,2,CD4_T,44,AC084809.3
HCC,2,CD4_T,45,RN7SL530P
HCC,2,CD4_T,46,RP11-264B17.5
HCC,2,CD4_T,47,RNA5SP62
HCC,2,CD4_T,48,MIR4708
HCC,2,CD4_T,49,MIR6511A1
HCC,2,CD4_T,50,CNN2P12
HCC,2,CD4_T,51,GLRX5P2
HCC,2,CD4_T,52,SNX18P12
HCC,2,CD4_T,53,RPS3AP11
HCC,2,CD4_T,54,RP11-54G14.1
HCC,2,CD4_T,55,RN7SL541P
HCC,2,CD4_T,56,GS1-53I10.2
HCC,2,CD4_T,57,RP5-1068B5.5
HCC,2,CD4_T,58,AC017006.2
HCC,2,CD4_T,59,OR5D16
HCC,2,CD4_T,60,ENSG10010138676.1
HCC,2,CD4_T,61,RP11-583F2.1
HCC,2,CD4_T,62,RP1-228H13.5
HCC,2,CD4_T,63,DEFB131E
HCC,2,CD4_T,64,RPS4XP20
HCC,2,CD4_T,65,MIR7848
HCC,2,CD4_T,66,IGHVIII-38-1
HCC,2,CD4_T,67,RP11-392O18.2
HCC,2,CD4_T,68,FAM197Y9
HCC,2,CD4_T,69,RP11-486M23.3
HCC,2,CD4_T,70,SNORD113-4
HCC,2,CD4_T,71,RP11-436A7.1
HCC,2,CD4_T,72,RP11-927P21.9
HCC,2,CD4_T,73,RP11-661C8.4
HCC,2,CD4_T,74,RP11-860B13.3
HCC,2,CD4_T,75,HOATZ
HCC,2,CD4_T,76,RNU6-1249P
HCC,2,CD4_T,77,RNA5S5
HCC,2,CD4_T,78,RNA5SP394
HCC,2,CD4_T,79,RN7SL248P
HCC,2,CD4_T,80,OR7D4
HCC,2,CD4_T,81,RP11-386M24.5
HCC,2,CD4_T,82,RNU6-1053P
HCC,2,CD4_T,83,RP11-567L7.3
HCC,2,CD4_T,84,CTD-2017F17.2
HCC,2,CD4_T,85,MIR6750
HCC,2,CD4_T,86,MYB-AS1
HCC,2,CD4_T,87,RNU6-202P
HCC,2,CD4_T,88,MIR548Q
HCC,2,CD4_T,89,OR7M1P
HCC,2,CD4_T,90,MTRNR2L9
HCC,2,CD4_T,91,SNORA71C
HCC,2,CD4_T,92,TTTY8
HCC,2,CD4_T,93,RP11-9N12.3
HCC,2,CD4_T,94,ENSG10010134403.1
HCC,2,CD4_T,95,AP001429.1
HCC,2,CD4_T,96,RP11-28H5.3
HCC,2,CD4_T,97,SEPHS1P2
HCC,2,CD4_T,98,MIR1265
HCC,2,CD4_T,99,RNU6-941P
HCC,2,CD4_T,100,RP11-38G5.4
HCC,2,CD4_T,101,MIR378B
HCC,2,CD4_T,102,IGKV3-25
HCC,2,CD4_T,103,RP11-169E6.3
HCC,2,CD4_T,104,AC104058.1
HCC,2,CD4_T,105,RNU1-154P
HCC,2,CD4_T,106,CIR1P1
HCC,2,CD4_T,107,MIR580
HCC,2,CD4_T,108,RP11-726G23.12
HCC,2,CD4_T,109,RP11-1348G14.6
HCC,2,CD4_T,110,NPIPB9
HCC,2,CD4_T,111,SNORD114-31
HCC,2,CD4_T,112,RN7SL843P
HCC,2,CD4_T,113,RP11-134L4.2
HCC,2,CD4_T,114,RNU6-405P
HCC,2,CD4_T,115,LLfos-22E10.1
HCC,2,CD4_T,116,FTH1P7
HCC,2,CD4_T,117,ENSG10010138031.1
HCC,2,CD4_T,118,RP11-98J23.1
HCC,2,CD4_T,119,RNU6-843P
HCC,2,CD4_T,120,ENSG10010135969.1
HCC,2,CD4_T,121,RN7SL261P
HCC,2,CD4_T,122,RP11-131M11.2
HCC,2,CD4_T,123,OLA1P2
HCC,2,CD4_T,124,CTD-2206N4.1
HCC,2,CD4_T,125,OSTCP5
HCC,2,CD4_T,126,MIR485
HCC,2,CD4_T,127,MTCO1P44
HCC,2,CD4_T,128,AC074366.3
HCC,2,CD4_T,129,RP11-598D12.4
HCC,2,CD4_T,130,AC009961.5
HCC,2,CD4_T,131,RNY4P37
HCC,2,CD4_T,132,RP11-5P18.11
HCC,2,CD4_T,133,PRR20FP
HCC,2,CD4_T,134,YWHAQP5
HCC,2,CD4_T,135,ZNF90P1
HCC,2,CD4_T,136,RP11-90D4.3
HCC,2,CD4_T,137,FAM66E
HCC,2,CD4_T,138,FKBP1AP2
HCC,2,CD4_T,139,OR1X1P
HCC,2,CD4_T,140,MIR6728
HCC,2,CD4_T,141,RP13-726E6.4
HCC,2,CD4_T,142,CTB-33G10.1
HCC,2,CD4_T,143,PDE4DIPP3
HCC,2,CD4_T,144,CDRT15P1
HCC,2,CD4_T,145,AP000248.1
HCC,2,CD4_T,146,CCR4
HCC,2,CD4_T,147,CTD-3222D19.11
HCC,2,CD4_T,148,LINC02675
HCC,2,CD4_T,149,GSTM2P1
HCC,2,CD4_T,150,RNA5SP376
HCC,2,CD4_T,151,RP11-756J15.4
HCC,2,CD4_T,152,RNU1-28P
HCC,2,CD4_T,153,TUBB8P9
HCC,2,CD4_T,154,RNU6-71P
HCC,2,CD4_T,155,RP1-182O16.2
HCC,2,CD4_T,156,BSNDP4
HCC,2,CD4_T,157,SH3PXD2A-AS1
HCC,2,CD4_T,158,AC092168.4
HCC,2,CD4_T,159,ZNF33BP1
HCC,2,CD4_T,160,ACTR1AP1
HCC,2,CD4_T,161,RP11-70D24.2
HCC,2,CD4_T,162,TRBV9
HCC,2,CD4_T,163,RP11-263C24.1
HCC,2,CD4_T,164,TRAJ5
HCC,2,CD4_T,165,RNA5SP383
HCC,2,CD4_T,166,RP3-340B19.7
HCC,2,CD4_T,167,RP11-241F15.3
HCC,2,CD4_T,168,MIR6864
HCC,2,CD4_T,169,RPS27AP18
HCC,2,CD4_T,170,RNU6-1316P
HCC,2,CD4_T,171,RP3-522J7.5
HCC,2,CD4_T,172,AP000280.66
HCC,2,CD4_T,173,RP11-711M9.2
HCC,2,CD4_T,174,UQCRFS1P2
HCC,2,CD4_T,175,RPL23AP62
HCC,2,CD4_T,176,RPS3AP14
HCC,2,CD4_T,177,LINC02591
HCC,2,CD4_T,178,OR11H12
HCC,2,CD4_T,179,LINC02415
HCC,2,CD4_T,180,RP11-70D24.1
HCC,2,CD4_T,181,AC011284.3
HCC,2,CD4_T,182,RNVU1-1
HCC,2,CD4_T,183,RP11-183G22.1
HCC,2,CD4_T,184,RP3-520B18.1
HCC,2,CD4_T,185,RN7SKP79
HCC,2,CD4_T,186,RP11-360A9.3
HCC,2,CD4_T,187,VTRNA1-3
HCC,2,CD4_T,188,GAPDHP28
HCC,2,CD4_T,189,CASK-AS1
HCC,2,CD4_T,190,RNU2-66P
HCC,2,CD4_T,191,RP11-96D1.9
HCC,2,CD4_T,192,LINC00161
HCC,2,CD4_T,193,OR4A2P
HCC,2,CD4_T,194,AMMECR1-IT1
HCC,2,CD4_T,195,YME1L1P1
HCC,2,CD4_T,196,EIF4A2P3
HCC,2,CD4_T,197,CTB-85C5.1
HCC,2,CD4_T,198,PRR23D1
HCC,2,CD4_T,199,RP13-395E19.4
HCC,2,CD4_T,200,OR5H4P
HCC,2,Endothelial_stromal,1,CLEC14A
HCC,2,Endothelial_stromal,2,RP11-95F22.1
HCC,2,Endothelial_stromal,3,RP11-212E4.1
HCC,2,Endothelial_stromal,4,COX5BP2
HCC,2,Endothelial_stromal,5,MIR8089
HCC,2,Endothelial_stromal,6,C2CD4B
HCC,2,Endothelial_stromal,7,CLDN5
HCC,2,Endothelial_stromal,8,PABPC4L
HCC,2,Endothelial_stromal,9,RPS20P4
HCC,2,Endothelial_stromal,10,RP11-142J21.1
HCC,2,Endothelial_stromal,11,AC000082.4
HCC,2,Endothelial_stromal,12,SLC25A5P7
HCC,2,Endothelial_stromal,13,AC000050.1
HCC,2,Endothelial_stromal,14,ENSG10010136563.1
HCC,2,Endothelial_stromal,15,CYCSP26
HCC,2,Endothelial_stromal,16,MIR199A2
HCC,2,Endothelial_stromal,17,SOX18
HCC,2,Endothelial_stromal,18,DNM3OS
HCC,2,Endothelial_stromal,19,MIR3668
HCC,2,Endothelial_stromal,20,ZNF454-DT
HCC,2,Endothelial_stromal,21,HOXD8
HCC,2,Endothelial_stromal,22,ENSG10010138144.1
HCC,2,Endothelial_stromal,23,PTP4A2P2
HCC,2,Endothelial_stromal,24,RP11-6L6.7
HCC,2,Endothelial_stromal,25,RP11-191A15.2
HCC,2,Endothelial_stromal,26,OR2AS2P
HCC,2,Endothelial_stromal,27,HAGLROS
HCC,2,Endothelial_stromal,28,OR4C48P
HCC,2,Endothelial_stromal,29,RPL35AP14
HCC,2,Endothelial_stromal,30,RFPL3
HCC,2,Endothelial_stromal,31,ENSG10010139087.1
HCC,2,Endothelial_stromal,32,RP11-182E7.1
HCC,2,Endothelial_stromal,33,RNU6-1298P
HCC,2,Endothelial_stromal,34,HOXD-AS2
HCC,2,Endothelial_stromal,35,RP1-89D4.1
HCC,2,Endothelial_stromal,36,AC006158.7
HCC,2,Endothelial_stromal,37,TSPY7P
HCC,2,Endothelial_stromal,38,COX7A1
HCC,2,Endothelial_stromal,39,CCL21
HCC,2,Endothelial_stromal,40,RNA5SP481
HCC,2,Endothelial_stromal,41,RP13-152O15.5
HCC,2,Endothelial_stromal,42,RNU2-21P
HCC,2,Endothelial_stromal,43,RP11-95G6.1
HCC,2,Endothelial_stromal,44,RP11-138A23.1
HCC,2,Endothelial_stromal,45,MIR5739
HCC,2,Endothelial_stromal,46,PCDH17
HCC,2,Endothelial_stromal,47,RP11-810B23.1
HCC,2,Endothelial_stromal,48,RP11-64C12.1
HCC,2,Endothelial_stromal,49,RPS15AP24
HCC,2,Endothelial_stromal,50,RNU4-76P
HCC,2,Endothelial_stromal,51,AC124789.1
HCC,2,Endothelial_stromal,52,HOXD9
HCC,2,Endothelial_stromal,53,RP11-168P8.3
HCC,2,Endothelial_stromal,54,GS1-345D13.1
HCC,2,Endothelial_stromal,55,RP11-274H24.4
HCC,2,Endothelial_stromal,56,C11orf96
HCC,2,Endothelial_stromal,57,SOX17
HCC,2,Endothelial_stromal,58,RP11-349F21.6
HCC,2,Endothelial_stromal,59,LINC00453
HCC,2,Endothelial_stromal,60,ADAMTS1
HCC,2,Endothelial_stromal,61,MIR542
HCC,2,Endothelial_stromal,62,RP11-252P19.2
HCC,2,Endothelial_stromal,63,TSPY5P
HCC,2,Endothelial_stromal,64,RP11-1114A5.6
HCC,2,Endothelial_stromal,65,RP11-207D10.1
HCC,2,Endothelial_stromal,66,KDR
HCC,2,Endothelial_stromal,67,GJA4
HCC,2,Endothelial_stromal,68,OR4X7P
HCC,2,Endothelial_stromal,69,HOXA5
HCC,2,Endothelial_stromal,70,RP11-27M24.2
HCC,2,Endothelial_stromal,71,ZCRB1P1
HCC,2,Endothelial_stromal,72,SNORD114-18
HCC,2,Endothelial_stromal,73,SEC11B
HCC,2,Endothelial_stromal,74,RP11-495O10.1
HCC,2,Endothelial_stromal,75,AP001476.2
HCC,2,Endothelial_stromal,76,RP11-513O13.1
HCC,2,Endothelial_stromal,77,MIR505
HCC,2,Endothelial_stromal,78,RNA5SP290
HCC,2,Endothelial_stromal,79,RP11-776F5.1
HCC,2,Endothelial_stromal,80,RP11-709A23.2
HCC,2,Endothelial_stromal,81,LINC02452
HCC,2,Endothelial_stromal,82,YAP1P2
HCC,2,Endothelial_stromal,83,ARHGAP42P4
HCC,2,Endothelial_stromal,84,PRPF38AP2
HCC,2,Endothelial_stromal,85,APLNR
HCC,2,Endothelial_stromal,86,RP11-564C24.2
HCC,2,Endothelial_stromal,87,RNA5SP390
HCC,2,Endothelial_stromal,88,MIR5692C2
HCC,2,Endothelial_stromal,89,ILF2P1
HCC,2,Endothelial_stromal,90,GNG11
HCC,2,Endothelial_stromal,91,RP11-540O11.8
HCC,2,Endothelial_stromal,92,C1QTNF5
HCC,2,Endothelial_stromal,93,RP11-495L18.2
HCC,2,Endothelial_stromal,94,RNU2-40P
HCC,2,Endothelial_stromal,95,RP11-98L12.2
HCC,2,Endothelial_stromal,96,RP11-227D13.1
HCC,2,Endothelial_stromal,97,SOX7
HCC,2,Endothelial_stromal,98,RP11-53M11.5
HCC,2,Endothelial_stromal,99,GJA1
HCC,2,Endothelial_stromal,100,AC108059.2
HCC,2,Endothelial_stromal,101,CDC42P6
HCC,2,Endothelial_stromal,102,RP1-155D22.2
HCC,2,Endothelial_stromal,103,RP1-32I10.10
HCC,2,Endothelial_stromal,104,RPL36AP14
HCC,2,Endothelial_stromal,105,RNA5SP69
HCC,2,Endothelial_stromal,106,HOXA2
HCC,2,Endothelial_stromal,107,RNA5SP490
HCC,2,Endothelial_stromal,108,RP11-421H10.2
HCC,2,Endothelial_stromal,109,RP11-688D15.2
HCC,2,Endothelial_stromal,110,RP11-272L14.2
HCC,2,Endothelial_stromal,111,LA16c-380F5.1
HCC,2,Endothelial_stromal,112,DLL4
HCC,2,Endothelial_stromal,113,DPPA3P2
HCC,2,Endothelial_stromal,114,MIR3173
HCC,2,Endothelial_stromal,115,RP11-160K17.1
HCC,2,Endothelial_stromal,116,CTA-243E7.3
HCC,2,Endothelial_stromal,117,RP11-616M22.1
HCC,2,Endothelial_stromal,118,RHOT1P3
HCC,2,Endothelial_stromal,119,LINC02344
HCC,2,Endothelial_stromal,120,NRN1
HCC,2,Endothelial_stromal,121,MIR4299
HCC,2,Endothelial_stromal,122,MIR3197
HCC,2,Endothelial_stromal,123,RP11-539E19.2
HCC,2,Endothelial_stromal,124,LINC00454
HCC,2,Endothelial_stromal,125,RP11-598C10.2
HCC,2,Endothelial_stromal,126,RP11-676J12.9
HCC,2,Endothelial_stromal,127,LINC02310
HCC,2,Endothelial_stromal,128,BTF3P14
HCC,2,Endothelial_stromal,129,WASH9P
HCC,2,Endothelial_stromal,130,RP11-314N13.9
HCC,2,Endothelial_stromal,131,MIR7849
HCC,2,Endothelial_stromal,132,LINC02530
HCC,2,Endothelial_stromal,133,RP11-347H15.3
HCC,2,Endothelial_stromal,134,RP11-304F15.3
HCC,2,Endothelial_stromal,135,RP11-1J7.1
HCC,2,Endothelial_stromal,136,H3P4
HCC,2,Endothelial_stromal,137,RP11-453N3.1
HCC,2,Endothelial_stromal,138,RP1-144F13.3
HCC,2,Endothelial_stromal,139,RP11-724F15.2
HCC,2,Endothelial_stromal,140,ENSG10010134649.1
HCC,2,Endothelial_stromal,141,CTB-14A14.1
HCC,2,Endothelial_stromal,142,RP11-54O15.3
HCC,2,Endothelial_stromal,143,CDH5
HCC,2,Endothelial_stromal,144,AGAP2-AS1
HCC,2,Endothelial_stromal,145,RP11-424I19.2
HCC,2,Endothelial_stromal,146,BNIP3P35
HCC,2,Endothelial_stromal,147,ENSG10010134915.1
HCC,2,Endothelial_stromal,148,RP4-808A1.1
HCC,2,Endothelial_stromal,149,RP11-70J12.1
HCC,2,Endothelial_stromal,150,FTHL18
HCC,2,Endothelial_stromal,151,FOXC2
HCC,2,Endothelial_stromal,152,RN7SL861P
HCC,2,Endothelial_stromal,153,LINC02705
HCC,2,Endothelial_stromal,154,RP11-342I1.3
HCC,2,Endothelial_stromal,155,FOXC2-AS1
HCC,2,Endothelial_stromal,156,RN7SL215P
HCC,2,Endothelial_stromal,157,RP11-438L7.1
HCC,2,Endothelial_stromal,158,RP11-347D21.1
HCC,2,Endothelial_stromal,159,RP11-501C14.7
HCC,2,Endothelial_stromal,160,RP11-452L6.6
HCC,2,Endothelial_stromal,161,RP11-90E5.1
HCC,2,Endothelial_stromal,162,SPACA6P-AS
HCC,2,Endothelial_stromal,163,ATP2C2-AS1
HCC,2,Endothelial_stromal,164,MIR8085
HCC,2,Endothelial_stromal,165,MIR7704
HCC,2,Endothelial_stromal,166,RP4-590F24.1
HCC,2,Endothelial_stromal,167,PRR20A
HCC,2,Endothelial_stromal,168,PRR20C
HCC,2,Endothelial_stromal,169,PDCD5P1
HCC,2,Endothelial_stromal,170,MIR4528
HCC,2,Endothelial_stromal,171,ID4
HCC,2,Endothelial_stromal,172,AC138649.1
HCC,2,Endothelial_stromal,173,CALHM5
HCC,2,Endothelial_stromal,174,RP11-50D9.4
HCC,2,Endothelial_stromal,175,RP11-474I11.7
HCC,2,Endothelial_stromal,176,RP11-203F10.6
HCC,2,Endothelial_stromal,177,CTD-2562J17.7
HCC,2,Endothelial_stromal,178,EDNRB
HCC,2,Endothelial_stromal,179,CTD-2373N4.5
HCC,2,Endothelial_stromal,180,RRM2P4
HCC,2,Endothelial_stromal,181,MIR302F
HCC,2,Endothelial_stromal,182,RP11-483L5.1
HCC,2,Endothelial_stromal,183,VDAC1P12
HCC,2,Endothelial_stromal,184,RP11-62L18.3
HCC,2,Endothelial_stromal,185,RP11-1180F24.3
HCC,2,Endothelial_stromal,186,RAC1P7
HCC,2,Endothelial_stromal,187,MIR224
HCC,2,Endothelial_stromal,188,SNORD114-17
HCC,2,Endothelial_stromal,189,RP11-530I17.1
HCC,2,Endothelial_stromal,190,RP11-262A16.1
HCC,2,Endothelial_stromal,191,RPL12P23
HCC,2,Endothelial_stromal,192,RP11-353N14.7
HCC,2,Endothelial_stromal,193,TRIML1
HCC,2,Endothelial_stromal,194,AP001605.4
HCC,2,Endothelial_stromal,195,CTD-2223O18.1
HCC,2,Endothelial_stromal,196,RP11-543N12.1
HCC,2,Endothelial_stromal,197,RP11-147K6.2
HCC,2,Endothelial_stromal,198,NID2
HCC,2,Endothelial_stromal,199,CTB-118P15.3
HCC,2,Endothelial_stromal,200,AC133633.2
HCC,2,Hepatocyte,1,ENSG10010134473.1
HCC,2,Hepatocyte,2,RP11-486A14.1
HCC,2,Hepatocyte,3,MIR3591
HCC,2,Hepatocyte,4,RP11-530A18.1
HCC,2,Hepatocyte,5,RP4-604G5.5
HCC,2,Hepatocyte,6,MAPK6P1
HCC,2,Hepatocyte,7,NR0B2
HCC,2,Hepatocyte,8,SLC10A5
HCC,2,Hepatocyte,9,RP11-14N9.1
HCC,2,Hepatocyte,10,TMEM75
HCC,2,Hepatocyte,11,ENSG10010134740.1
HCC,2,Hepatocyte,12,AZGP1
HCC,2,Hepatocyte,13,RP11-549K20.2
HCC,2,Hepatocyte,14,CLDN3
HCC,2,Hepatocyte,15,APCS
HCC,2,Hepatocyte,16,RP13-923O23.7
HCC,2,Hepatocyte,17,CRPP1
HCC,2,Hepatocyte,18,MIR122HG
HCC,2,Hepatocyte,19,HMGB1P3
HCC,2,Hepatocyte,20,RP11-126D17.1
HCC,2,Hepatocyte,21,RP11-710E1.1
HCC,2,Hepatocyte,22,DCAF4L2
HCC,2,Hepatocyte,23,RPS26P31
HCC,2,Hepatocyte,24,UGT1A2P
HCC,2,Hepatocyte,25,RNU6-813P
HCC,2,Hepatocyte,26,UPP2-IT1
HCC,2,Hepatocyte,27,FOXA2
HCC,2,Hepatocyte,28,ENSG10010137173.1
HCC,2,Hepatocyte,29,CTD-2342N23.1
HCC,2,Hepatocyte,30,RP11-278H7.5
HCC,2,Hepatocyte,31,RP11-510N19.5
HCC,2,Hepatocyte,32,LINC00272
HCC,2,Hepatocyte,33,LEAP2
HCC,2,Hepatocyte,34,TSPO2
HCC,2,Hepatocyte,35,RP11-379P1.5
HCC,2,Hepatocyte,36,RP11-100N21.1
HCC,2,Hepatocyte,37,NAT8
HCC,2,Hepatocyte,38,MTND2P13
HCC,2,Hepatocyte,39,IGFBP1
HCC,2,Hepatocyte,40,TFDP1P2
HCC,2,Hepatocyte,41,MIR3131
HCC,2,Hepatocyte,42,ELF3
HCC,2,Hepatocyte,43,MIR30B
HCC,2,Hepatocyte,44,RP11-740C1.2
HCC,2,Hepatocyte,45,RP11-725L2.2
HCC,2,Hepatocyte,46,CYP3A4
HCC,2,Hepatocyte,47,OR5BH1P
HCC,2,Hepatocyte,48,MIR6081
HCC,2,Hepatocyte,49,GJB1
HCC,2,Hepatocyte,50,RPL7L1P3
HCC,2,Hepatocyte,51,RP11-124G5.2
HCC,2,Hepatocyte,52,GREB1L-DT
HCC,2,Hepatocyte,53,MTND1P15
HCC,2,Hepatocyte,54,NPM1P31
HCC,2,Hepatocyte,55,RHOG2P
HCC,2,Hepatocyte,56,RP11-95P13.2
HCC,2,Hepatocyte,57,TTPA
HCC,2,Hepatocyte,58,RP5-1092L12.2
HCC,2,Hepatocyte,59,KLHDC7A
HCC,2,Hepatocyte,60,RP11-132N15.2
HCC,2,Hepatocyte,61,LL22NC01-146D10.5
HCC,2,Hepatocyte,62,ASB9P1
HCC,2,Hepatocyte,63,FGG
HCC,2,Hepatocyte,64,RNU6-871P
HCC,2,Hepatocyte,65,MIR587
HCC,2,Hepatocyte,66,ARL14
HCC,2,Hepatocyte,67,ELF3-AS1
HCC,2,Hepatocyte,68,RP1-257A7.5
HCC,2,Hepatocyte,69,RP11-434J24.4
HCC,2,Hepatocyte,70,GPT
HCC,2,Hepatocyte,71,RPL37AP1
HCC,2,Hepatocyte,72,CTD-2515H24.3
HCC,2,Hepatocyte,73,AC090625.1
HCC,2,Hepatocyte,74,RP11-242O24.3
HCC,2,Hepatocyte,75,COX6B1P6
HCC,2,Hepatocyte,76,RP11-270G18.1
HCC,2,Hepatocyte,77,CTD-2534I21.9
HCC,2,Hepatocyte,78,RP11-42O4.2
HCC,2,Hepatocyte,79,ENSG10010136111.1
HCC,2,Hepatocyte,80,AC009120.11
HCC,2,Hepatocyte,81,ENSG10010136487.1
HCC,2,Hepatocyte,82,RN7SL296P
HCC,2,Hepatocyte,83,RP11-294J22.6
HCC,2,Hepatocyte,84,CCAT2
HCC,2,Hepatocyte,85,RPS20P32
HCC,2,Hepatocyte,86,RPS16P2
HCC,2,Hepatocyte,87,CTD-3037G24.5
HCC,2,Hepatocyte,88,APOA2
HCC,2,Hepatocyte,89,MIR4428
HCC,2,Hepatocyte,90,RIPPLY1
HCC,2,Hepatocyte,91,LINC01067
HCC,2,Hepatocyte,92,CTD-2533K21.3
HCC,2,Hepatocyte,93,RFESDP1
HCC,2,Hepatocyte,94,H3P26
HCC,2,Hepatocyte,95,AKR1C1
HCC,2,Hepatocyte,96,CTD-2526L21.3
HCC,2,Hepatocyte,97,RPL21P42
HCC,2,Hepatocyte,98,RPL23AP96
HCC,2,Hepatocyte,99,PRDX1P1
HCC,2,Hepatocyte,100,CCND2P1
HCC,2,Hepatocyte,101,SERPINA10
HCC,2,Hepatocyte,102,ENSG10010138448.1
HCC,2,Hepatocyte,103,RP11-327J17.2
HCC,2,Hepatocyte,104,RP11-274J2.1
HCC,2,Hepatocyte,105,AC012485.2
HCC,2,Hepatocyte,106,AC021218.2
HCC,2,Hepatocyte,107,RP11-383J24.1
HCC,2,Hepatocyte,108,AC114812.8
HCC,2,Hepatocyte,109,RP11-959F10.6
HCC,2,Hepatocyte,110,RP11-458K10.1
HCC,2,Hepatocyte,111,RP11-548P2.4
HCC,2,Hepatocyte,112,RP1-287H17.1
HCC,2,Hepatocyte,113,RP4-604G5.4
HCC,2,Hepatocyte,114,FOXQ1
HCC,2,Hepatocyte,115,AKR7L
HCC,2,Hepatocyte,116,MAT1A
HCC,2,Hepatocyte,117,RP11-263G22.1
HCC,2,Hepatocyte,118,CTD-2319I12.9
HCC,2,Hepatocyte,119,POU6F2-AS1
HCC,2,Hepatocyte,120,NAT8B
HCC,2,Hepatocyte,121,MET
HCC,2,Hepatocyte,122,RP11-986E7.8
HCC,2,Hepatocyte,123,AC019129.1
HCC,2,Hepatocyte,124,RP11-105F10.2
HCC,2,Hepatocyte,125,CTD-2517M22.14
HCC,2,Hepatocyte,126,BAAT
HCC,2,Hepatocyte,127,CYP3A43
HCC,2,Hepatocyte,128,MTCO1P12
HCC,2,Hepatocyte,129,RP13-392I16.1
HCC,2,Hepatocyte,130,RP5-1186P10.1
HCC,2,Hepatocyte,131,ANGPTL8
HCC,2,Hepatocyte,132,AC105443.2
HCC,2,Hepatocyte,133,RPL23AP95
HCC,2,Hepatocyte,134,APOC3
HCC,2,Hepatocyte,135,RNA5SP384
HCC,2,Hepatocyte,136,LINC02766
HCC,2,Hepatocyte,137,RP4-601P9.4
HCC,2,Hepatocyte,138,AC006160.8
HCC,2,Hepatocyte,139,MTND2P28
HCC,2,Hepatocyte,140,RP11-59E19.4
HCC,2,Hepatocyte,141,AC114812.9
HCC,2,Hepatocyte,142,ADORA2BP1
HCC,2,Hepatocyte,143,DNAJB3
HCC,2,Hepatocyte,144,RP11-35N6.6
HCC,2,Hepatocyte,145,NACA4P
HCC,2,Hepatocyte,146,MIR4663
HCC,2,Hepatocyte,147,CYP3A5
HCC,2,Hepatocyte,148,RP4-604A21.1
HCC,2,Hepatocyte,149,REP15
HCC,2,Hepatocyte,150,RN7SL648P
HCC,2,Hepatocyte,151,KRT17P8
HCC,2,Hepatocyte,152,MIR6076
HCC,2,Hepatocyte,153,AC106876.2
HCC,2,Hepatocyte,154,RP11-883G14.4
HCC,2,Hepatocyte,155,RPL19P14
HCC,2,Hepatocyte,156,CFHR5
HCC,2,Hepatocyte,157,RNY1P1
HCC,2,Hepatocyte,158,RP1-81D8.3
HCC,2,Hepatocyte,159,RP11-428G5.4
HCC,2,Hepatocyte,160,SDC1
HCC,2,Hepatocyte,161,RNA5SP397
HCC,2,Hepatocyte,162,AC009480.4
HCC,2,Hepatocyte,163,RP5-875H18.4
HCC,2,Hepatocyte,164,SERPINA11
HCC,2,Hepatocyte,165,RP11-15B24.4
HCC,2,Hepatocyte,166,AC011899.10
HCC,2,Hepatocyte,167,AP000358.5
HCC,2,Hepatocyte,168,LINC01843
HCC,2,Hepatocyte,169,H2BP5
HCC,2,Hepatocyte,170,CYP3A51P
HCC,2,Hepatocyte,171,MCCD1P1
HCC,2,Hepatocyte,172,UGT1A6
HCC,2,Hepatocyte,173,RP11-392O17.3
HCC,2,Hepatocyte,174,CFHR4
HCC,2,Hepatocyte,175,SYN3-AS1
HCC,2,Hepatocyte,176,CTA-305I2.1
HCC,2,Hepatocyte,177,RP11-388K12.3
HCC,2,Hepatocyte,178,RP4-584D14.7
HCC,2,Hepatocyte,179,RP11-278H7.6
HCC,2,Hepatocyte,180,FGA
HCC,2,Hepatocyte,181,U91324.1
HCC,2,Hepatocyte,182,CTC-789J18.1
HCC,2,Hepatocyte,183,RP11-299M14.2
HCC,2,Hepatocyte,184,SZT2-AS1
HCC,2,Hepatocyte,185,UGT1A7
HCC,2,Hepatocyte,186,KRT18
HCC,2,Hepatocyte,187,LINC02779
HCC,2,Hepatocyte,188,CTB-161M19.1
HCC,2,Hepatocyte,189,KB-1958F4.2
HCC,2,Hepatocyte,190,RARRES2
HCC,2,Hepatocyte,191,MIR5589
HCC,2,Hepatocyte,192,PRAP1
HCC,2,Hepatocyte,193,CLDN2
HCC,2,Hepatocyte,194,RP1-138B7.5
HCC,2,Hepatocyte,195,LINC02750
HCC,2,Hepatocyte,196,RP11-118E18.1
HCC,2,Hepatocyte,197,AC012506.3
HCC,2,Hepatocyte,198,RP11-332L11.1
HCC,2,Hepatocyte,199,RP11-317M22.1
HCC,2,Hepatocyte,200,AF230666.2
HCC,2,Macrophage,1,MIR8061
HCC,2,Macrophage,2,SNORD36
HCC,2,Macrophage,3,OR8G2P
HCC,2,Macrophage,4,CTD-2228A4.1
HCC,2,Macrophage,5,RP11-218C14.5
HCC,2,Macrophage,6,RN7SKP190
HCC,2,Macrophage,7,HCG24
HCC,2,Macrophage,8,RP1-229K20.5
HCC,2,Macrophage,9,FPR3
HCC,2,Macrophage,10,PTPRN2-AS1
HCC,2,Macrophage,11,RP3-336K20__B.2
HCC,2,Macrophage,12,AC009892.5
HCC,2,Macrophage,13,C1QA
HCC,2,Macrophage,14,RP11-946L16.2
HCC,2,Macrophage,15,CD300C
HCC,2,Macrophage,16,RP11-512N21.3
HCC,2,Macrophage,17,CD300LF
HCC,2,Macrophage,18,IFNE
HCC,2,Macrophage,19,FPR1
HCC,2,Macrophage,20,RPL26P13
HCC,2,Macrophage,21,CTD-3187F8.15
HCC,2,Macrophage,22,RP11-307A17.2
HCC,2,Macrophage,23,RN7SL615P
HCC,2,Macrophage,24,RPL36AP15
HCC,2,Macrophage,25,MIR4802
HCC,2,Macrophage,26,RP3-340H11.2
HCC,2,Macrophage,27,MIR1208
HCC,2,Macrophage,28,SLAMF9
HCC,2,Macrophage,29,SHISA5P1
HCC,2,Macrophage,30,C1QB
HCC,2,Macrophage,31,SIGLEC18P
HCC,2,Macrophage,32,FFAR3
HCC,2,Macrophage,33,RP11-67L14.1
HCC,2,Macrophage,34,CLEC7A
HCC,2,Macrophage,35,RP11-751K21.1
HCC,2,Macrophage,36,FCGR1B
HCC,2,Macrophage,37,IL1B
HCC,2,Macrophage,38,RN7SL254P
HCC,2,Macrophage,39,RPL3P1
HCC,2,Macrophage,40,RPL7AP73
HCC,2,Macrophage,41,RP11-83B20.6
HCC,2,Macrophage,42,RP11-153M7.3
HCC,2,Macrophage,43,RP11-61K12.2
HCC,2,Macrophage,44,MIR28
HCC,2,Macrophage,45,LINC01260
HCC,2,Macrophage,46,ARHGAP22-IT1
HCC,2,Macrophage,47,RPL37P11
HCC,2,Macrophage,48,OR11G1P
HCC,2,Macrophage,49,CCDC137P
HCC,2,Macrophage,50,RP11-726G23.3
HCC,2,Macrophage,51,RN7SL66P
HCC,2,Macrophage,52,RP11-77A13.1
HCC,2,Macrophage,53,CTB-114C7.5
HCC,2,Macrophage,54,RP11-153M7.6
HCC,2,Macrophage,55,MIR1283-1
HCC,2,Macrophage,56,AC008984.7
HCC,2,Macrophage,57,CTC-518P12.6
HCC,2,Macrophage,58,RP11-736N17.12
HCC,2,Macrophage,59,PHBP5
HCC,2,Macrophage,60,RP11-286N3.1
HCC,2,Macrophage,61,AP000487.4
HCC,2,Macrophage,62,PPBPP2
HCC,2,Macrophage,63,RP11-468F18.5
HCC,2,Macrophage,64,AC130360.8
HCC,2,Macrophage,65,MIR4752
HCC,2,Macrophage,66,UQCRC2P1
HCC,2,Macrophage,67,SIGLEC22P
HCC,2,Macrophage,68,RNU4-86P
HCC,2,Macrophage,69,RPL10L
HCC,2,Macrophage,70,WASH8P
HCC,2,Macrophage,71,IFNWP4
HCC,2,Macrophage,72,HLA-DPA3
HCC,2,Macrophage,73,OR56B3P
HCC,2,Macrophage,74,RN7SKP134
HCC,2,Macrophage,75,AC108868.5
HCC,2,Macrophage,76,FLT1P1
HCC,2,Macrophage,77,CSF2RA
HCC,2,Macrophage,78,CTD-2006K23.1
HCC,2,Macrophage,79,RP11-154D6.2
HCC,2,Macrophage,80,RN7SL371P
HCC,2,Macrophage,81,HUNK-AS1
HCC,2,Macrophage,82,EEF1DP3
HCC,2,Macrophage,83,CD300LB
HCC,2,Macrophage,84,RP11-342F17.2
HCC,2,Macrophage,85,ZNF577
HCC,2,Macrophage,86,RP11-542A14.2
HCC,2,Macrophage,87,MIR7-2
HCC,2,Macrophage,88,CTB-138E5.1
HCC,2,Macrophage,89,MIR492
HCC,2,Macrophage,90,CTD-2061E19.6
HCC,2,Macrophage,91,AC010492.4
HCC,2,Macrophage,92,RP11-715G15.1
HCC,2,Macrophage,93,GS1-204I12.3
HCC,2,Macrophage,94,RP11-447M12.2
HCC,2,Macrophage,95,HCAR2
HCC,2,Macrophage,96,RNU1-123P
HCC,2,Macrophage,97,MMP2-AS1
HCC,2,Macrophage,98,HCK
HCC,2,Macrophage,99,FCGR1CP
HCC,2,Macrophage,100,RP1-102E24.8
HCC,2,Macrophage,101,TMEM52B
HCC,2,Macrophage,102,BOLA3P1
HCC,2,Macrophage,103,S100A9
HCC,2,Macrophage,104,C1QC
HCC,2,Macrophage,105,RP11-217A12.3
HCC,2,Macrophage,106,RP11-750H9.7
HCC,2,Macrophage,107,RNU1-108P
HCC,2,Macrophage,108,LLNLR-470E3.2
HCC,2,Macrophage,109,HMGN1P15
HCC,2,Macrophage,110,EIF4BP3
HCC,2,Macrophage,111,PIGAP1
HCC,2,Macrophage,112,MIR4659B
HCC,2,Macrophage,113,RP11-17M24.2
HCC,2,Macrophage,114,TVP23CP2
HCC,2,Macrophage,115,GPR84
HCC,2,Macrophage,116,RP11-298D21.2
HCC,2,Macrophage,117,RP11-220I1.4
HCC,2,Macrophage,118,RP11-313N8.1
HCC,2,Macrophage,119,CTD-2298J14.1
HCC,2,Macrophage,120,RP11-181K12.1
HCC,2,Macrophage,121,LL22NC01-81G9.3
HCC,2,Macrophage,122,DAPK1-IT1
HCC,2,Macrophage,123,RP11-862L9.2
HCC,2,Macrophage,124,MIR4717
HCC,2,Macrophage,125,MMP8
HCC,2,Macrophage,126,RNU6-118P
HCC,2,Macrophage,127,ADGRE2
HCC,2,Macrophage,128,RP11-431K24.4
HCC,2,Macrophage,129,TLR8-AS1
HCC,2,Macrophage,130,CD209
HCC,2,Macrophage,131,CTD-2003C8.2
HCC,2,Macrophage,132,MFAP4
HCC,2,Macrophage,133,RP11-212I21.5
HCC,2,Macrophage,134,RP5-1042K10.12
HCC,2,Macrophage,135,RNU6ATAC33P
HCC,2,Macrophage,136,KRT18P48
HCC,2,Macrophage,137,RNA5SP151
HCC,2,Macrophage,138,RP11-113A11.3
HCC,2,Macrophage,139,GEMIN8P1
HCC,2,Macrophage,140,CYP2A7P2
HCC,2,Macrophage,141,SPIN2A
HCC,2,Macrophage,142,CSF1R
HCC,2,Macrophage,143,RN7SL726P
HCC,2,Macrophage,144,RP11-295K2.6
HCC,2,Macrophage,145,RP11-576N17.6
HCC,2,Macrophage,146,RNU6ATAC21P
HCC,2,Macrophage,147,RP11-341B24.3
HCC,2,Macrophage,148,OLR1
HCC,2,Macrophage,149,RP11-388M20.2
HCC,2,Macrophage,150,RP11-340F14.6
HCC,2,Macrophage,151,KNOP1P3
HCC,2,Macrophage,152,OR2B11
HCC,2,Macrophage,153,RNU6-244P
HCC,2,Macrophage,154,SIRPB2
HCC,2,Macrophage,155,BMS1P3
HCC,2,Macrophage,156,RP11-419I17.3
HCC,2,Macrophage,157,MIR6798
HCC,2,Macrophage,158,KB-836E9.1
HCC,2,Macrophage,159,PELATON
HCC,2,Macrophage,160,ETV3L
HCC,2,Macrophage,161,EREG
HCC,2,Macrophage,162,RP11-848P1.3
HCC,2,Macrophage,163,RP11-173M1.3
HCC,2,Macrophage,164,SNRPGP15
HCC,2,Macrophage,165,MIR520E
HCC,2,Macrophage,166,RP11-333J10.3
HCC,2,Macrophage,167,ZNF519P4
HCC,2,Macrophage,168,RP11-467I17.1
HCC,2,Macrophage,169,CD300E
HCC,2,Macrophage,170,TWF1P1
HCC,2,Macrophage,171,SIGLEC19P
HCC,2,Macrophage,172,AIF1
HCC,2,Macrophage,173,RPS15AP30
HCC,2,Macrophage,174,CTD-2530H12.7
HCC,2,Macrophage,175,AC104695.4
HCC,2,Macrophage,176,RP11-490K7.1
HCC,2,Macrophage,177,LILRB4
HCC,2,Macrophage,178,RP11-642N5.2
HCC,2,Macrophage,179,SUCNR1
HCC,2,Macrophage,180,CTD-2545M3.8
HCC,2,Macrophage,181,RP11-644A7.2
HCC,2,Macrophage,182,AC007879.3
HCC,2,Macrophage,183,RP11-340F14.7
HCC,2,Macrophage,184,RP11-94P2.1
HCC,2,Macrophage,185,RP11-81A1.7
HCC,2,Macrophage,186,PACERR
HCC,2,Macrophage,187,PLAU
HCC,2,Macrophage,188,RP11-867G2.4
HCC,2,Macrophage,189,CEACAM3
HCC,2,Macrophage,190,COX6CP16
HCC,2,Macrophage,191,RNA5SP232
HCC,2,Macrophage,192,METTL22
HCC,2,Macrophage,193,RP11-649A18.4
HCC,2,Macrophage,194,OR10J3
HCC,2,Macrophage,195,TREM1
HCC,2,Macrophage,196,RP11-84C10.2
HCC,2,Macrophage,197,TRGV6
HCC,2,Macrophage,198,CCRL2
HCC,2,Macrophage,199,RP11-762H8.1
HCC,2,Macrophage,200,MS4A6A
HCC,2,NK_cytotoxic_T,1,TRGV8
HCC,2,NK_cytotoxic_T,2,IGLV2-14
HCC,2,NK_cytotoxic_T,3,XCL2
HCC,2,NK_cytotoxic_T,4,RP11-121A8.1
HCC,2,NK_cytotoxic_T,5,GRPEL2P1
HCC,2,NK_cytotoxic_T,6,RP4-738P11.3
HCC,2,NK_cytotoxic_T,7,TRGC1
HCC,2,NK_cytotoxic_T,8,CCL18
HCC,2,NK_cytotoxic_T,9,ANKRD20A18P
HCC,2,NK_cytotoxic_T,10,GNLY
HCC,2,NK_cytotoxic_T,11,LINC02446
HCC,2,NK_cytotoxic_T,12,RNU6-744P
HCC,2,NK_cytotoxic_T,13,RP11-493E3.2
HCC,2,NK_cytotoxic_T,14,S1PR5
HCC,2,NK_cytotoxic_T,15,RP11-354B3.1
HCC,2,NK_cytotoxic_T,16,RP11-40C18.2
HCC,2,NK_cytotoxic_T,17,SHLD2P2
HCC,2,NK_cytotoxic_T,18,RP11-659G9.1
HCC,2,NK_cytotoxic_T,19,NCR1
HCC,2,NK_cytotoxic_T,20,LGALS9C
HCC,2,NK_cytotoxic_T,21,RP11-44D5.2
HCC,2,NK_cytotoxic_T,22,TRGV9
HCC,2,NK_cytotoxic_T,23,IGLV3-9
HCC,2,NK_cytotoxic_T,24,GZMB
HCC,2,NK_cytotoxic_T,25,RNU7-181P
HCC,2,NK_cytotoxic_T,26,RP11-330L19.2
HCC,2,NK_cytotoxic_T,27,RP11-12D24.10
HCC,2,NK_cytotoxic_T,28,TRGV10
HCC,2,NK_cytotoxic_T,29,PRF1
HCC,2,NK_cytotoxic_T,30,KLRC4-KLRK1
HCC,2,NK_cytotoxic_T,31,KRT74
HCC,2,NK_cytotoxic_T,32,RPSAP37
HCC,2,NK_cytotoxic_T,33,RP11-4B16.3
HCC,2,NK_cytotoxic_T,34,KLRK1
HCC,2,NK_cytotoxic_T,35,RP11-1079K10.4
HCC,2,NK_cytotoxic_T,36,KLRK1-AS1
HCC,2,NK_cytotoxic_T,37,TRAJ51
HCC,2,NK_cytotoxic_T,38,TRBJ1-4
HCC,2,NK_cytotoxic_T,39,RP11-845M18.6
HCC,2,NK_cytotoxic_T,40,RP5-1178H5.2
HCC,2,NK_cytotoxic_T,41,RP11-298A10.3
HCC,2,NK_cytotoxic_T,42,RP11-326K13.5
HCC,2,NK_cytotoxic_T,43,KLRF1
HCC,2,NK_cytotoxic_T,44,TRBJ1-5
HCC,2,NK_cytotoxic_T,45,KLRC3
HCC,2,NK_cytotoxic_T,46,TRDJ1
HCC,2,NK_cytotoxic_T,47,RP11-382D8.3
HCC,2,NK_cytotoxic_T,48,NKG7
HCC,2,NK_cytotoxic_T,49,RP11-1033H12.3
HCC,2,NK_cytotoxic_T,50,EOMES
HCC,2,NK_cytotoxic_T,51,FCGR3A
HCC,2,NK_cytotoxic_T,52,RP4-800G7.1
HCC,2,NK_cytotoxic_T,53,FGFBP2
HCC,2,NK_cytotoxic_T,54,RNU6-1005P
HCC,2,NK_cytotoxic_T,55,RNU6-196P
HCC,2,NK_cytotoxic_T,56,PTGDR
HCC,2,NK_cytotoxic_T,57,CTD-2313F11.3
HCC,2,NK_cytotoxic_T,58,KLRC4
HCC,2,NK_cytotoxic_T,59,RP11-1228E12.2
HCC,2,NK_cytotoxic_T,60,KLRD1
HCC,2,NK_cytotoxic_T,61,NMUR1
HCC,2,NK_cytotoxic_T,62,NPM1P34
HCC,2,NK_cytotoxic_T,63,TRBJ1-6
HCC,2,NK_cytotoxic_T,64,RPS11P7
HCC,2,NK_cytotoxic_T,65,LINC00092
HCC,2,NK_cytotoxic_T,66,CD8A
HCC,2,NK_cytotoxic_T,67,AC004980.10
HCC,2,NK_cytotoxic_T,68,CST7
HCC,2,NK_cytotoxic_T,69,H2AL1SP
HCC,2,NK_cytotoxic_T,70,YWHAEP3
HCC,2,NK_cytotoxic_T,71,RNU7-140P
HCC,2,NK_cytotoxic_T,72,LINC02084
HCC,2,NK_cytotoxic_T,73,IGHV1OR15-6
HCC,2,NK_cytotoxic_T,74,SPATA31E2P
HCC,2,NK_cytotoxic_T,75,RP11-21K12.2
HCC,2,NK_cytotoxic_T,76,NSUN5P2
HCC,2,NK_cytotoxic_T,77,RP11-259K5.1
HCC,2,NK_cytotoxic_T,78,MIR3194
HCC,2,NK_cytotoxic_T,79,Z69666.2
HCC,2,NK_cytotoxic_T,80,GZMM
HCC,2,NK_cytotoxic_T,81,RP11-277P12.6
HCC,2,NK_cytotoxic_T,82,RP11-350D17.3
HCC,2,NK_cytotoxic_T,83,TRAJ52
HCC,2,NK_cytotoxic_T,84,RP11-380I10.3
HCC,2,NK_cytotoxic_T,85,IGLV3-17
HCC,2,NK_cytotoxic_T,86,TAS2R13
HCC,2,NK_cytotoxic_T,87,CH17-264B6.5
HCC,2,NK_cytotoxic_T,88,MIR1244-2
HCC,2,NK_cytotoxic_T,89,PRR33
HCC,2,NK_cytotoxic_T,90,BCAS2P2
HCC,2,NK_cytotoxic_T,91,NPM1P9
HCC,2,NK_cytotoxic_T,92,RP11-104E19.1
HCC,2,NK_cytotoxic_T,93,RTP5
HCC,2,NK_cytotoxic_T,94,KRT2
HCC,2,NK_cytotoxic_T,95,RP13-262C2.3
HCC,2,NK_cytotoxic_T,96,KRTAP26-1
HCC,2,NK_cytotoxic_T,97,DDX43P1
HCC,2,NK_cytotoxic_T,98,RPL26P27
HCC,2,NK_cytotoxic_T,99,TRAV12-2
HCC,2,NK_cytotoxic_T,100,GZMH
HCC,2,NK_cytotoxic_T,101,IGHV1-69-2
HCC,2,NK_cytotoxic_T,102,LINC02564
HCC,2,NK_cytotoxic_T,103,TRBJ2-7
HCC,2,NK_cytotoxic_T,104,MIR4751
HCC,2,NK_cytotoxic_T,105,TRAV8-5
HCC,2,NK_cytotoxic_T,106,TRDD3
HCC,2,NK_cytotoxic_T,107,GUSBP16
HCC,2,NK_cytotoxic_T,108,RP11-378N18.1
HCC,2,NK_cytotoxic_T,109,RP11-685B13.2
HCC,2,NK_cytotoxic_T,110,TRBJ2-6
HCC,2,NK_cytotoxic_T,111,RP11-104L21.2
HCC,2,NK_cytotoxic_T,112,XCL1
HCC,2,NK_cytotoxic_T,113,TRBJ2-4
HCC,2,NK_cytotoxic_T,114,RP11-73O6.3
HCC,2,NK_cytotoxic_T,115,IFITM3P2
HCC,2,NK_cytotoxic_T,116,TRBV22-1
HCC,2,NK_cytotoxic_T,117,CYCSP42
HCC,2,NK_cytotoxic_T,118,AC007557.2
HCC,2,NK_cytotoxic_T,119,RP11-44D5.1
HCC,2,NK_cytotoxic_T,120,LINC00563
HCC,2,NK_cytotoxic_T,121,TRAJ19
HCC,2,NK_cytotoxic_T,122,TUBBP11
HCC,2,NK_cytotoxic_T,123,AC007557.3
HCC,2,NK_cytotoxic_T,124,SRD5A1P1
HCC,2,NK_cytotoxic_T,125,TRAJ37
HCC,2,NK_cytotoxic_T,126,AC007349.5
HCC,2,NK_cytotoxic_T,127,GZMA
HCC,2,NK_cytotoxic_T,128,CCL4
HCC,2,NK_cytotoxic_T,129,NCF1B
HCC,2,NK_cytotoxic_T,130,RP11-284N8.3
HCC,2,NK_cytotoxic_T,131,TRGC2
HCC,2,NK_cytotoxic_T,132,FAM214BP1
HCC,2,NK_cytotoxic_T,133,GNGT2
HCC,2,NK_cytotoxic_T,134,CTC-205M6.5
HCC,2,NK_cytotoxic_T,135,RP11-460I13.6
HCC,2,NK_cytotoxic_T,136,RNU7-57P
HCC,2,NK_cytotoxic_T,137,TRBJ2-2
HCC,2,NK_cytotoxic_T,138,TRBJ2-3
HCC,2,NK_cytotoxic_T,139,AC007278.2
HCC,2,NK_cytotoxic_T,140,AC024028.1
HCC,2,NK_cytotoxic_T,141,MTCO1P29
HCC,2,NK_cytotoxic_T,142,TRBJ1-3
HCC,2,NK_cytotoxic_T,143,RP11-56P9.5
HCC,2,NK_cytotoxic_T,144,FTLP5
HCC,2,NK_cytotoxic_T,145,RP11-535A5.1
HCC,2,NK_cytotoxic_T,146,TRBJ2-2P
HCC,2,NK_cytotoxic_T,147,ENSG10010139581.1
HCC,2,NK_cytotoxic_T,148,RP3-406A7.1
HCC,2,NK_cytotoxic_T,149,RNA5SP88
HCC,2,NK_cytotoxic_T,150,FCGR3B
HCC,2,NK_cytotoxic_T,151,RNU6-966P
HCC,2,NK_cytotoxic_T,152,RP11-297C4.6
HCC,2,NK_cytotoxic_T,153,RNA5SP524
HCC,2,NK_cytotoxic_T,154,TRAJ18
HCC,2,NK_cytotoxic_T,155,TRBJ2-5
HCC,2,NK_cytotoxic_T,156,RP11-128N14.4
HCC,2,NK_cytotoxic_T,157,RPL5P3
HCC,2,NK_cytotoxic_T,158,TRAJ20
HCC,2,NK_cytotoxic_T,159,RP4-612C19.1
HCC,2,NK_cytotoxic_T,160,MIR1238
HCC,2,NK_cytotoxic_T,161,RPL39P
HCC,2,NK_cytotoxic_T,162,UBE2Q2L
HCC,2,NK_cytotoxic_T,163,RP11-210K20.5
HCC,2,NK_cytotoxic_T,164,RNU6-230P
HCC,2,NK_cytotoxic_T,165,LINC01871
HCC,2,NK_cytotoxic_T,166,PTMAP3
HCC,2,NK_cytotoxic_T,167,LAG3
HCC,2,NK_cytotoxic_T,168,CX3CR1
HCC,2,NK_cytotoxic_T,169,RP11-317J9.1
HCC,2,NK_cytotoxic_T,170,RN7SL263P
HCC,2,NK_cytotoxic_T,171,TRBD1
HCC,2,NK_cytotoxic_T,172,SLC25A39P2
HCC,2,NK_cytotoxic_T,173,RP4-568C11.4
HCC,2,NK_cytotoxic_T,174,AC012078.2
HCC,2,NK_cytotoxic_T,175,RP11-413E1.2
HCC,2,NK_cytotoxic_T,176,IGLV2-8
HCC,2,NK_cytotoxic_T,177,ITPK1-AS1
HCC,2,NK_cytotoxic_T,178,ENSG10010137419.1
HCC,2,NK_cytotoxic_T,179,TRBJ2-1
HCC,2,NK_cytotoxic_T,180,AC159540.1
HCC,2,NK_cytotoxic_T,181,AC159540.2
HCC,2,NK_cytotoxic_T,182,XXbac-B33L19.4
HCC,2,NK_cytotoxic_T,183,LINC01980
HCC,2,NK_cytotoxic_T,184,COX5BP8
HCC,2,NK_cytotoxic_T,185,CTD-2313F11.1
HCC,2,NK_cytotoxic_T,186,CLEC2B
HCC,2,NK_cytotoxic_T,187,MIR5000
HCC,2,NK_cytotoxic_T,188,SNORD3P1
HCC,2,NK_cytotoxic_T,189,TRBJ1-2
HCC,2,NK_cytotoxic_T,190,CXCR2
HCC,2,NK_cytotoxic_T,191,RNA5SP188
HCC,2,NK_cytotoxic_T,192,PRSS30P
HCC,2,NK_cytotoxic_T,193,TRBJ1-1
HCC,2,NK_cytotoxic_T,194,RP11-415F23.4
HCC,2,NK_cytotoxic_T,195,ABHD17A
HCC,2,NK_cytotoxic_T,196,IGLV2-11
HCC,2,NK_cytotoxic_T,197,CTB-31O20.9
HCC,2,NK_cytotoxic_T,198,RP1-209B5.2
HCC,2,NK_cytotoxic_T,199,ARHGDIG
HCC,2,NK_cytotoxic_T,200,LINC02442
COAD,0,B_cell,1,AD000864.6
COAD,0,B_cell,2,HCST
COAD,0,B_cell,3,SYF2P1
COAD,0,B_cell,4,MTCO3P39
COAD,0,B_cell,5,MTND3P22
COAD,0,B_cell,6,RP11-137F15.1
COAD,0,B_cell,7,IGKV1D-16
COAD,0,B_cell,8,NF1P2
COAD,0,B_cell,9,MIR4282
COAD,0,B_cell,10,MIR302C
COAD,0,B_cell,11,MIR302A
COAD,0,B_cell,12,BMS1P16
COAD,0,B_cell,13,HNRNPA3P3
COAD,0,B_cell,14,RP11-403D15.1
COAD,0,B_cell,15,RNU5B-6P
COAD,0,B_cell,16,RP11-90D4.4
COAD,0,B_cell,17,RP5-1087E8.2
COAD,0,B_cell,18,RNU6-104P
COAD,0,B_cell,19,RNA5SP141
COAD,0,B_cell,20,CH507-513H4.5
COAD,0,B_cell,21,RBMY1HP
COAD,0,B_cell,22,MIR302D
COAD,0,B_cell,23,PPIAP29
COAD,0,B_cell,24,RNA5SP178
COAD,0,B_cell,25,RPS24P1
COAD,0,B_cell,26,BMS1P9
COAD,0,B_cell,27,SNORA79
COAD,0,B_cell,28,AC018892.8
COAD,0,B_cell,29,FAM197Y6
COAD,0,B_cell,30,RP11-1212A22.7
COAD,0,B_cell,31,AC006158.9
COAD,0,B_cell,32,TSPY3
COAD,0,B_cell,33,CTD-2311B13.10
COAD,0,B_cell,34,RN7SKP45
COAD,0,B_cell,35,RN7SL495P
COAD,0,B_cell,36,MIR4431
COAD,0,B_cell,37,CTC-260E6.7
COAD,0,B_cell,38,RP11-51F16.1
COAD,0,B_cell,39,ENTR1P1
COAD,0,B_cell,40,RP1-232L22__A.1
COAD,0,B_cell,41,RNU6-146P
COAD,0,B_cell,42,TLK2P1
COAD,0,B_cell,43,bP-21201H5.2
COAD,0,B_cell,44,RP11-510D21.2
COAD,0,B_cell,45,RNA5SP171
COAD,0,B_cell,46,MIR302B
COAD,0,B_cell,47,RP11-497H16.9
COAD,0,B_cell,48,MTCO2P3
COAD,0,B_cell,49,MIR766
COAD,0,B_cell,50,TERF1P2
COAD,0,B_cell,51,H3P6
COAD,0,B_cell,52,RP11-216P16.4
COAD,0,B_cell,53,RP11-4M23.3
COAD,0,B_cell,54,TRMT112P7
COAD,0,B_cell,55,RP11-573J24.1
COAD,0,B_cell,56,RNY3P14
COAD,0,B_cell,57,LIMD2
COAD,0,B_cell,58,MIR4481
COAD,0,B_cell,59,RNU6-1252P
COAD,0,B_cell,60,MIR32
COAD,0,B_cell,61,RP11-585F1.6
COAD,0,B_cell,62,LTB
COAD,0,B_cell,63,RP11-142L1.3
COAD,0,B_cell,64,RP11-321L2.3
COAD,0,B_cell,65,RP11-69H14.6
COAD,0,B_cell,66,RNU6-62P
COAD,0,B_cell,67,HMGB1P24
COAD,0,B_cell,68,RP11-29O13.1
COAD,0,B_cell,69,SUMO2P20
COAD,0,B_cell,70,RP11-758B24.1
COAD,0,B_cell,71,ZDHHC20-IT1
COAD,0,B_cell,72,AC009237.2
COAD,0,B_cell,73,RP11-142L16.2
COAD,0,B_cell,74,HSPD1P7
COAD,0,B_cell,75,ENSG10010139551.1
COAD,0,B_cell,76,CTD-2375G15.1
COAD,0,B_cell,77,RP5-966M1.4
COAD,0,B_cell,78,NFKBID
COAD,0,B_cell,79,PRR13P3
COAD,0,B_cell,80,RN7SL237P
COAD,0,B_cell,81,SYT15
COAD,0,B_cell,82,RNU2-31P
COAD,0,B_cell,83,RPS3AP18
COAD,0,B_cell,84,MIR4493
COAD,0,B_cell,85,CTD-2036A2.1
COAD,0,B_cell,86,CETN1
COAD,0,B_cell,87,SPIN2P1
COAD,0,B_cell,88,MIR4524A
COAD,0,B_cell,89,OR7E90P
COAD,0,B_cell,90,CORO1A-AS1
COAD,0,B_cell,91,OR4C50P
COAD,0,B_cell,92,RNASE3
COAD,0,B_cell,93,GRAMD4P3
COAD,0,B_cell,94,RNU6-3P
COAD,0,B_cell,95,SC22CB-22C4.1
COAD,0,B_cell,96,RNU6-259P
COAD,0,B_cell,97,RPL12P12
COAD,0,B_cell,98,RP1-197O17.3
COAD,0,B_cell,99,CD79A
COAD,0,B_cell,100,NDUFA3P1
COAD,0,B_cell,101,RNU105B
COAD,0,B_cell,102,CTD-2199O4.4
COAD,0,B_cell,103,CH17-420I24.1
COAD,0,B_cell,104,TRGJP1
COAD,0,B_cell,105,CORO1A
COAD,0,B_cell,106,ATP5POP1
COAD,0,B_cell,107,GOT2P6
COAD,0,B_cell,108,TDGF1P5
COAD,0,B_cell,109,RP11-67H24.2
COAD,0,B_cell,110,KATNBL1P4
COAD,0,B_cell,111,CTC-543D15.1
COAD,0,B_cell,112,RP11-231E4.3
COAD,0,B_cell,113,HMGB3P32
COAD,0,B_cell,114,AC011330.5
COAD,0,B_cell,115,RP11-411B10.8
COAD,0,B_cell,116,RP11-334E6.4
COAD,0,B_cell,117,MTND6P33
COAD,0,B_cell,118,KRTAP15-1
COAD,0,B_cell,119,RP11-109L13.1
COAD,0,B_cell,120,AC011816.1
COAD,0,B_cell,121,RP11-326L17.1
COAD,0,B_cell,122,ENSG10010135376.1
COAD,0,B_cell,123,RNU4-9P
COAD,0,B_cell,124,RN7SL301P
COAD,0,B_cell,125,CD79B
COAD,0,B_cell,126,RP11-244H18.4
COAD,0,B_cell,127,NEK2P4
COAD,0,B_cell,128,RNU6-813P
COAD,0,B_cell,129,LSM12P1
COAD,0,B_cell,130,RNU6-207P
COAD,0,B_cell,131,LINC00265-2P
COAD,0,B_cell,132,CD83
COAD,0,B_cell,133,ANP32BP2
COAD,0,B_cell,134,RP11-104G3.2
COAD,0,B_cell,135,RNU6-967P
COAD,0,B_cell,136,NDUFA5P12
COAD,0,B_cell,137,TRDJ4
COAD,0,B_cell,138,TBC1D3I
COAD,0,B_cell,139,CTD-2017D15.1
COAD,0,B_cell,140,SNORA74C-2
COAD,0,B_cell,141,MIR6755
COAD,0,B_cell,142,LINC02256
COAD,0,B_cell,143,DNAJC19P7
COAD,0,B_cell,144,RPL23AP2
COAD,0,B_cell,145,RP11-518K17.4
COAD,0,B_cell,146,AC018641.7
COAD,0,B_cell,147,LL21NC02-1C16.1
COAD,0,B_cell,148,IGLV4-3
COAD,0,B_cell,149,RP11-79J24.1
COAD,0,B_cell,150,RNA5-8SP5
COAD,0,B_cell,151,RP3-446N13.4
COAD,0,B_cell,152,KB-68A7.1
COAD,0,B_cell,153,RP11-51L5.1
COAD,0,B_cell,154,RAB39B
COAD,0,B_cell,155,IGHVII-33-1
COAD,0,B_cell,156,SLC25A36P1
COAD,0,B_cell,157,LL0XNC01-36H8.1
COAD,0,B_cell,158,RP11-762I7.4
COAD,0,B_cell,159,MIR6867
COAD,0,B_cell,160,LINC02049
COAD,0,B_cell,161,RP4-562D20.2
COAD,0,B_cell,162,ENSG10010135688.1
COAD,0,B_cell,163,FAM27E3
COAD,0,B_cell,164,RNU6-644P
COAD,0,B_cell,165,DEFB134
COAD,0,B_cell,166,MAGEA6
COAD,0,B_cell,167,RPS26P4
COAD,0,B_cell,168,H2AC3P
COAD,0,B_cell,169,RNU6-1011P
COAD,0,B_cell,170,ENSG10010138347.1
COAD,0,B_cell,171,CTD-2308B18.1
COAD,0,B_cell,172,NSA2P7
COAD,0,B_cell,173,RNU6-714P
COAD,0,B_cell,174,MRPL42P3
COAD,0,B_cell,175,RP11-621K7.1
COAD,0,B_cell,176,HNRNPH1P2
COAD,0,B_cell,177,TSPY4
COAD,0,B_cell,178,MIR548I4
COAD,0,B_cell,179,RNU6-625P
COAD,0,B_cell,180,RP11-380M21.1
COAD,0,B_cell,181,RNU1-15P
COAD,0,B_cell,182,RPS7P10
COAD,0,B_cell,183,HNRNPA1P44
COAD,0,B_cell,184,RPSAP4
COAD,0,B_cell,185,GS1-53I10.2
COAD,0,B_cell,186,RNU6-1212P
COAD,0,B_cell,187,RNA5SP184
COAD,0,B_cell,188,RP11-640I15.2
COAD,0,B_cell,189,CTD-2017F17.2
COAD,0,B_cell,190,RNU6-411P
COAD,0,B_cell,191,SNORD115-22
COAD,0,B_cell,192,RNU6-1053P
COAD,0,B_cell,193,UBE2V1P5
COAD,0,B_cell,194,RP11-378N18.1
COAD,0,B_cell,195,MIR142
COAD,0,B_cell,196,GCSHP1
COAD,0,B_cell,197,RP11-325K4.2
COAD,0,B_cell,198,GHc-602D8.2
COAD,0,B_cell,199,RP11-815J21.1
COAD,0,B_cell,200,CASP1P1
COAD,0,Endothelial,1,IGHVIII-44
COAD,0,Endothelial,2,RP11-507A3.1
COAD,0,Endothelial,3,ARPC3P4
COAD,0,Endothelial,4,RPL10AP2
COAD,0,Endothelial,5,RP11-989E6.1
COAD,0,Endothelial,6,RP4-791M13.5
COAD,0,Endothelial,7,IGHV2OR16-5
COAD,0,Endothelial,8,FAM72C
COAD,0,Endothelial,9,TMEM176A
COAD,0,Endothelial,10,AC004878.2
COAD,0,Endothelial,11,TMEM176B
COAD,0,Endothelial,12,SCYGR9
COAD,0,Endothelial,13,RNU6-13P
COAD,0,Endothelial,14,USP32P2
COAD,0,Endothelial,15,LA16c-13E4.3
COAD,0,Endothelial,16,RP11-192C21.3
COAD,0,Endothelial,17,RNU1-150P
COAD,0,Endothelial,18,RNU6-978P
COAD,0,Endothelial,19,MIR514A3
COAD,0,Endothelial,20,CYCSP45
COAD,0,Endothelial,21,MRRFP1
COAD,0,Endothelial,22,RNA5SP217
COAD,0,Endothelial,23,AC069213.4
COAD,0,Endothelial,24,RN7SL733P
COAD,0,Endothelial,25,XXbac-BPGBPG55C20.6
COAD,0,Endothelial,26,RNU6-426P
COAD,0,Endothelial,27,RN7SL266P
COAD,0,Endothelial,28,TBC1D3P4
COAD,0,Endothelial,29,YBX1P6
COAD,0,Endothelial,30,ATP5MGL
COAD,0,Endothelial,31,RP1-298M8.1
COAD,0,Endothelial,32,RPL5P13
COAD,0,Endothelial,33,PTMS
COAD,0,Endothelial,34,HMGN2P36
COAD,0,Endothelial,35,MIR3147
COAD,0,Endothelial,36,ATG10-AS1
COAD,0,Endothelial,37,RNU6-627P
COAD,0,Endothelial,38,ENSG10010137843.1
COAD,0,Endothelial,39,GTF2IP1
COAD,0,Endothelial,40,RP11-844G16.3
COAD,0,Endothelial,41,RNU6-492P
COAD,0,Endothelial,42,RP11-182J1.10
COAD,0,Endothelial,43,RNU6-893P
COAD,0,Endothelial,44,RNU6-1178P
COAD,0,Endothelial,45,CTD-2515C13.1
COAD,0,Endothelial,46,RPS7P11
COAD,0,Endothelial,47,UBE2Q2P12
COAD,0,Endothelial,48,RBMY2EP
COAD,0,Endothelial,49,RNA5SP367
COAD,0,Endothelial,50,RP11-313C4.1
COAD,0,Endothelial,51,IQCF6
COAD,0,Endothelial,52,MIR8063
COAD,0,Endothelial,53,RP11-746M1.2
COAD,0,Endothelial,54,RNU105C
COAD,0,Endothelial,55,RP11-643E14.3
COAD,0,Endothelial,56,RP11-191F9.3
COAD,0,Endothelial,57,RNU6-907P
COAD,0,Endothelial,58,RP11-692C24.3
COAD,0,Endothelial,59,LINC00266-1
COAD,0,Endothelial,60,RP11-393N4.2
COAD,0,Endothelial,61,RP11-481E4.1
COAD,0,Endothelial,62,RPL32P4
COAD,0,Endothelial,63,HSPD1P5
COAD,0,Endothelial,64,CTD-3030D20.1
COAD,0,Endothelial,65,FAM247B
COAD,0,Endothelial,66,RP11-666A8.9
COAD,0,Endothelial,67,RNA5SP408
COAD,0,Endothelial,68,RNA5SP409
COAD,0,Endothelial,69,RNU6-640P
COAD,0,Endothelial,70,MORF4L1P3
COAD,0,Endothelial,71,IGKJ1
COAD,0,Endothelial,72,RNA5SP183
COAD,0,Endothelial,73,PPIAP1
COAD,0,Endothelial,74,OR5F2P
COAD,0,Endothelial,75,MTCO1P27
COAD,0,Endothelial,76,RPL9P16
COAD,0,Endothelial,77,MTCO2P27
COAD,0,Endothelial,78,RP11-335K5.2
COAD,0,Endothelial,79,RP11-438F14.3
COAD,0,Endothelial,80,ENSG10010139226.1
COAD,0,Endothelial,81,RNU6-552P
COAD,0,Endothelial,82,OR4D7P
COAD,0,Endothelial,83,RP11-746M1.8
COAD,0,Endothelial,84,MIR548F4
COAD,0,Endothelial,85,RPL7AP53
COAD,0,Endothelial,86,RP11-33E15.1
COAD,0,Endothelial,87,RP3-469D22.1
COAD,0,Endothelial,88,RPS29P5
COAD,0,Endothelial,89,RP11-359P14.3
COAD,0,Endothelial,90,ATP5F1AP4
COAD,0,Endothelial,91,RP11-325K19.3
COAD,0,Endothelial,92,RP11-170N16.1
COAD,0,Endothelial,93,HSP90B3P
COAD,0,Endothelial,94,C4A
COAD,0,Endothelial,95,RP11-80F22.8
COAD,0,Endothelial,96,RNU6-986P
COAD,0,Endothelial,97,RP11-468N14.10
COAD,0,Endothelial,98,ARL2BPP1
COAD,0,Endothelial,99,RPS23P8
COAD,0,Endothelial,100,PPP1R2B
COAD,0,Endothelial,101,RRAS2P2
COAD,0,Endothelial,102,LARP1BP1
COAD,0,Endothelial,103,TRMT112P3
COAD,0,Endothelial,104,RPS16P8
COAD,0,Endothelial,105,RNA5SP425
COAD,0,Endothelial,106,CTB-20D2.1
COAD,0,Endothelial,107,NUP35P1
COAD,0,Endothelial,108,C1DP5
COAD,0,Endothelial,109,RN7SL554P
COAD,0,Endothelial,110,RP11-8J9.5
COAD,0,Endothelial,111,KB-1440D3.14
COAD,0,Endothelial,112,RNU6-545P
COAD,0,Endothelial,113,TRBV10-1
COAD,0,Endothelial,114,RNU6-1098P
COAD,0,Endothelial,115,RP11-428I12.1
COAD,0,Endothelial,116,PGBD4P4
COAD,0,Endothelial,117,RP11-174I12.2
COAD,0,Endothelial,118,RP11-196G4.2
COAD,0,Endothelial,119,RNU1-83P
COAD,0,Endothelial,120,IGBP1-AS2
COAD,0,Endothelial,121,IGHV5-78
COAD,0,Endothelial,122,MIR5195
COAD,0,Endothelial,123,AC009236.2
COAD,0,Endothelial,124,RP11-613M5.2
COAD,0,Endothelial,125,RP13-225O21.5
COAD,0,Endothelial,126,PTCD2P2
COAD,0,Endothelial,127,RP11-173M1.3
COAD,0,Endothelial,128,RNA5SP48
COAD,0,Endothelial,129,RP11-248E9.4
COAD,0,Endothelial,130,HNRNPCP4
COAD,0,Endothelial,131,TEKT4P3
COAD,0,Endothelial,132,RN7SL479P
COAD,0,Endothelial,133,RN7SKP174
COAD,0,Endothelial,134,RP11-100K21.1
COAD,0,Endothelial,135,DUXAP11
COAD,0,Endothelial,136,OR5BH1P
COAD,0,Endothelial,137,OR5M12P
COAD,0,Endothelial,138,MLF2
COAD,0,Endothelial,139,RPL9P28
COAD,0,Endothelial,140,RP11-295K2.6
COAD,0,Endothelial,141,ERLNC1
COAD,0,Endothelial,142,RPL9P5
COAD,0,Endothelial,143,RP11-84E17.1
COAD,0,Endothelial,144,CYB5AP2
COAD,0,Endothelial,145,RP11-480O10.1
COAD,0,Endothelial,146,HNRNPA1P37
COAD,0,Endothelial,147,RP11-140I16.3
COAD,0,Endothelial,148,AC104530.1
COAD,0,Endothelial,149,AC102953.6
COAD,0,Endothelial,150,RN7SL231P
COAD,0,Endothelial,151,AC079150.2
COAD,0,Endothelial,152,RP11-1267H10.3
COAD,0,Endothelial,153,CRB3P1
COAD,0,Endothelial,154,RNA5SP267
COAD,0,Endothelial,155,FTLP16
COAD,0,Endothelial,156,RNU6-26P
COAD,0,Endothelial,157,LINC00029
COAD,0,Endothelial,158,RP11-632K21.7
COAD,0,Endothelial,159,RP11-25K24.3
COAD,0,Endothelial,160,AC007327.6
COAD,0,Endothelial,161,RP11-352B15.5
COAD,0,Endothelial,162,OR2J4P
COAD,0,Endothelial,163,CTD-2410N18.1
COAD,0,Endothelial,164,ENSG10010136559.1
COAD,0,Endothelial,165,RP11-114G11.4
COAD,0,Endothelial,166,RPL39P25
COAD,0,Endothelial,167,RP11-496I2.7
COAD,0,Endothelial,168,MIR598
COAD,0,Endothelial,169,PRAMEF10
COAD,0,Endothelial,170,RP5-884M20.4
COAD,0,Endothelial,171,SNRPEP5
COAD,0,Endothelial,172,RP11-259G18.3
COAD,0,Endothelial,173,SEPTIN14P12
COAD,0,Endothelial,174,RP11-87E22.1
COAD,0,Endothelial,175,TDGP1
COAD,0,Endothelial,176,RPS12P5
COAD,0,Endothelial,177,RP11-177A2.5
COAD,0,Endothelial,178,RP11-15D14.2
COAD,0,Endothelial,179,FAM106A
COAD,0,Endothelial,180,PTGES3P4
COAD,0,Endothelial,181,RP11-629O1.4
COAD,0,Endothelial,182,AC092660.1
COAD,0,Endothelial,183,RP5-1057J7.1
COAD,0,Endothelial,184,RNU6-1087P
COAD,0,Endothelial,185,AC016710.1
COAD,0,Endothelial,186,CTA-268H5.12
COAD,0,Endothelial,187,RP11-544D21.2
COAD,0,Endothelial,188,RP11-629O1.3
COAD,0,Endothelial,189,RP11-739N20.3
COAD,0,Endothelial,190,RN7SL65P
COAD,0,Endothelial,191,RP11-1E1.2
COAD,0,Endothelial,192,MAGEA7P
COAD,0,Endothelial,193,FCGR2B
COAD,0,Endothelial,194,RP11-557L19.1
COAD,0,Endothelial,195,RBBP4P2
COAD,0,Endothelial,196,RP1-229K20.5
COAD,0,Endothelial,197,RNU7-175P
COAD,0,Endothelial,198,HSP90AB3P
COAD,0,Endothelial,199,CCNJP2
COAD,0,Endothelial,200,AC132479.4
COAD,0,Epithelial,1,HES4
COAD,0,Epithelial,2,RPL36A
COAD,0,Epithelial,3,RP11-815I9.3
COAD,0,Epithelial,4,ISG15
COAD,0,Epithelial,5,FAM138D
COAD,0,Epithelial,6,RP11-332E4.1
COAD,0,Epithelial,7,CTD-2265D6.2
COAD,0,Epithelial,8,RN7SKP221
COAD,0,Epithelial,9,RPL31P61
COAD,0,Epithelial,10,EIF3MP1
COAD,0,Epithelial,11,AC079809.2
COAD,0,Epithelial,12,RNU6-1022P
COAD,0,Epithelial,13,RP11-378J18.10
COAD,0,Epithelial,14,RN7SL386P
COAD,0,Epithelial,15,RP11-54O7.17
COAD,0,Epithelial,16,RP11-483I13.2
COAD,0,Epithelial,17,IGKV2D-10
COAD,0,Epithelial,18,RP11-1072N2.4
COAD,0,Epithelial,19,RP11-356K22.1
COAD,0,Epithelial,20,SPANXA1
COAD,0,Epithelial,21,RP11-359P18.2
COAD,0,Epithelial,22,RN7SL864P
COAD,0,Epithelial,23,RP11-134C1.1
COAD,0,Epithelial,24,CYP4F27P
COAD,0,Epithelial,25,CACYBPP2
COAD,0,Epithelial,26,RNA5S12
COAD,0,Epithelial,27,ENSG10010134639.1
COAD,0,Epithelial,28,MTND5P28
COAD,0,Epithelial,29,AMY1C
COAD,0,Epithelial,30,RP11-260A9.1
COAD,0,Epithelial,31,IGKV1-33
COAD,0,Epithelial,32,OR4T1P
COAD,0,Epithelial,33,RP11-488L18.10
COAD,0,Epithelial,34,GUSBP8
COAD,0,Epithelial,35,SNORA48B
COAD,0,Epithelial,36,AKR7A2P1
COAD,0,Epithelial,37,RP11-560I19.2
COAD,0,Epithelial,38,RNU6-1146P
COAD,0,Epithelial,39,AMZ2P2
COAD,0,Epithelial,40,RP11-6B6.3
COAD,0,Epithelial,41,DNAJB9
COAD,0,Epithelial,42,RP11-100L22.4
COAD,0,Epithelial,43,UBE2V1P2
COAD,0,Epithelial,44,CLPTM1LP1
COAD,0,Epithelial,45,USP9YP22
COAD,0,Epithelial,46,RP11-531A24.7
COAD,0,Epithelial,47,RPL36A-HNRNPH2
COAD,0,Epithelial,48,BTK
COAD,0,Epithelial,49,RP13-644M16.3
COAD,0,Epithelial,50,SLX1B-SULT1A4
COAD,0,Epithelial,51,ATP5MGP5
COAD,0,Epithelial,52,CYCSP51
COAD,0,Epithelial,53,RP11-90B22.1
COAD,0,Epithelial,54,SPAG11B
COAD,0,Epithelial,55,MTCO1P18
COAD,0,Epithelial,56,THAP5
COAD,0,Epithelial,57,H3P20
COAD,0,Epithelial,58,MTCO2P31
COAD,0,Epithelial,59,RP11-295I5.3
COAD,0,Epithelial,60,COMMD6
COAD,0,Epithelial,61,KRT18P56
COAD,0,Epithelial,62,UCHL3
COAD,0,Epithelial,63,LL22NC03-88E1.18
COAD,0,Epithelial,64,RP11-63E9.2
COAD,0,Epithelial,65,ENSG10010138665.1
COAD,0,Epithelial,66,AP001429.1
COAD,0,Epithelial,67,ENSG10010136577.1
COAD,0,Epithelial,68,RP11-927P21.7
COAD,0,Epithelial,69,H2BP9
COAD,0,Epithelial,70,DEFB127
COAD,0,Epithelial,71,CTD-3035D6.1
COAD,0,Epithelial,72,MIR509-3
COAD,0,Epithelial,73,RP11-450H5.4
COAD,0,Epithelial,74,EIF4EP1
COAD,0,Epithelial,75,NDUFB5P2
COAD,0,Epithelial,76,MIR8071-2
COAD,0,Epithelial,77,SETP2
COAD,0,Epithelial,78,RP11-305L7.5
COAD,0,Epithelial,79,VN1R80P
COAD,0,Epithelial,80,SULT1A4
COAD,0,Epithelial,81,RP1-140K8.2
COAD,0,Epithelial,82,PSMC1P9
COAD,0,Epithelial,83,RN7SKP86
COAD,0,Epithelial,84,BMP2KL
COAD,0,Epithelial,85,RP5-996D20.3
COAD,0,Epithelial,86,RP11-289I10.3
COAD,0,Epithelial,87,RNU6-164P
COAD,0,Epithelial,88,RNU6-1213P
COAD,0,Epithelial,89,MTCO1P54
COAD,0,Epithelial,90,RAB11AP1
COAD,0,Epithelial,91,RP11-444P10.1
COAD,0,Epithelial,92,RP11-34P13.8
COAD,0,Epithelial,93,PRAMEF5
COAD,0,Epithelial,94,ENSG10010135859.1
COAD,0,Epithelial,95,CTC-523E23.10
COAD,0,Epithelial,96,HNRNPA1P46
COAD,0,Epithelial,97,OR5AO1P
COAD,0,Epithelial,98,AC009238.7
COAD,0,Epithelial,99,SNORD114-5
COAD,0,Epithelial,100,OR4G1P
COAD,0,Epithelial,101,LINC00319
COAD,0,Epithelial,102,MIR509-1
COAD,0,Epithelial,103,AC004006.2
COAD,0,Epithelial,104,MTND2P20
COAD,0,Epithelial,105,ZNF29P
COAD,0,Epithelial,106,RPL39P16
COAD,0,Epithelial,107,TRBV22OR9-2
COAD,0,Epithelial,108,ENSG10010134272.1
COAD,0,Epithelial,109,RNU6-523P
COAD,0,Epithelial,110,RP11-126O22.11
COAD,0,Epithelial,111,CH17-212P11.8
COAD,0,Epithelial,112,RNU6-277P
COAD,0,Epithelial,113,OR4N4
COAD,0,Epithelial,114,FCGR1CP
COAD,0,Epithelial,115,NEFLP1
COAD,0,Epithelial,116,CH17-360D5.3
COAD,0,Epithelial,117,TAS2R39
COAD,0,Epithelial,118,RP1-140K8.3
COAD,0,Epithelial,119,RNU7-29P
COAD,0,Epithelial,120,RN7SKP293
COAD,0,Epithelial,121,RP11-81A1.11
COAD,0,Epithelial,122,AC152010.1
COAD,0,Epithelial,123,RP4-604K5.3
COAD,0,Epithelial,124,RP11-62J1.3
COAD,0,Epithelial,125,RP11-79C6.3
COAD,0,Epithelial,126,RN7SKP100
COAD,0,Epithelial,127,CTD-2071N1.2
COAD,0,Epithelial,128,RNU2-18P
COAD,0,Epithelial,129,RP11-19H6.1
COAD,0,Epithelial,130,RP5-857K21.2
COAD,0,Epithelial,131,RGPD6
COAD,0,Epithelial,132,OR7A3P
COAD,0,Epithelial,133,CH507-9B2.8
COAD,0,Epithelial,134,ENSG10010137308.1
COAD,0,Epithelial,135,RNU6-705P
COAD,0,Epithelial,136,RNU7-172P
COAD,0,Epithelial,137,RPS10P28
COAD,0,Epithelial,138,RP11-109F19.1
COAD,0,Epithelial,139,RNU6-930P
COAD,0,Epithelial,140,MIR4463
COAD,0,Epithelial,141,CKS1BP6
COAD,0,Epithelial,142,PRM2
COAD,0,Epithelial,143,AC079781.8
COAD,0,Epithelial,144,RNF7P1
COAD,0,Epithelial,145,HMGN1P33
COAD,0,Epithelial,146,MIR548AA2
COAD,0,Epithelial,147,U82671.16
COAD,0,Epithelial,148,RN7SL370P
COAD,0,Epithelial,149,RP11-736I10.2
COAD,0,Epithelial,150,RN7SL480P
COAD,0,Epithelial,151,AP000711.1
COAD,0,Epithelial,152,CDC42P2
COAD,0,Epithelial,153,RP4-612C19.1
COAD,0,Epithelial,154,SERBP1P3
COAD,0,Epithelial,155,RP11-927P21.8
COAD,0,Epithelial,156,RP11-330L19.2
COAD,0,Epithelial,157,CTA-363E6.1
COAD,0,Epithelial,158,MIR486-2
COAD,0,Epithelial,159,RPS24P12
COAD,0,Epithelial,160,RP11-560B16.5
COAD,0,Epithelial,161,OR10A5
COAD,0,Epithelial,162,RNU6-921P
COAD,0,Epithelial,163,ENSG10010137037.1
COAD,0,Epithelial,164,RNU6-316P
COAD,0,Epithelial,165,ATP7BP1
COAD,0,Epithelial,166,CTD-2349P21.12
COAD,0,Epithelial,167,RP11-296I10.5
COAD,0,Epithelial,168,RP11-354P11.4
COAD,0,Epithelial,169,RP11-183K14.1
COAD,0,Epithelial,170,SNURFL
COAD,0,Epithelial,171,RP11-500G22.5
COAD,0,Epithelial,172,YBX1P9
COAD,0,Epithelial,173,OR7E93P
COAD,0,Epithelial,174,AF230666.2
COAD,0,Epithelial,175,RNU6-987P
COAD,0,Epithelial,176,MTND2P3
COAD,0,Epithelial,177,RP11-250B2.4
COAD,0,Epithelial,178,MIR3180-2
COAD,0,Epithelial,179,RP11-98D18.7
COAD,0,Epithelial,180,MIR4704
COAD,0,Epithelial,181,OR2A1
COAD,0,Epithelial,182,RP11-88H1.1
COAD,0,Epithelial,183,RP11-248J18.2
COAD,0,Epithelial,184,CTC-338M12.14
COAD,0,Epithelial,185,RNA5SP535
COAD,0,Epithelial,186,KYNUP3
COAD,0,Epithelial,187,CDC42P3
COAD,0,Epithelial,188,RN7SL131P
COAD,0,Epithelial,189,GS1-304P7.2
COAD,0,Epithelial,190,IGHV3-69-1
COAD,0,Epithelial,191,MIR7112
COAD,0,Epithelial,192,AC002044.3
COAD,0,Epithelial,193,RN7SL469P
COAD,0,Epithelial,194,CH17-3B23.3
COAD,0,Epithelial,195,OR4N3P
COAD,0,Epithelial,196,RPL7P33
COAD,0,Epithelial,197,RNY3P12
COAD,0,Epithelial,198,SLX1B
COAD,0,Epithelial,199,ENOX1-AS2
COAD,0,Epithelial,200,CTD-2320J21.1
COAD,0,Fibroblast,1,MTCO2P10
COAD,0,Fibroblast,2,RP11-32D4.1
COAD,0,Fibroblast,3,SLC29A4P1
COAD,0,Fibroblast,4,RP11-177F11.1
COAD,0,Fibroblast,5,HNRNPA1P73
COAD,0,Fibroblast,6,VN1R13P
COAD,0,Fibroblast,7,PFN1P3
COAD,0,Fibroblast,8,VN1R85P
COAD,0,Fibroblast,9,ZP3P1
COAD,0,Fibroblast,10,ATG3P1
COAD,0,Fibroblast,11,ENSG10010137505.1
COAD,0,Fibroblast,12,RPL21P39
COAD,0,Fibroblast,13,RPL21P18
COAD,0,Fibroblast,14,MTCO1P10
COAD,0,Fibroblast,15,FRMD8P1
COAD,0,Fibroblast,16,VN1R37P
COAD,0,Fibroblast,17,CTC-548K16.6
COAD,0,Fibroblast,18,RNU6ATAC17P
COAD,0,Fibroblast,19,RNU6-129P
COAD,0,Fibroblast,20,RPL32P14
COAD,0,Fibroblast,21,RP11-1006G14.5
COAD,0,Fibroblast,22,ARL5AP2
COAD,0,Fibroblast,23,ENSG10010136139.1
COAD,0,Fibroblast,24,OR51AB1P
COAD,0,Fibroblast,25,SNORD114-2
COAD,0,Fibroblast,26,RP11-696F10.1
COAD,0,Fibroblast,27,HMGN2P11
COAD,0,Fibroblast,28,TRBV7-1
COAD,0,Fibroblast,29,CTD-2643K12.1
COAD,0,Fibroblast,30,RP13-644M16.4
COAD,0,Fibroblast,31,RP11-386B13.1
COAD,0,Fibroblast,32,RP11-361M4.1
COAD,0,Fibroblast,33,RP11-629P16.1
COAD,0,Fibroblast,34,VDAC1P3
COAD,0,Fibroblast,35,RP4-570O12.2
COAD,0,Fibroblast,36,RP11-757O6.6
COAD,0,Fibroblast,37,RP11-263F14.3
COAD,0,Fibroblast,38,RP3-446N13.3
COAD,0,Fibroblast,39,RNU6ATAC29P
COAD,0,Fibroblast,40,CTD-2336H13.1
COAD,0,Fibroblast,41,CTA-992D9.10
COAD,0,Fibroblast,42,RARRES2P9
COAD,0,Fibroblast,43,CTC-436P18.5
COAD,0,Fibroblast,44,HMGN2P41
COAD,0,Fibroblast,45,RPL36AP52
COAD,0,Fibroblast,46,RP11-719C20.1
COAD,0,Fibroblast,47,AC007064.24
COAD,0,Fibroblast,48,MIR325
COAD,0,Fibroblast,49,ENSG10010134776.1
COAD,0,Fibroblast,50,BNIP3P22
COAD,0,Fibroblast,51,KB-1958F4.1
COAD,0,Fibroblast,52,RNU6-255P
COAD,0,Fibroblast,53,RP11-1217F2.25
COAD,0,Fibroblast,54,RP11-131K17.1
COAD,0,Fibroblast,55,RP11-76I7.1
COAD,0,Fibroblast,56,GAPDHP77
COAD,0,Fibroblast,57,SAP18P3
COAD,0,Fibroblast,58,ATP5PFP1
COAD,0,Fibroblast,59,RPS3AP5
COAD,0,Fibroblast,60,RP11-360O19.5
COAD,0,Fibroblast,61,RN7SKP225
COAD,0,Fibroblast,62,RN7SKP262
COAD,0,Fibroblast,63,IGKV1OR22-1
COAD,0,Fibroblast,64,RNU6-217P
COAD,0,Fibroblast,65,CH17-118O6.4
COAD,0,Fibroblast,66,MTND4P4
COAD,0,Fibroblast,67,AP001506.1
COAD,0,Fibroblast,68,AQP7P5
COAD,0,Fibroblast,69,ABC12-47964100C23.1
COAD,0,Fibroblast,70,ENSG10010139469.2
COAD,0,Fibroblast,71,PRR20C
COAD,0,Fibroblast,72,RP11-196I18.3
COAD,0,Fibroblast,73,OR4A47
COAD,0,Fibroblast,74,RP11-876F14.2
COAD,0,Fibroblast,75,ENSG10010135103.1
COAD,0,Fibroblast,76,RP3-399J4.3
COAD,0,Fibroblast,77,RP11-362F19.3
COAD,0,Fibroblast,78,ELOCP3
COAD,0,Fibroblast,79,PGAM4P2
COAD,0,Fibroblast,80,SGCEP1
COAD,0,Fibroblast,81,MIR491
COAD,0,Fibroblast,82,TAAR8
COAD,0,Fibroblast,83,ENSG10010136359.1
COAD,0,Fibroblast,84,RP11-626K17.2
COAD,0,Fibroblast,85,RP11-252C24.2
COAD,0,Fibroblast,86,IFNWP5
COAD,0,Fibroblast,87,RP11-178D12.2
COAD,0,Fibroblast,88,RPL21P47
COAD,0,Fibroblast,89,TRAF6P1
COAD,0,Fibroblast,90,XXbac-BPGBPG55C20.2
COAD,0,Fibroblast,91,CBX3P7
COAD,0,Fibroblast,92,ELOCP27
COAD,0,Fibroblast,93,AC003973.3
COAD,0,Fibroblast,94,OR4C10P
COAD,0,Fibroblast,95,IGHV3OR15-7
COAD,0,Fibroblast,96,RNU7-82P
COAD,0,Fibroblast,97,CTSLP8
COAD,0,Fibroblast,98,AC005754.8
COAD,0,Fibroblast,99,RP1-298M8.2
COAD,0,Fibroblast,100,RPS15AP3
COAD,0,Fibroblast,101,RP11-861L17.2
COAD,0,Fibroblast,102,RP11-712B9.6
COAD,0,Fibroblast,103,RNU6-85P
COAD,0,Fibroblast,104,MIR4451
COAD,0,Fibroblast,105,MRPS35P2
COAD,0,Fibroblast,106,DUX4L28
COAD,0,Fibroblast,107,RP11-660M18.1
COAD,0,Fibroblast,108,MTND2P30
COAD,0,Fibroblast,109,RP11-386B1.1
COAD,0,Fibroblast,110,TUBAP6
COAD,0,Fibroblast,111,MIR1302-4
COAD,0,Fibroblast,112,RP11-63K6.5
COAD,0,Fibroblast,113,EI24P2
COAD,0,Fibroblast,114,KRTAP9-10P
COAD,0,Fibroblast,115,CTC-484M2.1
COAD,0,Fibroblast,116,RNA5SP185
COAD,0,Fibroblast,117,EEF1A1P13
COAD,0,Fibroblast,118,LINC01838
COAD,0,Fibroblast,119,RNA5SP49
COAD,0,Fibroblast,120,RNA5SP263
COAD,0,Fibroblast,121,RBM7P1
COAD,0,Fibroblast,122,RP11-162I7.2
COAD,0,Fibroblast,123,CTD-2244C20.1
COAD,0,Fibroblast,124,RP11-485C11.1
COAD,0,Fibroblast,125,RPL7AP25
COAD,0,Fibroblast,126,RP11-562F9.3
COAD,0,Fibroblast,127,SNORD115-5
COAD,0,Fibroblast,128,OR7E84P
COAD,0,Fibroblast,129,OR5BE1P
COAD,0,Fibroblast,130,MIR378C
COAD,0,Fibroblast,131,RPL24P9
COAD,0,Fibroblast,132,RP11-313C15.2
COAD,0,Fibroblast,133,CCDC75P1
COAD,0,Fibroblast,134,RP11-368P15.2
COAD,0,Fibroblast,135,CTC-320C6.1
COAD,0,Fibroblast,136,RP11-1072N2.2
COAD,0,Fibroblast,137,LINC00701
COAD,0,Fibroblast,138,RP11-435I3.1
COAD,0,Fibroblast,139,RP1-138O17.1
COAD,0,Fibroblast,140,MRPL22P1
COAD,0,Fibroblast,141,CHEK2P1
COAD,0,Fibroblast,142,IFNA11P
COAD,0,Fibroblast,143,RP11-440L16.1
COAD,0,Fibroblast,144,OR2F2
COAD,0,Fibroblast,145,RP11-556G22.1
COAD,0,Fibroblast,146,AC112229.1
COAD,0,Fibroblast,147,MIR4509-3
COAD,0,Fibroblast,148,RPL31P13
COAD,0,Fibroblast,149,TSPY17P
COAD,0,Fibroblast,150,RP11-73E17.3
COAD,0,Fibroblast,151,PCBP2P2
COAD,0,Fibroblast,152,H3P26
COAD,0,Fibroblast,153,RNU6-746P
COAD,0,Fibroblast,154,RP11-454P7.5
COAD,0,Fibroblast,155,APOBEC3AP1
COAD,0,Fibroblast,156,RN7SL415P
COAD,0,Fibroblast,157,RP11-1147P1.1
COAD,0,Fibroblast,158,SERPINE4P
COAD,0,Fibroblast,159,SNORD116-10
COAD,0,Fibroblast,160,RP11-799M12.2
COAD,0,Fibroblast,161,RNU6-954P
COAD,0,Fibroblast,162,KRT18P27
COAD,0,Fibroblast,163,LCE4A
COAD,0,Fibroblast,164,BX255923.2
COAD,0,Fibroblast,165,ENSG10010136897.1
COAD,0,Fibroblast,166,SNORD116-8
COAD,0,Fibroblast,167,RP11-723O4.9
COAD,0,Fibroblast,168,AC055876.1
COAD,0,Fibroblast,169,RP11-417B4.3
COAD,0,Fibroblast,170,LINC01193
COAD,0,Fibroblast,171,RN7SKP224
COAD,0,Fibroblast,172,RP11-403B2.7
COAD,0,Fibroblast,173,RP11-132F7.2
COAD,0,Fibroblast,174,CEACAMP7
COAD,0,Fibroblast,175,CAPZA1P3
COAD,0,Fibroblast,176,RP11-359P18.8
COAD,0,Fibroblast,177,SNX6P1
COAD,0,Fibroblast,178,RP11-340I6.4
COAD,0,Fibroblast,179,HIGD1AP6
COAD,0,Fibroblast,180,ENSG10010135367.1
COAD,0,Fibroblast,181,RP1-302D9.5
COAD,0,Fibroblast,182,MIR4498
COAD,0,Fibroblast,183,RP11-566F5.2
COAD,0,Fibroblast,184,SEPTIN2P1
COAD,0,Fibroblast,185,FABP5P10
COAD,0,Fibroblast,186,RN7SL398P
COAD,0,Fibroblast,187,RPL7P54
COAD,0,Fibroblast,188,LINC02349
COAD,0,Fibroblast,189,ENSG10010135068.1
COAD,0,Fibroblast,190,CDY10P
COAD,0,Fibroblast,191,RBM17P2
COAD,0,Fibroblast,192,FARSBP1
COAD,0,Fibroblast,193,RP11-326A13.3
COAD,0,Fibroblast,194,RP11-261C10.1
COAD,0,Fibroblast,195,KRTAP21-3
COAD,0,Fibroblast,196,ENSG10010138223.1
COAD,0,Fibroblast,197,AC005609.19
COAD,0,Fibroblast,198,CTD-3247H4.2
COAD,0,Fibroblast,199,RNU4-59P
COAD,0,Fibroblast,200,RNU1-154P
COAD,0,Macrophage,1,RP11-566K19.9
COAD,0,Macrophage,2,HERC2P1
COAD,0,Macrophage,3,RP11-539E17.3
COAD,0,Macrophage,4,RNU6-959P
COAD,0,Macrophage,5,THBD
COAD,0,Macrophage,6,RP11-108M9.1
COAD,0,Macrophage,7,OSTCP4
COAD,0,Macrophage,8,MIR6127
COAD,0,Macrophage,9,HIGD1AP8
COAD,0,Macrophage,10,RP11-726G23.10
COAD,0,Macrophage,11,YWHAQP1
COAD,0,Macrophage,12,OR11H7
COAD,0,Macrophage,13,RNA5SP311
COAD,0,Macrophage,14,RP11-291O7.1
COAD,0,Macrophage,15,RN7SKP207
COAD,0,Macrophage,16,SNX18P24
COAD,0,Macrophage,17,SNORD115-16
COAD,0,Macrophage,18,GAPDHP36
COAD,0,Macrophage,19,AC107399.1
COAD,0,Macrophage,20,AC006499.4
COAD,0,Macrophage,21,MIR1270
COAD,0,Macrophage,22,AF228730.5
COAD,0,Macrophage,23,MRPL23-AS1
COAD,0,Macrophage,24,HNRNPCL3
COAD,0,Macrophage,25,POTEG
COAD,0,Macrophage,26,SLC4A1APP1
COAD,0,Macrophage,27,CD93
COAD,0,Macrophage,28,CTD-2031P19.4
COAD,0,Macrophage,29,RN7SKP61
COAD,0,Macrophage,30,RNU6-1089P
COAD,0,Macrophage,31,RNA5SP507
COAD,0,Macrophage,32,IGHVIII-76-1
COAD,0,Macrophage,33,RP3-433G13.1
COAD,0,Macrophage,34,NPM1P34
COAD,0,Macrophage,35,RP11-513O17.1
COAD,0,Macrophage,36,ENSG00000265031
COAD,0,Macrophage,37,KB-208E9.3
COAD,0,Macrophage,38,RP11-301J16.7
COAD,0,Macrophage,39,ANAPC1P3
COAD,0,Macrophage,40,OR9A1P
COAD,0,Macrophage,41,C1QC
COAD,0,Macrophage,42,RP11-476J6.1
COAD,0,Macrophage,43,RP11-45H22.2
COAD,0,Macrophage,44,RPS26P18
COAD,0,Macrophage,45,RP11-11N6.1
COAD,0,Macrophage,46,RP11-402D21.3
COAD,0,Macrophage,47,ULK4P1
COAD,0,Macrophage,48,RPL41P2
COAD,0,Macrophage,49,NLGN4Y-AS1
COAD,0,Macrophage,50,RP11-205M3.1
COAD,0,Macrophage,51,CTC-527H23.3
COAD,0,Macrophage,52,FAM197Y2
COAD,0,Macrophage,53,MIR5689
COAD,0,Macrophage,54,SNORD116-4
COAD,0,Macrophage,55,RNU4-65P
COAD,0,Macrophage,56,OR2U2P
COAD,0,Macrophage,57,RPL17P12
COAD,0,Macrophage,58,RP11-603B13.1
COAD,0,Macrophage,59,RNA5SP355
COAD,0,Macrophage,60,BCAR1P1
COAD,0,Macrophage,61,RP11-815J4.7
COAD,0,Macrophage,62,RN7SL377P
COAD,0,Macrophage,63,RPS2P5
COAD,0,Macrophage,64,PPP1R8P1
COAD,0,Macrophage,65,RP11-683O4.1
COAD,0,Macrophage,66,MTND4P6
COAD,0,Macrophage,67,OR10J5
COAD,0,Macrophage,68,RP13-395E19.3
COAD,0,Macrophage,69,RNU6-413P
COAD,0,Macrophage,70,MIR6728
COAD,0,Macrophage,71,AY269186.2
COAD,0,Macrophage,72,RNU6-432P
COAD,0,Macrophage,73,HMGN2P26
COAD,0,Macrophage,74,SNORD113-9
COAD,0,Macrophage,75,RN7SL75P
COAD,0,Macrophage,76,RP11-459I19.1
COAD,0,Macrophage,77,MRPL23
COAD,0,Macrophage,78,EIF4A1P5
COAD,0,Macrophage,79,ENSG10010134635.1
COAD,0,Macrophage,80,DUXAP4
COAD,0,Macrophage,81,ZC3H11B
COAD,0,Macrophage,82,RP11-116D17.5
COAD,0,Macrophage,83,ENSG10010137619.1
COAD,0,Macrophage,84,ENSG10010136995.1
COAD,0,Macrophage,85,RP11-457D20.1
COAD,0,Macrophage,86,RP11-787P24.2
COAD,0,Macrophage,87,UGT2B29P
COAD,0,Macrophage,88,RN7SL344P
COAD,0,Macrophage,89,SLC9A3P1
COAD,0,Macrophage,90,DRD5P1
COAD,0,Macrophage,91,DNAJC19P9
COAD,0,Macrophage,92,YWHAZP3
COAD,0,Macrophage,93,AC005609.20
COAD,0,Macrophage,94,THAP12P1
COAD,0,Macrophage,95,MTND2P16
COAD,0,Macrophage,96,MIR4759
COAD,0,Macrophage,97,RP11-274M17.2
COAD,0,Macrophage,98,MTND1P37
COAD,0,Macrophage,99,RPL32P5
COAD,0,Macrophage,100,RP11-757O6.4
COAD,0,Macrophage,101,COX5AP1
COAD,0,Macrophage,102,RP11-20I23.8
COAD,0,Macrophage,103,RNA5SP30
COAD,0,Macrophage,104,AC079395.1
COAD,0,Macrophage,105,OR5AZ1P
COAD,0,Macrophage,106,GAGE2E
COAD,0,Macrophage,107,RP11-558A11.1
COAD,0,Macrophage,108,LONRF2P2
COAD,0,Macrophage,109,UBBP5
COAD,0,Macrophage,110,RN7SL697P
COAD,0,Macrophage,111,RNA5SP246
COAD,0,Macrophage,112,CYP3A52P
COAD,0,Macrophage,113,RP11-536C10.4
COAD,0,Macrophage,114,ENSG10010137907.1
COAD,0,Macrophage,115,SNORD115-15
COAD,0,Macrophage,116,RNU6-745P
COAD,0,Macrophage,117,RN7SKP176
COAD,0,Macrophage,118,RNA5-8SP4
COAD,0,Macrophage,119,TNIP2P1
COAD,0,Macrophage,120,YBX1P10
COAD,0,Macrophage,121,SLC25A20P1
COAD,0,Macrophage,122,RP11-165H4.2
COAD,0,Macrophage,123,UPK3BL2
COAD,0,Macrophage,124,TRAPPC2LP1
COAD,0,Macrophage,125,RP3-492P14.2
COAD,0,Macrophage,126,RNA5SP361
COAD,0,Macrophage,127,MIR4283-1
COAD,0,Macrophage,128,PTTG2
COAD,0,Macrophage,129,ENSG10010136629.1
COAD,0,Macrophage,130,RNU6-1245P
COAD,0,Macrophage,131,AC004070.1
COAD,0,Macrophage,132,RNU7-173P
COAD,0,Macrophage,133,RP3-419C19.2
COAD,0,Macrophage,134,CTD-2611O12.6
COAD,0,Macrophage,135,MAPRE1P1
COAD,0,Macrophage,136,RP11-466P24.5
COAD,0,Macrophage,137,RP11-612J15.1
COAD,0,Macrophage,138,ENSG10010137146.1
COAD,0,Macrophage,139,RAB9BP1
COAD,0,Macrophage,140,PIGPP2
COAD,0,Macrophage,141,RP11-962G15.2
COAD,0,Macrophage,142,AIF1
COAD,0,Macrophage,143,RPL21P135
COAD,0,Macrophage,144,RN7SL246P
COAD,0,Macrophage,145,RP11-22D3.2
COAD,0,Macrophage,146,CTC-471F3.5
COAD,0,Macrophage,147,DBF4P2
COAD,0,Macrophage,148,CTSLP1
COAD,0,Macrophage,149,RP11-343B5.1
COAD,0,Macrophage,150,EEF1A1P41
COAD,0,Macrophage,151,ENSG10010136140.1
COAD,0,Macrophage,152,RP11-269G24.7
COAD,0,Macrophage,153,RP11-461M2.2
COAD,0,Macrophage,154,CTD-2036P10.6
COAD,0,Macrophage,155,CISD1P1
COAD,0,Macrophage,156,ENSG10010139273.1
COAD,0,Macrophage,157,MIR548P
COAD,0,Macrophage,158,RNU6-11P
COAD,0,Macrophage,159,RP11-272G22.2
COAD,0,Macrophage,160,RNU6-1317P
COAD,0,Macrophage,161,MIR520E
COAD,0,Macrophage,162,MTCO2P2
COAD,0,Macrophage,163,RP11-348J12.2
COAD,0,Macrophage,164,IGKV1D-8
COAD,0,Macrophage,165,RNA5SP289
COAD,0,Macrophage,166,PDE4DIPP9
COAD,0,Macrophage,167,RNU1-24P
COAD,0,Macrophage,168,KRTAP4-16
COAD,0,Macrophage,169,OR2AT1P
COAD,0,Macrophage,170,RP11-399C16.3
COAD,0,Macrophage,171,EEF1A1P29
COAD,0,Macrophage,172,ALDH7A1P4
COAD,0,Macrophage,173,YWHAEP3
COAD,0,Macrophage,174,SNORD115-17
COAD,0,Macrophage,175,RP11-632C17__A.1
COAD,0,Macrophage,176,MIR346
COAD,0,Macrophage,177,SMR3A
COAD,0,Macrophage,178,RN7SKP195
COAD,0,Macrophage,179,OR4U1P
COAD,0,Macrophage,180,ELOBP3
COAD,0,Macrophage,181,KRTAP2-2
COAD,0,Macrophage,182,SNX29P1
COAD,0,Macrophage,183,RP11-445J9.2
COAD,0,Macrophage,184,SPDYE2
COAD,0,Macrophage,185,RP11-309M23.1
COAD,0,Macrophage,186,RPSAP61
COAD,0,Macrophage,187,CTD-2036A18.2
COAD,0,Macrophage,188,MRPL35P4
COAD,0,Macrophage,189,PPIAL4D
COAD,0,Macrophage,190,RNU6-245P
COAD,0,Macrophage,191,RP11-861L17.4
COAD,0,Macrophage,192,RNU6-82P
COAD,0,Macrophage,193,LARP4P
COAD,0,Macrophage,194,TLK1P1
COAD,0,Macrophage,195,MIR3920
COAD,0,Macrophage,196,RP11-471L13.2
COAD,0,Macrophage,197,ENSG10010136839.1
COAD,0,Macrophage,198,HNRNPA3P5
COAD,0,Macrophage,199,RPL23AP42
COAD,0,Macrophage,200,RP11-35J10.7
COAD,0,Mast,1,SRSF9
COAD,0,Mast,2,RN7SL620P
COAD,0,Mast,3,RPS3AP53
COAD,0,Mast,4,RP11-589M4.4
COAD,0,Mast,5,CTD-2020P22.1
COAD,0,Mast,6,RNA5SP525
COAD,0,Mast,7,AC123886.2
COAD,0,Mast,8,RN7SL330P
COAD,0,Mast,9,RP11-1299A16.1
COAD,0,Mast,10,RNA5SP455
COAD,0,Mast,11,RP11-184E9.3
COAD,0,Mast,12,HERC2P8
COAD,0,Mast,13,PSME2P1
COAD,0,Mast,14,SNORA58B
COAD,0,Mast,15,CTB-47B8.5
COAD,0,Mast,16,ENSG10010138771.1
COAD,0,Mast,17,MIR513C
COAD,0,Mast,18,RP11-500G10.5
COAD,0,Mast,19,DYNLL1
COAD,0,Mast,20,KRT8P40
COAD,0,Mast,21,RP1-181J22.1
COAD,0,Mast,22,PRAC1
COAD,0,Mast,23,TOMM22P5
COAD,0,Mast,24,SNORA47
COAD,0,Mast,25,POM121L10P
COAD,0,Mast,26,RNU6-23P
COAD,0,Mast,27,CTAGE7P
COAD,0,Mast,28,CTB-139P11.2
COAD,0,Mast,29,LINC01262
COAD,0,Mast,30,ENSG10010135762.1
COAD,0,Mast,31,KRTAP4-2
COAD,0,Mast,32,NBPF26
COAD,0,Mast,33,MIR4516
COAD,0,Mast,34,RN7SL62P
COAD,0,Mast,35,RP11-253D19.2
COAD,0,Mast,36,SCARNA14
COAD,0,Mast,37,NOTCH2NLR
COAD,0,Mast,38,MIR938
COAD,0,Mast,39,RP11-691G17.1
COAD,0,Mast,40,NUP210P2
COAD,0,Mast,41,PRAC2
COAD,0,Mast,42,RP11-424C20.2
COAD,0,Mast,43,PGAM1P11
COAD,0,Mast,44,PTTG4P
COAD,0,Mast,45,RNU7-192P
COAD,0,Mast,46,RP5-890E16.5
COAD,0,Mast,47,AC226119.6
COAD,0,Mast,48,RPL36AP53
COAD,0,Mast,49,RPS14P4
COAD,0,Mast,50,NPIPB7
COAD,0,Mast,51,RP11-532E4.3
COAD,0,Mast,52,UBE2MP1
COAD,0,Mast,53,NUTF2P7
COAD,0,Mast,54,RP11-309J13.1
COAD,0,Mast,55,SNRPCP13
COAD,0,Mast,56,RP4-545K15.5
COAD,0,Mast,57,RP11-1236K1.8
COAD,0,Mast,58,HNRNPA1P53
COAD,0,Mast,59,MIR548Z
COAD,0,Mast,60,RP11-44N12.2
COAD,0,Mast,61,CFTRP1
COAD,0,Mast,62,RP11-117L5.3
COAD,0,Mast,63,RP11-582J16.3
COAD,0,Mast,64,RNA5SP440
COAD,0,Mast,65,FBLIM1P2
COAD,0,Mast,66,DPY19L4P2
COAD,0,Mast,67,RNU6-1201P
COAD,0,Mast,68,NAT8B
COAD,0,Mast,69,ELOA3
COAD,0,Mast,70,RP11-885B4.2
COAD,0,Mast,71,RP11-256L11.3
COAD,0,Mast,72,AC023115.4
COAD,0,Mast,73,CTC-428G20.2
COAD,0,Mast,74,RNU6-769P
COAD,0,Mast,75,HOXA5
COAD,0,Mast,76,FYTTD1P1
COAD,0,Mast,77,RP11-36I17.2
COAD,0,Mast,78,BUB1P1
COAD,0,Mast,79,CTD-3128G10.6
COAD,0,Mast,80,RNA5SP57
COAD,0,Mast,81,RNU6-570P
COAD,0,Mast,82,GSTT2B
COAD,0,Mast,83,RN7SKP52
COAD,0,Mast,84,MTND6P9
COAD,0,Mast,85,RP11-6L6.4
COAD,0,Mast,86,RNU6-445P
COAD,0,Mast,87,AC073409.1
COAD,0,Mast,88,RP5-1056H1.2
COAD,0,Mast,89,CKMT1B
COAD,0,Mast,90,MT1M
COAD,0,Mast,91,SLC22A31
COAD,0,Mast,92,ENSG10010138605.1
COAD,0,Mast,93,RP11-795J1.2
COAD,0,Mast,94,AP001057.1
COAD,0,Mast,95,RNU6ATAC39P
COAD,0,Mast,96,CTD-3137H5.4
COAD,0,Mast,97,FAM225A
COAD,0,Mast,98,SUCLG2P4
COAD,0,Mast,99,CTC-463N11.4
COAD,0,Mast,100,RP11-738O11.13
COAD,0,Mast,101,RP11-245G13.1
COAD,0,Mast,102,ENSG10010134573.1
COAD,0,Mast,103,ENSG10010135003.1
COAD,0,Mast,104,MIR548O
COAD,0,Mast,105,DEFB109A
COAD,0,Mast,106,AIFM3
COAD,0,Mast,107,RN7SKP80
COAD,0,Mast,108,CTD-2126E3.5
COAD,0,Mast,109,LINC00566
COAD,0,Mast,110,RP11-7I15.3
COAD,0,Mast,111,CTD-2561B21.8
COAD,0,Mast,112,SLC39A2
COAD,0,Mast,113,MIR3679
COAD,0,Mast,114,B3GNT7
COAD,0,Mast,115,AC144831.3
COAD,0,Mast,116,H2AL1QP
COAD,0,Mast,117,RN7SL748P
COAD,0,Mast,118,ENSG10010137239.1
COAD,0,Mast,119,LINC00254
COAD,0,Mast,120,EEF1A1P6
COAD,0,Mast,121,RP11-172C16.5
COAD,0,Mast,122,RP11-498B4.5
COAD,0,Mast,123,RP11-387A1.6
COAD,0,Mast,124,RNA5SP332
COAD,0,Mast,125,RP11-7M10.2
COAD,0,Mast,126,RNU6-123P
COAD,0,Mast,127,RN7SL591P
COAD,0,Mast,128,KRTAP5-2
COAD,0,Mast,129,ENSG10010139327.1
COAD,0,Mast,130,SLC25A34-AS1
COAD,0,Mast,131,RP11-74N20.2
COAD,0,Mast,132,ENSG10010139989.1
COAD,0,Mast,133,RP11-214K3.23
COAD,0,Mast,134,RPL31P20
COAD,0,Mast,135,SLC30A6-DT
COAD,0,Mast,136,SMIM18
COAD,0,Mast,137,SLX1A-SULT1A3
COAD,0,Mast,138,RNA5SP151
COAD,0,Mast,139,SLC10A4
COAD,0,Mast,140,RNU6ATAC20P
COAD,0,Mast,141,ENSG10010135235.1
COAD,0,Mast,142,RP11-57G10.8
COAD,0,Mast,143,AC093787.1
COAD,0,Mast,144,RP5-1021I20.7
COAD,0,Mast,145,AC007000.10
COAD,0,Mast,146,RP11-235E17.6
COAD,0,Mast,147,RP11-434D2.9
COAD,0,Mast,148,CKAP2LP1
COAD,0,Mast,149,RNU6-133P
COAD,0,Mast,150,MIR1238
COAD,0,Mast,151,RP11-388K12.3
COAD,0,Mast,152,ENSG10010139893.1
COAD,0,Mast,153,CSGALNACT2P1
COAD,0,Mast,154,RNU6-913P
COAD,0,Mast,155,RPL23AP66
COAD,0,Mast,156,ALG1L5P
COAD,0,Mast,157,ENSG10010136708.1
COAD,0,Mast,158,RP11-549B18.1
COAD,0,Mast,159,MIR3160-1
COAD,0,Mast,160,RP11-515C16.1
COAD,0,Mast,161,RPL18P10
COAD,0,Mast,162,RNU1-16P
COAD,0,Mast,163,RP11-66D17.15
COAD,0,Mast,164,RP3-448I9.2
COAD,0,Mast,165,CTD-2015A6.2
COAD,0,Mast,166,RP4-560B9.4
COAD,0,Mast,167,RNU7-30P
COAD,0,Mast,168,ENSG10010138031.1
COAD,0,Mast,169,RPL23AP96
COAD,0,Mast,170,MIR4293
COAD,0,Mast,171,RNU6-1093P
COAD,0,Mast,172,RP11-566K19.8
COAD,0,Mast,173,FOXD2-AS1
COAD,0,Mast,174,CTD-2526L21.3
COAD,0,Mast,175,RNU6-291P
COAD,0,Mast,176,RPS27P26
COAD,0,Mast,177,MIR223
COAD,0,Mast,178,LINC00940
COAD,0,Mast,179,BCRP5
COAD,0,Mast,180,RP5-1057I20.5
COAD,0,Mast,181,C15orf48
COAD,0,Mast,182,E2F6P4
COAD,0,Mast,183,ENSG10010138411.1
COAD,0,Mast,184,RNU6-46P
COAD,0,Mast,185,AC006026.13
COAD,0,Mast,186,CICP18
COAD,0,Mast,187,HNRNPA1P41
COAD,0,Mast,188,NUPR1
COAD,0,Mast,189,RP11-182B22.7
COAD,0,Mast,190,MIR196A1
COAD,0,Mast,191,RP11-163G10.4
COAD,0,Mast,192,RNU6-469P
COAD,0,Mast,193,RN7SL391P
COAD,0,Mast,194,RP11-108M9.4
COAD,0,Mast,195,RP11-57C19.2
COAD,0,Mast,196,RP11-356O9.1
COAD,0,Mast,197,LGALS7B
COAD,0,Mast,198,LIF
COAD,0,Mast,199,RP11-778D9.4
COAD,0,Mast,200,RP11-723C11.2
COAD,0,Other_Myeloid,1,EIF4A1P2
COAD,0,Other_Myeloid,2,TTTY2B
COAD,0,Other_Myeloid,3,ZNF322P1
COAD,0,Other_Myeloid,4,RNU6-34P
COAD,0,Other_Myeloid,5,OR1Q1BP
COAD,0,Other_Myeloid,6,TRIM60P14
COAD,0,Other_Myeloid,7,RNU6-294P
COAD,0,Other_Myeloid,8,RNA5SP380
COAD,0,Other_Myeloid,9,MIR1263
COAD,0,Other_Myeloid,10,TRBV11-1
COAD,0,Other_Myeloid,11,RP11-294C11.7
COAD,0,Other_Myeloid,12,TUBB8P9
COAD,0,Other_Myeloid,13,TTTY8B
COAD,0,Other_Myeloid,14,TUBA1A
COAD,0,Other_Myeloid,15,CICP1
COAD,0,Other_Myeloid,16,RPL12P33
COAD,0,Other_Myeloid,17,RNU6-1241P
COAD,0,Other_Myeloid,18,IGHV3OR16-13
COAD,0,Other_Myeloid,19,RP11-532L16.1
COAD,0,Other_Myeloid,20,KRT8P11
COAD,0,Other_Myeloid,21,XKRYP4
COAD,0,Other_Myeloid,22,USP9YP13
COAD,0,Other_Myeloid,23,CTD-3126B10.4
COAD,0,Other_Myeloid,24,SERF1A
COAD,0,Other_Myeloid,25,CTB-17P3.4
COAD,0,Other_Myeloid,26,RP11-295H24.4
COAD,0,Other_Myeloid,27,LINC00266-4P
COAD,0,Other_Myeloid,28,MIR2115
COAD,0,Other_Myeloid,29,RNU6-272P
COAD,0,Other_Myeloid,30,IQCF5
COAD,0,Other_Myeloid,31,SMCO4P1
COAD,0,Other_Myeloid,32,IGHV1OR15-4
COAD,0,Other_Myeloid,33,CTD-2151A2.2
COAD,0,Other_Myeloid,34,TAB3-AS2
COAD,0,Other_Myeloid,35,TAB3-AS1
COAD,0,Other_Myeloid,36,PRAMEF25
COAD,0,Other_Myeloid,37,OR8T1P
COAD,0,Other_Myeloid,38,MIR377
COAD,0,Other_Myeloid,39,RP11-383G10.3
COAD,0,Other_Myeloid,40,RP11-84H6.1
COAD,0,Other_Myeloid,41,RP11-58A18.2
COAD,0,Other_Myeloid,42,RNU7-165P
COAD,0,Other_Myeloid,43,NRBF2P2
COAD,0,Other_Myeloid,44,AC009474.2
COAD,0,Other_Myeloid,45,PGA4
COAD,0,Other_Myeloid,46,RNU1-105P
COAD,0,Other_Myeloid,47,PPP1R2P5
COAD,0,Other_Myeloid,48,RP11-378I6.2
COAD,0,Other_Myeloid,49,RP11-45A17.2
COAD,0,Other_Myeloid,50,RPL7P58
COAD,0,Other_Myeloid,51,RP11-74K11.1
COAD,0,Other_Myeloid,52,RP11-43N22.1
COAD,0,Other_Myeloid,53,MIR3650
COAD,0,Other_Myeloid,54,RP11-1055B8.8
COAD,0,Other_Myeloid,55,ELOA3B
COAD,0,Other_Myeloid,56,CTD-2533K21.3
COAD,0,Other_Myeloid,57,NPM1P4
COAD,0,Other_Myeloid,58,RN7SKP156
COAD,0,Other_Myeloid,59,RP11-690D19.1
COAD,0,Other_Myeloid,60,SNORD113-3
COAD,0,Other_Myeloid,61,RPL18AP3
COAD,0,Other_Myeloid,62,ENSG10010135973.1
COAD,0,Other_Myeloid,63,RPL23AP48
COAD,0,Other_Myeloid,64,RP11-56L13.8
COAD,0,Other_Myeloid,65,RSPH10B
COAD,0,Other_Myeloid,66,MIR221
COAD,0,Other_Myeloid,67,RNU6-914P
COAD,0,Other_Myeloid,68,RNU6-654P
COAD,0,Other_Myeloid,69,SNORA23
COAD,0,Other_Myeloid,70,RP11-197B12.1
COAD,0,Other_Myeloid,71,BICD1P1
COAD,0,Other_Myeloid,72,AC010872.1
COAD,0,Other_Myeloid,73,RNA5SP20
COAD,0,Other_Myeloid,74,CTD-2132H18.3
COAD,0,Other_Myeloid,75,RP11-339A11.3
COAD,0,Other_Myeloid,76,AGGF1P8
COAD,0,Other_Myeloid,77,MIR3685
COAD,0,Other_Myeloid,78,RN7SKP108
COAD,0,Other_Myeloid,79,MIR3672
COAD,0,Other_Myeloid,80,KRTAP2-4
COAD,0,Other_Myeloid,81,OR7E39P
COAD,0,Other_Myeloid,82,RNU6-408P
COAD,0,Other_Myeloid,83,CCNJP1
COAD,0,Other_Myeloid,84,TEX50
COAD,0,Other_Myeloid,85,OR4A2P
COAD,0,Other_Myeloid,86,CTC-503J8.2
COAD,0,Other_Myeloid,87,RP11-174C7.3
COAD,0,Other_Myeloid,88,RP11-752G15.4
COAD,0,Other_Myeloid,89,RN7SL376P
COAD,0,Other_Myeloid,90,RNU4-24P
COAD,0,Other_Myeloid,91,ORC1P1
COAD,0,Other_Myeloid,92,KRT19P6
COAD,0,Other_Myeloid,93,RP4-724P12.1
COAD,0,Other_Myeloid,94,TAF11L10
COAD,0,Other_Myeloid,95,RNU6-989P
COAD,0,Other_Myeloid,96,NAIPP1
COAD,0,Other_Myeloid,97,RNGTTP1
COAD,0,Other_Myeloid,98,RN7SL481P
COAD,0,Other_Myeloid,99,IGKV3D-20
COAD,0,Other_Myeloid,100,OR5AQ1P
COAD,0,Other_Myeloid,101,MIR5688
COAD,0,Other_Myeloid,102,RP4-614C10.5
COAD,0,Other_Myeloid,103,RP11-432M8.7
COAD,0,Other_Myeloid,104,RP11-254A24.2
COAD,0,Other_Myeloid,105,COPS8P1
COAD,0,Other_Myeloid,106,AC073850.6
COAD,0,Other_Myeloid,107,DBIL5P2
COAD,0,Other_Myeloid,108,MIR30D
COAD,0,Other_Myeloid,109,LINC02830
COAD,0,Other_Myeloid,110,RP11-104D21.1
COAD,0,Other_Myeloid,111,RN7SKP113
COAD,0,Other_Myeloid,112,IGKV2D-26
COAD,0,Other_Myeloid,113,KRTAP8-2P
COAD,0,Other_Myeloid,114,RNA5SP299
COAD,0,Other_Myeloid,115,UBE2V1P8
COAD,0,Other_Myeloid,116,RP11-399F4.3
COAD,0,Other_Myeloid,117,RNU6V
COAD,0,Other_Myeloid,118,RPL31P35
COAD,0,Other_Myeloid,119,RP11-96K14.1
COAD,0,Other_Myeloid,120,GM2AP1
COAD,0,Other_Myeloid,121,DSTNP1
COAD,0,Other_Myeloid,122,SMIM11P1
COAD,0,Other_Myeloid,123,RP11-373D7.1
COAD,0,Other_Myeloid,124,RNA5SP366
COAD,0,Other_Myeloid,125,RP11-3M1.3
COAD,0,Other_Myeloid,126,RNA5SP350
COAD,0,Other_Myeloid,127,CTBP2P1
COAD,0,Other_Myeloid,128,RNU6-222P
COAD,0,Other_Myeloid,129,LA16c-380A1.2
COAD,0,Other_Myeloid,130,RP11-109E12.4
COAD,0,Other_Myeloid,131,RNU6-821P
COAD,0,Other_Myeloid,132,RNU7-28P
COAD,0,Other_Myeloid,133,OR7E21P
COAD,0,Other_Myeloid,134,ATP6V1G1P2
COAD,0,Other_Myeloid,135,KB-1517D11.2
COAD,0,Other_Myeloid,136,COX5BP6
COAD,0,Other_Myeloid,137,RP11-165I9.9
COAD,0,Other_Myeloid,138,RNU6-1012P
COAD,0,Other_Myeloid,139,H3P31
COAD,0,Other_Myeloid,140,IGKV1D-27
COAD,0,Other_Myeloid,141,RN7SL168P
COAD,0,Other_Myeloid,142,PDCL3P2
COAD,0,Other_Myeloid,143,RNU6-1228P
COAD,0,Other_Myeloid,144,SNORD8
COAD,0,Other_Myeloid,145,MTND6P1
COAD,0,Other_Myeloid,146,OR11P1P
COAD,0,Other_Myeloid,147,RN7SKP219
COAD,0,Other_Myeloid,148,ENSG10010135647.1
COAD,0,Other_Myeloid,149,GNAQP1
COAD,0,Other_Myeloid,150,SPTLC1P4
COAD,0,Other_Myeloid,151,MIR1179
COAD,0,Other_Myeloid,152,MIR222
COAD,0,Other_Myeloid,153,MLLT10P1
COAD,0,Other_Myeloid,154,RP11-616K22.2
COAD,0,Other_Myeloid,155,MTND2P2
COAD,0,Other_Myeloid,156,RNU6-1225P
COAD,0,Other_Myeloid,157,ANP32BP3
COAD,0,Other_Myeloid,158,RP3-435K13.1
COAD,0,Other_Myeloid,159,OR6L2P
COAD,0,Other_Myeloid,160,ENSG10010138531.1
COAD,0,Other_Myeloid,161,RPL21P90
COAD,0,Other_Myeloid,162,ENSG10010138938.1
COAD,0,Other_Myeloid,163,RNU6-1287P
COAD,0,Other_Myeloid,164,RP11-715C4.1
COAD,0,Other_Myeloid,165,VDAC1P4
COAD,0,Other_Myeloid,166,RNU6-329P
COAD,0,Other_Myeloid,167,RNU6-606P
COAD,0,Other_Myeloid,168,SNX18P12
COAD,0,Other_Myeloid,169,RPL27AP3
COAD,0,Other_Myeloid,170,RPL7P6
COAD,0,Other_Myeloid,171,CALM1P2
COAD,0,Other_Myeloid,172,MIR548D2
COAD,0,Other_Myeloid,173,RNA5SP36
COAD,0,Other_Myeloid,174,RP11-241J12.3
COAD,0,Other_Myeloid,175,SNORA50A
COAD,0,Other_Myeloid,176,MIR331
COAD,0,Other_Myeloid,177,TUBBP11
COAD,0,Other_Myeloid,178,RP13-395E19.4
COAD,0,Other_Myeloid,179,RN7SL14P
COAD,0,Other_Myeloid,180,VN1R87P
COAD,0,Other_Myeloid,181,RP4-639J15.3
COAD,0,Other_Myeloid,182,RP5-1007H16.1
COAD,0,Other_Myeloid,183,NANOGNBP2
COAD,0,Other_Myeloid,184,RPL21P71
COAD,0,Other_Myeloid,185,PLCH1-AS2
COAD,0,Other_Myeloid,186,CTD-2050I18.2
COAD,0,Other_Myeloid,187,AC009166.5
COAD,0,Other_Myeloid,188,CTC-258N23.3
COAD,0,Other_Myeloid,189,RP11-218F10.3
COAD,0,Other_Myeloid,190,RP11-575M22.1
COAD,0,Other_Myeloid,191,TRGJ2
COAD,0,Other_Myeloid,192,RNU6-837P
COAD,0,Other_Myeloid,193,IGKV3-25
COAD,0,Other_Myeloid,194,KRTAP9-2
COAD,0,Other_Myeloid,195,CTC-260E6.3
COAD,0,Other_Myeloid,196,GPR32
COAD,0,Other_Myeloid,197,RNU2-66P
COAD,0,Other_Myeloid,198,GAPDHP43
COAD,0,Other_Myeloid,199,CTB-162E12.1
COAD,0,Other_Myeloid,200,HSBP1P1
COAD,0,T_NK,1,RP11-313I2.8
COAD,0,T_NK,2,AP000648.3
COAD,0,T_NK,3,RP11-434D2.7
COAD,0,T_NK,4,OR4F5
COAD,0,T_NK,5,TNFRSF18
COAD,0,T_NK,6,RP1-309F20.4
COAD,0,T_NK,7,RNU6-98P
COAD,0,T_NK,8,RP11-452D2.1
COAD,0,T_NK,9,MTND1P31
COAD,0,T_NK,10,RNU6-944P
COAD,0,T_NK,11,TNFRSF4
COAD,0,T_NK,12,RP11-143E21.1
COAD,0,T_NK,13,PHKG1P2
COAD,0,T_NK,14,RP11-40G16.1
COAD,0,T_NK,15,RPS29P28
COAD,0,T_NK,16,RNU6-114P
COAD,0,T_NK,17,RP11-411B10.2
COAD,0,T_NK,18,CTA-113A6.2
COAD,0,T_NK,19,OR7E85BP
COAD,0,T_NK,20,RNU6-1054P
COAD,0,T_NK,21,CDRT15P8
COAD,0,T_NK,22,CTD-2017D11.2
COAD,0,T_NK,23,IGHJ2P
COAD,0,T_NK,24,PRAMEF26
COAD,0,T_NK,25,FTHL18
COAD,0,T_NK,26,RNF11P2
COAD,0,T_NK,27,SEC63P2
COAD,0,T_NK,28,OR7E13P
COAD,0,T_NK,29,HDGFP1
COAD,0,T_NK,30,MED15P6
COAD,0,T_NK,31,IGKV3D-25
COAD,0,T_NK,32,RP11-126O22.7
COAD,0,T_NK,33,RP11-20I23.5
COAD,0,T_NK,34,RP11-20I23.10
COAD,0,T_NK,35,GS1-388B5.2
COAD,0,T_NK,36,RNU4-57P
COAD,0,T_NK,37,MORF4L1P5
COAD,0,T_NK,38,RNU6-833P
COAD,0,T_NK,39,RNU6-49P
COAD,0,T_NK,40,RP11-17E15.1
COAD,0,T_NK,41,MIR500A
COAD,0,T_NK,42,TAS2R60
COAD,0,T_NK,43,C1DP1
COAD,0,T_NK,44,PNKDP1
COAD,0,T_NK,45,RP11-214N15.5
COAD,0,T_NK,46,IGHJ3
COAD,0,T_NK,47,RP11-351E7.2
COAD,0,T_NK,48,PRXL2AP2
COAD,0,T_NK,49,OR4K7P
COAD,0,T_NK,50,BNIP3P26
COAD,0,T_NK,51,TMEM161BP1
COAD,0,T_NK,52,GOLGA6L22
COAD,0,T_NK,53,RP11-1072C15.4
COAD,0,T_NK,54,RP11-756G12.1
COAD,0,T_NK,55,RANBP1P1
COAD,0,T_NK,56,RP11-168J5.2
COAD,0,T_NK,57,CTD-2008O4.1
COAD,0,T_NK,58,ENSG10010134504.1
COAD,0,T_NK,59,GRAMD4P2
COAD,0,T_NK,60,OR4R2P
COAD,0,T_NK,61,LCE2C
COAD,0,T_NK,62,KRTAP10-1
COAD,0,T_NK,63,MIR606
COAD,0,T_NK,64,RNU6-173P
COAD,0,T_NK,65,ARHGAP42P3
COAD,0,T_NK,66,RP11-84D1.2
COAD,0,T_NK,67,OR2AS2P
COAD,0,T_NK,68,TLK2P2
COAD,0,T_NK,69,OR7E28P
COAD,0,T_NK,70,RNU6-713P
COAD,0,T_NK,71,VDAC1P6
COAD,0,T_NK,72,RP11-442P12.2
COAD,0,T_NK,73,FTH1P22
COAD,0,T_NK,74,RNU1-63P
COAD,0,T_NK,75,MIR3119-1
COAD,0,T_NK,76,MTCO1P23
COAD,0,T_NK,77,H3P12
COAD,0,T_NK,78,RP11-678G14.5
COAD,0,T_NK,79,RP11-126O22.6
COAD,0,T_NK,80,FAM74A7
COAD,0,T_NK,81,IGKV1-37
COAD,0,T_NK,82,ELAVL4-AS1
COAD,0,T_NK,83,RP11-63E5.1
COAD,0,T_NK,84,RP4-775C13.1
COAD,0,T_NK,85,CCDC37-DT
COAD,0,T_NK,86,MTND6P14
COAD,0,T_NK,87,RP11-683L23.6
COAD,0,T_NK,88,RP11-1167A19.16
COAD,0,T_NK,89,LAT
COAD,0,T_NK,90,AC131056.5
COAD,0,T_NK,91,RNU6-1021P
COAD,0,T_NK,92,RP11-478L17.1
COAD,0,T_NK,93,AC000367.1
COAD,0,T_NK,94,RP3-425C14.6
COAD,0,T_NK,95,AC005040.3
COAD,0,T_NK,96,SNRPCP9
COAD,0,T_NK,97,KRTAP20-4
COAD,0,T_NK,98,RPS7P7
COAD,0,T_NK,99,GZMB
COAD,0,T_NK,100,GS1-410F4.5
COAD,0,T_NK,101,RP11-73B8.3
COAD,0,T_NK,102,GOLGA6C
COAD,0,T_NK,103,ENSG10010134961.1
COAD,0,T_NK,104,RPL7P27
COAD,0,T_NK,105,MIR1296
COAD,0,T_NK,106,RN7SKP40
COAD,0,T_NK,107,DPP10-AS2
COAD,0,T_NK,108,MIR4771-2
COAD,0,T_NK,109,RP11-157B13.10
COAD,0,T_NK,110,RP11-77P16.1
COAD,0,T_NK,111,RPL21P65
COAD,0,T_NK,112,RNU6-587P
COAD,0,T_NK,113,KLF2P4
COAD,0,T_NK,114,MRGPRX5P
COAD,0,T_NK,115,SNORD53B
COAD,0,T_NK,116,MOB1AP2
COAD,0,T_NK,117,MIR4439
COAD,0,T_NK,118,RHOT1P3
COAD,0,T_NK,119,RNU6-1197P
COAD,0,T_NK,120,MIR1297
COAD,0,T_NK,121,RP11-292D4.2
COAD,0,T_NK,122,RP11-700J17.1
COAD,0,T_NK,123,RN7SKP247
COAD,0,T_NK,124,RP11-37J13.1
COAD,0,T_NK,125,RNA5SP87
COAD,0,T_NK,126,CTD-3099C6.5
COAD,0,T_NK,127,RARRES2P3
COAD,0,T_NK,128,CTD-2301A4.6
COAD,0,T_NK,129,HNRNPA1P61
COAD,0,T_NK,130,RPL24P8
COAD,0,T_NK,131,RP11-351N4.4
COAD,0,T_NK,132,OR10G2
COAD,0,T_NK,133,BTG3P1
COAD,0,T_NK,134,RP11-24C14.1
COAD,0,T_NK,135,RP11-364M6.1
COAD,0,T_NK,136,POU5F1P3
COAD,0,T_NK,137,RNU6-1155P
COAD,0,T_NK,138,RNU6-1066P
COAD,0,T_NK,139,IGHVIII-13-1
COAD,0,T_NK,140,RPL34P23
COAD,0,T_NK,141,ENSG10010139489.1
COAD,0,T_NK,142,RNU6-1149P
COAD,0,T_NK,143,IGHD7-27
COAD,0,T_NK,144,IGHJ1P
COAD,0,T_NK,145,SNRPGP16
COAD,0,T_NK,146,RN7SL568P
COAD,0,T_NK,147,MIR466
COAD,0,T_NK,148,RP11-502F1.2
COAD,0,T_NK,149,RPL17P25
COAD,0,T_NK,150,IGHJ1
COAD,0,T_NK,151,ABHD17AP1
COAD,0,T_NK,152,OR1B1
COAD,0,T_NK,153,RNU6-339P
COAD,0,T_NK,154,RP3-467N11.2
COAD,0,T_NK,155,GAGE12J
COAD,0,T_NK,156,CYCSP39
COAD,0,T_NK,157,RNU6-934P
COAD,0,T_NK,158,RBBP4P6
COAD,0,T_NK,159,AE000659.41
COAD,0,T_NK,160,RP11-126O22.5
COAD,0,T_NK,161,RPS15AP5
COAD,0,T_NK,162,RP11-324D17.2
COAD,0,T_NK,163,ENSG10010134801.1
COAD,0,T_NK,164,CDRT15
COAD,0,T_NK,165,RP11-383B4.4
COAD,0,T_NK,166,NPM1P38
COAD,0,T_NK,167,ROBO2P1
COAD,0,T_NK,168,RP11-1148O4.1
COAD,0,T_NK,169,RPL9P13
COAD,0,T_NK,170,RNY4P18
COAD,0,T_NK,171,SLC25A5P8
COAD,0,T_NK,172,RPL6P27
COAD,0,T_NK,173,RNA5SP119
COAD,0,T_NK,174,IGHJ2
COAD,0,T_NK,175,UQCRHP3
COAD,0,T_NK,176,SNORA11F
COAD,0,T_NK,177,RP11-131P10.2
COAD,0,T_NK,178,ENSG10010137582.1
COAD,0,T_NK,179,XRCC6P2
COAD,0,T_NK,180,CSNK1A1P3
COAD,0,T_NK,181,BCAS2P3
COAD,0,T_NK,182,RP11-963H1.1
COAD,0,T_NK,183,LINC01365
COAD,0,T_NK,184,RP1-57E3.1
COAD,0,T_NK,185,SNORD114-11
COAD,0,T_NK,186,CD8A
COAD,0,T_NK,187,MRPS36P3
COAD,0,T_NK,188,GEMIN7P1
COAD,0,T_NK,189,RP11-149P14.2
COAD,0,T_NK,190,RP11-218E20.5
COAD,0,T_NK,191,RP1-146I3.1
COAD,0,T_NK,192,ENSG10010134846.1
COAD,0,T_NK,193,RPS24P21
COAD,0,T_NK,194,MIR5692C1
COAD,0,T_NK,195,AC104984.4
COAD,0,T_NK,196,RP11-571N1.1
COAD,0,T_NK,197,ATP5PBP2
COAD,0,T_NK,198,MTATP8P2
COAD,0,T_NK,199,RP11-46B11.2
COAD,0,T_NK,200,RP1-171K16.5
COAD,1,B_cell,1,AD000864.6
COAD,1,B_cell,2,HCST
COAD,1,B_cell,3,MAGEA6
COAD,1,B_cell,4,CH507-513H4.5
COAD,1,B_cell,5,NF1P2
COAD,1,B_cell,6,RP11-51F16.1
COAD,1,B_cell,7,RP11-900F13.2
COAD,1,B_cell,8,RP11-329J18.4
COAD,1,B_cell,9,RP11-382D8.3
COAD,1,B_cell,10,RP11-137F15.1
COAD,1,B_cell,11,RP11-597A11.2
COAD,1,B_cell,12,RPL23AP22
COAD,1,B_cell,13,SC22CB-22C4.1
COAD,1,B_cell,14,RNA5SP141
COAD,1,B_cell,15,LIMD2
COAD,1,B_cell,16,CTD-2308B18.1
COAD,1,B_cell,17,C4B
COAD,1,B_cell,18,GXYLT1P4
COAD,1,B_cell,19,RNU6-104P
COAD,1,B_cell,20,AC098795.1
COAD,1,B_cell,21,TIPINP1
COAD,1,B_cell,22,STK19B
COAD,1,B_cell,23,DUTP4
COAD,1,B_cell,24,HNRNPA1P53
COAD,1,B_cell,25,TRGJP1
COAD,1,B_cell,26,RP11-597A11.6
COAD,1,B_cell,27,LL0XNC01-37G1.2
COAD,1,B_cell,28,RNU6-1217P
COAD,1,B_cell,29,RP11-1212A22.7
COAD,1,B_cell,30,RP4-791M13.5
COAD,1,B_cell,31,RP11-863P13.1
COAD,1,B_cell,32,CTAG2
COAD,1,B_cell,33,RP11-438H24.3
COAD,1,B_cell,34,RP4-796B4.3
COAD,1,B_cell,35,RP11-26C10.2
COAD,1,B_cell,36,RNU1-100P
COAD,1,B_cell,37,AF277315.13
COAD,1,B_cell,38,RNU1-15P
COAD,1,B_cell,39,THOC3-AS1
COAD,1,B_cell,40,RNU6-985P
COAD,1,B_cell,41,RPL23AP38
COAD,1,B_cell,42,RP11-19J3.5
COAD,1,B_cell,43,RP11-497H16.9
COAD,1,B_cell,44,RNU6-1044P
COAD,1,B_cell,45,RPS20P10
COAD,1,B_cell,46,RP11-399K21.5
COAD,1,B_cell,47,KRTAP8-3P
COAD,1,B_cell,48,H3P6
COAD,1,B_cell,49,RP11-313I2.3
COAD,1,B_cell,50,MRGPRX9P
COAD,1,B_cell,51,IGLV3-4
COAD,1,B_cell,52,AC005178.1
COAD,1,B_cell,53,MIR145
COAD,1,B_cell,54,H2BU2P
COAD,1,B_cell,55,SIGLEC22P
COAD,1,B_cell,56,RP1-85D24.4
COAD,1,B_cell,57,AL162151.3
COAD,1,B_cell,58,CTC-338M12.14
COAD,1,B_cell,59,MIR8061
COAD,1,B_cell,60,MIR3612
COAD,1,B_cell,61,RP11-373A6.1
COAD,1,B_cell,62,RP11-666A1.4
COAD,1,B_cell,63,CD79A
COAD,1,B_cell,64,TRBJ1-2
COAD,1,B_cell,65,RP11-486E2.1
COAD,1,B_cell,66,HMGN2P4
COAD,1,B_cell,67,MIR4481
COAD,1,B_cell,68,DEFB134
COAD,1,B_cell,69,RHOT1P1
COAD,1,B_cell,70,RP11-206B11.1
COAD,1,B_cell,71,RNA5SP512
COAD,1,B_cell,72,PSMC1P3
COAD,1,B_cell,73,RNA5SP190
COAD,1,B_cell,74,MIR218-1
COAD,1,B_cell,75,RPSAP36
COAD,1,B_cell,76,TMEM230P2
COAD,1,B_cell,77,RP11-325O24.2
COAD,1,B_cell,78,HMGB1P24
COAD,1,B_cell,79,MTND1P6
COAD,1,B_cell,80,RP11-192C21.3
COAD,1,B_cell,81,YWHAZP2
COAD,1,B_cell,82,NFKBID
COAD,1,B_cell,83,AC010154.2
COAD,1,B_cell,84,IGHVII-30-21
COAD,1,B_cell,85,RN7SL673P
COAD,1,B_cell,86,RP11-483E23.3
COAD,1,B_cell,87,RP11-787P24.2
COAD,1,B_cell,88,AC018696.1
COAD,1,B_cell,89,RPL12P22
COAD,1,B_cell,90,NDUFA5P12
COAD,1,B_cell,91,IGHV1OR15-9
COAD,1,B_cell,92,RPL34P19
COAD,1,B_cell,93,RP11-198M19.2
COAD,1,B_cell,94,NCOR1P3
COAD,1,B_cell,95,RPS26P4
COAD,1,B_cell,96,GLRXP3
COAD,1,B_cell,97,HMGA1P1
COAD,1,B_cell,98,MTND1P24
COAD,1,B_cell,99,RN7SL583P
COAD,1,B_cell,100,RPLP1P5
COAD,1,B_cell,101,RNU6-625P
COAD,1,B_cell,102,RP11-573M3.2
COAD,1,B_cell,103,RPSAP4
COAD,1,B_cell,104,LL21NC02-1C16.1
COAD,1,B_cell,105,IGLCOR22-1
COAD,1,B_cell,106,RP11-325O24.5
COAD,1,B_cell,107,AC005740.4
COAD,1,B_cell,108,LINC02049
COAD,1,B_cell,109,DUSP2
COAD,1,B_cell,110,RPS27P22
COAD,1,B_cell,111,CTD-2206N4.1
COAD,1,B_cell,112,RP11-887P2.3
COAD,1,B_cell,113,RNA5SP369
COAD,1,B_cell,114,RNU6-1104P
COAD,1,B_cell,115,IGKV3D-31
COAD,1,B_cell,116,CORO1A-AS1
COAD,1,B_cell,117,AC004866.1
COAD,1,B_cell,118,RNY4P25
COAD,1,B_cell,119,MIR512-2
COAD,1,B_cell,120,AC009237.2
COAD,1,B_cell,121,AC002075.3
COAD,1,B_cell,122,HMGN1P20
COAD,1,B_cell,123,AC006129.2
COAD,1,B_cell,124,TRBJ1-1
COAD,1,B_cell,125,PGAM1P1
COAD,1,B_cell,126,RNU105B
COAD,1,B_cell,127,RNU6-978P
COAD,1,B_cell,128,MIR448
COAD,1,B_cell,129,AC125238.3
COAD,1,B_cell,130,RN7SL495P
COAD,1,B_cell,131,CEACAMP8
COAD,1,B_cell,132,EIF1AXP2
COAD,1,B_cell,133,KRTAP1-4
COAD,1,B_cell,134,TBC1D3I
COAD,1,B_cell,135,RP11-300G22.2
COAD,1,B_cell,136,MIR3686
COAD,1,B_cell,137,RNU1-104P
COAD,1,B_cell,138,RPL31P14
COAD,1,B_cell,139,RNU6-74P
COAD,1,B_cell,140,RNU6-486P
COAD,1,B_cell,141,MIR4487
COAD,1,B_cell,142,RPL10P18
COAD,1,B_cell,143,RP1-57E3.1
COAD,1,B_cell,144,RP11-227G15.9
COAD,1,B_cell,145,LINC02708
COAD,1,B_cell,146,MTCO1P42
COAD,1,B_cell,147,RPS24P1
COAD,1,B_cell,148,CTD-3066C23.1
COAD,1,B_cell,149,RP4-791M13.4
COAD,1,B_cell,150,PES1P1
COAD,1,B_cell,151,ABHD17AP4
COAD,1,B_cell,152,ENSG10010134902.1
COAD,1,B_cell,153,CH17-420I24.1
COAD,1,B_cell,154,MIR643
COAD,1,B_cell,155,PPIAP29
COAD,1,B_cell,156,RNY4P6
COAD,1,B_cell,157,PYDC2
COAD,1,B_cell,158,ENSG10010134248.1
COAD,1,B_cell,159,KRT17P5
COAD,1,B_cell,160,DUXAP3
COAD,1,B_cell,161,RNU6-1262P
COAD,1,B_cell,162,LTB
COAD,1,B_cell,163,RP11-252I13.1
COAD,1,B_cell,164,MTND5P18
COAD,1,B_cell,165,RP11-539G18.1
COAD,1,B_cell,166,RAD52P1
COAD,1,B_cell,167,H2BW3P
COAD,1,B_cell,168,LL22NC03-22A12.12
COAD,1,B_cell,169,PCOLCE
COAD,1,B_cell,170,RP11-955H22.4
COAD,1,B_cell,171,TRGV5
COAD,1,B_cell,172,PDCD5P1
COAD,1,B_cell,173,ARHGEF35-AS1
COAD,1,B_cell,174,RP11-473M10.5
COAD,1,B_cell,175,HIGD2AP1
COAD,1,B_cell,176,CFAP97P1
COAD,1,B_cell,177,RNU6ATAC22P
COAD,1,B_cell,178,RNU6-1020P
COAD,1,B_cell,179,CTB-41I6.2
COAD,1,B_cell,180,RP11-109L13.1
COAD,1,B_cell,181,NANOGNBP1
COAD,1,B_cell,182,IGLV10-54
COAD,1,B_cell,183,RPL32P25
COAD,1,B_cell,184,PIK3R5-DT
COAD,1,B_cell,185,LINC02656
COAD,1,B_cell,186,RP11-713N11.6
COAD,1,B_cell,187,GRAMD4P7
COAD,1,B_cell,188,CTD-2008P7.5
COAD,1,B_cell,189,RN7SL557P
COAD,1,B_cell,190,RP11-855A2.3
COAD,1,B_cell,191,RN7SL482P
COAD,1,B_cell,192,RP11-2H3.6
COAD,1,B_cell,193,RP1-72E17.2
COAD,1,B_cell,194,RP11-173D3.4
COAD,1,B_cell,195,RP11-219A15.2
COAD,1,B_cell,196,MAGEB6
COAD,1,B_cell,197,CTD-2128F4.1
COAD,1,B_cell,198,HIGD1AP1
COAD,1,B_cell,199,RP11-301L8.2
COAD,1,B_cell,200,MTCO2P3
COAD,1,Endothelial,1,RP11-989E6.1
COAD,1,Endothelial,2,IGHV2OR16-5
COAD,1,Endothelial,3,IGHVIII-44
COAD,1,Endothelial,4,PHF5FP
COAD,1,Endothelial,5,TMEM176A
COAD,1,Endothelial,6,RNU1-150P
COAD,1,Endothelial,7,CH507-513H4.8
COAD,1,Endothelial,8,TMEM176B
COAD,1,Endothelial,9,FAM72C
COAD,1,Endothelial,10,AC079150.2
COAD,1,Endothelial,11,AC004878.2
COAD,1,Endothelial,12,RNU6-254P
COAD,1,Endothelial,13,GUSBP8
COAD,1,Endothelial,14,SCYGR9
COAD,1,Endothelial,15,ELK1P1
COAD,1,Endothelial,16,RP11-299H22.4
COAD,1,Endothelial,17,RN7SL733P
COAD,1,Endothelial,18,RP11-196G4.2
COAD,1,Endothelial,19,RP11-87E22.1
COAD,1,Endothelial,20,RPSAP47
COAD,1,Endothelial,21,IQCF6
COAD,1,Endothelial,22,OR4D7P
COAD,1,Endothelial,23,RP11-344E13.4
COAD,1,Endothelial,24,SRY
COAD,1,Endothelial,25,RPL32P35
COAD,1,Endothelial,26,LA16c-13E4.3
COAD,1,Endothelial,27,RNU6-1178P
COAD,1,Endothelial,28,UBE2Q2P12
COAD,1,Endothelial,29,RPL21P133
COAD,1,Endothelial,30,CTD-2014E2.2
COAD,1,Endothelial,31,RP11-182J1.10
COAD,1,Endothelial,32,RPL21P112
COAD,1,Endothelial,33,RP11-95P2.4
COAD,1,Endothelial,34,ENSG10010134911.1
COAD,1,Endothelial,35,ENSG10010139581.1
COAD,1,Endothelial,36,RP11-177N22.2
COAD,1,Endothelial,37,PTMS
COAD,1,Endothelial,38,RPL7P49
COAD,1,Endothelial,39,RNU6-907P
COAD,1,Endothelial,40,SNORA15
COAD,1,Endothelial,41,RNU6-552P
COAD,1,Endothelial,42,RP13-16D10.1
COAD,1,Endothelial,43,REXO1L3P
COAD,1,Endothelial,44,OR5AK1P
COAD,1,Endothelial,45,RBX1P2
COAD,1,Endothelial,46,REXO1L1P
COAD,1,Endothelial,47,RNY4P9
COAD,1,Endothelial,48,MIR3116-1
COAD,1,Endothelial,49,ATP5MGL
COAD,1,Endothelial,50,RBMY2EP
COAD,1,Endothelial,51,GTF2IP1
COAD,1,Endothelial,52,RNU6-639P
COAD,1,Endothelial,53,HSP90AB3P
COAD,1,Endothelial,54,RP11-25K24.3
COAD,1,Endothelial,55,ZNF92P1Y
COAD,1,Endothelial,56,RPL5P31
COAD,1,Endothelial,57,CTD-3126B10.1
COAD,1,Endothelial,58,RP11-589M4.2
COAD,1,Endothelial,59,RNA5SP367
COAD,1,Endothelial,60,ATP5PBP4
COAD,1,Endothelial,61,RP11-630H24.4
COAD,1,Endothelial,62,RNA5SP219
COAD,1,Endothelial,63,RNU6ATAC36P
COAD,1,Endothelial,64,RN7SKP209
COAD,1,Endothelial,65,SNORD114-4
COAD,1,Endothelial,66,CETN1
COAD,1,Endothelial,67,RN7SL266P
COAD,1,Endothelial,68,RPL5P13
COAD,1,Endothelial,69,AC108059.1
COAD,1,Endothelial,70,IGKV2D-18
COAD,1,Endothelial,71,RPL6P30
COAD,1,Endothelial,72,RP11-162A12.4
COAD,1,Endothelial,73,AIG1P1
COAD,1,Endothelial,74,AC093166.4
COAD,1,Endothelial,75,RP11-496I2.7
COAD,1,Endothelial,76,DUX4L52
COAD,1,Endothelial,77,LINC00557
COAD,1,Endothelial,78,ETDC
COAD,1,Endothelial,79,MTCO1P3
COAD,1,Endothelial,80,KRT8P43
COAD,1,Endothelial,81,RNU6-200P
COAD,1,Endothelial,82,HMGB3P12
COAD,1,Endothelial,83,KRTAP9-8
COAD,1,Endothelial,84,KRTAP2-1
COAD,1,Endothelial,85,PRXL2AP1
COAD,1,Endothelial,86,RP11-32D4.1
COAD,1,Endothelial,87,RP11-335K5.2
COAD,1,Endothelial,88,RP11-478B11.2
COAD,1,Endothelial,89,RP11-643E14.3
COAD,1,Endothelial,90,MIR4675
COAD,1,Endothelial,91,RP11-578O24.2
COAD,1,Endothelial,92,RN7SL479P
COAD,1,Endothelial,93,GAPDHP27
COAD,1,Endothelial,94,FAM242B
COAD,1,Endothelial,95,MORF4L1P3
COAD,1,Endothelial,96,RP11-300A12.2
COAD,1,Endothelial,97,RN7SL222P
COAD,1,Endothelial,98,RP1-163M9.7
COAD,1,Endothelial,99,RP3-329A5.1
COAD,1,Endothelial,100,CTD-2313F11.2
COAD,1,Endothelial,101,RP11-80F22.8
COAD,1,Endothelial,102,RNU6-817P
COAD,1,Endothelial,103,RN7SL764P
COAD,1,Endothelial,104,RNU6-492P
COAD,1,Endothelial,105,RNA5SP217
COAD,1,Endothelial,106,RPL10P13
COAD,1,Endothelial,107,RP11-325K19.3
COAD,1,Endothelial,108,CDC42P6
COAD,1,Endothelial,109,RP11-393N4.2
COAD,1,Endothelial,110,RP4-547N15.3
COAD,1,Endothelial,111,PGBD4P1
COAD,1,Endothelial,112,MIR504
COAD,1,Endothelial,113,FTHL18
COAD,1,Endothelial,114,ENSG10010139445.1
COAD,1,Endothelial,115,MRRFP1
COAD,1,Endothelial,116,HNF4GP1
COAD,1,Endothelial,117,PNMA6F
COAD,1,Endothelial,118,RN7SL135P
COAD,1,Endothelial,119,RP11-460G11.2
COAD,1,Endothelial,120,MIR4265
COAD,1,Endothelial,121,WASH6P
COAD,1,Endothelial,122,HMGN2P23
COAD,1,Endothelial,123,RP11-757G14.3
COAD,1,Endothelial,124,SERTM2
COAD,1,Endothelial,125,GCSHP2
COAD,1,Endothelial,126,PPIAP56
COAD,1,Endothelial,127,RP11-54F2.8
COAD,1,Endothelial,128,TRMT112P3
COAD,1,Endothelial,129,MAGEB16
COAD,1,Endothelial,130,RNA5SP490
COAD,1,Endothelial,131,RP11-54O7.2
COAD,1,Endothelial,132,MIR634
COAD,1,Endothelial,133,RP11-1281K21.9
COAD,1,Endothelial,134,RP11-248E9.4
COAD,1,Endothelial,135,OR2J4P
COAD,1,Endothelial,136,RP11-241F15.5
COAD,1,Endothelial,137,ARL4AP3
COAD,1,Endothelial,138,RP11-757C15.4
COAD,1,Endothelial,139,MIR3163
COAD,1,Endothelial,140,RP11-483M24.2
COAD,1,Endothelial,141,NPM1P5
COAD,1,Endothelial,142,RP1-50A13.1
COAD,1,Endothelial,143,RNY4P17
COAD,1,Endothelial,144,RP11-25L3.1
COAD,1,Endothelial,145,RNU7-152P
COAD,1,Endothelial,146,RP11-507J18.5
COAD,1,Endothelial,147,RPL7L1P13
COAD,1,Endothelial,148,RP11-175G14.2
COAD,1,Endothelial,149,RP5-1054A22.4
COAD,1,Endothelial,150,OR5BH1P
COAD,1,Endothelial,151,MLF2
COAD,1,Endothelial,152,HSP90B3P
COAD,1,Endothelial,153,MTND6P12
COAD,1,Endothelial,154,CLDN34
COAD,1,Endothelial,155,HIGD1AP12
COAD,1,Endothelial,156,RP11-88I21.3
COAD,1,Endothelial,157,RP11-109A6.3
COAD,1,Endothelial,158,KB-1440D3.14
COAD,1,Endothelial,159,FAM247B
COAD,1,Endothelial,160,KRTAP5-8
COAD,1,Endothelial,161,XXbac-BPGBPG55C20.1
COAD,1,Endothelial,162,DDTL
COAD,1,Endothelial,163,ITGB1P1
COAD,1,Endothelial,164,RP11-257O5.4
COAD,1,Endothelial,165,MTND4LP30
COAD,1,Endothelial,166,ENSG10010135807.1
COAD,1,Endothelial,167,YBX1P6
COAD,1,Endothelial,168,OR6M1
COAD,1,Endothelial,169,NDUFB2P1
COAD,1,Endothelial,170,CCNJP2
COAD,1,Endothelial,171,RP11-149F8.4
COAD,1,Endothelial,172,AC007557.4
COAD,1,Endothelial,173,RP11-436M15.3
COAD,1,Endothelial,174,RP11-561O23.5
COAD,1,Endothelial,175,MIR1912
COAD,1,Endothelial,176,AC004945.1
COAD,1,Endothelial,177,RNU6-78P
COAD,1,Endothelial,178,NCOR1P4
COAD,1,Endothelial,179,MCUR1P1
COAD,1,Endothelial,180,RP11-359E7.3
COAD,1,Endothelial,181,RP1-134O19.3
COAD,1,Endothelial,182,GGTLC4P
COAD,1,Endothelial,183,CTD-2036P10.5
COAD,1,Endothelial,184,RP11-55C6.1
COAD,1,Endothelial,185,RN7SL390P
COAD,1,Endothelial,186,AC069213.4
COAD,1,Endothelial,187,RNU7-110P
COAD,1,Endothelial,188,LINC00561
COAD,1,Endothelial,189,CTB-152G17.4
COAD,1,Endothelial,190,RN7SL65P
COAD,1,Endothelial,191,RP13-212L9.1
COAD,1,Endothelial,192,LINC02193
COAD,1,Endothelial,193,CCND2P1
COAD,1,Endothelial,194,RNU6-1299P
COAD,1,Endothelial,195,RP11-16G12.1
COAD,1,Endothelial,196,RAC1P4
COAD,1,Endothelial,197,RP11-477L16.2
COAD,1,Endothelial,198,ATP5F1AP4
COAD,1,Endothelial,199,OR5M12P
COAD,1,Endothelial,200,SDAD1P3
COAD,1,Epithelial,1,HES4
COAD,1,Epithelial,2,ISG15
COAD,1,Epithelial,3,RP11-54O7.17
COAD,1,Epithelial,4,RPL36A
COAD,1,Epithelial,5,RNA5SP154
COAD,1,Epithelial,6,RP11-332E4.1
COAD,1,Epithelial,7,OR5H3P
COAD,1,Epithelial,8,RP11-327P2.6
COAD,1,Epithelial,9,AP001429.1
COAD,1,Epithelial,10,OR2U1P
COAD,1,Epithelial,11,RN7SKP221
COAD,1,Epithelial,12,RAC1P2
COAD,1,Epithelial,13,RP11-134C1.1
COAD,1,Epithelial,14,CTD-2020P22.1
COAD,1,Epithelial,15,PPP1R14BP5
COAD,1,Epithelial,16,IGKV2D-10
COAD,1,Epithelial,17,EEF1B2P8
COAD,1,Epithelial,18,EIF3MP1
COAD,1,Epithelial,19,IGHV3OR16-15
COAD,1,Epithelial,20,CTD-2534H9.1
COAD,1,Epithelial,21,MIR8080
COAD,1,Epithelial,22,MTCO3P18
COAD,1,Epithelial,23,RNU6-1090P
COAD,1,Epithelial,24,RP11-342F21.2
COAD,1,Epithelial,25,DEFB131E
COAD,1,Epithelial,26,MIR4490
COAD,1,Epithelial,27,RPL36AP52
COAD,1,Epithelial,28,ATP6V0E1P1
COAD,1,Epithelial,29,RP5-905H7.4
COAD,1,Epithelial,30,RP11-20I23.5
COAD,1,Epithelial,31,RP11-2G17.1
COAD,1,Epithelial,32,RP11-20I23.10
COAD,1,Epithelial,33,PABPC1P12
COAD,1,Epithelial,34,MTCO2P18
COAD,1,Epithelial,35,OR4T1P
COAD,1,Epithelial,36,CARS1P2
COAD,1,Epithelial,37,AC144568.2
COAD,1,Epithelial,38,AMY1C
COAD,1,Epithelial,39,DNAJB9
COAD,1,Epithelial,40,THAP5
COAD,1,Epithelial,41,USP9YP22
COAD,1,Epithelial,42,FAM138D
COAD,1,Epithelial,43,RN7SL864P
COAD,1,Epithelial,44,RP1-140K8.2
COAD,1,Epithelial,45,RNU7-79P
COAD,1,Epithelial,46,RP11-32A1.2
COAD,1,Epithelial,47,RN7SL269P
COAD,1,Epithelial,48,DEFB131D
COAD,1,Epithelial,49,PGAM1P4
COAD,1,Epithelial,50,CTD-2550O8.7
COAD,1,Epithelial,51,LA16c-OS12.2
COAD,1,Epithelial,52,SNORD115-15
COAD,1,Epithelial,53,MIR103A2
COAD,1,Epithelial,54,OR12D2
COAD,1,Epithelial,55,RP4-604K5.3
COAD,1,Epithelial,56,RP11-358N4.5
COAD,1,Epithelial,57,RP11-744J10.2
COAD,1,Epithelial,58,NENFP3
COAD,1,Epithelial,59,RP11-560B16.5
COAD,1,Epithelial,60,OR10A5
COAD,1,Epithelial,61,AC073264.10
COAD,1,Epithelial,62,AC005154.8
COAD,1,Epithelial,63,RN7SL110P
COAD,1,Epithelial,64,FTLP1
COAD,1,Epithelial,65,MIR509-3
COAD,1,Epithelial,66,SLX1B-SULT1A4
COAD,1,Epithelial,67,MIR369
COAD,1,Epithelial,68,HINT1P1
COAD,1,Epithelial,69,RP1-73A14.2
COAD,1,Epithelial,70,FAM204CP
COAD,1,Epithelial,71,RN7SKP65
COAD,1,Epithelial,72,SULT1A4
COAD,1,Epithelial,73,AC008154.4
COAD,1,Epithelial,74,RNU6-810P
COAD,1,Epithelial,75,CHMP4AP1
COAD,1,Epithelial,76,ISCA1P2
COAD,1,Epithelial,77,SMC3P1
COAD,1,Epithelial,78,MIR593
COAD,1,Epithelial,79,RP11-475G3.1
COAD,1,Epithelial,80,OR13H1
COAD,1,Epithelial,81,RN7SKP44
COAD,1,Epithelial,82,RP11-815I9.3
COAD,1,Epithelial,83,OR4G1P
COAD,1,Epithelial,84,RN7SL48P
COAD,1,Epithelial,85,COMMD6
COAD,1,Epithelial,86,RP11-1167A19.6
COAD,1,Epithelial,87,FAM224B
COAD,1,Epithelial,88,RP11-800A18.3
COAD,1,Epithelial,89,AC010095.6
COAD,1,Epithelial,90,UCHL3
COAD,1,Epithelial,91,MIR412
COAD,1,Epithelial,92,RP11-167B3.2
COAD,1,Epithelial,93,RNU2-45P
COAD,1,Epithelial,94,RPL6P29
COAD,1,Epithelial,95,AC006158.9
COAD,1,Epithelial,96,AC079809.2
COAD,1,Epithelial,97,ENSG10010136168.1
COAD,1,Epithelial,98,RPL36A-HNRNPH2
COAD,1,Epithelial,99,RPL30P15
COAD,1,Epithelial,100,RP5-867C24.1
COAD,1,Epithelial,101,AC009238.7
COAD,1,Epithelial,102,GAPDHP29
COAD,1,Epithelial,103,TTTY2B
COAD,1,Epithelial,104,RP11-141C7.3
COAD,1,Epithelial,105,RNU4-64P
COAD,1,Epithelial,106,MIR181A1
COAD,1,Epithelial,107,RP11-575H3.1
COAD,1,Epithelial,108,RN7SKP100
COAD,1,Epithelial,109,RNU6-484P
COAD,1,Epithelial,110,PRAMEF19
COAD,1,Epithelial,111,RP11-76P2.4
COAD,1,Epithelial,112,SNORD114-24
COAD,1,Epithelial,113,KIAA1143P1
COAD,1,Epithelial,114,RP11-597K23.1
COAD,1,Epithelial,115,MTND5P28
COAD,1,Epithelial,116,RP11-927P21.7
COAD,1,Epithelial,117,IGBP1P5
COAD,1,Epithelial,118,RPS17P15
COAD,1,Epithelial,119,RP11-629N8.4
COAD,1,Epithelial,120,RP11-303G3.6
COAD,1,Epithelial,121,TOMM20P4
COAD,1,Epithelial,122,RP11-252A24.8
COAD,1,Epithelial,123,RN7SL469P
COAD,1,Epithelial,124,RPL21P103
COAD,1,Epithelial,125,SNORD114-25
COAD,1,Epithelial,126,RP11-40H19.1
COAD,1,Epithelial,127,RP3-437C15.2
COAD,1,Epithelial,128,ENSG10010135504.1
COAD,1,Epithelial,129,BTK
COAD,1,Epithelial,130,CCNYL7
COAD,1,Epithelial,131,CLPTM1LP1
COAD,1,Epithelial,132,RP11-637C24.5
COAD,1,Epithelial,133,NPIPB12
COAD,1,Epithelial,134,CTD-2049O17.1
COAD,1,Epithelial,135,BRI3P3
COAD,1,Epithelial,136,MTND2P18
COAD,1,Epithelial,137,RN7SKP87
COAD,1,Epithelial,138,RP11-69H14.10
COAD,1,Epithelial,139,RP5-1198O20.5
COAD,1,Epithelial,140,RP11-315D13.1
COAD,1,Epithelial,141,RNA5SP516
COAD,1,Epithelial,142,EIF4A1P4
COAD,1,Epithelial,143,RN7SL15P
COAD,1,Epithelial,144,RP11-566K19.5
COAD,1,Epithelial,145,H3-4
COAD,1,Epithelial,146,TSPY3
COAD,1,Epithelial,147,RP11-260A9.1
COAD,1,Epithelial,148,MIR197
COAD,1,Epithelial,149,RP1-95L4.4
COAD,1,Epithelial,150,MIR1295B
COAD,1,Epithelial,151,RP11-380M21.1
COAD,1,Epithelial,152,RP11-498M15.1
COAD,1,Epithelial,153,GEMIN2P1
COAD,1,Epithelial,154,RP11-324E6.4
COAD,1,Epithelial,155,RP11-354E23.3
COAD,1,Epithelial,156,AC002044.3
COAD,1,Epithelial,157,RN7SKP86
COAD,1,Epithelial,158,MIR410
COAD,1,Epithelial,159,AF003625.3
COAD,1,Epithelial,160,RP11-247A12.7
COAD,1,Epithelial,161,KRT18P34
COAD,1,Epithelial,162,SLC35C2P1
COAD,1,Epithelial,163,AC007881.4
COAD,1,Epithelial,164,HOMER2P1
COAD,1,Epithelial,165,CABS1
COAD,1,Epithelial,166,KRTAP10-6
COAD,1,Epithelial,167,LINC01633
COAD,1,Epithelial,168,RP11-500G22.5
COAD,1,Epithelial,169,RP11-64K12.1
COAD,1,Epithelial,170,RP1-232L22__A.1
COAD,1,Epithelial,171,ENSG10010138938.1
COAD,1,Epithelial,172,RPL7L1P11
COAD,1,Epithelial,173,TRBV22OR9-2
COAD,1,Epithelial,174,RNU2-50P
COAD,1,Epithelial,175,RNU6-748P
COAD,1,Epithelial,176,RP11-117D22.1
COAD,1,Epithelial,177,KRT18P47
COAD,1,Epithelial,178,CTA-221G9.11
COAD,1,Epithelial,179,HERC2P11
COAD,1,Epithelial,180,RP11-322E11.3
COAD,1,Epithelial,181,RNU6-514P
COAD,1,Epithelial,182,SPTLC1P5
COAD,1,Epithelial,183,RP11-126O22.10
COAD,1,Epithelial,184,RP11-1217F2.27
COAD,1,Epithelial,185,RP1-321E8.4
COAD,1,Epithelial,186,CAPZBP1
COAD,1,Epithelial,187,AADACL4
COAD,1,Epithelial,188,NOTCH2P1
COAD,1,Epithelial,189,MIR548D1
COAD,1,Epithelial,190,TUBAP12
COAD,1,Epithelial,191,AC005954.3
COAD,1,Epithelial,192,FTH1P15
COAD,1,Epithelial,193,CTD-2031P19.5
COAD,1,Epithelial,194,RP3-347M6.3
COAD,1,Epithelial,195,MTATP6P4
COAD,1,Epithelial,196,MIR4252
COAD,1,Epithelial,197,RPL23AP16
COAD,1,Epithelial,198,NDUFB5P2
COAD,1,Epithelial,199,YWHAQP6
COAD,1,Epithelial,200,MIR1244-4
COAD,1,Fibroblast,1,RBM7P1
COAD,1,Fibroblast,2,IMPDH1P4
COAD,1,Fibroblast,3,CTD-2244C20.1
COAD,1,Fibroblast,4,RNU6ATAC17P
COAD,1,Fibroblast,5,PFN1P2
COAD,1,Fibroblast,6,AC005357.1
COAD,1,Fibroblast,7,AC008753.3
COAD,1,Fibroblast,8,RP11-719N22.1
COAD,1,Fibroblast,9,COX5BP2
COAD,1,Fibroblast,10,RP11-733D4.2
COAD,1,Fibroblast,11,RP11-790I12.4
COAD,1,Fibroblast,12,FKBP1BP1
COAD,1,Fibroblast,13,AC005741.2
COAD,1,Fibroblast,14,CTD-2014B16.5
COAD,1,Fibroblast,15,HLA-DQB3
COAD,1,Fibroblast,16,MIR519A1
COAD,1,Fibroblast,17,RNA5SP177
COAD,1,Fibroblast,18,CH17-118O6.4
COAD,1,Fibroblast,19,OR2F2
COAD,1,Fibroblast,20,SGCEP1
COAD,1,Fibroblast,21,RNU6-1258P
COAD,1,Fibroblast,22,FABP5P10
COAD,1,Fibroblast,23,RP11-51L5.2
COAD,1,Fibroblast,24,FAM157B
COAD,1,Fibroblast,25,RP11-265D19.8
COAD,1,Fibroblast,26,ENSG10010134912.1
COAD,1,Fibroblast,27,MIR8053
COAD,1,Fibroblast,28,RP11-559E14.1
COAD,1,Fibroblast,29,RPL21P37
COAD,1,Fibroblast,30,RP11-805I24.4
COAD,1,Fibroblast,31,IGKV1-9
COAD,1,Fibroblast,32,SFR1P1
COAD,1,Fibroblast,33,MIR1302-7
COAD,1,Fibroblast,34,RNU4-37P
COAD,1,Fibroblast,35,ZNF705B
COAD,1,Fibroblast,36,FRMD8P1
COAD,1,Fibroblast,37,SELENOKP1
COAD,1,Fibroblast,38,AP000438.4
COAD,1,Fibroblast,39,RNA5SP338
COAD,1,Fibroblast,40,TMEM132D-AS1
COAD,1,Fibroblast,41,NLRP9P1
COAD,1,Fibroblast,42,SEPTIN7P8
COAD,1,Fibroblast,43,AC007064.24
COAD,1,Fibroblast,44,RP11-110F24.1
COAD,1,Fibroblast,45,ZNF355P
COAD,1,Fibroblast,46,RP1-138O17.1
COAD,1,Fibroblast,47,RP3-431C21.1
COAD,1,Fibroblast,48,RP11-122L9.1
COAD,1,Fibroblast,49,RNU6ATAC29P
COAD,1,Fibroblast,50,FABP5P11
COAD,1,Fibroblast,51,VDAC1P3
COAD,1,Fibroblast,52,RP3-432I18.1
COAD,1,Fibroblast,53,GNAQP1
COAD,1,Fibroblast,54,RPL7AP72
COAD,1,Fibroblast,55,RNA5SP185
COAD,1,Fibroblast,56,DEFB4A
COAD,1,Fibroblast,57,RP11-876F14.2
COAD,1,Fibroblast,58,RP11-252C24.2
COAD,1,Fibroblast,59,SGO1P1
COAD,1,Fibroblast,60,ALDH7A1P3
COAD,1,Fibroblast,61,MIR325
COAD,1,Fibroblast,62,SNORD115-45
COAD,1,Fibroblast,63,RP11-373N24.2
COAD,1,Fibroblast,64,RP11-781M16.1
COAD,1,Fibroblast,65,MIR548AG1
COAD,1,Fibroblast,66,RP1-6P5.2
COAD,1,Fibroblast,67,BDP1P
COAD,1,Fibroblast,68,RNU4-76P
COAD,1,Fibroblast,69,OR13C4
COAD,1,Fibroblast,70,MIR1278
COAD,1,Fibroblast,71,OR4A21P
COAD,1,Fibroblast,72,CTC-484M2.1
COAD,1,Fibroblast,73,RP4-585I14.3
COAD,1,Fibroblast,74,PPIAP7
COAD,1,Fibroblast,75,RNU6-845P
COAD,1,Fibroblast,76,RP4-740C4.7
COAD,1,Fibroblast,77,RP11-18J9.3
COAD,1,Fibroblast,78,MRPS35P2
COAD,1,Fibroblast,79,CDC27P3
COAD,1,Fibroblast,80,RNU1-51P
COAD,1,Fibroblast,81,MTFR2P2
COAD,1,Fibroblast,82,MTND6P29
COAD,1,Fibroblast,83,RPL24P9
COAD,1,Fibroblast,84,CTC-412M14.6
COAD,1,Fibroblast,85,OR4A47
COAD,1,Fibroblast,86,RN7SKP266
COAD,1,Fibroblast,87,MIR525
COAD,1,Fibroblast,88,LINC00851
COAD,1,Fibroblast,89,RNU6-746P
COAD,1,Fibroblast,90,AP000797.2
COAD,1,Fibroblast,91,KB-1000E4.2
COAD,1,Fibroblast,92,RP4-774I24.3
COAD,1,Fibroblast,93,ARHGEF9-IT1
COAD,1,Fibroblast,94,RP5-905H7.9
COAD,1,Fibroblast,95,RP5-905H7.11
COAD,1,Fibroblast,96,AC025811.3
COAD,1,Fibroblast,97,RP11-1008M1.1
COAD,1,Fibroblast,98,YWHAZP1
COAD,1,Fibroblast,99,RP11-660M18.1
COAD,1,Fibroblast,100,RP11-160N1.8
COAD,1,Fibroblast,101,MTCO1P1
COAD,1,Fibroblast,102,HSPD1P2
COAD,1,Fibroblast,103,TCERG1P1
COAD,1,Fibroblast,104,OR1AA1P
COAD,1,Fibroblast,105,RPL7P40
COAD,1,Fibroblast,106,RPL23AP28
COAD,1,Fibroblast,107,RPL7AP57
COAD,1,Fibroblast,108,GPS2P1
COAD,1,Fibroblast,109,CTA-313A17.5
COAD,1,Fibroblast,110,MTDHP5
COAD,1,Fibroblast,111,MIR4689
COAD,1,Fibroblast,112,LCE5A
COAD,1,Fibroblast,113,RNU6-255P
COAD,1,Fibroblast,114,RP11-359P18.7
COAD,1,Fibroblast,115,EIF5AP4
COAD,1,Fibroblast,116,GGT2
COAD,1,Fibroblast,117,CYCSP28
COAD,1,Fibroblast,118,IGHV3-6
COAD,1,Fibroblast,119,ZNF736P6Y
COAD,1,Fibroblast,120,IFNWP5
COAD,1,Fibroblast,121,MIR489
COAD,1,Fibroblast,122,RPL7AP31
COAD,1,Fibroblast,123,OR2T3
COAD,1,Fibroblast,124,RP11-211N8.6
COAD,1,Fibroblast,125,OR5M10
COAD,1,Fibroblast,126,IGKV1D-32
COAD,1,Fibroblast,127,HNRNPA1P73
COAD,1,Fibroblast,128,RPL7AP61
COAD,1,Fibroblast,129,TRBV1
COAD,1,Fibroblast,130,AQP7P5
COAD,1,Fibroblast,131,ABC12-47964100C23.1
COAD,1,Fibroblast,132,IGHV3-25
COAD,1,Fibroblast,133,OR13K1P
COAD,1,Fibroblast,134,MIR582
COAD,1,Fibroblast,135,RP5-1154L15.1
COAD,1,Fibroblast,136,RP11-145O15.2
COAD,1,Fibroblast,137,CRYGGP
COAD,1,Fibroblast,138,DHFRP3
COAD,1,Fibroblast,139,RP11-155I9.1
COAD,1,Fibroblast,140,RNU6-684P
COAD,1,Fibroblast,141,RP1-142O9.2
COAD,1,Fibroblast,142,GNL2P1
COAD,1,Fibroblast,143,ELOCP3
COAD,1,Fibroblast,144,RNU7-52P
COAD,1,Fibroblast,145,RP11-715C4.1
COAD,1,Fibroblast,146,PRPF19P1
COAD,1,Fibroblast,147,RP3-393P12.1
COAD,1,Fibroblast,148,HSPE1P12
COAD,1,Fibroblast,149,RP11-108K3.5
COAD,1,Fibroblast,150,SNORD114-9
COAD,1,Fibroblast,151,KCNMB3P1
COAD,1,Fibroblast,152,CTC-436P18.5
COAD,1,Fibroblast,153,HNRNPDP1
COAD,1,Fibroblast,154,AC009518.3
COAD,1,Fibroblast,155,USP37P1
COAD,1,Fibroblast,156,GAPDHP77
COAD,1,Fibroblast,157,RPL36AP26
COAD,1,Fibroblast,158,CTB-162E12.1
COAD,1,Fibroblast,159,RP11-446E9.1
COAD,1,Fibroblast,160,CTC-550B14.10
COAD,1,Fibroblast,161,COPS8P2
COAD,1,Fibroblast,162,RP11-61G24.1
COAD,1,Fibroblast,163,RPS20P22
COAD,1,Fibroblast,164,RNU6-897P
COAD,1,Fibroblast,165,NANOGP8
COAD,1,Fibroblast,166,RP11-85D18.1
COAD,1,Fibroblast,167,RN7SKP12
COAD,1,Fibroblast,168,VPS26CP1
COAD,1,Fibroblast,169,RN7SKP89
COAD,1,Fibroblast,170,RP11-497H17.1
COAD,1,Fibroblast,171,RP11-444P10.1
COAD,1,Fibroblast,172,CTD-3099C6.5
COAD,1,Fibroblast,173,RP11-283C24.2
COAD,1,Fibroblast,174,HNRNPA1P12
COAD,1,Fibroblast,175,RNU1-154P
COAD,1,Fibroblast,176,AKIRIN1P1
COAD,1,Fibroblast,177,LINC01613
COAD,1,Fibroblast,178,EEF1A1P28
COAD,1,Fibroblast,179,MRPL48P1
COAD,1,Fibroblast,180,EEDP1
COAD,1,Fibroblast,181,AC016909.2
COAD,1,Fibroblast,182,RAC1P8
COAD,1,Fibroblast,183,CTD-3229J4.1
COAD,1,Fibroblast,184,VN1R31P
COAD,1,Fibroblast,185,RBMXP4
COAD,1,Fibroblast,186,LCEP3
COAD,1,Fibroblast,187,RNU6-798P
COAD,1,Fibroblast,188,RP11-822E23.7
COAD,1,Fibroblast,189,CTB-14A14.2
COAD,1,Fibroblast,190,MIR378E
COAD,1,Fibroblast,191,ENSG10010134848.1
COAD,1,Fibroblast,192,OR1J2
COAD,1,Fibroblast,193,RP11-626K17.2
COAD,1,Fibroblast,194,IFITM8P
COAD,1,Fibroblast,195,OR4C2P
COAD,1,Fibroblast,196,SUMO2P5
COAD,1,Fibroblast,197,RP11-35J10.4
COAD,1,Fibroblast,198,NPM1P12
COAD,1,Fibroblast,199,AL031601.4
COAD,1,Fibroblast,200,RP11-417B4.3
COAD,1,Macrophage,1,RNU1-136P
COAD,1,Macrophage,2,THBD
COAD,1,Macrophage,3,RNA5SP311
COAD,1,Macrophage,4,C1QC
COAD,1,Macrophage,5,RN7SKP61
COAD,1,Macrophage,6,RNU6-876P
COAD,1,Macrophage,7,SAP18P2
COAD,1,Macrophage,8,RP11-457D20.1
COAD,1,Macrophage,9,RNU6-1089P
COAD,1,Macrophage,10,RNU6-599P
COAD,1,Macrophage,11,RP11-402D21.3
COAD,1,Macrophage,12,ULK4P1
COAD,1,Macrophage,13,FAM90A5P
COAD,1,Macrophage,14,MIR6127
COAD,1,Macrophage,15,UBE2V1P11
COAD,1,Macrophage,16,OR5AZ1P
COAD,1,Macrophage,17,RNU6-413P
COAD,1,Macrophage,18,RP11-291O7.1
COAD,1,Macrophage,19,GS1-466O4.3
COAD,1,Macrophage,20,AC006499.4
COAD,1,Macrophage,21,RP11-181C21.4
COAD,1,Macrophage,22,RNU6-1165P
COAD,1,Macrophage,23,RN7SKP194
COAD,1,Macrophage,24,RP5-944F13.1
COAD,1,Macrophage,25,RN7SL468P
COAD,1,Macrophage,26,RP11-163O19.3
COAD,1,Macrophage,27,BCAP31P2
COAD,1,Macrophage,28,CCDC54
COAD,1,Macrophage,29,IGHVIII-76-1
COAD,1,Macrophage,30,ANAPC1P3
COAD,1,Macrophage,31,MTND1P37
COAD,1,Macrophage,32,RP5-964H19.2
COAD,1,Macrophage,33,RP11-247I13.3
COAD,1,Macrophage,34,RP13-395E19.3
COAD,1,Macrophage,35,RNU6-41P
COAD,1,Macrophage,36,RNU6-177P
COAD,1,Macrophage,37,CTD-2026D23.1
COAD,1,Macrophage,38,RP11-116D17.5
COAD,1,Macrophage,39,THAP5P1
COAD,1,Macrophage,40,RP11-11N6.1
COAD,1,Macrophage,41,RNU7-173P
COAD,1,Macrophage,42,CENPNP2
COAD,1,Macrophage,43,RPL21P16
COAD,1,Macrophage,44,RPL15P13
COAD,1,Macrophage,45,SNX18P24
COAD,1,Macrophage,46,RP11-756P10.6
COAD,1,Macrophage,47,THAP12P4
COAD,1,Macrophage,48,HIGD1AP8
COAD,1,Macrophage,49,FAUP2
COAD,1,Macrophage,50,MYO5BP1
COAD,1,Macrophage,51,RNA5SP361
COAD,1,Macrophage,52,KRTAP2-2
COAD,1,Macrophage,53,BSNDP2
COAD,1,Macrophage,54,S100A7P1
COAD,1,Macrophage,55,PDE4DIPP3
COAD,1,Macrophage,56,CTD-2537L20.1
COAD,1,Macrophage,57,RN7SL531P
COAD,1,Macrophage,58,NUDT19P4
COAD,1,Macrophage,59,RP3-433G13.1
COAD,1,Macrophage,60,RP11-612J15.1
COAD,1,Macrophage,61,SLC9A3P1
COAD,1,Macrophage,62,NF1P11
COAD,1,Macrophage,63,RP11-45H22.2
COAD,1,Macrophage,64,RN7SL75P
COAD,1,Macrophage,65,OR9G2P
COAD,1,Macrophage,66,RNU6-576P
COAD,1,Macrophage,67,RN7SKP53
COAD,1,Macrophage,68,TOMM40P2
COAD,1,Macrophage,69,RPL22P2
COAD,1,Macrophage,70,HMGB3P10
COAD,1,Macrophage,71,RP11-363I22.3
COAD,1,Macrophage,72,AC016751.2
COAD,1,Macrophage,73,RP11-395M19.1
COAD,1,Macrophage,74,S100A11P6
COAD,1,Macrophage,75,S100A11P5
COAD,1,Macrophage,76,MIR6728
COAD,1,Macrophage,77,SAMD11P1
COAD,1,Macrophage,78,RN7SKP207
COAD,1,Macrophage,79,RN7SL246P
COAD,1,Macrophage,80,RNA5SP337
COAD,1,Macrophage,81,CTSLP1
COAD,1,Macrophage,82,RNA5SP261
COAD,1,Macrophage,83,AARS1P1
COAD,1,Macrophage,84,GSTM2P1
COAD,1,Macrophage,85,CTD-2623N2.3
COAD,1,Macrophage,86,RP11-307L14.2
COAD,1,Macrophage,87,RP11-325O24.1
COAD,1,Macrophage,88,RP11-307L14.1
COAD,1,Macrophage,89,SCUBE1-AS2
COAD,1,Macrophage,90,ENSG10010136797.1
COAD,1,Macrophage,91,RP11-510I6.3
COAD,1,Macrophage,92,RNU2-39P
COAD,1,Macrophage,93,HMGB1P42
COAD,1,Macrophage,94,ENSG10010135836.1
COAD,1,Macrophage,95,TCAF2
COAD,1,Macrophage,96,ENSG10010136839.1
COAD,1,Macrophage,97,AP000577.2
COAD,1,Macrophage,98,HMGB3P14
COAD,1,Macrophage,99,RP11-220I1.4
COAD,1,Macrophage,100,RNA5SP500
COAD,1,Macrophage,101,RNU6-1245P
COAD,1,Macrophage,102,MTCYBP2
COAD,1,Macrophage,103,RNU6-965P
COAD,1,Macrophage,104,YWHAEP3
COAD,1,Macrophage,105,RPL5P23
COAD,1,Macrophage,106,RNU6-959P
COAD,1,Macrophage,107,OR7E121P
COAD,1,Macrophage,108,AK4P4
COAD,1,Macrophage,109,AP001505.10
COAD,1,Macrophage,110,MIR346
COAD,1,Macrophage,111,FXYD6P3
COAD,1,Macrophage,112,RPSAP61
COAD,1,Macrophage,113,RN7SL658P
COAD,1,Macrophage,114,RP11-789C7.1
COAD,1,Macrophage,115,RN7SKP171
COAD,1,Macrophage,116,AC079354.5
COAD,1,Macrophage,117,RP11-1012A1.7
COAD,1,Macrophage,118,RNU6-690P
COAD,1,Macrophage,119,RP11-638O6.1
COAD,1,Macrophage,120,CTB-22K14.1
COAD,1,Macrophage,121,RNA5SP325
COAD,1,Macrophage,122,RNU1-142P
COAD,1,Macrophage,123,RP11-866E20.1
COAD,1,Macrophage,124,ZC3H11B
COAD,1,Macrophage,125,OR4A6P
COAD,1,Macrophage,126,AC005255.3
COAD,1,Macrophage,127,RNU6-356P
COAD,1,Macrophage,128,RN7SL260P
COAD,1,Macrophage,129,RN7SKP6
COAD,1,Macrophage,130,RP11-272G22.2
COAD,1,Macrophage,131,RNA5SP196
COAD,1,Macrophage,132,MTCO2P1
COAD,1,Macrophage,133,IGBP1-AS2
COAD,1,Macrophage,134,RP11-816B4.1
COAD,1,Macrophage,135,RP11-252P19.2
COAD,1,Macrophage,136,LINC02804
COAD,1,Macrophage,137,RP11-491H9.3
COAD,1,Macrophage,138,VN1R82P
COAD,1,Macrophage,139,RP11-387A1.5
COAD,1,Macrophage,140,RNU6-1317P
COAD,1,Macrophage,141,RN7SL470P
COAD,1,Macrophage,142,RPS7P15
COAD,1,Macrophage,143,RNU6-120P
COAD,1,Macrophage,144,CCDC166
COAD,1,Macrophage,145,MIR217
COAD,1,Macrophage,146,RNU6-915P
COAD,1,Macrophage,147,MIR548AS
COAD,1,Macrophage,148,CAMTA1-AS1
COAD,1,Macrophage,149,C1QB
COAD,1,Macrophage,150,MIR1234
COAD,1,Macrophage,151,MIR6849
COAD,1,Macrophage,152,RP3-492P14.2
COAD,1,Macrophage,153,ENSG10010137139.1
COAD,1,Macrophage,154,H3-2
COAD,1,Macrophage,155,RP11-193H5.2
COAD,1,Macrophage,156,RP13-895J2.9
COAD,1,Macrophage,157,RP11-481N16.1
COAD,1,Macrophage,158,RNU6-82P
COAD,1,Macrophage,159,RP1-281E18.1
COAD,1,Macrophage,160,IPO7P1
COAD,1,Macrophage,161,UQCR10P1
COAD,1,Macrophage,162,RPL12P43
COAD,1,Macrophage,163,H2AZP5
COAD,1,Macrophage,164,SPDYE2
COAD,1,Macrophage,165,RP11-130N24.2
COAD,1,Macrophage,166,KRTAP4-6
COAD,1,Macrophage,167,RN7SKP177
COAD,1,Macrophage,168,RP5-1068B5.1
COAD,1,Macrophage,169,RN7SL457P
COAD,1,Macrophage,170,MIR99A
COAD,1,Macrophage,171,RP11-531F16.4
COAD,1,Macrophage,172,AGPAT5P1
COAD,1,Macrophage,173,OR5B19P
COAD,1,Macrophage,174,AC004070.1
COAD,1,Macrophage,175,OR5H6
COAD,1,Macrophage,176,RP11-52M17.1
COAD,1,Macrophage,177,SNORD11B
COAD,1,Macrophage,178,HNRNPA3P16
COAD,1,Macrophage,179,GAPDHP17
COAD,1,Macrophage,180,MIR526A1
COAD,1,Macrophage,181,ENSG10010137792.1
COAD,1,Macrophage,182,SLC4A1APP1
COAD,1,Macrophage,183,CTD-2282P23.1
COAD,1,Macrophage,184,C1QA
COAD,1,Macrophage,185,RPS2P48
COAD,1,Macrophage,186,ENSG10010138132.1
COAD,1,Macrophage,187,RP11-480N24.4
COAD,1,Macrophage,188,RNU6-11P
COAD,1,Macrophage,189,CTDSPL2P2
COAD,1,Macrophage,190,PPIAL4D
COAD,1,Macrophage,191,TPT1P14
COAD,1,Macrophage,192,CBX3P9
COAD,1,Macrophage,193,MIR548AD
COAD,1,Macrophage,194,RP11-136K7.1
COAD,1,Macrophage,195,DYNLL1P6
COAD,1,Macrophage,196,RN7SL40P
COAD,1,Macrophage,197,LARGE-IT1
COAD,1,Macrophage,198,RP11-58A17.3
COAD,1,Macrophage,199,FTLP17
COAD,1,Macrophage,200,MIR3685
COAD,1,Mast,1,RNU7-92P
COAD,1,Mast,2,SRSF9
COAD,1,Mast,3,RNU6-833P
COAD,1,Mast,4,RN7SL620P
COAD,1,Mast,5,NOTCH2NLR
COAD,1,Mast,6,RP11-20I23.11
COAD,1,Mast,7,PABPC1P8
COAD,1,Mast,8,RP11-403B2.10
COAD,1,Mast,9,RPS3AP53
COAD,1,Mast,10,RNU6-954P
COAD,1,Mast,11,RP1-181J22.1
COAD,1,Mast,12,SNORA58B
COAD,1,Mast,13,RPL41P5
COAD,1,Mast,14,ENSG10010135762.1
COAD,1,Mast,15,ENSG10010138771.1
COAD,1,Mast,16,DYNLL1
COAD,1,Mast,17,KRT8P40
COAD,1,Mast,18,PRAC1
COAD,1,Mast,19,SNORA56
COAD,1,Mast,20,GAPDHP15
COAD,1,Mast,21,MIR4516
COAD,1,Mast,22,CTD-2375G15.1
COAD,1,Mast,23,LLNLR-470E3.1
COAD,1,Mast,24,CTD-2621I17.8
COAD,1,Mast,25,RP1-127H14.3
COAD,1,Mast,26,IGHV3OR16-7
COAD,1,Mast,27,AC123886.2
COAD,1,Mast,28,ZNF114P1
COAD,1,Mast,29,SSX8P
COAD,1,Mast,30,ZBTB45P2
COAD,1,Mast,31,TRBV12-2
COAD,1,Mast,32,RP11-589M4.4
COAD,1,Mast,33,SNORD112
COAD,1,Mast,34,RP11-777J24.1
COAD,1,Mast,35,AC073409.1
COAD,1,Mast,36,RPL23AP66
COAD,1,Mast,37,MIR6506
COAD,1,Mast,38,LINC01106
COAD,1,Mast,39,KB-1562D12.3
COAD,1,Mast,40,RN7SL825P
COAD,1,Mast,41,RP11-113D19.9
COAD,1,Mast,42,RP11-253D19.2
COAD,1,Mast,43,USF1P1
COAD,1,Mast,44,ENSG10010135266.1
COAD,1,Mast,45,RNU6ATAC39P
COAD,1,Mast,46,GJA6P
COAD,1,Mast,47,LINC01262
COAD,1,Mast,48,KRTAP4-2
COAD,1,Mast,49,NBPF6
COAD,1,Mast,50,RP11-20I23.13
COAD,1,Mast,51,PRAC2
COAD,1,Mast,52,ENSG10010138535.1
COAD,1,Mast,53,DCAF8L1
COAD,1,Mast,54,MIR559
COAD,1,Mast,55,RP11-560F18.1
COAD,1,Mast,56,FDPSP2
COAD,1,Mast,57,DDT
COAD,1,Mast,58,RNU6-677P
COAD,1,Mast,59,H3P16
COAD,1,Mast,60,RP11-661C8.2
COAD,1,Mast,61,BUB1P1
COAD,1,Mast,62,AP000431.1
COAD,1,Mast,63,FABP5P2
COAD,1,Mast,64,RP11-13J8.1
COAD,1,Mast,65,RNU6-1196P
COAD,1,Mast,66,OR8B4
COAD,1,Mast,67,RNU4-14P
COAD,1,Mast,68,CLDN8
COAD,1,Mast,69,MTND6P9
COAD,1,Mast,70,SNORA63D
COAD,1,Mast,71,RP11-256L11.3
COAD,1,Mast,72,CTD-3128G10.6
COAD,1,Mast,73,RPL35AP19
COAD,1,Mast,74,RNU6-1267P
COAD,1,Mast,75,GPAA1P2
COAD,1,Mast,76,RP11-434D2.9
COAD,1,Mast,77,RPL19P20
COAD,1,Mast,78,CH17-476P10.1
COAD,1,Mast,79,RN7SL379P
COAD,1,Mast,80,SNRPCP13
COAD,1,Mast,81,RNU6-935P
COAD,1,Mast,82,CBY1P1
COAD,1,Mast,83,RN7SL813P
COAD,1,Mast,84,ENSG10010139340.1
COAD,1,Mast,85,RP11-59H7.3
COAD,1,Mast,86,ANKRD20A6P
COAD,1,Mast,87,CTC-429P9.5
COAD,1,Mast,88,MTHFD2P3
COAD,1,Mast,89,IGLV3-26
COAD,1,Mast,90,RNU6-952P
COAD,1,Mast,91,RP11-117L5.3
COAD,1,Mast,92,RNA5SP440
COAD,1,Mast,93,UBE2D3P2
COAD,1,Mast,94,RP11-387A1.6
COAD,1,Mast,95,SNORD73B
COAD,1,Mast,96,AC006026.13
COAD,1,Mast,97,ABHD17AP7
COAD,1,Mast,98,CTD-2372A4.1
COAD,1,Mast,99,RP11-182J23.1
COAD,1,Mast,100,RP11-401L13.7
COAD,1,Mast,101,RP11-666O2.1
COAD,1,Mast,102,RP11-532E4.3
COAD,1,Mast,103,OR2A1
COAD,1,Mast,104,RP3-365I19.2
COAD,1,Mast,105,RP11-99A1.2
COAD,1,Mast,106,RNA5SP296
COAD,1,Mast,107,SLC25A34-AS1
COAD,1,Mast,108,NANOGP9
COAD,1,Mast,109,PTTG4P
COAD,1,Mast,110,HOTAIRM1
COAD,1,Mast,111,HOXA5
COAD,1,Mast,112,HERC2P6
COAD,1,Mast,113,MIR3180-3
COAD,1,Mast,114,AC002056.5
COAD,1,Mast,115,AP000350.8
COAD,1,Mast,116,ENSG10010135768.1
COAD,1,Mast,117,FOXD2-AS1
COAD,1,Mast,118,RP11-7M10.2
COAD,1,Mast,119,LINC02691
COAD,1,Mast,120,RNA5SP386
COAD,1,Mast,121,RP11-126O22.8
COAD,1,Mast,122,AIFM3
COAD,1,Mast,123,SOD1P3
COAD,1,Mast,124,RP13-1016M1.2
COAD,1,Mast,125,RP11-408I18.9
COAD,1,Mast,126,RP11-862L9.3
COAD,1,Mast,127,ELOA3
COAD,1,Mast,128,RNY3P14
COAD,1,Mast,129,RP11-358M14.2
COAD,1,Mast,130,RP11-1000B6.5
COAD,1,Mast,131,VTRNA1-1
COAD,1,Mast,132,UBE2L2
COAD,1,Mast,133,BCRP5
COAD,1,Mast,134,RPL7P7
COAD,1,Mast,135,ACTC1
COAD,1,Mast,136,RP3-337O18.9
COAD,1,Mast,137,RNU6-174P
COAD,1,Mast,138,MT1M
COAD,1,Mast,139,MIR450B
COAD,1,Mast,140,MIR938
COAD,1,Mast,141,TMEM82
COAD,1,Mast,142,RN7SL698P
COAD,1,Mast,143,RP11-299A16.1
COAD,1,Mast,144,ENSG10010135003.1
COAD,1,Mast,145,TMEM236
COAD,1,Mast,146,RP11-403N16.3
COAD,1,Mast,147,RN7SL262P
COAD,1,Mast,148,RP11-94P11.3
COAD,1,Mast,149,RNU7-97P
COAD,1,Mast,150,PLA2G2A
COAD,1,Mast,151,TBC1D3P4
COAD,1,Mast,152,AC007969.4
COAD,1,Mast,153,TRAPPC12-AS1
COAD,1,Mast,154,OFD1P16Y
COAD,1,Mast,155,NUP210P2
COAD,1,Mast,156,RP11-178H8.3
COAD,1,Mast,157,RNU5A-6P
COAD,1,Mast,158,RPS27P26
COAD,1,Mast,159,SNORA35B
COAD,1,Mast,160,RNU1-58P
COAD,1,Mast,161,HMGB1P27
COAD,1,Mast,162,HOXA1
COAD,1,Mast,163,NXPE4
COAD,1,Mast,164,NXPE1
COAD,1,Mast,165,C15orf48
COAD,1,Mast,166,MT1F
COAD,1,Mast,167,OR1Q1
COAD,1,Mast,168,RNU6-651P
COAD,1,Mast,169,RP3-412A9.12
COAD,1,Mast,170,RPL9P29
COAD,1,Mast,171,RP11-498B4.5
COAD,1,Mast,172,CDHR1
COAD,1,Mast,173,RNU5E-3P
COAD,1,Mast,174,VTRNA1-2
COAD,1,Mast,175,RP11-702H23.6
COAD,1,Mast,176,RP11-643A5.1
COAD,1,Mast,177,MIR450A1
COAD,1,Mast,178,RNU6-227P
COAD,1,Mast,179,RP11-108L7.14
COAD,1,Mast,180,MIR1270
COAD,1,Mast,181,SNORD3D
COAD,1,Mast,182,RNU6-1231P
COAD,1,Mast,183,RP11-368J21.4
COAD,1,Mast,184,PTMAP11
COAD,1,Mast,185,RP11-697H9.5
COAD,1,Mast,186,RP11-29O6.2
COAD,1,Mast,187,BCYRN1
COAD,1,Mast,188,RP11-384O8.2
COAD,1,Mast,189,RN7SL265P
COAD,1,Mast,190,RPS21P8
COAD,1,Mast,191,RP3-413H6.2
COAD,1,Mast,192,RNU6-1309P
COAD,1,Mast,193,ENSG00000265028
COAD,1,Mast,194,PSMD12P1
COAD,1,Mast,195,LRRC19
COAD,1,Mast,196,PDE6A
COAD,1,Mast,197,RP3-522D1.2
COAD,1,Mast,198,RNU6-742P
COAD,1,Mast,199,CTC-463N11.4
COAD,1,Mast,200,ANP32D
COAD,1,Other_Myeloid,1,RP11-56L13.8
COAD,1,Other_Myeloid,2,AC008103.4
COAD,1,Other_Myeloid,3,RP11-589C21.1
COAD,1,Other_Myeloid,4,FRG2
COAD,1,Other_Myeloid,5,RNU6-989P
COAD,1,Other_Myeloid,6,XXbac-B33L19.4
COAD,1,Other_Myeloid,7,RNU1-105P
COAD,1,Other_Myeloid,8,RP11-399F4.3
COAD,1,Other_Myeloid,9,ENSG10010135128.1
COAD,1,Other_Myeloid,10,CTD-2132H18.3
COAD,1,Other_Myeloid,11,RP11-927P21.8
COAD,1,Other_Myeloid,12,RN7SL33P
COAD,1,Other_Myeloid,13,RP4-560B9.4
COAD,1,Other_Myeloid,14,TCEAL4P1
COAD,1,Other_Myeloid,15,LA16c-2F2.5
COAD,1,Other_Myeloid,16,FAM74A6
COAD,1,Other_Myeloid,17,RN7SL666P
COAD,1,Other_Myeloid,18,XKRYP4
COAD,1,Other_Myeloid,19,USP9YP13
COAD,1,Other_Myeloid,20,RP11-491H9.4
COAD,1,Other_Myeloid,21,TUBA1A
COAD,1,Other_Myeloid,22,RP11-747H12.7
COAD,1,Other_Myeloid,23,RN7SL376P
COAD,1,Other_Myeloid,24,PFN1P6
COAD,1,Other_Myeloid,25,MIR4789
COAD,1,Other_Myeloid,26,RPL30P13
COAD,1,Other_Myeloid,27,RNU12-2P
COAD,1,Other_Myeloid,28,RP11-757O6.4
COAD,1,Other_Myeloid,29,RP11-268I9.1
COAD,1,Other_Myeloid,30,RNU6-1241P
COAD,1,Other_Myeloid,31,RP11-807C20.2
COAD,1,Other_Myeloid,32,MIR522
COAD,1,Other_Myeloid,33,RNU6-267P
COAD,1,Other_Myeloid,34,RN7SL577P
COAD,1,Other_Myeloid,35,COX4I1P1
COAD,1,Other_Myeloid,36,AL590763.16
COAD,1,Other_Myeloid,37,H3P31
COAD,1,Other_Myeloid,38,RP11-236B18.5
COAD,1,Other_Myeloid,39,RP11-74K11.1
COAD,1,Other_Myeloid,40,CTAGE6
COAD,1,Other_Myeloid,41,RP11-395A23.1
COAD,1,Other_Myeloid,42,RNU6-34P
COAD,1,Other_Myeloid,43,COX6CP3
COAD,1,Other_Myeloid,44,RP11-113A11.1
COAD,1,Other_Myeloid,45,MIR4455
COAD,1,Other_Myeloid,46,RPL7P29
COAD,1,Other_Myeloid,47,RN7SL5P
COAD,1,Other_Myeloid,48,AC013401.2
COAD,1,Other_Myeloid,49,RNU6-294P
COAD,1,Other_Myeloid,50,RP11-72H11.1
COAD,1,Other_Myeloid,51,PPP1R2P5
COAD,1,Other_Myeloid,52,RP11-319G9.1
COAD,1,Other_Myeloid,53,CTD-2046J7.1
COAD,1,Other_Myeloid,54,RN7SKP203
COAD,1,Other_Myeloid,55,ENSG10010136656.1
COAD,1,Other_Myeloid,56,RP11-338K17.5
COAD,1,Other_Myeloid,57,LL22NC03-84E4.11
COAD,1,Other_Myeloid,58,PRAMEF25
COAD,1,Other_Myeloid,59,MTATP6P7
COAD,1,Other_Myeloid,60,CTC-512J14.1
COAD,1,Other_Myeloid,61,CCNJP1
COAD,1,Other_Myeloid,62,PLCH1-AS2
COAD,1,Other_Myeloid,63,KRTAP20-4
COAD,1,Other_Myeloid,64,HSPE1P25
COAD,1,Other_Myeloid,65,IGHD3-22
COAD,1,Other_Myeloid,66,PES1P2
COAD,1,Other_Myeloid,67,RNU6-1339P
COAD,1,Other_Myeloid,68,RNU6-1113P
COAD,1,Other_Myeloid,69,SSU72P6
COAD,1,Other_Myeloid,70,HERC2P4
COAD,1,Other_Myeloid,71,CTB-17P3.4
COAD,1,Other_Myeloid,72,MTCO1P19
COAD,1,Other_Myeloid,73,RP11-48L13.1
COAD,1,Other_Myeloid,74,DEFB130A
COAD,1,Other_Myeloid,75,CTD-2342N23.1
COAD,1,Other_Myeloid,76,DNPH1
COAD,1,Other_Myeloid,77,RPL21P32
COAD,1,Other_Myeloid,78,MTCO2P7
COAD,1,Other_Myeloid,79,AC007326.12
COAD,1,Other_Myeloid,80,RP11-438N5.4
COAD,1,Other_Myeloid,81,FAM3C2P
COAD,1,Other_Myeloid,82,RP11-392P7.7
COAD,1,Other_Myeloid,83,UBE2V1P8
COAD,1,Other_Myeloid,84,LL22NC03-88E1.17
COAD,1,Other_Myeloid,85,BMS1P22
COAD,1,Other_Myeloid,86,EEF1A1P40
COAD,1,Other_Myeloid,87,MTCO2P19
COAD,1,Other_Myeloid,88,CTA-212A2.2
COAD,1,Other_Myeloid,89,RN7SL851P
COAD,1,Other_Myeloid,90,RP4-724P12.1
COAD,1,Other_Myeloid,91,FEM1AP4
COAD,1,Other_Myeloid,92,RP1-146I3.1
COAD,1,Other_Myeloid,93,RP11-383G10.3
COAD,1,Other_Myeloid,94,RPL31P35
COAD,1,Other_Myeloid,95,NAIPP1
COAD,1,Other_Myeloid,96,EEF1A1P8
COAD,1,Other_Myeloid,97,HMGB3P21
COAD,1,Other_Myeloid,98,NDUFA5P7
COAD,1,Other_Myeloid,99,EEF1A1P29
COAD,1,Other_Myeloid,100,SRSF6P1
COAD,1,Other_Myeloid,101,TAF11L10
COAD,1,Other_Myeloid,102,RP11-323I15.2
COAD,1,Other_Myeloid,103,IGHV4-59
COAD,1,Other_Myeloid,104,KCTD10P1
COAD,1,Other_Myeloid,105,RP11-218F10.3
COAD,1,Other_Myeloid,106,RNF138P2
COAD,1,Other_Myeloid,107,RP4-614C10.5
COAD,1,Other_Myeloid,108,LSM6P2
COAD,1,Other_Myeloid,109,RP11-432M8.7
COAD,1,Other_Myeloid,110,ENSG10010135973.1
COAD,1,Other_Myeloid,111,XX-FYM637E10_5.1
COAD,1,Other_Myeloid,112,HMGB1P44
COAD,1,Other_Myeloid,113,PYCARD
COAD,1,Other_Myeloid,114,PPIAP78
COAD,1,Other_Myeloid,115,OR10Q1
COAD,1,Other_Myeloid,116,RP1-228P16.1
COAD,1,Other_Myeloid,117,AP000560.3
COAD,1,Other_Myeloid,118,RNU6-717P
COAD,1,Other_Myeloid,119,RNU6-426P
COAD,1,Other_Myeloid,120,RP11-570J4.2
COAD,1,Other_Myeloid,121,TPI1P1
COAD,1,Other_Myeloid,122,RP11-336F14.1
COAD,1,Other_Myeloid,123,RNU6-679P
COAD,1,Other_Myeloid,124,MTCO3P7
COAD,1,Other_Myeloid,125,PGA4
COAD,1,Other_Myeloid,126,RP11-665C14.1
COAD,1,Other_Myeloid,127,RP5-1014O16.9
COAD,1,Other_Myeloid,128,VN1R51P
COAD,1,Other_Myeloid,129,RP11-216N21.1
COAD,1,Other_Myeloid,130,IGKV2D-26
COAD,1,Other_Myeloid,131,MTND2P38
COAD,1,Other_Myeloid,132,LLNLF-158E9.1
COAD,1,Other_Myeloid,133,AC024937.2
COAD,1,Other_Myeloid,134,OR2AT2P
COAD,1,Other_Myeloid,135,NDUFA3P1
COAD,1,Other_Myeloid,136,CYCSP29
COAD,1,Other_Myeloid,137,OR11P1P
COAD,1,Other_Myeloid,138,AC007253.1
COAD,1,Other_Myeloid,139,KRR1P1
COAD,1,Other_Myeloid,140,RPL30P9
COAD,1,Other_Myeloid,141,RPL39P26
COAD,1,Other_Myeloid,142,RN7SL285P
COAD,1,Other_Myeloid,143,FAM230G
COAD,1,Other_Myeloid,144,GAGE2A
COAD,1,Other_Myeloid,145,RP1-89D4.1
COAD,1,Other_Myeloid,146,DEFA3
COAD,1,Other_Myeloid,147,ENSG10010138681.1
COAD,1,Other_Myeloid,148,SDHDP6
COAD,1,Other_Myeloid,149,RN7SKP257
COAD,1,Other_Myeloid,150,RP11-6L6.6
COAD,1,Other_Myeloid,151,SNORD115-46
COAD,1,Other_Myeloid,152,SERF1A
COAD,1,Other_Myeloid,153,RN7SKP234
COAD,1,Other_Myeloid,154,RP11-22P4.2
COAD,1,Other_Myeloid,155,RCN1P2
COAD,1,Other_Myeloid,156,LA16c-380A1.2
COAD,1,Other_Myeloid,157,CTD-2031P19.4
COAD,1,Other_Myeloid,158,SUSD2P2
COAD,1,Other_Myeloid,159,DEFA8P
COAD,1,Other_Myeloid,160,RPL21P71
COAD,1,Other_Myeloid,161,RPL35AP29
COAD,1,Other_Myeloid,162,RNU6-1017P
COAD,1,Other_Myeloid,163,RNU6-1159P
COAD,1,Other_Myeloid,164,OR51T1
COAD,1,Other_Myeloid,165,OR4F4
COAD,1,Other_Myeloid,166,MIR4324
COAD,1,Other_Myeloid,167,MORF4L1P7
COAD,1,Other_Myeloid,168,CTA-276F8.1
COAD,1,Other_Myeloid,169,RAC1P1
COAD,1,Other_Myeloid,170,CTD-2006H14.2
COAD,1,Other_Myeloid,171,CTD-2340E1.2
COAD,1,Other_Myeloid,172,ELOA3B
COAD,1,Other_Myeloid,173,RNU6-1225P
COAD,1,Other_Myeloid,174,RP11-372K20.1
COAD,1,Other_Myeloid,175,RPS3P6
COAD,1,Other_Myeloid,176,MIR3650
COAD,1,Other_Myeloid,177,AC008088.4
COAD,1,Other_Myeloid,178,CCNB1IP1P3
COAD,1,Other_Myeloid,179,ENSG10010136933.1
COAD,1,Other_Myeloid,180,RNA5SP160
COAD,1,Other_Myeloid,181,RNU6-902P
COAD,1,Other_Myeloid,182,RNA5SP394
COAD,1,Other_Myeloid,183,SNX18P12
COAD,1,Other_Myeloid,184,RP11-510I6.2
COAD,1,Other_Myeloid,185,RN7SL188P
COAD,1,Other_Myeloid,186,HSBP1P1
COAD,1,Other_Myeloid,187,RP11-434J24.4
COAD,1,Other_Myeloid,188,RP11-93O17.2
COAD,1,Other_Myeloid,189,RP11-140C18.2
COAD,1,Other_Myeloid,190,SNORA50A
COAD,1,Other_Myeloid,191,NPIPB13
COAD,1,Other_Myeloid,192,RNU6-490P
COAD,1,Other_Myeloid,193,LDHBP3
COAD,1,Other_Myeloid,194,CTD-2287O16.1
COAD,1,Other_Myeloid,195,MIR320B2
COAD,1,Other_Myeloid,196,AC005730.2
COAD,1,Other_Myeloid,197,HMGB3P19
COAD,1,Other_Myeloid,198,RNA5SP36
COAD,1,Other_Myeloid,199,CTD-2619J13.16
COAD,1,Other_Myeloid,200,VN1R105P
COAD,1,T_NK,1,RPS29P28
COAD,1,T_NK,2,MIR518B
COAD,1,T_NK,3,RP11-17E15.1
COAD,1,T_NK,4,PHKG1P2
COAD,1,T_NK,5,MIR6770-1
COAD,1,T_NK,6,NF1P4
COAD,1,T_NK,7,RP11-143E21.1
COAD,1,T_NK,8,RPS7P10
COAD,1,T_NK,9,RP11-444C12.1
COAD,1,T_NK,10,CYP4F25P
COAD,1,T_NK,11,RP1-85D24.2
COAD,1,T_NK,12,RPL22P10
COAD,1,T_NK,13,ENSG10010138181.1
COAD,1,T_NK,14,RP11-411B10.2
COAD,1,T_NK,15,ENSG10010139358.1
COAD,1,T_NK,16,MTND1P31
COAD,1,T_NK,17,AC090696.2
COAD,1,T_NK,18,LDHBP2
COAD,1,T_NK,19,TNFRSF18
COAD,1,T_NK,20,MIR206
COAD,1,T_NK,21,VN1R104P
COAD,1,T_NK,22,GOLGA8F
COAD,1,T_NK,23,LINC02304
COAD,1,T_NK,24,RNU6-1332P
COAD,1,T_NK,25,SCARNA21
COAD,1,T_NK,26,OR8K4P
COAD,1,T_NK,27,MIR520B
COAD,1,T_NK,28,KB-1592A4.14
COAD,1,T_NK,29,TNFRSF4
COAD,1,T_NK,30,CDRT15
COAD,1,T_NK,31,PGAM1P7
COAD,1,T_NK,32,CR848007.5
COAD,1,T_NK,33,OR5AC2
COAD,1,T_NK,34,CDRT15P8
COAD,1,T_NK,35,ROBO2P1
COAD,1,T_NK,36,MIR5692C1
COAD,1,T_NK,37,CTD-2301A4.6
COAD,1,T_NK,38,AC114760.1
COAD,1,T_NK,39,RP11-354G16.1
COAD,1,T_NK,40,LL0XNC01-177E8.2
COAD,1,T_NK,41,RNU6-1235P
COAD,1,T_NK,42,RP11-102N11.1
COAD,1,T_NK,43,PFN1P12
COAD,1,T_NK,44,CFC1
COAD,1,T_NK,45,MIR514A1
COAD,1,T_NK,46,CDR1
COAD,1,T_NK,47,RP11-756D7.1
COAD,1,T_NK,48,TOMM22P2
COAD,1,T_NK,49,RP3-425C14.6
COAD,1,T_NK,50,GOLGA6C
COAD,1,T_NK,51,RP11-347N5.3
COAD,1,T_NK,52,WI2-88277B6.1
COAD,1,T_NK,53,HSPA8P20
COAD,1,T_NK,54,MAGOH3P
COAD,1,T_NK,55,RP11-139F4.2
COAD,1,T_NK,56,RP11-383B4.4
COAD,1,T_NK,57,IGHVIII-13-1
COAD,1,T_NK,58,PMM2P2
COAD,1,T_NK,59,MIR4791
COAD,1,T_NK,60,AQP7P2
COAD,1,T_NK,61,RP11-809H16.3
COAD,1,T_NK,62,SNORA108
COAD,1,T_NK,63,RPL17P3
COAD,1,T_NK,64,RP11-756G12.1
COAD,1,T_NK,65,IGKV1-37
COAD,1,T_NK,66,PWWP2AP1
COAD,1,T_NK,67,AC026150.6
COAD,1,T_NK,68,RP11-5N11.5
COAD,1,T_NK,69,OR2W1
COAD,1,T_NK,70,RNU6-181P
COAD,1,T_NK,71,RP11-295H24.5
COAD,1,T_NK,72,RNU6-1338P
COAD,1,T_NK,73,RP11-362A1.2
COAD,1,T_NK,74,RN7SL375P
COAD,1,T_NK,75,MIR676
COAD,1,T_NK,76,RPL24P8
COAD,1,T_NK,77,NDUFB3P5
COAD,1,T_NK,78,RPS3AP9
COAD,1,T_NK,79,TIMM8AP1
COAD,1,T_NK,80,RP11-521B24.5
COAD,1,T_NK,81,ENSG10010137582.1
COAD,1,T_NK,82,CTC-137K3.1
COAD,1,T_NK,83,RNU6-1129P
COAD,1,T_NK,84,IGFBP3
COAD,1,T_NK,85,ENSG10010134504.1
COAD,1,T_NK,86,RNU6-114P
COAD,1,T_NK,87,MORF4L1P5
COAD,1,T_NK,88,RN7SL39P
COAD,1,T_NK,89,MIR4465
COAD,1,T_NK,90,OR10AK1P
COAD,1,T_NK,91,RP11-37J13.1
COAD,1,T_NK,92,RP11-548H18.2
COAD,1,T_NK,93,CTSLP4
COAD,1,T_NK,94,GSTT2B
COAD,1,T_NK,95,MTND2P25
COAD,1,T_NK,96,CHCHD4P5
COAD,1,T_NK,97,FAM90A24P
COAD,1,T_NK,98,RNA5SP113
COAD,1,T_NK,99,AC019064.1
COAD,1,T_NK,100,BCLAF1P2
COAD,1,T_NK,101,FUCA1P1
COAD,1,T_NK,102,ENSG00000265031
COAD,1,T_NK,103,MTCO1P38
COAD,1,T_NK,104,OR2B3
COAD,1,T_NK,105,RP11-1167A19.16
COAD,1,T_NK,106,DNM1P49
COAD,1,T_NK,107,RP11-317P15.6
COAD,1,T_NK,108,CTA-481E9.2
COAD,1,T_NK,109,HNRNPA3P14
COAD,1,T_NK,110,RP5-1168A5.1
COAD,1,T_NK,111,RP11-126D17.1
COAD,1,T_NK,112,RP11-351O1.4
COAD,1,T_NK,113,AC026271.5
COAD,1,T_NK,114,AQP7P3
COAD,1,T_NK,115,AC152010.1
COAD,1,T_NK,116,RPL7AP14
COAD,1,T_NK,117,NCLP2
COAD,1,T_NK,118,CT45A1
COAD,1,T_NK,119,RP11-228G3.1
COAD,1,T_NK,120,RP11-502F1.2
COAD,1,T_NK,121,KRT18P29
COAD,1,T_NK,122,RNU6-737P
COAD,1,T_NK,123,RPP40P2
COAD,1,T_NK,124,RP11-814E24.3
COAD,1,T_NK,125,DDX10P1
COAD,1,T_NK,126,MIR606
COAD,1,T_NK,127,RNA5SP171
COAD,1,T_NK,128,TMEM230P1
COAD,1,T_NK,129,LMLN-AS1
COAD,1,T_NK,130,CTD-2293H3.3
COAD,1,T_NK,131,SERBP1P2
COAD,1,T_NK,132,OR10H2
COAD,1,T_NK,133,RP11-356K22.1
COAD,1,T_NK,134,RP11-364M6.1
COAD,1,T_NK,135,AF003529.2
COAD,1,T_NK,136,PNKDP1
COAD,1,T_NK,137,TUBAP4
COAD,1,T_NK,138,RNU6-127P
COAD,1,T_NK,139,IGKV2OR22-4
COAD,1,T_NK,140,TRAPPC2P7
COAD,1,T_NK,141,MTND6P14
COAD,1,T_NK,142,RPS26P39
COAD,1,T_NK,143,RP11-68I3.11
COAD,1,T_NK,144,RPL35AP34
COAD,1,T_NK,145,RN7SL23P
COAD,1,T_NK,146,MIR520D
COAD,1,T_NK,147,MIR3129
COAD,1,T_NK,148,CTD-2526A2.5
COAD,1,T_NK,149,CTD-3076M17.1
COAD,1,T_NK,150,MTND3P24
COAD,1,T_NK,151,MTCO3P28
COAD,1,T_NK,152,LCE2C
COAD,1,T_NK,153,RNU6-888P
COAD,1,T_NK,154,PRXL2AP2
COAD,1,T_NK,155,TRAV9-1
COAD,1,T_NK,156,CTC-436P18.4
COAD,1,T_NK,157,RNA5SP508
COAD,1,T_NK,158,RPS21P1
COAD,1,T_NK,159,RP11-373E16.4
COAD,1,T_NK,160,RP4-630J13.1
COAD,1,T_NK,161,CTD-2309H9.4
COAD,1,T_NK,162,ABCB10P1
COAD,1,T_NK,163,TRBC2
COAD,1,T_NK,164,CTD-2081C10.5
COAD,1,T_NK,165,POU5F1P4
COAD,1,T_NK,166,RP11-596A13.1
COAD,1,T_NK,167,RNU6-698P
COAD,1,T_NK,168,MRPS36P3
COAD,1,T_NK,169,RNU6-1054P
COAD,1,T_NK,170,RP11-811J10.1
COAD,1,T_NK,171,USP9YP9
COAD,1,T_NK,172,RP11-109E12.7
COAD,1,T_NK,173,IGLV1-50
COAD,1,T_NK,174,RNU6-697P
COAD,1,T_NK,175,RNA5SP410
COAD,1,T_NK,176,ZSCAN12P1
COAD,1,T_NK,177,RPL12P24
COAD,1,T_NK,178,CYP3A137P
COAD,1,T_NK,179,RP11-143G3.1
COAD,1,T_NK,180,LLpac-136A2.1
COAD,1,T_NK,181,RP6-149D17.1
COAD,1,T_NK,182,AQP7P1
COAD,1,T_NK,183,RP11-479G22.7
COAD,1,T_NK,184,OR10J8P
COAD,1,T_NK,185,HMGN1P37
COAD,1,T_NK,186,KB-1572G7.5
COAD,1,T_NK,187,NPIPA1
COAD,1,T_NK,188,ENSG10010134316.1
COAD,1,T_NK,189,EIF3C
COAD,1,T_NK,190,RP11-739P6.1
COAD,1,T_NK,191,RPL7P34
COAD,1,T_NK,192,CRIP2
COAD,1,T_NK,193,SEPTIN14P8
COAD,1,T_NK,194,RP11-514F3.4
COAD,1,T_NK,195,IGKV1D-8
COAD,1,T_NK,196,RP11-332H14.1
COAD,1,T_NK,197,RP11-639F2.1
COAD,1,T_NK,198,RNA5SP427
COAD,1,T_NK,199,SKP1P3
COAD,1,T_NK,200,ENSG10010135617.1
COAD,2,B_cell,1,MIR302C
COAD,2,B_cell,2,HCST
COAD,2,B_cell,3,MIR302B
COAD,2,B_cell,4,MIR302A
COAD,2,B_cell,5,RNU6-460P
COAD,2,B_cell,6,CARS1P2
COAD,2,B_cell,7,MTND1P2
COAD,2,B_cell,8,AD000864.6
COAD,2,B_cell,9,MTCO3P39
COAD,2,B_cell,10,MTND3P22
COAD,2,B_cell,11,MIR367
COAD,2,B_cell,12,MIR302D
COAD,2,B_cell,13,RNU6-104P
COAD,2,B_cell,14,RAB28P3
COAD,2,B_cell,15,TAS2R64P
COAD,2,B_cell,16,NF1P2
COAD,2,B_cell,17,RPL7P32
COAD,2,B_cell,18,ENSG10010134902.1
COAD,2,B_cell,19,RNU6-1217P
COAD,2,B_cell,20,RP11-51F16.1
COAD,2,B_cell,21,RP11-40A13.2
COAD,2,B_cell,22,APOOP1
COAD,2,B_cell,23,DEFB106A
COAD,2,B_cell,24,RP11-1212A22.7
COAD,2,B_cell,25,RP11-745H7.1
COAD,2,B_cell,26,RPL22P16
COAD,2,B_cell,27,RP11-69H14.6
COAD,2,B_cell,28,ENSG10010134248.1
COAD,2,B_cell,29,PGBD4P8
COAD,2,B_cell,30,RP1-154J13.2
COAD,2,B_cell,31,SNORA79
COAD,2,B_cell,32,RPS20P10
COAD,2,B_cell,33,HERC2P1
COAD,2,B_cell,34,RHOT1P1
COAD,2,B_cell,35,RNU6-1212P
COAD,2,B_cell,36,RPS26P40
COAD,2,B_cell,37,RP13-608F4.5
COAD,2,B_cell,38,RN7SL598P
COAD,2,B_cell,39,RNA5SP141
COAD,2,B_cell,40,NRON
COAD,2,B_cell,41,RP11-386B1.1
COAD,2,B_cell,42,RNVU1-34
COAD,2,B_cell,43,RP3-446N13.4
COAD,2,B_cell,44,HNRNPA1P5
COAD,2,B_cell,45,MIR3943
COAD,2,B_cell,46,CTD-2375G15.1
COAD,2,B_cell,47,RP11-471M2.4
COAD,2,B_cell,48,RP11-121A13.3
COAD,2,B_cell,49,RP11-170N16.1
COAD,2,B_cell,50,RP11-810M2.2
COAD,2,B_cell,51,CTD-2017D15.1
COAD,2,B_cell,52,RP11-411B10.8
COAD,2,B_cell,53,IGLCOR22-1
COAD,2,B_cell,54,RNU5B-6P
COAD,2,B_cell,55,ACTG1P12
COAD,2,B_cell,56,RP11-822E23.4
COAD,2,B_cell,57,LIMD2
COAD,2,B_cell,58,RP11-17E3.1
COAD,2,B_cell,59,OR5BC1P
COAD,2,B_cell,60,RP5-1102E8.3
COAD,2,B_cell,61,MIR1251
COAD,2,B_cell,62,MRPL35P3
COAD,2,B_cell,63,LL22NC03-84E4.8
COAD,2,B_cell,64,CSN2
COAD,2,B_cell,65,RP11-399K21.5
COAD,2,B_cell,66,SYF2P1
COAD,2,B_cell,67,OR7E90P
COAD,2,B_cell,68,CTD-2021A8.2
COAD,2,B_cell,69,LL21NC02-1C16.1
COAD,2,B_cell,70,RP5-926E3.1
COAD,2,B_cell,71,RNU6-553P
COAD,2,B_cell,72,CTD-2072I24.1
COAD,2,B_cell,73,RP11-144O23.22
COAD,2,B_cell,74,RNY1P4
COAD,2,B_cell,75,NFKBID
COAD,2,B_cell,76,MIR4487
COAD,2,B_cell,77,LINC02049
COAD,2,B_cell,78,RBISP1
COAD,2,B_cell,79,PSMC1P3
COAD,2,B_cell,80,SEPTIN14P2
COAD,2,B_cell,81,RNU6-183P
COAD,2,B_cell,82,IGKV1-17
COAD,2,B_cell,83,TDGF1P5
COAD,2,B_cell,84,RN7SKP105
COAD,2,B_cell,85,CDY11P
COAD,2,B_cell,86,CLK2P1
COAD,2,B_cell,87,IGLJ2
COAD,2,B_cell,88,AC002486.2
COAD,2,B_cell,89,ENSG10010137117.1
COAD,2,B_cell,90,FTH1P8
COAD,2,B_cell,91,RNA5SP512
COAD,2,B_cell,92,RNA5SP216
COAD,2,B_cell,93,ENSG10010138116.1
COAD,2,B_cell,94,LINC00265-2P
COAD,2,B_cell,95,BTF3P8
COAD,2,B_cell,96,CICP10
COAD,2,B_cell,97,RN7SKP75
COAD,2,B_cell,98,KRT26
COAD,2,B_cell,99,RPS3P7
COAD,2,B_cell,100,MTCO2P3
COAD,2,B_cell,101,RNA5SP173
COAD,2,B_cell,102,TMSB10P2
COAD,2,B_cell,103,RNU6-467P
COAD,2,B_cell,104,RN7SL237P
COAD,2,B_cell,105,RP11-107I14.2
COAD,2,B_cell,106,CDC42P1
COAD,2,B_cell,107,CTC-338M12.14
COAD,2,B_cell,108,RNY3P14
COAD,2,B_cell,109,RP11-120K18.3
COAD,2,B_cell,110,SC22CB-22C4.1
COAD,2,B_cell,111,FAM133DP
COAD,2,B_cell,112,RP11-86K22.2
COAD,2,B_cell,113,PRMT5P1
COAD,2,B_cell,114,TBC1D3I
COAD,2,B_cell,115,RN7SL301P
COAD,2,B_cell,116,MIR6755
COAD,2,B_cell,117,MIR4425
COAD,2,B_cell,118,PGAM4
COAD,2,B_cell,119,BNIP3P9
COAD,2,B_cell,120,MIR181B2
COAD,2,B_cell,121,GTF3AP5
COAD,2,B_cell,122,LINC02140
COAD,2,B_cell,123,LINC02256
COAD,2,B_cell,124,RP11-215C7.3
COAD,2,B_cell,125,MTND6P33
COAD,2,B_cell,126,MRGPRX9P
COAD,2,B_cell,127,CD79A
COAD,2,B_cell,128,ZNF114P1
COAD,2,B_cell,129,RNY3P3
COAD,2,B_cell,130,IGLV3-4
COAD,2,B_cell,131,MIR145
COAD,2,B_cell,132,CTA-313A17.2
COAD,2,B_cell,133,GS1-53I10.2
COAD,2,B_cell,134,RP1-52D1.1
COAD,2,B_cell,135,SNORA74C-2
COAD,2,B_cell,136,KRTAP1-4
COAD,2,B_cell,137,CH17-420I24.1
COAD,2,B_cell,138,RP11-467L19.6
COAD,2,B_cell,139,RNU6-989P
COAD,2,B_cell,140,OR7E105P
COAD,2,B_cell,141,MIR4292
COAD,2,B_cell,142,RN7SL337P
COAD,2,B_cell,143,TUBB2BP1
COAD,2,B_cell,144,RP1-232L22__A.1
COAD,2,B_cell,145,CTC-542B22.1
COAD,2,B_cell,146,RP11-345P4.11
COAD,2,B_cell,147,VPREB3
COAD,2,B_cell,148,IFNL4P1
COAD,2,B_cell,149,ENSG10010137281.1
COAD,2,B_cell,150,DUSP2
COAD,2,B_cell,151,RP5-832C2.5
COAD,2,B_cell,152,RP11-67H24.2
COAD,2,B_cell,153,PRR13P3
COAD,2,B_cell,154,RP1-101K10.4
COAD,2,B_cell,155,SIGLEC19P
COAD,2,B_cell,156,RNA5SP303
COAD,2,B_cell,157,RP11-347H15.3
COAD,2,B_cell,158,FXNP2
COAD,2,B_cell,159,RNU4-74P
COAD,2,B_cell,160,MIR3922
COAD,2,B_cell,161,LINC01616
COAD,2,B_cell,162,RNU6-1132P
COAD,2,B_cell,163,FAM27E3
COAD,2,B_cell,164,FGFR1OP2P1
COAD,2,B_cell,165,RP11-120B7.1
COAD,2,B_cell,166,RN7SL557P
COAD,2,B_cell,167,RNU6-1011P
COAD,2,B_cell,168,RN7SKP236
COAD,2,B_cell,169,RPS3AP18
COAD,2,B_cell,170,RP11-173D3.4
COAD,2,B_cell,171,TMEM230P2
COAD,2,B_cell,172,ART2P
COAD,2,B_cell,173,RNA5SP263
COAD,2,B_cell,174,MTCO2P4
COAD,2,B_cell,175,VN1R65P
COAD,2,B_cell,176,RNU7-120P
COAD,2,B_cell,177,C4B
COAD,2,B_cell,178,RNU6-160P
COAD,2,B_cell,179,ELOA3
COAD,2,B_cell,180,RN7SL229P
COAD,2,B_cell,181,HNRNPA1P64
COAD,2,B_cell,182,RP11-444J21.6
COAD,2,B_cell,183,CFTRP3
COAD,2,B_cell,184,IGLJ5
COAD,2,B_cell,185,RP11-118A1.2
COAD,2,B_cell,186,RNU6-230P
COAD,2,B_cell,187,ENSG10010138168.1
COAD,2,B_cell,188,GLRXP3
COAD,2,B_cell,189,TRBVB
COAD,2,B_cell,190,CTC-261N6.3
COAD,2,B_cell,191,PTP4A1P3
COAD,2,B_cell,192,RP11-430H12.2
COAD,2,B_cell,193,RNU6-862P
COAD,2,B_cell,194,RPL7AP38
COAD,2,B_cell,195,HMGN2P4
COAD,2,B_cell,196,RNVU1-18
COAD,2,B_cell,197,RPS26P35
COAD,2,B_cell,198,MTND2P4
COAD,2,B_cell,199,RNU6-475P
COAD,2,B_cell,200,CD52
COAD,2,Endothelial,1,RP11-507A3.1
COAD,2,Endothelial,2,RP11-139F9.1
COAD,2,Endothelial,3,TMEM176A
COAD,2,Endothelial,4,TMEM176B
COAD,2,Endothelial,5,HNF4GP1
COAD,2,Endothelial,6,USP32P2
COAD,2,Endothelial,7,RNA5SP367
COAD,2,Endothelial,8,RNU6-13P
COAD,2,Endothelial,9,RNU6-367P
COAD,2,Endothelial,10,HMGB3P12
COAD,2,Endothelial,11,MIR514A3
COAD,2,Endothelial,12,HNRNPA1P25
COAD,2,Endothelial,13,MRRFP1
COAD,2,Endothelial,14,PTMS
COAD,2,Endothelial,15,RP3-380C13.2
COAD,2,Endothelial,16,AIG1P1
COAD,2,Endothelial,17,RP11-17M15.2
COAD,2,Endothelial,18,RNU6-1189P
COAD,2,Endothelial,19,ATG10-AS1
COAD,2,Endothelial,20,RP11-844G16.3
COAD,2,Endothelial,21,RPL32P35
COAD,2,Endothelial,22,G3BP1P1
COAD,2,Endothelial,23,RP11-88I21.3
COAD,2,Endothelial,24,LINC00557
COAD,2,Endothelial,25,AC006130.5
COAD,2,Endothelial,26,RP11-154F14.3
COAD,2,Endothelial,27,ATP5MGL
COAD,2,Endothelial,28,RP11-468N14.1
COAD,2,Endothelial,29,RP11-438F14.3
COAD,2,Endothelial,30,RP4-669L17.4
COAD,2,Endothelial,31,ENSG10010135504.1
COAD,2,Endothelial,32,KB-1027C11.4
COAD,2,Endothelial,33,RP11-1145L24.1
COAD,2,Endothelial,34,RNA5SP217
COAD,2,Endothelial,35,PPIAP1
COAD,2,Endothelial,36,RP3-329A5.1
COAD,2,Endothelial,37,MTCO3P17
COAD,2,Endothelial,38,RN7SL554P
COAD,2,Endothelial,39,OR9R1P
COAD,2,Endothelial,40,RN7SKP292
COAD,2,Endothelial,41,MTATP6P17
COAD,2,Endothelial,42,RP11-630H24.4
COAD,2,Endothelial,43,RNU2-36P
COAD,2,Endothelial,44,RP4-749H3.2
COAD,2,Endothelial,45,ENSG10010136359.1
COAD,2,Endothelial,46,CTC-250P22.2
COAD,2,Endothelial,47,RP13-212L9.1
COAD,2,Endothelial,48,RNU6-695P
COAD,2,Endothelial,49,WASH6P
COAD,2,Endothelial,50,AC108059.1
COAD,2,Endothelial,51,RN7SL764P
COAD,2,Endothelial,52,FAM230F
COAD,2,Endothelial,53,RNU6-472P
COAD,2,Endothelial,54,RN7SKP80
COAD,2,Endothelial,55,IFNA20P
COAD,2,Endothelial,56,OR5F2P
COAD,2,Endothelial,57,RP11-18O11.1
COAD,2,Endothelial,58,RP11-109A6.3
COAD,2,Endothelial,59,RNA5SP183
COAD,2,Endothelial,60,RN7SL266P
COAD,2,Endothelial,61,RPL5P3
COAD,2,Endothelial,62,MLF2
COAD,2,Endothelial,63,RN7SL479P
COAD,2,Endothelial,64,RP11-666A8.9
COAD,2,Endothelial,65,MIR520A
COAD,2,Endothelial,66,MRPS6P2
COAD,2,Endothelial,67,RNA5SP490
COAD,2,Endothelial,68,NAMPTP3
COAD,2,Endothelial,69,TMEM184CP1
COAD,2,Endothelial,70,NPM1P30
COAD,2,Endothelial,71,IGHV3-62
COAD,2,Endothelial,72,RNU7-147P
COAD,2,Endothelial,73,RP11-746M1.2
COAD,2,Endothelial,74,RARRES2P3
COAD,2,Endothelial,75,RP11-757C15.4
COAD,2,Endothelial,76,RP11-91P24.1
COAD,2,Endothelial,77,RPS23P8
COAD,2,Endothelial,78,KRTAP12-6P
COAD,2,Endothelial,79,ENSG10010139581.1
COAD,2,Endothelial,80,RP5-884M20.4
COAD,2,Endothelial,81,PNMA6F
COAD,2,Endothelial,82,RNA5SP234
COAD,2,Endothelial,83,RPL21P133
COAD,2,Endothelial,84,RPL9P33
COAD,2,Endothelial,85,RHEBP2
COAD,2,Endothelial,86,PDSS1P1
COAD,2,Endothelial,87,RP11-54F2.8
COAD,2,Endothelial,88,RP11-95P2.4
COAD,2,Endothelial,89,RP11-428I12.1
COAD,2,Endothelial,90,HSP90B3P
COAD,2,Endothelial,91,MTND4LP30
COAD,2,Endothelial,92,IGLV1-62
COAD,2,Endothelial,93,RP11-93O14.2
COAD,2,Endothelial,94,RN7SL435P
COAD,2,Endothelial,95,VN1R88P
COAD,2,Endothelial,96,HBZP1
COAD,2,Endothelial,97,AC009236.2
COAD,2,Endothelial,98,CTD-2036P10.5
COAD,2,Endothelial,99,CTD-2292M16.8
COAD,2,Endothelial,100,VN1R53P
COAD,2,Endothelial,101,RPL39P15
COAD,2,Endothelial,102,RP11-174I12.2
COAD,2,Endothelial,103,RNA5SP157
COAD,2,Endothelial,104,MTND2P26
COAD,2,Endothelial,105,RP11-137F15.1
COAD,2,Endothelial,106,AC090617.1
COAD,2,Endothelial,107,OR2AT2P
COAD,2,Endothelial,108,MTND4P17
COAD,2,Endothelial,109,RP4-777G9.1
COAD,2,Endothelial,110,MTCO2P17
COAD,2,Endothelial,111,RP11-14I17.2
COAD,2,Endothelial,112,AP000432.2
COAD,2,Endothelial,113,MIR1269A
COAD,2,Endothelial,114,RNU6-78P
COAD,2,Endothelial,115,RP1-302D9.1
COAD,2,Endothelial,116,RPS2P28
COAD,2,Endothelial,117,LINC00388
COAD,2,Endothelial,118,RPL7L1P13
COAD,2,Endothelial,119,ELOCP20
COAD,2,Endothelial,120,TATDN1P1
COAD,2,Endothelial,121,RP11-419L9.1
COAD,2,Endothelial,122,RP11-277J6.3
COAD,2,Endothelial,123,TEKT4P3
COAD,2,Endothelial,124,RNU6-986P
COAD,2,Endothelial,125,RP11-1281K21.9
COAD,2,Endothelial,126,RP11-542F9.1
COAD,2,Endothelial,127,SNX18P14
COAD,2,Endothelial,128,RNY3P7
COAD,2,Endothelial,129,RP11-478B11.2
COAD,2,Endothelial,130,RP11-213N20.1
COAD,2,Endothelial,131,AC063976.7
COAD,2,Endothelial,132,OR5M12P
COAD,2,Endothelial,133,RNU6-1331P
COAD,2,Endothelial,134,AC069213.4
COAD,2,Endothelial,135,RP5-1057J7.1
COAD,2,Endothelial,136,RP11-598O8.1
COAD,2,Endothelial,137,LINC01074
COAD,2,Endothelial,138,RPL9P16
COAD,2,Endothelial,139,MIR8063
COAD,2,Endothelial,140,RP11-438D14.2
COAD,2,Endothelial,141,RN7SL297P
COAD,2,Endothelial,142,MIR1285-2
COAD,2,Endothelial,143,RP11-339A11.2
COAD,2,Endothelial,144,RNU6-1087P
COAD,2,Endothelial,145,RP3-433G13.1
COAD,2,Endothelial,146,RP11-248E9.4
COAD,2,Endothelial,147,RP11-395M19.1
COAD,2,Endothelial,148,RP11-443C10.3
COAD,2,Endothelial,149,GOLGA6L6
COAD,2,Endothelial,150,MFFP3
COAD,2,Endothelial,151,PTH
COAD,2,Endothelial,152,FAM106A
COAD,2,Endothelial,153,RNU6-105P
COAD,2,Endothelial,154,RP11-345J4.3
COAD,2,Endothelial,155,RP11-135F9.4
COAD,2,Endothelial,156,TRAJ56
COAD,2,Endothelial,157,GS1-594A7.5
COAD,2,Endothelial,158,RNU6-1018P
COAD,2,Endothelial,159,H2BL1P
COAD,2,Endothelial,160,RBMY2EP
COAD,2,Endothelial,161,CTD-2534H9.1
COAD,2,Endothelial,162,HIGD1AP12
COAD,2,Endothelial,163,RNY4P17
COAD,2,Endothelial,164,RNU6-361P
COAD,2,Endothelial,165,RP4-568B10.1
COAD,2,Endothelial,166,FABP7P1
COAD,2,Endothelial,167,RP11-578C11.2
COAD,2,Endothelial,168,CTD-3126B10.1
COAD,2,Endothelial,169,RP11-80F22.8
COAD,2,Endothelial,170,RP11-136K7.3
COAD,2,Endothelial,171,RP11-973H7.3
COAD,2,Endothelial,172,TXNP4
COAD,2,Endothelial,173,RNU6-411P
COAD,2,Endothelial,174,CTC-287O8.1
COAD,2,Endothelial,175,RP11-461L18.1
COAD,2,Endothelial,176,YBX1P6
COAD,2,Endothelial,177,RP11-492I21.1
COAD,2,Endothelial,178,PAGE5
COAD,2,Endothelial,179,ARHGEF25
COAD,2,Endothelial,180,RP11-426M1.3
COAD,2,Endothelial,181,RNU6-627P
COAD,2,Endothelial,182,MIR3171
COAD,2,Endothelial,183,HIKESHIP1
COAD,2,Endothelial,184,TRAV24
COAD,2,Endothelial,185,RP11-257O5.4
COAD,2,Endothelial,186,RP11-142L16.2
COAD,2,Endothelial,187,RP11-281H11.1
COAD,2,Endothelial,188,MIR1912
COAD,2,Endothelial,189,TRAJ55
COAD,2,Endothelial,190,RP11-114G11.3
COAD,2,Endothelial,191,CTD-2126E3.4
COAD,2,Endothelial,192,MTND5P35
COAD,2,Endothelial,193,RHEBP3
COAD,2,Endothelial,194,CTB-187M2.1
COAD,2,Endothelial,195,CTD-3247F14.3
COAD,2,Endothelial,196,LINC00556
COAD,2,Endothelial,197,AP000567.27
COAD,2,Endothelial,198,IGHVII-46-1
COAD,2,Endothelial,199,RP11-474O21.2
COAD,2,Endothelial,200,AC009494.3
COAD,2,Epithelial,1,HES4
COAD,2,Epithelial,2,RP11-54O7.17
COAD,2,Epithelial,3,ISG15
COAD,2,Epithelial,4,RPL23AP90
COAD,2,Epithelial,5,RPL36A
COAD,2,Epithelial,6,AMY1C
COAD,2,Epithelial,7,IGHV3OR16-15
COAD,2,Epithelial,8,EIF3MP1
COAD,2,Epithelial,9,RP11-327P2.6
COAD,2,Epithelial,10,RN7SKP221
COAD,2,Epithelial,11,AC006116.13
COAD,2,Epithelial,12,MIR509-2
COAD,2,Epithelial,13,RP11-32B5.1
COAD,2,Epithelial,14,MIR152
COAD,2,Epithelial,15,RNU6-1226P
COAD,2,Epithelial,16,MTCO2P18
COAD,2,Epithelial,17,RNU7-153P
COAD,2,Epithelial,18,RPS3AP37
COAD,2,Epithelial,19,AL590762.10
COAD,2,Epithelial,20,PPP1R14BP5
COAD,2,Epithelial,21,GRAMD4P1
COAD,2,Epithelial,22,MIR1244-4
COAD,2,Epithelial,23,RN7SKP65
COAD,2,Epithelial,24,RNU6-114P
COAD,2,Epithelial,25,MRPL50P4
COAD,2,Epithelial,26,ENSG10010134639.1
COAD,2,Epithelial,27,OR7E93P
COAD,2,Epithelial,28,MTCO2P31
COAD,2,Epithelial,29,RP11-261B23.2
COAD,2,Epithelial,30,OR10A5
COAD,2,Epithelial,31,RP11-560B16.5
COAD,2,Epithelial,32,IGHV3OR16-11
COAD,2,Epithelial,33,RP11-90B22.1
COAD,2,Epithelial,34,RP11-243M5.5
COAD,2,Epithelial,35,GLUD1P9
COAD,2,Epithelial,36,RP11-441G8.1
COAD,2,Epithelial,37,IGKV1-33
COAD,2,Epithelial,38,CTC-369M3.1
COAD,2,Epithelial,39,IGLVIV-66-1
COAD,2,Epithelial,40,MTATP6P4
COAD,2,Epithelial,41,RNU7-79P
COAD,2,Epithelial,42,SLX1B-SULT1A4
COAD,2,Epithelial,43,ACRP1
COAD,2,Epithelial,44,RNU6-591P
COAD,2,Epithelial,45,ENSG10010138834.1
COAD,2,Epithelial,46,RPS29P33
COAD,2,Epithelial,47,RNU6-1108P
COAD,2,Epithelial,48,AC005154.8
COAD,2,Epithelial,49,SNORA48B
COAD,2,Epithelial,50,RPL21P127
COAD,2,Epithelial,51,RN7SL397P
COAD,2,Epithelial,52,BRWD1P2
COAD,2,Epithelial,53,SNORA53
COAD,2,Epithelial,54,TRBV22OR9-2
COAD,2,Epithelial,55,FKBP1AP1
COAD,2,Epithelial,56,BSN-AS1
COAD,2,Epithelial,57,NPIPA8
COAD,2,Epithelial,58,UCHL3
COAD,2,Epithelial,59,RP11-100L22.4
COAD,2,Epithelial,60,RPS15AP39
COAD,2,Epithelial,61,MIR4798
COAD,2,Epithelial,62,BTK
COAD,2,Epithelial,63,RN7SL702P
COAD,2,Epithelial,64,NPIPB12
COAD,2,Epithelial,65,SLC25A52
COAD,2,Epithelial,66,AC009238.7
COAD,2,Epithelial,67,RN7SKP100
COAD,2,Epithelial,68,RNU6-33P
COAD,2,Epithelial,69,RPL36A-HNRNPH2
COAD,2,Epithelial,70,RP11-315D13.1
COAD,2,Epithelial,71,CABS1
COAD,2,Epithelial,72,DNAJB9
COAD,2,Epithelial,73,SULT1A4
COAD,2,Epithelial,74,RP11-4K3__A.3
COAD,2,Epithelial,75,THAP5
COAD,2,Epithelial,76,RP11-815I9.3
COAD,2,Epithelial,77,CTD-2609K8.3
COAD,2,Epithelial,78,MTND5P28
COAD,2,Epithelial,79,RN7SKP87
COAD,2,Epithelial,80,PRAMEF13
COAD,2,Epithelial,81,RP11-432M8.7
COAD,2,Epithelial,82,AC006116.14
COAD,2,Epithelial,83,RNU7-37P
COAD,2,Epithelial,84,COMMD6
COAD,2,Epithelial,85,AC103563.4
COAD,2,Epithelial,86,RP11-529A4.10
COAD,2,Epithelial,87,RPL7P2
COAD,2,Epithelial,88,MIR8074
COAD,2,Epithelial,89,MIR517A
COAD,2,Epithelial,90,RP11-14N9.1
COAD,2,Epithelial,91,SNORD114-25
COAD,2,Epithelial,92,RP11-450H5.4
COAD,2,Epithelial,93,RSU1P3
COAD,2,Epithelial,94,RAB11AP1
COAD,2,Epithelial,95,RNA5SP154
COAD,2,Epithelial,96,RP11-109F19.1
COAD,2,Epithelial,97,OR6C76
COAD,2,Epithelial,98,RPL27AP5
COAD,2,Epithelial,99,RNU6-666P
COAD,2,Epithelial,100,PSAT1P1
COAD,2,Epithelial,101,RNU6-546P
COAD,2,Epithelial,102,AP000705.6
COAD,2,Epithelial,103,TTTY2B
COAD,2,Epithelial,104,GAPDHP73
COAD,2,Epithelial,105,AC004006.2
COAD,2,Epithelial,106,PRY
COAD,2,Epithelial,107,XXbac-BPGBPG34I8.1
COAD,2,Epithelial,108,RN7SKP69
COAD,2,Epithelial,109,RPS27AP11
COAD,2,Epithelial,110,RP1-95L4.4
COAD,2,Epithelial,111,GAGE13
COAD,2,Epithelial,112,H3P20
COAD,2,Epithelial,113,ARL5AP1
COAD,2,Epithelial,114,RP11-1212A22.9
COAD,2,Epithelial,115,ZNRF4
COAD,2,Epithelial,116,OR11H7
COAD,2,Epithelial,117,RIMBP3C
COAD,2,Epithelial,118,ICE2P1
COAD,2,Epithelial,119,LINC02887
COAD,2,Epithelial,120,RP11-341G2.3
COAD,2,Epithelial,121,NAIPP2
COAD,2,Epithelial,122,RP11-296A18.5
COAD,2,Epithelial,123,RP11-1038A11.2
COAD,2,Epithelial,124,ARL5AP5
COAD,2,Epithelial,125,ENSG10010138912.1
COAD,2,Epithelial,126,LINC01691
COAD,2,Epithelial,127,ITGB1P1
COAD,2,Epithelial,128,PPIAP85
COAD,2,Epithelial,129,RP11-244B22.7
COAD,2,Epithelial,130,EEF1DP3
COAD,2,Epithelial,131,NBPF19
COAD,2,Epithelial,132,RP6-102O10.1
COAD,2,Epithelial,133,RP11-475G3.1
COAD,2,Epithelial,134,TNPO1P2
COAD,2,Epithelial,135,PNMA6A
COAD,2,Epithelial,136,RP11-578F21.2
COAD,2,Epithelial,137,RP11-589B3.7
COAD,2,Epithelial,138,BNIP3P34
COAD,2,Epithelial,139,RNU6-959P
COAD,2,Epithelial,140,FBXW11P1
COAD,2,Epithelial,141,RNU6-420P
COAD,2,Epithelial,142,FAM25G
COAD,2,Epithelial,143,RN7SKP101
COAD,2,Epithelial,144,RPL10L
COAD,2,Epithelial,145,OR8B6P
COAD,2,Epithelial,146,ATP6V0E1P1
COAD,2,Epithelial,147,RNA5SP504
COAD,2,Epithelial,148,GGTLC2
COAD,2,Epithelial,149,SLX1B
COAD,2,Epithelial,150,YWHAZP8
COAD,2,Epithelial,151,RP11-326I11.1
COAD,2,Epithelial,152,RN7SKP150
COAD,2,Epithelial,153,AC006158.9
COAD,2,Epithelial,154,TSPY3
COAD,2,Epithelial,155,RNU6-46P
COAD,2,Epithelial,156,TAF11L10
COAD,2,Epithelial,157,MTCO1P18
COAD,2,Epithelial,158,DDX3P2
COAD,2,Epithelial,159,PPBPP1
COAD,2,Epithelial,160,MIR509-3
COAD,2,Epithelial,161,RP11-498M15.1
COAD,2,Epithelial,162,RP11-528A4.3
COAD,2,Epithelial,163,CICP13
COAD,2,Epithelial,164,KB-1995A5.5
COAD,2,Epithelial,165,LINC02837
COAD,2,Epithelial,166,YWHAQP6
COAD,2,Epithelial,167,RP11-286B14.2
COAD,2,Epithelial,168,RN7SL589P
COAD,2,Epithelial,169,RP11-278C7.5
COAD,2,Epithelial,170,RP11-507D14.4
COAD,2,Epithelial,171,PKD1P4
COAD,2,Epithelial,172,RNU6-70P
COAD,2,Epithelial,173,RP11-75N20.2
COAD,2,Epithelial,174,RN7SKP255
COAD,2,Epithelial,175,MCCD1P1
COAD,2,Epithelial,176,RP1-72A23.3
COAD,2,Epithelial,177,RP11-34P13.15
COAD,2,Epithelial,178,MIR519D
COAD,2,Epithelial,179,OR2A4
COAD,2,Epithelial,180,RP11-656D10.7
COAD,2,Epithelial,181,CTD-2054N24.1
COAD,2,Epithelial,182,RPS24P7
COAD,2,Epithelial,183,RP11-179B15.6
COAD,2,Epithelial,184,MIR181A1
COAD,2,Epithelial,185,RN7SKP208
COAD,2,Epithelial,186,RP4-539M6.18
COAD,2,Epithelial,187,MIR3180-2
COAD,2,Epithelial,188,RP11-250B2.4
COAD,2,Epithelial,189,RPL32P7
COAD,2,Epithelial,190,MIR4458
COAD,2,Epithelial,191,RP11-15A1.9
COAD,2,Epithelial,192,CLPTM1LP1
COAD,2,Epithelial,193,LINC01293
COAD,2,Epithelial,194,IRX3
COAD,2,Epithelial,195,CYCSP51
COAD,2,Epithelial,196,RP11-342F17.1
COAD,2,Epithelial,197,MTRNR2L2
COAD,2,Epithelial,198,MED28P4
COAD,2,Epithelial,199,KYNUP3
COAD,2,Epithelial,200,RNU6-577P
COAD,2,Fibroblast,1,RP11-232D9.3
COAD,2,Fibroblast,2,RP11-178D12.2
COAD,2,Fibroblast,3,OR4A47
COAD,2,Fibroblast,4,RP11-177F11.1
COAD,2,Fibroblast,5,RP11-696F10.1
COAD,2,Fibroblast,6,RNA5SP414
COAD,2,Fibroblast,7,RP11-513N24.1
COAD,2,Fibroblast,8,RBMXP5
COAD,2,Fibroblast,9,RP11-463O9.2
COAD,2,Fibroblast,10,MTCYBP20
COAD,2,Fibroblast,11,SNORD115-6
COAD,2,Fibroblast,12,RPS27P18
COAD,2,Fibroblast,13,RNA5SP518
COAD,2,Fibroblast,14,SNORD115-29
COAD,2,Fibroblast,15,KRT223P
COAD,2,Fibroblast,16,SEPTIN7P8
COAD,2,Fibroblast,17,RP11-131K17.1
COAD,2,Fibroblast,18,RGPD4-AS1
COAD,2,Fibroblast,19,RP11-719N22.1
COAD,2,Fibroblast,20,HIGD1AP4
COAD,2,Fibroblast,21,RPL21P39
COAD,2,Fibroblast,22,ENSG00000283886
COAD,2,Fibroblast,23,EIF4EP3
COAD,2,Fibroblast,24,LINC01810
COAD,2,Fibroblast,25,RP11-434D2.8
COAD,2,Fibroblast,26,VN1R108P
COAD,2,Fibroblast,27,RP11-503D12.1
COAD,2,Fibroblast,28,RP11-252C24.2
COAD,2,Fibroblast,29,RNU2-55P
COAD,2,Fibroblast,30,RNU1-42P
COAD,2,Fibroblast,31,RP1-298M8.3
COAD,2,Fibroblast,32,RP11-1008M1.1
COAD,2,Fibroblast,33,IGHV3-6
COAD,2,Fibroblast,34,RP11-386B13.1
COAD,2,Fibroblast,35,RN7SL713P
COAD,2,Fibroblast,36,RP11-362F19.2
COAD,2,Fibroblast,37,RPS3AP5
COAD,2,Fibroblast,38,RP5-1189B24.1
COAD,2,Fibroblast,39,AC078851.1
COAD,2,Fibroblast,40,FARSBP1
COAD,2,Fibroblast,41,SNORD83
COAD,2,Fibroblast,42,RNU6ATAC29P
COAD,2,Fibroblast,43,MIR3135B
COAD,2,Fibroblast,44,SNORD114-2
COAD,2,Fibroblast,45,EI24P2
COAD,2,Fibroblast,46,RP11-829H16.1
COAD,2,Fibroblast,47,RPL23AP81
COAD,2,Fibroblast,48,MIR325
COAD,2,Fibroblast,49,RPEP1
COAD,2,Fibroblast,50,ENSG10010134912.1
COAD,2,Fibroblast,51,MRPS35P2
COAD,2,Fibroblast,52,RP11-416N13.1
COAD,2,Fibroblast,53,ISCA1P3
COAD,2,Fibroblast,54,RP11-439C8.2
COAD,2,Fibroblast,55,SETP1
COAD,2,Fibroblast,56,SFR1P1
COAD,2,Fibroblast,57,OR2H5P
COAD,2,Fibroblast,58,ENSG10010138789.1
COAD,2,Fibroblast,59,RP11-163O19.16
COAD,2,Fibroblast,60,RP11-1082I11.2
COAD,2,Fibroblast,61,EIF4BP1
COAD,2,Fibroblast,62,CTC-436P18.5
COAD,2,Fibroblast,63,RP11-115C21.4
COAD,2,Fibroblast,64,NPIPP1
COAD,2,Fibroblast,65,RP11-179A10.2
COAD,2,Fibroblast,66,RP5-1097F14.1
COAD,2,Fibroblast,67,RP11-22K10.1
COAD,2,Fibroblast,68,LINC02850
COAD,2,Fibroblast,69,RNA5SP275
COAD,2,Fibroblast,70,TAAR8
COAD,2,Fibroblast,71,AC073316.2
COAD,2,Fibroblast,72,LINC02279
COAD,2,Fibroblast,73,SUDS3P1
COAD,2,Fibroblast,74,DNAJB6P8
COAD,2,Fibroblast,75,RNU7-2P
COAD,2,Fibroblast,76,NEK2P1
COAD,2,Fibroblast,77,RN7SL757P
COAD,2,Fibroblast,78,RN7SKP262
COAD,2,Fibroblast,79,SNORD115-28
COAD,2,Fibroblast,80,RP11-844P9.4
COAD,2,Fibroblast,81,TATDN2P1
COAD,2,Fibroblast,82,ENSG10010137505.1
COAD,2,Fibroblast,83,OR5H15
COAD,2,Fibroblast,84,TMF1P1
COAD,2,Fibroblast,85,NDUFS5P5
COAD,2,Fibroblast,86,HMGB1P40
COAD,2,Fibroblast,87,RN7SKP117
COAD,2,Fibroblast,88,RP11-384D10.1
COAD,2,Fibroblast,89,MIR519A1
COAD,2,Fibroblast,90,OSTCP3
COAD,2,Fibroblast,91,SNORD116-9
COAD,2,Fibroblast,92,RP11-476I15.6
COAD,2,Fibroblast,93,OR11H6
COAD,2,Fibroblast,94,RNU5E-5P
COAD,2,Fibroblast,95,EIF5AP4
COAD,2,Fibroblast,96,RP4-737E23.6
COAD,2,Fibroblast,97,RP11-588G21.1
COAD,2,Fibroblast,98,RPSAP14
COAD,2,Fibroblast,99,H2AZP7
COAD,2,Fibroblast,100,RP11-428L9.2
COAD,2,Fibroblast,101,RP11-446E9.1
COAD,2,Fibroblast,102,OR4K8P
COAD,2,Fibroblast,103,RP11-212D3.4
COAD,2,Fibroblast,104,FAM157B
COAD,2,Fibroblast,105,MIR1264
COAD,2,Fibroblast,106,PFN1P3
COAD,2,Fibroblast,107,RP11-362F19.3
COAD,2,Fibroblast,108,TAAR9
COAD,2,Fibroblast,109,OR1F12
COAD,2,Fibroblast,110,RP11-328J14.2
COAD,2,Fibroblast,111,C1DP3
COAD,2,Fibroblast,112,VN1R36P
COAD,2,Fibroblast,113,RP11-25D3.1
COAD,2,Fibroblast,114,MIR526B
COAD,2,Fibroblast,115,RP11-108M12.2
COAD,2,Fibroblast,116,H3P17
COAD,2,Fibroblast,117,RP11-369G6.2
COAD,2,Fibroblast,118,RP11-373F14.1
COAD,2,Fibroblast,119,PRR20A
COAD,2,Fibroblast,120,RNU6-38P
COAD,2,Fibroblast,121,RP11-829H16.2
COAD,2,Fibroblast,122,RPL3P8
COAD,2,Fibroblast,123,RNU6-471P
COAD,2,Fibroblast,124,RNU1-18P
COAD,2,Fibroblast,125,LINC02103
COAD,2,Fibroblast,126,IFITM3P9
COAD,2,Fibroblast,127,RP11-733D4.2
COAD,2,Fibroblast,128,NEK2P2
COAD,2,Fibroblast,129,RP1-72A23.1
COAD,2,Fibroblast,130,RP11-454P7.3
COAD,2,Fibroblast,131,RP11-20D14.4
COAD,2,Fibroblast,132,KHDC1P1
COAD,2,Fibroblast,133,MTCO1P45
COAD,2,Fibroblast,134,OR4A15
COAD,2,Fibroblast,135,RP11-3P17.5
COAD,2,Fibroblast,136,RPL10P6
COAD,2,Fibroblast,137,PRR20C
COAD,2,Fibroblast,138,RPL21P107
COAD,2,Fibroblast,139,RNU4-12P
COAD,2,Fibroblast,140,RPS23P3
COAD,2,Fibroblast,141,MIR4535
COAD,2,Fibroblast,142,RNU7-81P
COAD,2,Fibroblast,143,RPS26P47
COAD,2,Fibroblast,144,RNU6-64P
COAD,2,Fibroblast,145,RP11-29A2.1
COAD,2,Fibroblast,146,RP11-231C18.2
COAD,2,Fibroblast,147,CH17-118O6.4
COAD,2,Fibroblast,148,MIR767
COAD,2,Fibroblast,149,RP11-211N8.6
COAD,2,Fibroblast,150,RPL24P9
COAD,2,Fibroblast,151,RNU6-85P
COAD,2,Fibroblast,152,FAM90A20P
COAD,2,Fibroblast,153,RNU6-1044P
COAD,2,Fibroblast,154,ATF4P4
COAD,2,Fibroblast,155,RP3-432I18.1
COAD,2,Fibroblast,156,PRELID3BP6
COAD,2,Fibroblast,157,CTC-360J11.6
COAD,2,Fibroblast,158,RP11-543P15.1
COAD,2,Fibroblast,159,AC009166.8
COAD,2,Fibroblast,160,RP11-575M22.1
COAD,2,Fibroblast,161,OR8G5
COAD,2,Fibroblast,162,SNORD116-14
COAD,2,Fibroblast,163,RP11-162I7.2
COAD,2,Fibroblast,164,RP11-554D14.3
COAD,2,Fibroblast,165,CTD-2140G10.4
COAD,2,Fibroblast,166,RNU1-98P
COAD,2,Fibroblast,167,RNU6-764P
COAD,2,Fibroblast,168,RNU6-1145P
COAD,2,Fibroblast,169,IGHV7-56
COAD,2,Fibroblast,170,OR7E103P
COAD,2,Fibroblast,171,RP11-822E23.5
COAD,2,Fibroblast,172,MIR7975
COAD,2,Fibroblast,173,OR4R1P
COAD,2,Fibroblast,174,RP11-637O11.2
COAD,2,Fibroblast,175,RNU6-102P
COAD,2,Fibroblast,176,ABHD17AP4
COAD,2,Fibroblast,177,RNY4P27
COAD,2,Fibroblast,178,IGKV1D-32
COAD,2,Fibroblast,179,MIR4509-3
COAD,2,Fibroblast,180,ENSG10010139303.1
COAD,2,Fibroblast,181,RPL35AP15
COAD,2,Fibroblast,182,RP11-183E24.1
COAD,2,Fibroblast,183,RN7SL712P
COAD,2,Fibroblast,184,SNORD115-17
COAD,2,Fibroblast,185,LRRC37A13P
COAD,2,Fibroblast,186,RP11-561N12.8
COAD,2,Fibroblast,187,KRTAP9-10P
COAD,2,Fibroblast,188,ENSG10010138723.1
COAD,2,Fibroblast,189,RP1-190J20.2
COAD,2,Fibroblast,190,RNU2-44P
COAD,2,Fibroblast,191,RNU6-297P
COAD,2,Fibroblast,192,RP11-796L2.1
COAD,2,Fibroblast,193,OR6A2
COAD,2,Fibroblast,194,MIR548F3
COAD,2,Fibroblast,195,NAMPTP1
COAD,2,Fibroblast,196,TSPY24P
COAD,2,Fibroblast,197,MIR224
COAD,2,Fibroblast,198,RP11-678B3.1
COAD,2,Fibroblast,199,RP4-639J15.2
COAD,2,Fibroblast,200,RP1-69D17.3
COAD,2,Macrophage,1,RP11-309M23.1
COAD,2,Macrophage,2,C1QC
COAD,2,Macrophage,3,RNU6-1089P
COAD,2,Macrophage,4,RP11-291O7.1
COAD,2,Macrophage,5,AC114760.1
COAD,2,Macrophage,6,RNU6-876P
COAD,2,Macrophage,7,RNU6-599P
COAD,2,Macrophage,8,OR5H6
COAD,2,Macrophage,9,RP11-457D20.1
COAD,2,Macrophage,10,RP11-866E20.1
COAD,2,Macrophage,11,MIR4685
COAD,2,Macrophage,12,RN7SKP61
COAD,2,Macrophage,13,FAM90A5P
COAD,2,Macrophage,14,RP11-313H3.1
COAD,2,Macrophage,15,MRPL35P4
COAD,2,Macrophage,16,CBX1P1
COAD,2,Macrophage,17,RN7SL468P
COAD,2,Macrophage,18,OR5AZ1P
COAD,2,Macrophage,19,RN7SL75P
COAD,2,Macrophage,20,RP11-561C5.7
COAD,2,Macrophage,21,RNU1-112P
COAD,2,Macrophage,22,SNORD114-19
COAD,2,Macrophage,23,YWHAEP3
COAD,2,Macrophage,24,RNU5A-5P
COAD,2,Macrophage,25,MIR1270
COAD,2,Macrophage,26,RN7SL807P
COAD,2,Macrophage,27,ENSG10010137792.1
COAD,2,Macrophage,28,HIGD1AP8
COAD,2,Macrophage,29,TPT1P14
COAD,2,Macrophage,30,RP11-555G19.2
COAD,2,Macrophage,31,MRPL23-AS1
COAD,2,Macrophage,32,RP11-8L8.1
COAD,2,Macrophage,33,SNORD116-18
COAD,2,Macrophage,34,AIF1
COAD,2,Macrophage,35,ANAPC1P3
COAD,2,Macrophage,36,CCDC54
COAD,2,Macrophage,37,THBD
COAD,2,Macrophage,38,RP11-105L10.1
COAD,2,Macrophage,39,MIR4283-1
COAD,2,Macrophage,40,RP11-628J14.1
COAD,2,Macrophage,41,IGHV3-53
COAD,2,Macrophage,42,FRG1KP
COAD,2,Macrophage,43,MRPL57P7
COAD,2,Macrophage,44,CTD-2031P19.4
COAD,2,Macrophage,45,MIR6127
COAD,2,Macrophage,46,RPL34P31
COAD,2,Macrophage,47,RNU4ATAC5P
COAD,2,Macrophage,48,RDXP2
COAD,2,Macrophage,49,RP11-513O17.1
COAD,2,Macrophage,50,RNU6-257P
COAD,2,Macrophage,51,RPL7P48
COAD,2,Macrophage,52,TDGF1P4
COAD,2,Macrophage,53,CTD-2542C24.9
COAD,2,Macrophage,54,RP11-136K7.1
COAD,2,Macrophage,55,KRTAP9-8
COAD,2,Macrophage,56,RPL32P32
COAD,2,Macrophage,57,MTND1P37
COAD,2,Macrophage,58,SEM1P1
COAD,2,Macrophage,59,RN7SKP154
COAD,2,Macrophage,60,RP11-703P11.1
COAD,2,Macrophage,61,MIR548P
COAD,2,Macrophage,62,RPL7L1P9
COAD,2,Macrophage,63,CTD-2540L5.9
COAD,2,Macrophage,64,RPS29P25
COAD,2,Macrophage,65,RP11-405P11.1
COAD,2,Macrophage,66,AC117490.2
COAD,2,Macrophage,67,RNU6-994P
COAD,2,Macrophage,68,HSPE1P26
COAD,2,Macrophage,69,MTCO2P2
COAD,2,Macrophage,70,MTND2P7
COAD,2,Macrophage,71,SNORA11F
COAD,2,Macrophage,72,RNU6-245P
COAD,2,Macrophage,73,RDXP3
COAD,2,Macrophage,74,S100A11P6
COAD,2,Macrophage,75,IGKJ1
COAD,2,Macrophage,76,MRPL23
COAD,2,Macrophage,77,RP11-299H22.6
COAD,2,Macrophage,78,CDR1
COAD,2,Macrophage,79,ENSG10010139540.1
COAD,2,Macrophage,80,RP11-204E4.3
COAD,2,Macrophage,81,RP11-252O18.3
COAD,2,Macrophage,82,PHKG1P3
COAD,2,Macrophage,83,DNAJC19P4
COAD,2,Macrophage,84,STIP1P3
COAD,2,Macrophage,85,ENSG10010138758.1
COAD,2,Macrophage,86,RP11-530C5.4
COAD,2,Macrophage,87,RNU6-356P
COAD,2,Macrophage,88,VN1R82P
COAD,2,Macrophage,89,RP11-274M17.2
COAD,2,Macrophage,90,RNU6-745P
COAD,2,Macrophage,91,RNU6-1286P
COAD,2,Macrophage,92,OR9G2P
COAD,2,Macrophage,93,RNU2-39P
COAD,2,Macrophage,94,NTF6B
COAD,2,Macrophage,95,CTD-2008O4.1
COAD,2,Macrophage,96,MAFB
COAD,2,Macrophage,97,MIR519A2
COAD,2,Macrophage,98,UBTFL2
COAD,2,Macrophage,99,LARGE-IT1
COAD,2,Macrophage,100,KRT8P6
COAD,2,Macrophage,101,RP11-20I23.8
COAD,2,Macrophage,102,RPL5P23
COAD,2,Macrophage,103,MTOR-AS1
COAD,2,Macrophage,104,CTB-47B11.1
COAD,2,Macrophage,105,MIR384
COAD,2,Macrophage,106,RN7SKP287
COAD,2,Macrophage,107,RNU6-1041P
COAD,2,Macrophage,108,RP11-359K18.4
COAD,2,Macrophage,109,AC108051.2
COAD,2,Macrophage,110,RNU6-205P
COAD,2,Macrophage,111,AC129778.2
COAD,2,Macrophage,112,DRD5P1
COAD,2,Macrophage,113,RN7SL210P
COAD,2,Macrophage,114,RNU6-1245P
COAD,2,Macrophage,115,MYO16-AS2
COAD,2,Macrophage,116,RP11-466P24.5
COAD,2,Macrophage,117,IFNA1
COAD,2,Macrophage,118,MRPS6P4
COAD,2,Macrophage,119,HMGN2P26
COAD,2,Macrophage,120,BMS1P14
COAD,2,Macrophage,121,RNU6-1057P
COAD,2,Macrophage,122,MIR4682
COAD,2,Macrophage,123,RP11-757O6.4
COAD,2,Macrophage,124,HERC2P5
COAD,2,Macrophage,125,TAS2R39
COAD,2,Macrophage,126,LINC01218
COAD,2,Macrophage,127,H2BP6
COAD,2,Macrophage,128,MIR5007
COAD,2,Macrophage,129,RNU6-41P
COAD,2,Macrophage,130,RP11-548K12.1
COAD,2,Macrophage,131,RN7SL697P
COAD,2,Macrophage,132,GS1-466O4.3
COAD,2,Macrophage,133,KATNBL1P4
COAD,2,Macrophage,134,RP11-444K7.8
COAD,2,Macrophage,135,RP11-152N13.16
COAD,2,Macrophage,136,CTC-459F4.1
COAD,2,Macrophage,137,IFNA10
COAD,2,Macrophage,138,S100A11P5
COAD,2,Macrophage,139,RP11-483I24.1
COAD,2,Macrophage,140,CH17-262O2.4
COAD,2,Macrophage,141,RPL23AP14
COAD,2,Macrophage,142,CTC-281M20.3
COAD,2,Macrophage,143,RPSAP62
COAD,2,Macrophage,144,IGKV1D-33
COAD,2,Macrophage,145,CTD-2168K21.3
COAD,2,Macrophage,146,RN7SKP176
COAD,2,Macrophage,147,RP11-456I15.2
COAD,2,Macrophage,148,LINC02297
COAD,2,Macrophage,149,RN7SKP234
COAD,2,Macrophage,150,H3P4
COAD,2,Macrophage,151,MTND1P30
COAD,2,Macrophage,152,H3-2
COAD,2,Macrophage,153,RP11-388M20.7
COAD,2,Macrophage,154,FOSL1P1
COAD,2,Macrophage,155,SPDYE2
COAD,2,Macrophage,156,SSU72P2
COAD,2,Macrophage,157,RP11-647P12.2
COAD,2,Macrophage,158,SSU72P3
COAD,2,Macrophage,159,RP11-506B6.5
COAD,2,Macrophage,160,RP11-932O9.8
COAD,2,Macrophage,161,RN7SL470P
COAD,2,Macrophage,162,SS18L2P1
COAD,2,Macrophage,163,MIR8084
COAD,2,Macrophage,164,RNU6ATAC35P
COAD,2,Macrophage,165,GPAA1P2
COAD,2,Macrophage,166,RP1-85D24.3
COAD,2,Macrophage,167,CD93
COAD,2,Macrophage,168,RP11-215P9.1
COAD,2,Macrophage,169,MIR3145
COAD,2,Macrophage,170,RP11-815J4.7
COAD,2,Macrophage,171,OR2AT1P
COAD,2,Macrophage,172,EEF1A1P6
COAD,2,Macrophage,173,NPM1P50
COAD,2,Macrophage,174,FCGR2A
COAD,2,Macrophage,175,MIR218-2
COAD,2,Macrophage,176,RN7SKP283
COAD,2,Macrophage,177,RP11-686D22.2
COAD,2,Macrophage,178,RP13-152O15.5
COAD,2,Macrophage,179,IGHVIII-67-4
COAD,2,Macrophage,180,RNA5-8SP4
COAD,2,Macrophage,181,RP11-274E6.1
COAD,2,Macrophage,182,RP11-351O1.3
COAD,2,Macrophage,183,OR3A1
COAD,2,Macrophage,184,SNORD116-19
COAD,2,Macrophage,185,RNU5F-6P
COAD,2,Macrophage,186,RP11-344G13.2
COAD,2,Macrophage,187,MAPRE1P1
COAD,2,Macrophage,188,MIR4420
COAD,2,Macrophage,189,RP11-626G11.1
COAD,2,Macrophage,190,RP11-205M3.6
COAD,2,Macrophage,191,RPSAP61
COAD,2,Macrophage,192,RP1-85D24.1
COAD,2,Macrophage,193,RP11-805F19.6
COAD,2,Macrophage,194,SNORD115-15
COAD,2,Macrophage,195,AMYP1
COAD,2,Macrophage,196,MTRNR2L10
COAD,2,Macrophage,197,MPV17L2P1
COAD,2,Macrophage,198,ALDH7A1P1
COAD,2,Macrophage,199,PSAT1P2
COAD,2,Macrophage,200,ENSG10010137907.1
COAD,2,Mast,1,RP11-359P18.2
COAD,2,Mast,2,OR7E101P
COAD,2,Mast,3,RN7SL620P
COAD,2,Mast,4,SRSF9
COAD,2,Mast,5,RP11-189B4.8
COAD,2,Mast,6,MTND6P9
COAD,2,Mast,7,ZNF736P8Y
COAD,2,Mast,8,NOTCH2NLR
COAD,2,Mast,9,NBPF26
COAD,2,Mast,10,RPL41P5
COAD,2,Mast,11,AC073409.1
COAD,2,Mast,12,RP1-181J22.1
COAD,2,Mast,13,FDX1P2
COAD,2,Mast,14,HNRNPA1P53
COAD,2,Mast,15,RNA5SP455
COAD,2,Mast,16,RP11-114M1.3
COAD,2,Mast,17,EIF2S2P5
COAD,2,Mast,18,ENSG10010138771.1
COAD,2,Mast,19,ENSG10010138562.1
COAD,2,Mast,20,MIR4502
COAD,2,Mast,21,RP1-85D24.4
COAD,2,Mast,22,HERC2P8
COAD,2,Mast,23,RNU6-1332P
COAD,2,Mast,24,ENSG10010138535.1
COAD,2,Mast,25,ZBTB45P2
COAD,2,Mast,26,RNA5SP368
COAD,2,Mast,27,RNA5SP150
COAD,2,Mast,28,RPS3AP53
COAD,2,Mast,29,DYNLL1
COAD,2,Mast,30,SNORA47
COAD,2,Mast,31,AC007238.1
COAD,2,Mast,32,RP11-452D21.2
COAD,2,Mast,33,VN1R107P
COAD,2,Mast,34,OFD1P8Y
COAD,2,Mast,35,MIR4699
COAD,2,Mast,36,RNU7-192P
COAD,2,Mast,37,RP11-1E11.1
COAD,2,Mast,38,NUP210P2
COAD,2,Mast,39,PAGE2B
COAD,2,Mast,40,NDUFA5P12
COAD,2,Mast,41,RPL12P48
COAD,2,Mast,42,RP1-127H14.3
COAD,2,Mast,43,ENSG10010135762.1
COAD,2,Mast,44,MIR3140
COAD,2,Mast,45,RP11-10A14.9
COAD,2,Mast,46,RNU6-152P
COAD,2,Mast,47,UBE2D3P3
COAD,2,Mast,48,ENSG10010134573.1
COAD,2,Mast,49,RP11-434D2.9
COAD,2,Mast,50,RNU4ATAC14P
COAD,2,Mast,51,RP11-256L11.3
COAD,2,Mast,52,RN7SL825P
COAD,2,Mast,53,H2AP
COAD,2,Mast,54,BOLA2B
COAD,2,Mast,55,ANP32D
COAD,2,Mast,56,CTD-2339L15.3
COAD,2,Mast,57,ENSG10010134926.1
COAD,2,Mast,58,MT1M
COAD,2,Mast,59,HERC2P6
COAD,2,Mast,60,AC144831.3
COAD,2,Mast,61,RP11-5N11.1
COAD,2,Mast,62,RP11-156F23.2
COAD,2,Mast,63,RPS14P4
COAD,2,Mast,64,SUMO1P3
COAD,2,Mast,65,RP11-740N7.4
COAD,2,Mast,66,RP3-365I19.2
COAD,2,Mast,67,CTD-2526L21.3
COAD,2,Mast,68,NPIPB7
COAD,2,Mast,69,CTD-2020P22.1
COAD,2,Mast,70,TCEA1P2
COAD,2,Mast,71,RP11-7M10.2
COAD,2,Mast,72,BX842568.1
COAD,2,Mast,73,RPL7AP71
COAD,2,Mast,74,CCDC34P1
COAD,2,Mast,75,RPS15AP6
COAD,2,Mast,76,CH507-513H4.5
COAD,2,Mast,77,NUPR1
COAD,2,Mast,78,SLX1A
COAD,2,Mast,79,AIFM3
COAD,2,Mast,80,AP000431.1
COAD,2,Mast,81,PRAC2
COAD,2,Mast,82,AC016751.2
COAD,2,Mast,83,RP11-1109F11.3
COAD,2,Mast,84,GOLGA8J
COAD,2,Mast,85,LINC01219
COAD,2,Mast,86,CTD-2571L23.9
COAD,2,Mast,87,RNU6-220P
COAD,2,Mast,88,RNU6-445P
COAD,2,Mast,89,NXPE1
COAD,2,Mast,90,AMD1P4
COAD,2,Mast,91,RP11-146N23.4
COAD,2,Mast,92,HOXB13
COAD,2,Mast,93,CTC-425O23.5
COAD,2,Mast,94,TRAV29DV5
COAD,2,Mast,95,RP11-113D19.9
COAD,2,Mast,96,AC007969.4
COAD,2,Mast,97,RNU6-375P
COAD,2,Mast,98,CTD-2566J3.2
COAD,2,Mast,99,RNU6-1088P
COAD,2,Mast,100,RCC2P6
COAD,2,Mast,101,CTD-2126E3.5
COAD,2,Mast,102,RP11-338K17.6
COAD,2,Mast,103,RP11-324H9.1
COAD,2,Mast,104,MIR1470
COAD,2,Mast,105,HOXA5
COAD,2,Mast,106,RP5-890E16.4
COAD,2,Mast,107,RP11-368N21.1
COAD,2,Mast,108,RNU6-1196P
COAD,2,Mast,109,TPT1P11
COAD,2,Mast,110,RP11-812E19.7
COAD,2,Mast,111,HMGN2P3
COAD,2,Mast,112,RP11-14J16.1
COAD,2,Mast,113,RP11-57G10.8
COAD,2,Mast,114,RPL35AP23
COAD,2,Mast,115,MIR4750
COAD,2,Mast,116,PRAC1
COAD,2,Mast,117,LINC01637
COAD,2,Mast,118,RPL23AP66
COAD,2,Mast,119,SRMP1
COAD,2,Mast,120,SNORD30
COAD,2,Mast,121,RP11-7I15.3
COAD,2,Mast,122,ALG1L5P
COAD,2,Mast,123,CBS
COAD,2,Mast,124,RP11-245G13.1
COAD,2,Mast,125,RPSAP1
COAD,2,Mast,126,RNU6ATAC39P
COAD,2,Mast,127,CT62
COAD,2,Mast,128,SMIM15
COAD,2,Mast,129,ENSG10010135851.1
COAD,2,Mast,130,RP11-464D20.6
COAD,2,Mast,131,OR5L2
COAD,2,Mast,132,RPL35AP19
COAD,2,Mast,133,RP11-503L19.1
COAD,2,Mast,134,RPL23AP77
COAD,2,Mast,135,RP11-500G10.5
COAD,2,Mast,136,RNU6-1184P
COAD,2,Mast,137,RNU6-1093P
COAD,2,Mast,138,RPS24P1
COAD,2,Mast,139,ENSG10010138590.1
COAD,2,Mast,140,FABP5P15
COAD,2,Mast,141,CTB-58E17.2
COAD,2,Mast,142,LINC00115
COAD,2,Mast,143,MRPL3P1
COAD,2,Mast,144,BNIP3P5
COAD,2,Mast,145,RP5-1056H1.2
COAD,2,Mast,146,CTD-3128G10.6
COAD,2,Mast,147,TRBV8-2
COAD,2,Mast,148,PDE6A
COAD,2,Mast,149,CTC-360J11.7
COAD,2,Mast,150,STX19
COAD,2,Mast,151,LINC02570
COAD,2,Mast,152,MIR1304
COAD,2,Mast,153,RNU6-702P
COAD,2,Mast,154,RPL12P14
COAD,2,Mast,155,NXPE4
COAD,2,Mast,156,FOXD2-AS1
COAD,2,Mast,157,RP11-178H8.3
COAD,2,Mast,158,RP5-884G6.2
COAD,2,Mast,159,RNA5SP440
COAD,2,Mast,160,RN7SL715P
COAD,2,Mast,161,RP11-527N22.1
COAD,2,Mast,162,LINC00920
COAD,2,Mast,163,CTC-526N19.1
COAD,2,Mast,164,MRPS18A
COAD,2,Mast,165,RP11-309J13.1
COAD,2,Mast,166,AF064858.10
COAD,2,Mast,167,RNU6-907P
COAD,2,Mast,168,RP3-486I3.5
COAD,2,Mast,169,RN7SL480P
COAD,2,Mast,170,RN7SL441P
COAD,2,Mast,171,PPIAL4G
COAD,2,Mast,172,ZCCHC10
COAD,2,Mast,173,RP3-413H6.2
COAD,2,Mast,174,MIR4523
COAD,2,Mast,175,RP11-321F8.4
COAD,2,Mast,176,THUMPD1P1
COAD,2,Mast,177,LINC02685
COAD,2,Mast,178,C15orf48
COAD,2,Mast,179,MIR559
COAD,2,Mast,180,H3P7
COAD,2,Mast,181,LINC02691
COAD,2,Mast,182,RP11-216M21.1
COAD,2,Mast,183,RNU6-469P
COAD,2,Mast,184,KB-1991G8.1
COAD,2,Mast,185,ENSG10010134471.1
COAD,2,Mast,186,RP1-163M9.8
COAD,2,Mast,187,RP11-244N9.4
COAD,2,Mast,188,RP11-532E4.3
COAD,2,Mast,189,RNU6-1004P
COAD,2,Mast,190,OR8U3
COAD,2,Mast,191,RP11-862L9.3
COAD,2,Mast,192,CELF5
COAD,2,Mast,193,RP4-726N1.2
COAD,2,Mast,194,RP11-620J15.4
COAD,2,Mast,195,RPS14P5
COAD,2,Mast,196,CTC-463N11.4
COAD,2,Mast,197,PHGR1
COAD,2,Mast,198,ENSG10010136839.1
COAD,2,Mast,199,RP13-122B23.8
COAD,2,Mast,200,RP1-287H17.1
COAD,2,Other_Myeloid,1,RP11-747H12.7
COAD,2,Other_Myeloid,2,IGHV3OR16-16
COAD,2,Other_Myeloid,3,ZNF322P1
COAD,2,Other_Myeloid,4,RNU6-836P
COAD,2,Other_Myeloid,5,DUXAP3
COAD,2,Other_Myeloid,6,LA16c-2F2.5
COAD,2,Other_Myeloid,7,OR1Q1BP
COAD,2,Other_Myeloid,8,XXbac-B33L19.4
COAD,2,Other_Myeloid,9,RP11-810F22.1
COAD,2,Other_Myeloid,10,RN7SKP203
COAD,2,Other_Myeloid,11,IGHV1OR15-4
COAD,2,Other_Myeloid,12,RNU6-294P
COAD,2,Other_Myeloid,13,RP1-269O5.3
COAD,2,Other_Myeloid,14,RP11-927P21.8
COAD,2,Other_Myeloid,15,RP11-319G9.1
COAD,2,Other_Myeloid,16,RN7SL87P
COAD,2,Other_Myeloid,17,RP11-74K11.1
COAD,2,Other_Myeloid,18,MIR3685
COAD,2,Other_Myeloid,19,RNA5SP188
COAD,2,Other_Myeloid,20,GUSBP9
COAD,2,Other_Myeloid,21,RP11-113A11.1
COAD,2,Other_Myeloid,22,FAM74A6
COAD,2,Other_Myeloid,23,RNU6-34P
COAD,2,Other_Myeloid,24,MIR7702
COAD,2,Other_Myeloid,25,MIR522
COAD,2,Other_Myeloid,26,XKRYP4
COAD,2,Other_Myeloid,27,USP9YP13
COAD,2,Other_Myeloid,28,RP3-425C14.7
COAD,2,Other_Myeloid,29,RNU6-267P
COAD,2,Other_Myeloid,30,KB-7G2.9
COAD,2,Other_Myeloid,31,RP11-294C11.7
COAD,2,Other_Myeloid,32,CTB-17P3.4
COAD,2,Other_Myeloid,33,MTCO1P19
COAD,2,Other_Myeloid,34,CTD-3126B10.4
COAD,2,Other_Myeloid,35,TUBA1A
COAD,2,Other_Myeloid,36,RP11-305B6.1
COAD,2,Other_Myeloid,37,RNU6-1015P
COAD,2,Other_Myeloid,38,RP6-127F18.2
COAD,2,Other_Myeloid,39,RNU6-733P
COAD,2,Other_Myeloid,40,RP11-798K23.3
COAD,2,Other_Myeloid,41,ENSG10010138531.1
COAD,2,Other_Myeloid,42,RNU6-490P
COAD,2,Other_Myeloid,43,OR4L1
COAD,2,Other_Myeloid,44,MIR3180-3
COAD,2,Other_Myeloid,45,RPL35AP14
COAD,2,Other_Myeloid,46,MTCO3P19
COAD,2,Other_Myeloid,47,RP11-43N22.1
COAD,2,Other_Myeloid,48,RP4-714D9.4
COAD,2,Other_Myeloid,49,AC073850.6
COAD,2,Other_Myeloid,50,MIR4789
COAD,2,Other_Myeloid,51,IGHD5-12
COAD,2,Other_Myeloid,52,RN7SKP257
COAD,2,Other_Myeloid,53,RP11-412B14.2
COAD,2,Other_Myeloid,54,RP11-268I9.1
COAD,2,Other_Myeloid,55,RP11-87H9.5
COAD,2,Other_Myeloid,56,RNU6-752P
COAD,2,Other_Myeloid,57,MIR450A2
COAD,2,Other_Myeloid,58,FGF7P6
COAD,2,Other_Myeloid,59,RP11-510I6.2
COAD,2,Other_Myeloid,60,CICP4
COAD,2,Other_Myeloid,61,DEFB130A
COAD,2,Other_Myeloid,62,RP11-563N6.6
COAD,2,Other_Myeloid,63,MIR6839
COAD,2,Other_Myeloid,64,MIR331
COAD,2,Other_Myeloid,65,ENSG10010139978.1
COAD,2,Other_Myeloid,66,HMGB1P44
COAD,2,Other_Myeloid,67,RNU6-854P
COAD,2,Other_Myeloid,68,CTD-3066C23.1
COAD,2,Other_Myeloid,69,IGKV3D-20
COAD,2,Other_Myeloid,70,RP11-690D19.1
COAD,2,Other_Myeloid,71,RP11-589C21.1
COAD,2,Other_Myeloid,72,PRAMEF25
COAD,2,Other_Myeloid,73,RP11-56L13.8
COAD,2,Other_Myeloid,74,MIR221
COAD,2,Other_Myeloid,75,HMGB1P16
COAD,2,Other_Myeloid,76,RN7SL481P
COAD,2,Other_Myeloid,77,RP11-720L2.2
COAD,2,Other_Myeloid,78,MIR377
COAD,2,Other_Myeloid,79,RPS27P29
COAD,2,Other_Myeloid,80,RNU6-1312P
COAD,2,Other_Myeloid,81,RNA5SP380
COAD,2,Other_Myeloid,82,RNA5SP525
COAD,2,Other_Myeloid,83,RN7SL666P
COAD,2,Other_Myeloid,84,RN7SKP144
COAD,2,Other_Myeloid,85,IGLL4P
COAD,2,Other_Myeloid,86,AMZ2P2
COAD,2,Other_Myeloid,87,ENSG10010136707.1
COAD,2,Other_Myeloid,88,IQCF5
COAD,2,Other_Myeloid,89,RP11-72H11.1
COAD,2,Other_Myeloid,90,RNA5SP276
COAD,2,Other_Myeloid,91,RP11-277E18.2
COAD,2,Other_Myeloid,92,RP11-530C5.2
COAD,2,Other_Myeloid,93,AP000560.3
COAD,2,Other_Myeloid,94,RP11-236B18.5
COAD,2,Other_Myeloid,95,RP11-197B12.1
COAD,2,Other_Myeloid,96,MIR548AE2
COAD,2,Other_Myeloid,97,NF1P1
COAD,2,Other_Myeloid,98,MIR4455
COAD,2,Other_Myeloid,99,OR13C5
COAD,2,Other_Myeloid,100,RNGTTP1
COAD,2,Other_Myeloid,101,RPL12P33
COAD,2,Other_Myeloid,102,RP4-724P12.1
COAD,2,Other_Myeloid,103,GS1-124K5.8
COAD,2,Other_Myeloid,104,CRYGC
COAD,2,Other_Myeloid,105,OR51F3P
COAD,2,Other_Myeloid,106,RP11-754I20.3
COAD,2,Other_Myeloid,107,SNORD113-3
COAD,2,Other_Myeloid,108,AP000647.3
COAD,2,Other_Myeloid,109,RNA5SP350
COAD,2,Other_Myeloid,110,PABPC1P3
COAD,2,Other_Myeloid,111,HSBP1P1
COAD,2,Other_Myeloid,112,OR4F4
COAD,2,Other_Myeloid,113,RP11-555H7.2
COAD,2,Other_Myeloid,114,MIR3672
COAD,2,Other_Myeloid,115,S100A11P9
COAD,2,Other_Myeloid,116,RNU6-864P
COAD,2,Other_Myeloid,117,NAIPP1
COAD,2,Other_Myeloid,118,H3P47
COAD,2,Other_Myeloid,119,RPS3AP48
COAD,2,Other_Myeloid,120,RP11-48L13.1
COAD,2,Other_Myeloid,121,RP11-218F10.3
COAD,2,Other_Myeloid,122,KRTAP24-1
COAD,2,Other_Myeloid,123,RP11-305O4.2
COAD,2,Other_Myeloid,124,RDM1P2
COAD,2,Other_Myeloid,125,RP5-1160K1.3
COAD,2,Other_Myeloid,126,RP5-1052M9.1
COAD,2,Other_Myeloid,127,OR51T1
COAD,2,Other_Myeloid,128,RP11-856M7.2
COAD,2,Other_Myeloid,129,MRPL42P6
COAD,2,Other_Myeloid,130,GPR42
COAD,2,Other_Myeloid,131,RNU6-29P
COAD,2,Other_Myeloid,132,RNU6-4P
COAD,2,Other_Myeloid,133,OR10R3P
COAD,2,Other_Myeloid,134,RP11-96K14.1
COAD,2,Other_Myeloid,135,RNU6-1059P
COAD,2,Other_Myeloid,136,MIR513A1
COAD,2,Other_Myeloid,137,RP4-614C10.5
COAD,2,Other_Myeloid,138,NRBF2P2
COAD,2,Other_Myeloid,139,NPIPB13
COAD,2,Other_Myeloid,140,OR6C74
COAD,2,Other_Myeloid,141,RP11-552M11.4
COAD,2,Other_Myeloid,142,RP11-137D19.1
COAD,2,Other_Myeloid,143,MTND4P32
COAD,2,Other_Myeloid,144,RNU6-30P
COAD,2,Other_Myeloid,145,RNU1-105P
COAD,2,Other_Myeloid,146,RN7SKP74
COAD,2,Other_Myeloid,147,CTA-520D8.2
COAD,2,Other_Myeloid,148,PLCH1-AS2
COAD,2,Other_Myeloid,149,IGKV1-13
COAD,2,Other_Myeloid,150,EEF1A1P29
COAD,2,Other_Myeloid,151,RNU6-222P
COAD,2,Other_Myeloid,152,RP11-336N8.1
COAD,2,Other_Myeloid,153,CTBP2P1
COAD,2,Other_Myeloid,154,MIR3605
COAD,2,Other_Myeloid,155,NUDT19P2
COAD,2,Other_Myeloid,156,MIR2115
COAD,2,Other_Myeloid,157,RP1-37N7.5
COAD,2,Other_Myeloid,158,CTC-366B18.2
COAD,2,Other_Myeloid,159,MRPL49P2
COAD,2,Other_Myeloid,160,RNU4ATAC6P
COAD,2,Other_Myeloid,161,NIFKP8
COAD,2,Other_Myeloid,162,HAUS1P3
COAD,2,Other_Myeloid,163,EIF4EP1
COAD,2,Other_Myeloid,164,RP11-399F4.3
COAD,2,Other_Myeloid,165,RP11-157B13.10
COAD,2,Other_Myeloid,166,OR11P1P
COAD,2,Other_Myeloid,167,RPEP3
COAD,2,Other_Myeloid,168,DNPH1
COAD,2,Other_Myeloid,169,RNU6-263P
COAD,2,Other_Myeloid,170,RNU6-273P
COAD,2,Other_Myeloid,171,SERF1A
COAD,2,Other_Myeloid,172,MIR3916
COAD,2,Other_Myeloid,173,AC092442.3
COAD,2,Other_Myeloid,174,RPL5P19
COAD,2,Other_Myeloid,175,TUBB4BP1
COAD,2,Other_Myeloid,176,RPL31P35
COAD,2,Other_Myeloid,177,RNU4-24P
COAD,2,Other_Myeloid,178,ZCRB1P1
COAD,2,Other_Myeloid,179,SOS1-IT1
COAD,2,Other_Myeloid,180,RNU2-66P
COAD,2,Other_Myeloid,181,RNF19BPY
COAD,2,Other_Myeloid,182,LINC00266-1
COAD,2,Other_Myeloid,183,IGHV3-20
COAD,2,Other_Myeloid,184,STK16P1
COAD,2,Other_Myeloid,185,RN7SL851P
COAD,2,Other_Myeloid,186,RNU6-506P
COAD,2,Other_Myeloid,187,KRTAP9-6
COAD,2,Other_Myeloid,188,RN7SL503P
COAD,2,Other_Myeloid,189,SNORA22B
COAD,2,Other_Myeloid,190,RP11-434J24.4
COAD,2,Other_Myeloid,191,UBE2V1P8
COAD,2,Other_Myeloid,192,RNU7-164P
COAD,2,Other_Myeloid,193,ELOA3B
COAD,2,Other_Myeloid,194,RP1-202I21.3
COAD,2,Other_Myeloid,195,WASF1P1
COAD,2,Other_Myeloid,196,RP11-131L12.3
COAD,2,Other_Myeloid,197,RPL21P32
COAD,2,Other_Myeloid,198,LINC02753
COAD,2,Other_Myeloid,199,RNU6-983P
COAD,2,Other_Myeloid,200,RNA5SP476
COAD,2,T_NK,1,RPL17P3
COAD,2,T_NK,2,RP11-313I2.8
COAD,2,T_NK,3,AP000648.3
COAD,2,T_NK,4,RP11-434D2.7
COAD,2,T_NK,5,TNFRSF18
COAD,2,T_NK,6,RPS29P28
COAD,2,T_NK,7,RP11-379J13.1
COAD,2,T_NK,8,OR8K4P
COAD,2,T_NK,9,RP11-505K1.1
COAD,2,T_NK,10,RNU6-98P
COAD,2,T_NK,11,MTCO1P38
COAD,2,T_NK,12,RP11-481A20.8
COAD,2,T_NK,13,RNU6-526P
COAD,2,T_NK,14,ENSG10010134504.1
COAD,2,T_NK,15,PHKG1P2
COAD,2,T_NK,16,MIR1302-1
COAD,2,T_NK,17,SNX18P25
COAD,2,T_NK,18,HIGD1AP2
COAD,2,T_NK,19,OR4C16
COAD,2,T_NK,20,MTND1P31
COAD,2,T_NK,21,MIR103B1
COAD,2,T_NK,22,SPATA31E3P
COAD,2,T_NK,23,RP11-411B10.2
COAD,2,T_NK,24,RP11-347N5.3
COAD,2,T_NK,25,MRPS36P3
COAD,2,T_NK,26,GOLGA8F
COAD,2,T_NK,27,IGHVIII-13-1
COAD,2,T_NK,28,HNRNPA3P3
COAD,2,T_NK,29,TNFRSF4
COAD,2,T_NK,30,GS1-388B5.2
COAD,2,T_NK,31,OR4R2P
COAD,2,T_NK,32,RP11-1148O4.1
COAD,2,T_NK,33,RP5-1044O17.1
COAD,2,T_NK,34,RPL12P11
COAD,2,T_NK,35,UBE2CP3
COAD,2,T_NK,36,SNORA40C
COAD,2,T_NK,37,RPS3AP41
COAD,2,T_NK,38,KB-1592A4.14
COAD,2,T_NK,39,ENSG10010138181.1
COAD,2,T_NK,40,RP11-767C6.1
COAD,2,T_NK,41,RP11-841C19.4
COAD,2,T_NK,42,ENSG10010137820.1
COAD,2,T_NK,43,BCLAF1P1
COAD,2,T_NK,44,AP000705.8
COAD,2,T_NK,45,MIR520B
COAD,2,T_NK,46,RP11-1167A19.16
COAD,2,T_NK,47,RNY4P18
COAD,2,T_NK,48,RP11-10F11.3
COAD,2,T_NK,49,RP11-351E7.2
COAD,2,T_NK,50,RP11-756D7.1
COAD,2,T_NK,51,RN7SL336P
COAD,2,T_NK,52,DEFB131D
COAD,2,T_NK,53,RP11-326K13.5
COAD,2,T_NK,54,OR7E28P
COAD,2,T_NK,55,RP11-350D17.3
COAD,2,T_NK,56,GAMTP2
COAD,2,T_NK,57,OR11J1P
COAD,2,T_NK,58,MAST4-IT1
COAD,2,T_NK,59,RP11-665E10.3
COAD,2,T_NK,60,NDUFA5P9
COAD,2,T_NK,61,RN7SKP244
COAD,2,T_NK,62,RP11-335M9.1
COAD,2,T_NK,63,WASHC3P1
COAD,2,T_NK,64,MIR4766
COAD,2,T_NK,65,RNA5SP171
COAD,2,T_NK,66,GS1-115M3.3
COAD,2,T_NK,67,RNU6-934P
COAD,2,T_NK,68,RNU6-1219P
COAD,2,T_NK,69,IGKV2D-38
COAD,2,T_NK,70,RP11-17E15.1
COAD,2,T_NK,71,CTA-345G4.1
COAD,2,T_NK,72,MAGEA8-AS1
COAD,2,T_NK,73,LL0XNC01-138C3.2
COAD,2,T_NK,74,CTC-137K3.1
COAD,2,T_NK,75,RP11-379B18.1
COAD,2,T_NK,76,PTMAP12
COAD,2,T_NK,77,RP11-317P15.6
COAD,2,T_NK,78,PCDHB17P
COAD,2,T_NK,79,PIGFP3
COAD,2,T_NK,80,CTD-2319I12.9
COAD,2,T_NK,81,RNU6-1054P
COAD,2,T_NK,82,PFN5P
COAD,2,T_NK,83,RP11-999E24.3
COAD,2,T_NK,84,AC026150.6
COAD,2,T_NK,85,RP11-1037D22.1
COAD,2,T_NK,86,RNA5SP524
COAD,2,T_NK,87,RP11-77P16.1
COAD,2,T_NK,88,MIR514A1
COAD,2,T_NK,89,ZBTB8OSP1
COAD,2,T_NK,90,TUBAP4
COAD,2,T_NK,91,RNU6-944P
COAD,2,T_NK,92,IFITM3P3
COAD,2,T_NK,93,RN7SL705P
COAD,2,T_NK,94,ENSG10010135304.1
COAD,2,T_NK,95,RP11-126O22.8
COAD,2,T_NK,96,GOLGA6C
COAD,2,T_NK,97,RP11-809H16.3
COAD,2,T_NK,98,RPP40P2
COAD,2,T_NK,99,RP11-313I2.7
COAD,2,T_NK,100,RNU2-8P
COAD,2,T_NK,101,RP11-479G22.7
COAD,2,T_NK,102,RNU6-1338P
COAD,2,T_NK,103,MIR520D
COAD,2,T_NK,104,VN1R46P
COAD,2,T_NK,105,RNU6-1019P
COAD,2,T_NK,106,RN7SL375P
COAD,2,T_NK,107,KRTAP20-4
COAD,2,T_NK,108,LLPHP2
COAD,2,T_NK,109,RN7SL284P
COAD,2,T_NK,110,NCLP2
COAD,2,T_NK,111,RP11-213L8.1
COAD,2,T_NK,112,RNU6-519P
COAD,2,T_NK,113,TRBC2
COAD,2,T_NK,114,GSTT2B
COAD,2,T_NK,115,RN7SL580P
COAD,2,T_NK,116,RP11-548H18.2
COAD,2,T_NK,117,SNORD114-7
COAD,2,T_NK,118,RNU6-99P
COAD,2,T_NK,119,RNU6-493P
COAD,2,T_NK,120,RNA5SP88
COAD,2,T_NK,121,RNA5SP355
COAD,2,T_NK,122,RPS29P1
COAD,2,T_NK,123,HNRNPCL2
COAD,2,T_NK,124,RNU6-159P
COAD,2,T_NK,125,IGKV1D-22
COAD,2,T_NK,126,RP11-490H24.5
COAD,2,T_NK,127,RFPL4AP7
COAD,2,T_NK,128,HSFX3
COAD,2,T_NK,129,RNA5SP284
COAD,2,T_NK,130,AC009237.13
COAD,2,T_NK,131,TRBV10-1
COAD,2,T_NK,132,CTD-2218K11.2
COAD,2,T_NK,133,IGLV2-34
COAD,2,T_NK,134,DNM1P49
COAD,2,T_NK,135,HMGN1P35
COAD,2,T_NK,136,RP11-642C5.1
COAD,2,T_NK,137,CTD-2301A4.6
COAD,2,T_NK,138,EIF4A2P5
COAD,2,T_NK,139,RNU6-713P
COAD,2,T_NK,140,CLCP2
COAD,2,T_NK,141,EIF3C
COAD,2,T_NK,142,RPL3P11
COAD,2,T_NK,143,ROBO2P1
COAD,2,T_NK,144,RPL34P23
COAD,2,T_NK,145,RNU6-264P
COAD,2,T_NK,146,RP3-415N12.1
COAD,2,T_NK,147,PPIAP86
COAD,2,T_NK,148,RNU6-980P
COAD,2,T_NK,149,MIR518D
COAD,2,T_NK,150,RP11-497E19.2
COAD,2,T_NK,151,ENSG10010136661.1
COAD,2,T_NK,152,ESRG
COAD,2,T_NK,153,RP11-73B8.3
COAD,2,T_NK,154,RP11-356K22.1
COAD,2,T_NK,155,RP11-568K15.2
COAD,2,T_NK,156,RN7SL806P
COAD,2,T_NK,157,OR1L3
COAD,2,T_NK,158,RNU2-60P
COAD,2,T_NK,159,ZIK1P1
COAD,2,T_NK,160,GZMB
COAD,2,T_NK,161,RPS4XP14
COAD,2,T_NK,162,RP11-700J17.1
COAD,2,T_NK,163,ENSG10010137582.1
COAD,2,T_NK,164,AKR1D1P1
COAD,2,T_NK,165,OR2W1
COAD,2,T_NK,166,RP11-520D19.1
COAD,2,T_NK,167,OR4A4P
COAD,2,T_NK,168,RPL24P8
COAD,2,T_NK,169,RP11-366M4.2
COAD,2,T_NK,170,MYOG
COAD,2,T_NK,171,RN7SKP19
COAD,2,T_NK,172,RP11-551G24.2
COAD,2,T_NK,173,EIF4EP4
COAD,2,T_NK,174,CSNK1A1P3
COAD,2,T_NK,175,RNA5SP374
COAD,2,T_NK,176,RP11-699C17.1
COAD,2,T_NK,177,RP11-124G5.1
COAD,2,T_NK,178,ENSG10010136084.3
COAD,2,T_NK,179,MIR524
COAD,2,T_NK,180,RP4-555D20.1
COAD,2,T_NK,181,RN7SL83P
COAD,2,T_NK,182,SLC25A5P8
COAD,2,T_NK,183,IGKV2D-26
COAD,2,T_NK,184,RPL30P2
COAD,2,T_NK,185,VN1R92P
COAD,2,T_NK,186,RP11-288C17.1
COAD,2,T_NK,187,IGFBP3
COAD,2,T_NK,188,RP11-536C10.4
COAD,2,T_NK,189,MRGPRX5P
COAD,2,T_NK,190,CTA-113A6.2
COAD,2,T_NK,191,MIR2116
COAD,2,T_NK,192,CTD-2036P10.7
COAD,2,T_NK,193,RP5-1168A5.1
COAD,2,T_NK,194,RP11-72M10.8
COAD,2,T_NK,195,RPL34P20
COAD,2,T_NK,196,SNORD114-12
COAD,2,T_NK,197,CTD-3099C6.5
COAD,2,T_NK,198,RP1-17K7.3
COAD,2,T_NK,199,RP11-707O23.1
COAD,2,T_NK,200,CYCSP22
LUAD,0,B_cell,1,MS4A1
LUAD,0,B_cell,2,CD79B
LUAD,0,B_cell,3,CD79A
LUAD,0,B_cell,4,PAX5
LUAD,0,B_cell,5,FETUB
LUAD,0,B_cell,6,CTC-264K15.5
LUAD,0,B_cell,7,SAMD7
LUAD,0,B_cell,8,LCN6
LUAD,0,B_cell,9,FCRLA
LUAD,0,B_cell,10,BANK1
LUAD,0,B_cell,11,RP11-468E2.6
LUAD,0,B_cell,12,HTR3A
LUAD,0,B_cell,13,CNR1
LUAD,0,B_cell,14,CD19
LUAD,0,B_cell,15,SLC16A4
LUAD,0,B_cell,16,LIPI
LUAD,0,B_cell,17,CCL17
LUAD,0,B_cell,18,KRTAP4-11
LUAD,0,B_cell,19,FCER2
LUAD,0,B_cell,20,KLHL14
LUAD,0,B_cell,21,TAL2
LUAD,0,B_cell,22,BEND5
LUAD,0,B_cell,23,CABP4
LUAD,0,B_cell,24,FSD2
LUAD,0,B_cell,25,GRIN2B
LUAD,0,B_cell,26,NSF
LUAD,0,B_cell,27,UGT8
LUAD,0,B_cell,28,BEND4
LUAD,0,B_cell,29,TMEM132A
LUAD,0,B_cell,30,RGS8
LUAD,0,B_cell,31,DTX1
LUAD,0,B_cell,32,RP11-216L13.16
LUAD,0,B_cell,33,EBF1
LUAD,0,B_cell,34,FAM177B
LUAD,0,B_cell,35,SCN3A
LUAD,0,B_cell,36,TNFRSF13B
LUAD,0,B_cell,37,BLK
LUAD,0,B_cell,38,UGT2B17
LUAD,0,B_cell,39,CHST10
LUAD,0,B_cell,40,NEFL
LUAD,0,B_cell,41,CD24
LUAD,0,B_cell,42,SLC44A5
LUAD,0,B_cell,43,CLEC17A
LUAD,0,B_cell,44,SAA1
LUAD,0,B_cell,45,KCNH8
LUAD,0,B_cell,46,AGBL4
LUAD,0,B_cell,47,MOXD1
LUAD,0,B_cell,48,WNT16
LUAD,0,B_cell,49,INSC
LUAD,0,B_cell,50,RBPMS2
LUAD,0,B_cell,51,MS4A12
LUAD,0,B_cell,52,GOLGA6L10
LUAD,0,B_cell,53,SRGAP2B
LUAD,0,B_cell,54,FSHR
LUAD,0,B_cell,55,KCNJ13
LUAD,0,B_cell,56,ZNF732
LUAD,0,B_cell,57,MYL2
LUAD,0,B_cell,58,GLYATL1B
LUAD,0,B_cell,59,PNOC
LUAD,0,B_cell,60,NLRP11
LUAD,0,B_cell,61,WNK3
LUAD,0,B_cell,62,FAM170B
LUAD,0,B_cell,63,C12orf42
LUAD,0,B_cell,64,ADAM28
LUAD,0,B_cell,65,TMC3
LUAD,0,B_cell,66,F10
LUAD,0,B_cell,67,TCL1A
LUAD,0,B_cell,68,CD5L
LUAD,0,B_cell,69,RP13-347D8.7
LUAD,0,B_cell,70,ADARB2
LUAD,0,B_cell,71,SPIN2A
LUAD,0,B_cell,72,VPREB3
LUAD,0,B_cell,73,CCK
LUAD,0,B_cell,74,CLECL1
LUAD,0,B_cell,75,A3GALT2
LUAD,0,B_cell,76,OR14I1
LUAD,0,B_cell,77,PARP15
LUAD,0,B_cell,78,TMPRSS15
LUAD,0,B_cell,79,SPACA1
LUAD,0,B_cell,80,GLDC
LUAD,0,B_cell,81,CMTM1
LUAD,0,B_cell,82,SMIM9
LUAD,0,B_cell,83,GYPE
LUAD,0,B_cell,84,TLR9
LUAD,0,B_cell,85,FCRL1
LUAD,0,B_cell,86,ACTL6B
LUAD,0,B_cell,87,P2RX5
LUAD,0,B_cell,88,CHL1
LUAD,0,B_cell,89,C1QTNF2
LUAD,0,B_cell,90,HRK
LUAD,0,B_cell,91,CD37
LUAD,0,B_cell,92,TCAF2
LUAD,0,B_cell,93,IGLL5
LUAD,0,B_cell,94,USP17L23
LUAD,0,B_cell,95,LRRIQ4
LUAD,0,B_cell,96,LARGE1
LUAD,0,B_cell,97,PKHD1L1
LUAD,0,B_cell,98,NTNG1
LUAD,0,B_cell,99,DCHS2
LUAD,0,B_cell,100,COL19A1
LUAD,0,B_cell,101,MYBL2
LUAD,0,B_cell,102,SLC30A10
LUAD,0,B_cell,103,EIF4E1B
LUAD,0,B_cell,104,FAM181B
LUAD,0,B_cell,105,PLEKHG1
LUAD,0,B_cell,106,PLG
LUAD,0,B_cell,107,ABCC8
LUAD,0,B_cell,108,COL2A1
LUAD,0,B_cell,109,KLK12
LUAD,0,B_cell,110,MAG
LUAD,0,B_cell,111,STK33
LUAD,0,B_cell,112,ENTHD1
LUAD,0,B_cell,113,TNFRSF13C
LUAD,0,B_cell,114,LCN15
LUAD,0,B_cell,115,BMP7
LUAD,0,B_cell,116,GDF7
LUAD,0,B_cell,117,TAS2R39
LUAD,0,B_cell,118,SLCO2A1
LUAD,0,B_cell,119,OR5AN1
LUAD,0,B_cell,120,AFF2
LUAD,0,B_cell,121,SATL1
LUAD,0,B_cell,122,RP11-173A6.4
LUAD,0,B_cell,123,GDA
LUAD,0,B_cell,124,NPBWR2
LUAD,0,B_cell,125,KCNA5
LUAD,0,B_cell,126,RP11-215A19.2
LUAD,0,B_cell,127,NPIPB11
LUAD,0,B_cell,128,POTEH
LUAD,0,B_cell,129,LCN10
LUAD,0,B_cell,130,GTSF1L
LUAD,0,B_cell,131,MAP7D2
LUAD,0,B_cell,132,DPEP3
LUAD,0,B_cell,133,SYNDIG1
LUAD,0,B_cell,134,OSBPL10
LUAD,0,B_cell,135,TNFRSF17
LUAD,0,B_cell,136,ADRB3
LUAD,0,B_cell,137,PXDNL
LUAD,0,B_cell,138,POU2AF1
LUAD,0,B_cell,139,C16orf78
LUAD,0,B_cell,140,A4GALT
LUAD,0,B_cell,141,PSMA8
LUAD,0,B_cell,142,BFSP2
LUAD,0,B_cell,143,MYT1
LUAD,0,B_cell,144,DNASE1L3
LUAD,0,B_cell,145,CCR6
LUAD,0,B_cell,146,PLEKHG7
LUAD,0,B_cell,147,GALNT8
LUAD,0,B_cell,148,MOGAT3
LUAD,0,B_cell,149,ZMAT4
LUAD,0,B_cell,150,KCNV1
LUAD,0,B_cell,151,STAP1
LUAD,0,B_cell,152,CSNKA2IP
LUAD,0,B_cell,153,FCRL2
LUAD,0,B_cell,154,MS4A13
LUAD,0,B_cell,155,IFNA2
LUAD,0,B_cell,156,UBD
LUAD,0,B_cell,157,SLC26A4
LUAD,0,B_cell,158,GLYATL2
LUAD,0,B_cell,159,TTF1
LUAD,0,B_cell,160,PAQR9
LUAD,0,B_cell,161,GATA4
LUAD,0,B_cell,162,MS4A5
LUAD,0,B_cell,163,CSRNP3
LUAD,0,B_cell,164,RP11-330H6.5
LUAD,0,B_cell,165,CH17-206L4.1
LUAD,0,B_cell,166,SMIM41
LUAD,0,B_cell,167,OR2W3
LUAD,0,B_cell,168,GNB3
LUAD,0,B_cell,169,CALCA
LUAD,0,B_cell,170,RABEP2
LUAD,0,B_cell,171,TCEAL5
LUAD,0,B_cell,172,PRICKLE1
LUAD,0,B_cell,173,ZNF711
LUAD,0,B_cell,174,SLC22A9
LUAD,0,B_cell,175,SPATA48
LUAD,0,B_cell,176,TMEM270
LUAD,0,B_cell,177,SPINK8
LUAD,0,B_cell,178,LINC02218
LUAD,0,B_cell,179,PIANP
LUAD,0,B_cell,180,SYTL4
LUAD,0,B_cell,181,GPER1
LUAD,0,B_cell,182,ATP6V1C2
LUAD,0,B_cell,183,PPP1R14D
LUAD,0,B_cell,184,LVRN
LUAD,0,B_cell,185,CPEB1
LUAD,0,B_cell,186,ANGPT2
LUAD,0,B_cell,187,NEIL1
LUAD,0,B_cell,188,JCHAIN
LUAD,0,B_cell,189,GPM6B
LUAD,0,B_cell,190,SUSD5
LUAD,0,B_cell,191,NLRP13
LUAD,0,B_cell,192,IFNA1
LUAD,0,B_cell,193,CHPT1
LUAD,0,B_cell,194,ASCL1
LUAD,0,B_cell,195,SFRP1
LUAD,0,B_cell,196,E2F5
LUAD,0,B_cell,197,SYNGR1
LUAD,0,B_cell,198,ARL14EPL
LUAD,0,B_cell,199,KRTAP19-2
LUAD,0,B_cell,200,EHMT1
LUAD,0,Endothelial,1,CDH5
LUAD,0,Endothelial,2,VWF
LUAD,0,Endothelial,3,PECAM1
LUAD,0,Endothelial,4,CT45A3
LUAD,0,Endothelial,5,MEIOSIN
LUAD,0,Endothelial,6,SPO11
LUAD,0,Endothelial,7,MC2R
LUAD,0,Endothelial,8,RP1-138B7.6
LUAD,0,Endothelial,9,SERPINA12
LUAD,0,Endothelial,10,MYOG
LUAD,0,Endothelial,11,IFI27
LUAD,0,Endothelial,12,SEPTIN14
LUAD,0,Endothelial,13,RFLNB
LUAD,0,Endothelial,14,APELA
LUAD,0,Endothelial,15,UTY
LUAD,0,Endothelial,16,TBL1Y
LUAD,0,Endothelial,17,PRAMEF18
LUAD,0,Endothelial,18,OR51B6
LUAD,0,Endothelial,19,AOC2
LUAD,0,Endothelial,20,SOX17
LUAD,0,Endothelial,21,LEP
LUAD,0,Endothelial,22,OTOP3
LUAD,0,Endothelial,23,CST9L
LUAD,0,Endothelial,24,CPA2
LUAD,0,Endothelial,25,UTS2R
LUAD,0,Endothelial,26,NAALAD2
LUAD,0,Endothelial,27,FAM228A
LUAD,0,Endothelial,28,AMPD1
LUAD,0,Endothelial,29,TMEM213
LUAD,0,Endothelial,30,DDI1
LUAD,0,Endothelial,31,LCE1B
LUAD,0,Endothelial,32,KCNK3
LUAD,0,Endothelial,33,TRIM40
LUAD,0,Endothelial,34,CYP3A5
LUAD,0,Endothelial,35,KRTAP3-2
LUAD,0,Endothelial,36,KRTAP11-1
LUAD,0,Endothelial,37,HS3ST2
LUAD,0,Endothelial,38,KLF18
LUAD,0,Endothelial,39,RHOJ
LUAD,0,Endothelial,40,RSPH10B
LUAD,0,Endothelial,41,FAM186A
LUAD,0,Endothelial,42,TEX33
LUAD,0,Endothelial,43,NR0B1
LUAD,0,Endothelial,44,NLGN3
LUAD,0,Endothelial,45,NHLH1
LUAD,0,Endothelial,46,LYPD4
LUAD,0,Endothelial,47,DMRTC2
LUAD,0,Endothelial,48,MPV17L
LUAD,0,Endothelial,49,ZNF474
LUAD,0,Endothelial,50,FAM81B
LUAD,0,Endothelial,51,MAP3K19
LUAD,0,Endothelial,52,DEFA1B
LUAD,0,Endothelial,53,FOXN4
LUAD,0,Endothelial,54,TECTA
LUAD,0,Endothelial,55,PTCRA
LUAD,0,Endothelial,56,FOXD3
LUAD,0,Endothelial,57,PGC
LUAD,0,Endothelial,58,APOBEC4
LUAD,0,Endothelial,59,TTPA
LUAD,0,Endothelial,60,DDX3Y
LUAD,0,Endothelial,61,TEX49
LUAD,0,Endothelial,62,ZNF69
LUAD,0,Endothelial,63,PROCR
LUAD,0,Endothelial,64,NMRK2
LUAD,0,Endothelial,65,SLC7A9
LUAD,0,Endothelial,66,GCKR
LUAD,0,Endothelial,67,PF4
LUAD,0,Endothelial,68,HSD17B2
LUAD,0,Endothelial,69,DNMT3L
LUAD,0,Endothelial,70,HPR
LUAD,0,Endothelial,71,SHC2
LUAD,0,Endothelial,72,INSL3
LUAD,0,Endothelial,73,PADI4
LUAD,0,Endothelial,74,WFDC10B
LUAD,0,Endothelial,75,SLCO1B3
LUAD,0,Endothelial,76,PNMA6A
LUAD,0,Endothelial,77,PTGFR
LUAD,0,Endothelial,78,PASD1
LUAD,0,Endothelial,79,GRM6
LUAD,0,Endothelial,80,GAGE2E
LUAD,0,Endothelial,81,FNDC4
LUAD,0,Endothelial,82,AOC3
LUAD,0,Endothelial,83,NKX3-2
LUAD,0,Endothelial,84,OVOL1
LUAD,0,Endothelial,85,TOPAZ1
LUAD,0,Endothelial,86,GSTA3
LUAD,0,Endothelial,87,DUXB
LUAD,0,Endothelial,88,CHRM4
LUAD,0,Endothelial,89,DRGX
LUAD,0,Endothelial,90,APOD
LUAD,0,Endothelial,91,CPXCR1
LUAD,0,Endothelial,92,HAO2
LUAD,0,Endothelial,93,C13orf46
LUAD,0,Endothelial,94,KCNK4
LUAD,0,Endothelial,95,HEPACAM2
LUAD,0,Endothelial,96,ERG
LUAD,0,Endothelial,97,OR51E1
LUAD,0,Endothelial,98,TREML4
LUAD,0,Endothelial,99,H2AP
LUAD,0,Endothelial,100,TEX43
LUAD,0,Endothelial,101,SLC22A2
LUAD,0,Endothelial,102,MMP1
LUAD,0,Endothelial,103,OR10Q1
LUAD,0,Endothelial,104,COL8A1
LUAD,0,Endothelial,105,MYO18B
LUAD,0,Endothelial,106,ZBTB8A
LUAD,0,Endothelial,107,PAX1
LUAD,0,Endothelial,108,TIMP4
LUAD,0,Endothelial,109,HEPACAM
LUAD,0,Endothelial,110,PUS3
LUAD,0,Endothelial,111,ACE
LUAD,0,Endothelial,112,FGA
LUAD,0,Endothelial,113,DIO2
LUAD,0,Endothelial,114,SEPTIN8
LUAD,0,Endothelial,115,MAB21L1
LUAD,0,Endothelial,116,NXPE2
LUAD,0,Endothelial,117,OOSP3
LUAD,0,Endothelial,118,TPH1
LUAD,0,Endothelial,119,IRAK1
LUAD,0,Endothelial,120,OXGR1
LUAD,0,Endothelial,121,HOXA5
LUAD,0,Endothelial,122,RBMS2
LUAD,0,Endothelial,123,VXN
LUAD,0,Endothelial,124,FNDC7
LUAD,0,Endothelial,125,PERCC1
LUAD,0,Endothelial,126,RP11-315A19.1
LUAD,0,Endothelial,127,S100A7A
LUAD,0,Endothelial,128,PLCD4
LUAD,0,Endothelial,129,THBS2
LUAD,0,Endothelial,130,FZD2
LUAD,0,Endothelial,131,KRTAP4-2
LUAD,0,Endothelial,132,CLCNKA
LUAD,0,Endothelial,133,VWCE
LUAD,0,Endothelial,134,OPRD1
LUAD,0,Endothelial,135,SRD5A2
LUAD,0,Endothelial,136,ZNF729
LUAD,0,Endothelial,137,RASL10A
LUAD,0,Endothelial,138,BDKRB1
LUAD,0,Endothelial,139,PCDH8
LUAD,0,Endothelial,140,COL4A1
LUAD,0,Endothelial,141,CYP11A1
LUAD,0,Endothelial,142,ECM1
LUAD,0,Endothelial,143,SPACA4
LUAD,0,Endothelial,144,TCEAL7
LUAD,0,Endothelial,145,SLC10A4
LUAD,0,Endothelial,146,ACSM2B
LUAD,0,Endothelial,147,RFPL4AL1
LUAD,0,Endothelial,148,MRPL21
LUAD,0,Endothelial,149,OGDHL
LUAD,0,Endothelial,150,ZNF844
LUAD,0,Endothelial,151,CKMT1B
LUAD,0,Endothelial,152,STRC
LUAD,0,Endothelial,153,HAO1
LUAD,0,Endothelial,154,FCN1
LUAD,0,Endothelial,155,CLEC4D
LUAD,0,Endothelial,156,MON1A
LUAD,0,Endothelial,157,LHX9
LUAD,0,Endothelial,158,KDM4E
LUAD,0,Endothelial,159,SHCBP1
LUAD,0,Endothelial,160,LRRN2
LUAD,0,Endothelial,161,TAL1
LUAD,0,Endothelial,162,HTR3E
LUAD,0,Endothelial,163,FGF5
LUAD,0,Endothelial,164,HBA1
LUAD,0,Endothelial,165,NUTM2A
LUAD,0,Endothelial,166,NPY1R
LUAD,0,Endothelial,167,CFH
LUAD,0,Endothelial,168,FRRS1L
LUAD,0,Endothelial,169,PAX7
LUAD,0,Endothelial,170,SLC2A4
LUAD,0,Endothelial,171,EFCAB3
LUAD,0,Endothelial,172,C9orf153
LUAD,0,Endothelial,173,DNAAF4
LUAD,0,Endothelial,174,CATSPERB
LUAD,0,Endothelial,175,TLL2
LUAD,0,Endothelial,176,HES5
LUAD,0,Endothelial,177,SLC13A1
LUAD,0,Endothelial,178,CCNA1
LUAD,0,Endothelial,179,TMEM45A
LUAD,0,Endothelial,180,ZNF469
LUAD,0,Endothelial,181,SYT13
LUAD,0,Endothelial,182,KRT20
LUAD,0,Endothelial,183,ADCY6
LUAD,0,Endothelial,184,C13orf42
LUAD,0,Endothelial,185,HAPLN3
LUAD,0,Endothelial,186,CDSN
LUAD,0,Endothelial,187,FER1L6
LUAD,0,Endothelial,188,SSTR1
LUAD,0,Endothelial,189,RIMBP2
LUAD,0,Endothelial,190,IL36B
LUAD,0,Endothelial,191,TNFRSF1A
LUAD,0,Endothelial,192,IL34
LUAD,0,Endothelial,193,HOXD8
LUAD,0,Endothelial,194,CALHM3
LUAD,0,Endothelial,195,SIGLEC14
LUAD,0,Endothelial,196,ADCY1
LUAD,0,Endothelial,197,APOE
LUAD,0,Endothelial,198,C1QTNF5
LUAD,0,Endothelial,199,OR51T1
LUAD,0,Endothelial,200,SLC6A4
LUAD,0,Epithelial,1,KRT18
LUAD,0,Epithelial,2,EPCAM
LUAD,0,Epithelial,3,KRT8
LUAD,0,Epithelial,4,SFTPC
LUAD,0,Epithelial,5,CDH1
LUAD,0,Epithelial,6,MSLN
LUAD,0,Epithelial,7,RP11-565P22.6
LUAD,0,Epithelial,8,PRR15L
LUAD,0,Epithelial,9,FOXA2
LUAD,0,Epithelial,10,C9orf152
LUAD,0,Epithelial,11,PLA2G4B
LUAD,0,Epithelial,12,LGI3
LUAD,0,Epithelial,13,C1orf226
LUAD,0,Epithelial,14,HRCT1
LUAD,0,Epithelial,15,VTCN1
LUAD,0,Epithelial,16,S100A16
LUAD,0,Epithelial,17,KRT19
LUAD,0,Epithelial,18,CLDN15
LUAD,0,Epithelial,19,SPATA46
LUAD,0,Epithelial,20,ATP2C2
LUAD,0,Epithelial,21,SMIM31
LUAD,0,Epithelial,22,GCM1
LUAD,0,Epithelial,23,TMEM125
LUAD,0,Epithelial,24,SLURP2
LUAD,0,Epithelial,25,FOLR1
LUAD,0,Epithelial,26,CNKSR1
LUAD,0,Epithelial,27,RP5-877J2.1
LUAD,0,Epithelial,28,LDLRAD1
LUAD,0,Epithelial,29,ESRP1
LUAD,0,Epithelial,30,BTC
LUAD,0,Epithelial,31,TMEM265
LUAD,0,Epithelial,32,TMPRSS2
LUAD,0,Epithelial,33,NKX2-1
LUAD,0,Epithelial,34,SELENBP1
LUAD,0,Epithelial,35,GUCA2A
LUAD,0,Epithelial,36,LCN2
LUAD,0,Epithelial,37,FAM83A
LUAD,0,Epithelial,38,IL24
LUAD,0,Epithelial,39,TOX3
LUAD,0,Epithelial,40,C1orf210
LUAD,0,Epithelial,41,RASEF
LUAD,0,Epithelial,42,AGR3
LUAD,0,Epithelial,43,SOD3
LUAD,0,Epithelial,44,BMP1
LUAD,0,Epithelial,45,FGF19
LUAD,0,Epithelial,46,MS4A18
LUAD,0,Epithelial,47,MYOCD
LUAD,0,Epithelial,48,CRB3
LUAD,0,Epithelial,49,MUCL3
LUAD,0,Epithelial,50,CYP4B1
LUAD,0,Epithelial,51,SLC10A6
LUAD,0,Epithelial,52,CLDN3
LUAD,0,Epithelial,53,IRX2
LUAD,0,Epithelial,54,ACMSD
LUAD,0,Epithelial,55,AQP1
LUAD,0,Epithelial,56,KLHDC7A
LUAD,0,Epithelial,57,OLFM1
LUAD,0,Epithelial,58,FLRT3
LUAD,0,Epithelial,59,HS3ST6
LUAD,0,Epithelial,60,SDR16C5
LUAD,0,Epithelial,61,ID4
LUAD,0,Epithelial,62,WNT2
LUAD,0,Epithelial,63,HSPB8
LUAD,0,Epithelial,64,AQP4
LUAD,0,Epithelial,65,WFIKKN1
LUAD,0,Epithelial,66,LRRN4
LUAD,0,Epithelial,67,LRRC52
LUAD,0,Epithelial,68,CLDN4
LUAD,0,Epithelial,69,SLFNL1
LUAD,0,Epithelial,70,CLDN9
LUAD,0,Epithelial,71,SLPI
LUAD,0,Epithelial,72,DCST2
LUAD,0,Epithelial,73,C19orf33
LUAD,0,Epithelial,74,IGSF5
LUAD,0,Epithelial,75,CD164L2
LUAD,0,Epithelial,76,LY6D
LUAD,0,Epithelial,77,GABRE
LUAD,0,Epithelial,78,SP5
LUAD,0,Epithelial,79,TMEM184A
LUAD,0,Epithelial,80,SUSD2
LUAD,0,Epithelial,81,SLC34A2
LUAD,0,Epithelial,82,PAX9
LUAD,0,Epithelial,83,CAPN9
LUAD,0,Epithelial,84,TFAP2C
LUAD,0,Epithelial,85,SPANXB1
LUAD,0,Epithelial,86,DSG2
LUAD,0,Epithelial,87,SLC52A3
LUAD,0,Epithelial,88,GDPD3
LUAD,0,Epithelial,89,ELF3
LUAD,0,Epithelial,90,RBM24
LUAD,0,Epithelial,91,PRSS22
LUAD,0,Epithelial,92,VWA2
LUAD,0,Epithelial,93,PCDHAC2
LUAD,0,Epithelial,94,NR0B2
LUAD,0,Epithelial,95,AKR1C2
LUAD,0,Epithelial,96,SLC7A10
LUAD,0,Epithelial,97,FOXQ1
LUAD,0,Epithelial,98,POU2F3
LUAD,0,Epithelial,99,HRC
LUAD,0,Epithelial,100,NECAB1
LUAD,0,Epithelial,101,KCNK1
LUAD,0,Epithelial,102,RHBDL2
LUAD,0,Epithelial,103,PLPP2
LUAD,0,Epithelial,104,PCDH20
LUAD,0,Epithelial,105,RP11-310K10.1
LUAD,0,Epithelial,106,PCDHA11
LUAD,0,Epithelial,107,PRRX2
LUAD,0,Epithelial,108,MARVELD3
LUAD,0,Epithelial,109,TMC7
LUAD,0,Epithelial,110,PGLYRP4
LUAD,0,Epithelial,111,NPSR1
LUAD,0,Epithelial,112,TRIM71
LUAD,0,Epithelial,113,NR2E3
LUAD,0,Epithelial,114,GRHL2
LUAD,0,Epithelial,115,PCDHA13
LUAD,0,Epithelial,116,SIX2
LUAD,0,Epithelial,117,SOX2
LUAD,0,Epithelial,118,PCDHAC1
LUAD,0,Epithelial,119,ARHGEF38
LUAD,0,Epithelial,120,TEX55
LUAD,0,Epithelial,121,STAC2
LUAD,0,Epithelial,122,PCDHA12
LUAD,0,Epithelial,123,LMO3
LUAD,0,Epithelial,124,ABO
LUAD,0,Epithelial,125,USP43
LUAD,0,Epithelial,126,JPH1
LUAD,0,Epithelial,127,SPDEF
LUAD,0,Epithelial,128,IRX3
LUAD,0,Epithelial,129,AMOTL2
LUAD,0,Epithelial,130,RP13-122B23.13
LUAD,0,Epithelial,131,SHH
LUAD,0,Epithelial,132,DDR2
LUAD,0,Epithelial,133,SPARCL1
LUAD,0,Epithelial,134,FAM83H
LUAD,0,Epithelial,135,KRT32
LUAD,0,Epithelial,136,SOWAHB
LUAD,0,Epithelial,137,CASTOR2
LUAD,0,Epithelial,138,SERTAD4
LUAD,0,Epithelial,139,RNF223
LUAD,0,Epithelial,140,IQANK1
LUAD,0,Epithelial,141,SLC6A14
LUAD,0,Epithelial,142,FILIP1
LUAD,0,Epithelial,143,SHISA7
LUAD,0,Epithelial,144,PRSS50
LUAD,0,Epithelial,145,PKP1
LUAD,0,Epithelial,146,MYH14
LUAD,0,Epithelial,147,DNALI1
LUAD,0,Epithelial,148,PCDHA9
LUAD,0,Epithelial,149,PCDHA10
LUAD,0,Epithelial,150,KCNQ3
LUAD,0,Epithelial,151,PDGFA
LUAD,0,Epithelial,152,LAD1
LUAD,0,Epithelial,153,KRT15
LUAD,0,Epithelial,154,SCX
LUAD,0,Epithelial,155,PSAPL1
LUAD,0,Epithelial,156,PCDHA8
LUAD,0,Epithelial,157,SMIM22
LUAD,0,Epithelial,158,SHROOM3
LUAD,0,Epithelial,159,MAL2
LUAD,0,Epithelial,160,VSTM2L
LUAD,0,Epithelial,161,TEDDM1
LUAD,0,Epithelial,162,TWIST2
LUAD,0,Epithelial,163,PCDHA6
LUAD,0,Epithelial,164,PCDHA7
LUAD,0,Epithelial,165,KCNS3
LUAD,0,Epithelial,166,IGFN1
LUAD,0,Epithelial,167,SFTPA2
LUAD,0,Epithelial,168,MAGI1
LUAD,0,Epithelial,169,SSTR5
LUAD,0,Epithelial,170,TRPV6
LUAD,0,Epithelial,171,STMND1
LUAD,0,Epithelial,172,GSDMC
LUAD,0,Epithelial,173,LAMC2
LUAD,0,Epithelial,174,PABPC5
LUAD,0,Epithelial,175,TDRP
LUAD,0,Epithelial,176,POTEF
LUAD,0,Epithelial,177,PCDHA5
LUAD,0,Epithelial,178,COL12A1
LUAD,0,Epithelial,179,C1QTNF9
LUAD,0,Epithelial,180,DSG3
LUAD,0,Epithelial,181,RGS22
LUAD,0,Epithelial,182,LRRN4CL
LUAD,0,Epithelial,183,ARNT2
LUAD,0,Epithelial,184,PCDHA4
LUAD,0,Epithelial,185,TOM1L1
LUAD,0,Epithelial,186,GRB7
LUAD,0,Epithelial,187,COL4A6
LUAD,0,Epithelial,188,LRRC18
LUAD,0,Epithelial,189,PLAC1
LUAD,0,Epithelial,190,PRMT8
LUAD,0,Epithelial,191,DEFB116
LUAD,0,Epithelial,192,PCDHA3
LUAD,0,Epithelial,193,SCNN1B
LUAD,0,Epithelial,194,TACC2
LUAD,0,Epithelial,195,C7orf61
LUAD,0,Epithelial,196,LRATD1
LUAD,0,Epithelial,197,BAIAP2L1
LUAD,0,Epithelial,198,KRT4
LUAD,0,Epithelial,199,DSP
LUAD,0,Epithelial,200,MIPOL1
LUAD,0,Fibroblast,1,COL1A2
LUAD,0,Fibroblast,2,DCN
LUAD,0,Fibroblast,3,LUM
LUAD,0,Fibroblast,4,COL1A1
LUAD,0,Fibroblast,5,KRT16
LUAD,0,Fibroblast,6,C2CD4C
LUAD,0,Fibroblast,7,IGFALS
LUAD,0,Fibroblast,8,ANKK1
LUAD,0,Fibroblast,9,TMEM229A
LUAD,0,Fibroblast,10,FRMD1
LUAD,0,Fibroblast,11,NDN
LUAD,0,Fibroblast,12,KRT75
LUAD,0,Fibroblast,13,CCL15-CCL14
LUAD,0,Fibroblast,14,CCL15
LUAD,0,Fibroblast,15,MUC5AC
LUAD,0,Fibroblast,16,GPIHBP1
LUAD,0,Fibroblast,17,CHGA
LUAD,0,Fibroblast,18,SMIM39
LUAD,0,Fibroblast,19,KEL
LUAD,0,Fibroblast,20,HOXD1
LUAD,0,Fibroblast,21,TTC34
LUAD,0,Fibroblast,22,KIF1A
LUAD,0,Fibroblast,23,PM20D1
LUAD,0,Fibroblast,24,TMEM240
LUAD,0,Fibroblast,25,PFN3
LUAD,0,Fibroblast,26,PYGM
LUAD,0,Fibroblast,27,LRIT2
LUAD,0,Fibroblast,28,TULP1
LUAD,0,Fibroblast,29,NEFM
LUAD,0,Fibroblast,30,H3C13
LUAD,0,Fibroblast,31,WT1
LUAD,0,Fibroblast,32,RAB6B
LUAD,0,Fibroblast,33,ASPG
LUAD,0,Fibroblast,34,GPRIN2
LUAD,0,Fibroblast,35,PLPPR3
LUAD,0,Fibroblast,36,CCDC185
LUAD,0,Fibroblast,37,MICU3
LUAD,0,Fibroblast,38,MUC3A
LUAD,0,Fibroblast,39,TYMS
LUAD,0,Fibroblast,40,CHRFAM7A
LUAD,0,Fibroblast,41,TMEM86B
LUAD,0,Fibroblast,42,DHRS7C
LUAD,0,Fibroblast,43,RPL10L
LUAD,0,Fibroblast,44,KCNJ4
LUAD,0,Fibroblast,45,LORICRIN
LUAD,0,Fibroblast,46,GPR20
LUAD,0,Fibroblast,47,GPD1
LUAD,0,Fibroblast,48,MBD3L2B
LUAD,0,Fibroblast,49,ZDHHC11B
LUAD,0,Fibroblast,50,ARHGAP11B
LUAD,0,Fibroblast,51,GABRA3
LUAD,0,Fibroblast,52,POU3F2
LUAD,0,Fibroblast,53,ASAH2B
LUAD,0,Fibroblast,54,FEZF1
LUAD,0,Fibroblast,55,ARHGEF39
LUAD,0,Fibroblast,56,ADCYAP1
LUAD,0,Fibroblast,57,SYDE2
LUAD,0,Fibroblast,58,SOHLH1
LUAD,0,Fibroblast,59,CDCA7
LUAD,0,Fibroblast,60,OR13D1
LUAD,0,Fibroblast,61,ZNF492
LUAD,0,Fibroblast,62,KCNMB4
LUAD,0,Fibroblast,63,MUC6
LUAD,0,Fibroblast,64,CYP4V2
LUAD,0,Fibroblast,65,SMIM40
LUAD,0,Fibroblast,66,DUX4
LUAD,0,Fibroblast,67,JUN
LUAD,0,Fibroblast,68,RP11-736I24.5
LUAD,0,Fibroblast,69,CTD-2252G20.1
LUAD,0,Fibroblast,70,SLC7A4
LUAD,0,Fibroblast,71,GAS1
LUAD,0,Fibroblast,72,ZNF705E
LUAD,0,Fibroblast,73,LOXL1
LUAD,0,Fibroblast,74,HOXA7
LUAD,0,Fibroblast,75,TUBAL3
LUAD,0,Fibroblast,76,HSPA1B
LUAD,0,Fibroblast,77,DBX2
LUAD,0,Fibroblast,78,LY6L
LUAD,0,Fibroblast,79,TAT
LUAD,0,Fibroblast,80,FRMD6
LUAD,0,Fibroblast,81,OR5K3
LUAD,0,Fibroblast,82,FBXO39
LUAD,0,Fibroblast,83,DUT
LUAD,0,Fibroblast,84,SCGB3A2
LUAD,0,Fibroblast,85,PGGHG
LUAD,0,Fibroblast,86,ARL13A
LUAD,0,Fibroblast,87,PIGW
LUAD,0,Fibroblast,88,H1-2
LUAD,0,Fibroblast,89,TYW3
LUAD,0,Fibroblast,90,RNF146
LUAD,0,Fibroblast,91,SNCG
LUAD,0,Fibroblast,92,HTR6
LUAD,0,Fibroblast,93,TPSD1
LUAD,0,Fibroblast,94,PSAT1
LUAD,0,Fibroblast,95,GRIK3
LUAD,0,Fibroblast,96,H2AC4
LUAD,0,Fibroblast,97,KCNE5
LUAD,0,Fibroblast,98,TEX30
LUAD,0,Fibroblast,99,AMMECR1L
LUAD,0,Fibroblast,100,ARMCX5
LUAD,0,Fibroblast,101,CRYZ
LUAD,0,Fibroblast,102,PROM2
LUAD,0,Fibroblast,103,YAF2
LUAD,0,Fibroblast,104,PGM1
LUAD,0,Fibroblast,105,HOXA4
LUAD,0,Fibroblast,106,PCYT1B
LUAD,0,Fibroblast,107,DENND1B
LUAD,0,Fibroblast,108,NLRP2B
LUAD,0,Fibroblast,109,ASPA
LUAD,0,Fibroblast,110,MC5R
LUAD,0,Fibroblast,111,C10orf53
LUAD,0,Fibroblast,112,ALX1
LUAD,0,Fibroblast,113,IFIT5
LUAD,0,Fibroblast,114,CYP2A6
LUAD,0,Fibroblast,115,NDUFB2
LUAD,0,Fibroblast,116,RPL7
LUAD,0,Fibroblast,117,TRIL
LUAD,0,Fibroblast,118,CARHSP1
LUAD,0,Fibroblast,119,ITGB3BP
LUAD,0,Fibroblast,120,ART1
LUAD,0,Fibroblast,121,HACD1
LUAD,0,Fibroblast,122,TMEM269
LUAD,0,Fibroblast,123,USP21
LUAD,0,Fibroblast,124,NBPF1
LUAD,0,Fibroblast,125,RP3-403A15.5
LUAD,0,Fibroblast,126,ALKBH3
LUAD,0,Fibroblast,127,PHF10
LUAD,0,Fibroblast,128,SOGA3
LUAD,0,Fibroblast,129,CENPE
LUAD,0,Fibroblast,130,AVEN
LUAD,0,Fibroblast,131,CYP51A1
LUAD,0,Fibroblast,132,DNAJB1
LUAD,0,Fibroblast,133,TECR
LUAD,0,Fibroblast,134,CHRM5
LUAD,0,Fibroblast,135,HGSNAT
LUAD,0,Fibroblast,136,PTBP2
LUAD,0,Fibroblast,137,TRIM27
LUAD,0,Fibroblast,138,LRATD2
LUAD,0,Fibroblast,139,LAMP5
LUAD,0,Fibroblast,140,TAGLN2
LUAD,0,Fibroblast,141,SLC12A2
LUAD,0,Fibroblast,142,RBIS
LUAD,0,Fibroblast,143,FAM120C
LUAD,0,Fibroblast,144,PDE6C
LUAD,0,Fibroblast,145,HOXA6
LUAD,0,Fibroblast,146,RING1
LUAD,0,Fibroblast,147,GDF10
LUAD,0,Fibroblast,148,GALNT16
LUAD,0,Fibroblast,149,ERCC8
LUAD,0,Fibroblast,150,DPH6
LUAD,0,Fibroblast,151,MRPS30
LUAD,0,Fibroblast,152,CGB2
LUAD,0,Fibroblast,153,FAM174A
LUAD,0,Fibroblast,154,HPRT1
LUAD,0,Fibroblast,155,SYNCRIP
LUAD,0,Fibroblast,156,OR9A2
LUAD,0,Fibroblast,157,TP53I3
LUAD,0,Fibroblast,158,TIMM23B-AGAP6
LUAD,0,Fibroblast,159,LYZL4
LUAD,0,Fibroblast,160,ZNF641
LUAD,0,Fibroblast,161,EPHX2
LUAD,0,Fibroblast,162,ZNF135
LUAD,0,Fibroblast,163,MMEL1
LUAD,0,Fibroblast,164,CPA4
LUAD,0,Fibroblast,165,MEIG1
LUAD,0,Fibroblast,166,PPP1R36
LUAD,0,Fibroblast,167,CEP350
LUAD,0,Fibroblast,168,CGB3
LUAD,0,Fibroblast,169,SERBP1
LUAD,0,Fibroblast,170,TIMM23B
LUAD,0,Fibroblast,171,RAB11FIP5
LUAD,0,Fibroblast,172,FAM76B
LUAD,0,Fibroblast,173,CEP57
LUAD,0,Fibroblast,174,GPAM
LUAD,0,Fibroblast,175,SP9
LUAD,0,Fibroblast,176,KLF2
LUAD,0,Fibroblast,177,GFM2
LUAD,0,Fibroblast,178,NSA2
LUAD,0,Fibroblast,179,FOXB2
LUAD,0,Fibroblast,180,TMSB10
LUAD,0,Fibroblast,181,SMG8
LUAD,0,Fibroblast,182,ZNF718
LUAD,0,Fibroblast,183,PPP2R1B
LUAD,0,Fibroblast,184,HTATIP2
LUAD,0,Fibroblast,185,TCHHL1
LUAD,0,Fibroblast,186,TMSB15B
LUAD,0,Fibroblast,187,WDR3
LUAD,0,Fibroblast,188,COL20A1
LUAD,0,Fibroblast,189,PRMT9
LUAD,0,Fibroblast,190,RBM5
LUAD,0,Fibroblast,191,EFR3A
LUAD,0,Fibroblast,192,NDUFAF2
LUAD,0,Fibroblast,193,ZNF496
LUAD,0,Fibroblast,194,GIN1
LUAD,0,Fibroblast,195,UFL1
LUAD,0,Fibroblast,196,SMC3
LUAD,0,Fibroblast,197,RDH10
LUAD,0,Fibroblast,198,AMER1
LUAD,0,Fibroblast,199,DEFB124
LUAD,0,Fibroblast,200,MFSD9
LUAD,0,Macrophage,1,AIF1
LUAD,0,Macrophage,2,MSR1
LUAD,0,Macrophage,3,MRC1
LUAD,0,Macrophage,4,ITGAM
LUAD,0,Macrophage,5,MARCO
LUAD,0,Macrophage,6,CD68
LUAD,0,Macrophage,7,CSF1R
LUAD,0,Macrophage,8,OR6Q1
LUAD,0,Macrophage,9,EN2
LUAD,0,Macrophage,10,HCRTR2
LUAD,0,Macrophage,11,FSCN3
LUAD,0,Macrophage,12,FSIP2
LUAD,0,Macrophage,13,OR9Q1
LUAD,0,Macrophage,14,NKX6-3
LUAD,0,Macrophage,15,XIRP2
LUAD,0,Macrophage,16,VSTM1
LUAD,0,Macrophage,17,IGFL3
LUAD,0,Macrophage,18,HNRNPA1P48
LUAD,0,Macrophage,19,ABHD16B
LUAD,0,Macrophage,20,CNTNAP4
LUAD,0,Macrophage,21,SDR9C7
LUAD,0,Macrophage,22,C4orf17
LUAD,0,Macrophage,23,L1TD1
LUAD,0,Macrophage,24,IL36RN
LUAD,0,Macrophage,25,HCAR3
LUAD,0,Macrophage,26,IQCM
LUAD,0,Macrophage,27,CCDC81
LUAD,0,Macrophage,28,RP4-534N18.5
LUAD,0,Macrophage,29,MUSK
LUAD,0,Macrophage,30,HRH4
LUAD,0,Macrophage,31,ZNF385D
LUAD,0,Macrophage,32,CD33
LUAD,0,Macrophage,33,TRPV4
LUAD,0,Macrophage,34,COL11A1
LUAD,0,Macrophage,35,RGS18
LUAD,0,Macrophage,36,CACNG4
LUAD,0,Macrophage,37,OR52N4
LUAD,0,Macrophage,38,LRCOL1
LUAD,0,Macrophage,39,FSTL5
LUAD,0,Macrophage,40,RGS21
LUAD,0,Macrophage,41,MALRD1
LUAD,0,Macrophage,42,MYBPH
LUAD,0,Macrophage,43,SIRPD
LUAD,0,Macrophage,44,MUC13
LUAD,0,Macrophage,45,CFHR4
LUAD,0,Macrophage,46,KCNMB1
LUAD,0,Macrophage,47,CD209
LUAD,0,Macrophage,48,ADGB
LUAD,0,Macrophage,49,RPE65
LUAD,0,Macrophage,50,SLC5A4
LUAD,0,Macrophage,51,SBK3
LUAD,0,Macrophage,52,ST8SIA2
LUAD,0,Macrophage,53,FFAR4
LUAD,0,Macrophage,54,CDH8
LUAD,0,Macrophage,55,BRINP3
LUAD,0,Macrophage,56,TSBP1
LUAD,0,Macrophage,57,GFRAL
LUAD,0,Macrophage,58,SAMD5
LUAD,0,Macrophage,59,CD300E
LUAD,0,Macrophage,60,TEX46
LUAD,0,Macrophage,61,MGAT4D
LUAD,0,Macrophage,62,DSC2
LUAD,0,Macrophage,63,CCL23
LUAD,0,Macrophage,64,PRDM9
LUAD,0,Macrophage,65,FGF6
LUAD,0,Macrophage,66,TAS2R16
LUAD,0,Macrophage,67,CELA2B
LUAD,0,Macrophage,68,CHRNG
LUAD,0,Macrophage,69,CTNNA2
LUAD,0,Macrophage,70,ANKRD30A
LUAD,0,Macrophage,71,CCL2
LUAD,0,Macrophage,72,TMCO5A
LUAD,0,Macrophage,73,PPP1R17
LUAD,0,Macrophage,74,SLC1A7
LUAD,0,Macrophage,75,AADACL2
LUAD,0,Macrophage,76,CELA2A
LUAD,0,Macrophage,77,CTD-3214H19.17
LUAD,0,Macrophage,78,SORCS1
LUAD,0,Macrophage,79,EYS
LUAD,0,Macrophage,80,KBTBD13
LUAD,0,Macrophage,81,SIGLEC7
LUAD,0,Macrophage,82,NKAIN2
LUAD,0,Macrophage,83,PHYHIPL
LUAD,0,Macrophage,84,LILRA6
LUAD,0,Macrophage,85,PPFIA2
LUAD,0,Macrophage,86,MYLK4
LUAD,0,Macrophage,87,C1orf87
LUAD,0,Macrophage,88,HEPHL1
LUAD,0,Macrophage,89,BCHE
LUAD,0,Macrophage,90,SELE
LUAD,0,Macrophage,91,CLEC1A
LUAD,0,Macrophage,92,NRG1
LUAD,0,Macrophage,93,IGSF21
LUAD,0,Macrophage,94,DCANP1
LUAD,0,Macrophage,95,TIFAB
LUAD,0,Macrophage,96,NEGR1
LUAD,0,Macrophage,97,OR51B2
LUAD,0,Macrophage,98,COL9A1
LUAD,0,Macrophage,99,CARD18
LUAD,0,Macrophage,100,TNFAIP6
LUAD,0,Macrophage,101,OLFM3
LUAD,0,Macrophage,102,CXCL8
LUAD,0,Macrophage,103,KCNJ16
LUAD,0,Macrophage,104,C5orf46
LUAD,0,Macrophage,105,TLR4
LUAD,0,Macrophage,106,ZNF311
LUAD,0,Macrophage,107,OPRK1
LUAD,0,Macrophage,108,GKN2
LUAD,0,Macrophage,109,OR2A12
LUAD,0,Macrophage,110,TAS2R1
LUAD,0,Macrophage,111,MGAT4C
LUAD,0,Macrophage,112,CNTN3
LUAD,0,Macrophage,113,HLA-DMB
LUAD,0,Macrophage,114,CRHBP
LUAD,0,Macrophage,115,TREM2
LUAD,0,Macrophage,116,OVCH1
LUAD,0,Macrophage,117,CLEC4A
LUAD,0,Macrophage,118,APOC2
LUAD,0,Macrophage,119,TCN1
LUAD,0,Macrophage,120,SEMA3A
LUAD,0,Macrophage,121,OR2C3
LUAD,0,Macrophage,122,A2M
LUAD,0,Macrophage,123,FPR2
LUAD,0,Macrophage,124,C8orf34
LUAD,0,Macrophage,125,GNAT3
LUAD,0,Macrophage,126,THSD7A
LUAD,0,Macrophage,127,TNFAIP8L3
LUAD,0,Macrophage,128,UGT2A2
LUAD,0,Macrophage,129,ADAMTS19
LUAD,0,Macrophage,130,LRP1B
LUAD,0,Macrophage,131,KCND2
LUAD,0,Macrophage,132,HS6ST3
LUAD,0,Macrophage,133,POPDC2
LUAD,0,Macrophage,134,SVEP1
LUAD,0,Macrophage,135,MGAM
LUAD,0,Macrophage,136,LILRA1
LUAD,0,Macrophage,137,PDE6H
LUAD,0,Macrophage,138,S100B
LUAD,0,Macrophage,139,ASGR2
LUAD,0,Macrophage,140,ZNF804A
LUAD,0,Macrophage,141,OR2B11
LUAD,0,Macrophage,142,APOC4
LUAD,0,Macrophage,143,C3orf22
LUAD,0,Macrophage,144,CLEC4G
LUAD,0,Macrophage,145,OR2A25
LUAD,0,Macrophage,146,DEFB110
LUAD,0,Macrophage,147,IL3RA
LUAD,0,Macrophage,148,SGCZ
LUAD,0,Macrophage,149,CCL4L2
LUAD,0,Macrophage,150,APOC4-APOC2
LUAD,0,Macrophage,151,GRM1
LUAD,0,Macrophage,152,CCL19
LUAD,0,Macrophage,153,PRPS1L1
LUAD,0,Macrophage,154,MEFV
LUAD,0,Macrophage,155,ADAM18
LUAD,0,Macrophage,156,STAB1
LUAD,0,Macrophage,157,MBL2
LUAD,0,Macrophage,158,CACNB2
LUAD,0,Macrophage,159,RP11-205M5.4
LUAD,0,Macrophage,160,GABRG2
LUAD,0,Macrophage,161,QRFP
LUAD,0,Macrophage,162,S100A8
LUAD,0,Macrophage,163,GABRG1
LUAD,0,Macrophage,164,RP1
LUAD,0,Macrophage,165,HTR2C
LUAD,0,Macrophage,166,FBN2
LUAD,0,Macrophage,167,IL1B
LUAD,0,Macrophage,168,TMPRSS9
LUAD,0,Macrophage,169,LINGO2
LUAD,0,Macrophage,170,ZNF214
LUAD,0,Macrophage,171,PIK3C2G
LUAD,0,Macrophage,172,FPR1
LUAD,0,Macrophage,173,C1QC
LUAD,0,Macrophage,174,ZGLP1
LUAD,0,Macrophage,175,LRRC7
LUAD,0,Macrophage,176,LST1
LUAD,0,Macrophage,177,ADH1B
LUAD,0,Macrophage,178,FUT9
LUAD,0,Macrophage,179,C1QA
LUAD,0,Macrophage,180,CD36
LUAD,0,Macrophage,181,TACR3
LUAD,0,Macrophage,182,CCDC180
LUAD,0,Macrophage,183,HLA-DRB5
LUAD,0,Macrophage,184,SLC8A1
LUAD,0,Macrophage,185,TNNI1
LUAD,0,Macrophage,186,GPR33
LUAD,0,Macrophage,187,CDH9
LUAD,0,Macrophage,188,ARHGEF10L
LUAD,0,Macrophage,189,DKK2
LUAD,0,Macrophage,190,OR4C12
LUAD,0,Macrophage,191,ROBO2
LUAD,0,Macrophage,192,MYMX
LUAD,0,Macrophage,193,PLXDC2
LUAD,0,Macrophage,194,SERPINA1
LUAD,0,Macrophage,195,MAFB
LUAD,0,Macrophage,196,LPL
LUAD,0,Macrophage,197,GASK1B
LUAD,0,Macrophage,198,MYCT1
LUAD,0,Macrophage,199,TPPP3
LUAD,0,Macrophage,200,FPR3
LUAD,0,T_NK,1,GNLY
LUAD,0,T_NK,2,CD3E
LUAD,0,T_NK,3,NKG7
LUAD,0,T_NK,4,CD2
LUAD,0,T_NK,5,KLRD1
LUAD,0,T_NK,6,CD3G
LUAD,0,T_NK,7,CD3D
LUAD,0,T_NK,8,CD8A
LUAD,0,T_NK,9,THEMIS
LUAD,0,T_NK,10,KRTAP10-9
LUAD,0,T_NK,11,S1PR5
LUAD,0,T_NK,12,GZMH
LUAD,0,T_NK,13,KRT85
LUAD,0,T_NK,14,IL7R
LUAD,0,T_NK,15,FAM95C
LUAD,0,T_NK,16,AMT
LUAD,0,T_NK,17,GZMB
LUAD,0,T_NK,18,PRR4
LUAD,0,T_NK,19,TMIGD2
LUAD,0,T_NK,20,CCL18
LUAD,0,T_NK,21,IFNG
LUAD,0,T_NK,22,NSG1
LUAD,0,T_NK,23,UNC45B
LUAD,0,T_NK,24,LAG3
LUAD,0,T_NK,25,KRTAP12-4
LUAD,0,T_NK,26,FRMPD3
LUAD,0,T_NK,27,GZMA
LUAD,0,T_NK,28,IQCA1L
LUAD,0,T_NK,29,RTP5
LUAD,0,T_NK,30,KRTAP12-3
LUAD,0,T_NK,31,TRARG1
LUAD,0,T_NK,32,IFNL1
LUAD,0,T_NK,33,KCNA6
LUAD,0,T_NK,34,FSD1
LUAD,0,T_NK,35,CLDN2
LUAD,0,T_NK,36,PRF1
LUAD,0,T_NK,37,ANKRD61
LUAD,0,T_NK,38,CYP2F1
LUAD,0,T_NK,39,APBA2
LUAD,0,T_NK,40,ICOS
LUAD,0,T_NK,41,B3GAT1
LUAD,0,T_NK,42,LRRN3
LUAD,0,T_NK,43,GPR15
LUAD,0,T_NK,44,CEND1
LUAD,0,T_NK,45,KRT2
LUAD,0,T_NK,46,BCL11B
LUAD,0,T_NK,47,CTSW
LUAD,0,T_NK,48,ITGAD
LUAD,0,T_NK,49,SIRPG
LUAD,0,T_NK,50,KIR2DL4
LUAD,0,T_NK,51,PRR33
LUAD,0,T_NK,52,KNCN
LUAD,0,T_NK,53,KLRB1
LUAD,0,T_NK,54,VWA5B1
LUAD,0,T_NK,55,FAM163B
LUAD,0,T_NK,56,CHAT
LUAD,0,T_NK,57,SH2D1A
LUAD,0,T_NK,58,GML
LUAD,0,T_NK,59,BAIAP2L2
LUAD,0,T_NK,60,GAL
LUAD,0,T_NK,61,CCL5
LUAD,0,T_NK,62,EIF2S3B
LUAD,0,T_NK,63,TMEM151A
LUAD,0,T_NK,64,KRT73
LUAD,0,T_NK,65,H3-5
LUAD,0,T_NK,66,GRAP2
LUAD,0,T_NK,67,CLEC2A
LUAD,0,T_NK,68,DBH
LUAD,0,T_NK,69,TSPEAR
LUAD,0,T_NK,70,CD40LG
LUAD,0,T_NK,71,KRT74
LUAD,0,T_NK,72,AMH
LUAD,0,T_NK,73,BCL2L15
LUAD,0,T_NK,74,C7orf33
LUAD,0,T_NK,75,FAM71B
LUAD,0,T_NK,76,MARCHF4
LUAD,0,T_NK,77,TEX13D
LUAD,0,T_NK,78,NELL2
LUAD,0,T_NK,79,FAM166A
LUAD,0,T_NK,80,ZFP57
LUAD,0,T_NK,81,CD226
LUAD,0,T_NK,82,CDHR5
LUAD,0,T_NK,83,ZNF541
LUAD,0,T_NK,84,MRGPRX2
LUAD,0,T_NK,85,JAKMIP1
LUAD,0,T_NK,86,KRTAP4-12
LUAD,0,T_NK,87,JAKMIP2
LUAD,0,T_NK,88,XCL1
LUAD,0,T_NK,89,IL9R
LUAD,0,T_NK,90,AC142391.3
LUAD,0,T_NK,91,FAM166B
LUAD,0,T_NK,92,C4orf50
LUAD,0,T_NK,93,SYTL2
LUAD,0,T_NK,94,KRT77
LUAD,0,T_NK,95,IL2
LUAD,0,T_NK,96,SCML4
LUAD,0,T_NK,97,FAM217A
LUAD,0,T_NK,98,CATSPER4
LUAD,0,T_NK,99,TRAT1
LUAD,0,T_NK,100,RORA
LUAD,0,T_NK,101,IL2RB
LUAD,0,T_NK,102,INAVA
LUAD,0,T_NK,103,JAKMIP3
LUAD,0,T_NK,104,ZBED2
LUAD,0,T_NK,105,BRDT
LUAD,0,T_NK,106,GSC2
LUAD,0,T_NK,107,MATK
LUAD,0,T_NK,108,HOXB8
LUAD,0,T_NK,109,IL17C
LUAD,0,T_NK,110,CD200R1L
LUAD,0,T_NK,111,CTXND2
LUAD,0,T_NK,112,IL23R
LUAD,0,T_NK,113,GPR171
LUAD,0,T_NK,114,CD96
LUAD,0,T_NK,115,ZNF831
LUAD,0,T_NK,116,ZNF683
LUAD,0,T_NK,117,CAMK4
LUAD,0,T_NK,118,CXCR6
LUAD,0,T_NK,119,PRKCQ
LUAD,0,T_NK,120,F2R
LUAD,0,T_NK,121,ECSCR
LUAD,0,T_NK,122,KLRC4-KLRK1
LUAD,0,T_NK,123,KLRF1
LUAD,0,T_NK,124,CPNE7
LUAD,0,T_NK,125,OR10P1
LUAD,0,T_NK,126,ARHGDIG
LUAD,0,T_NK,127,IL12RB2
LUAD,0,T_NK,128,CRIP1
LUAD,0,T_NK,129,CD8B
LUAD,0,T_NK,130,IL3
LUAD,0,T_NK,131,HTR4
LUAD,0,T_NK,132,SLA2
LUAD,0,T_NK,133,FYCO1
LUAD,0,T_NK,134,LZTS1
LUAD,0,T_NK,135,CST7
LUAD,0,T_NK,136,FCGR3A
LUAD,0,T_NK,137,RORC
LUAD,0,T_NK,138,ABHD17A
LUAD,0,T_NK,139,LIM2
LUAD,0,T_NK,140,NMUR1
LUAD,0,T_NK,141,UBASH3A
LUAD,0,T_NK,142,MPZL3
LUAD,0,T_NK,143,PLN
LUAD,0,T_NK,144,GNG4
LUAD,0,T_NK,145,IL18R1
LUAD,0,T_NK,146,SLC17A3
LUAD,0,T_NK,147,PARD6G
LUAD,0,T_NK,148,IL32
LUAD,0,T_NK,149,CPB2
LUAD,0,T_NK,150,AGBL1
LUAD,0,T_NK,151,SFXN1
LUAD,0,T_NK,152,CXorf65
LUAD,0,T_NK,153,SLC52A1
LUAD,0,T_NK,154,PYHIN1
LUAD,0,T_NK,155,ZAP70
LUAD,0,T_NK,156,KLRC4
LUAD,0,T_NK,157,CTU2
LUAD,0,T_NK,158,MMP24
LUAD,0,T_NK,159,GPR34
LUAD,0,T_NK,160,ADAD2
LUAD,0,T_NK,161,SEC31B
LUAD,0,T_NK,162,TMEM59L
LUAD,0,T_NK,163,SARDH
LUAD,0,T_NK,164,GZMK
LUAD,0,T_NK,165,TOGARAM2
LUAD,0,T_NK,166,SPOCK2
LUAD,0,T_NK,167,FYN
LUAD,0,T_NK,168,MT3
LUAD,0,T_NK,169,NPIPB4
LUAD,0,T_NK,170,MYO7A
LUAD,0,T_NK,171,RYR2
LUAD,0,T_NK,172,RUNX3
LUAD,0,T_NK,173,NHS
LUAD,0,T_NK,174,FASLG
LUAD,0,T_NK,175,TAFA1
LUAD,0,T_NK,176,CCR5
LUAD,0,T_NK,177,LAYN
LUAD,0,T_NK,178,EOMES
LUAD,0,T_NK,179,CD6
LUAD,0,T_NK,180,BRME1
LUAD,0,T_NK,181,DNAJC8
LUAD,0,T_NK,182,ITGAE
LUAD,0,T_NK,183,AFAP1
LUAD,0,T_NK,184,CLIC3
LUAD,0,T_NK,185,SOX8
LUAD,0,T_NK,186,CDKL4
LUAD,0,T_NK,187,ADGRG1
LUAD,0,T_NK,188,TRPM8
LUAD,0,T_NK,189,KRT81
LUAD,0,T_NK,190,IKZF3
LUAD,0,T_NK,191,VPS16
LUAD,0,T_NK,192,STYK1
LUAD,0,T_NK,193,DOCK3
LUAD,0,T_NK,194,SKAP1
LUAD,0,T_NK,195,NLRC3
LUAD,0,T_NK,196,LMX1B
LUAD,0,T_NK,197,ELFN1
LUAD,0,T_NK,198,FNDC9
LUAD,0,T_NK,199,GNAO1
LUAD,0,T_NK,200,CD244
LUAD,1,B_cell,1,MS4A1
LUAD,1,B_cell,2,CD79B
LUAD,1,B_cell,3,CD79A
LUAD,1,B_cell,4,PAX5
LUAD,1,B_cell,5,CTC-264K15.5
LUAD,1,B_cell,6,FCRLA
LUAD,1,B_cell,7,FETUB
LUAD,1,B_cell,8,LCN6
LUAD,1,B_cell,9,HTR3A
LUAD,1,B_cell,10,CD19
LUAD,1,B_cell,11,CCL17
LUAD,1,B_cell,12,BANK1
LUAD,1,B_cell,13,SLC16A4
LUAD,1,B_cell,14,KLHL14
LUAD,1,B_cell,15,CNR1
LUAD,1,B_cell,16,SAMD7
LUAD,1,B_cell,17,KRTAP4-11
LUAD,1,B_cell,18,KCNH8
LUAD,1,B_cell,19,TMEM132A
LUAD,1,B_cell,20,FSD2
LUAD,1,B_cell,21,CHST10
LUAD,1,B_cell,22,TAL2
LUAD,1,B_cell,23,LIPI
LUAD,1,B_cell,24,FCER2
LUAD,1,B_cell,25,RP11-216L13.16
LUAD,1,B_cell,26,CABP4
LUAD,1,B_cell,27,SLC25A41
LUAD,1,B_cell,28,MS4A12
LUAD,1,B_cell,29,BEND5
LUAD,1,B_cell,30,BEND4
LUAD,1,B_cell,31,EBF1
LUAD,1,B_cell,32,MYL2
LUAD,1,B_cell,33,BLK
LUAD,1,B_cell,34,DTX1
LUAD,1,B_cell,35,PNOC
LUAD,1,B_cell,36,CHL1
LUAD,1,B_cell,37,UGT8
LUAD,1,B_cell,38,GLYATL2
LUAD,1,B_cell,39,INSC
LUAD,1,B_cell,40,TNFRSF13B
LUAD,1,B_cell,41,ADCYAP1R1
LUAD,1,B_cell,42,UGT2B17
LUAD,1,B_cell,43,GRIN2B
LUAD,1,B_cell,44,LPAR4
LUAD,1,B_cell,45,APCDD1L
LUAD,1,B_cell,46,GOLGA6L7
LUAD,1,B_cell,47,JCHAIN
LUAD,1,B_cell,48,FSHR
LUAD,1,B_cell,49,MOXD1
LUAD,1,B_cell,50,SCN3A
LUAD,1,B_cell,51,FCRL1
LUAD,1,B_cell,52,KCNJ13
LUAD,1,B_cell,53,TMPRSS15
LUAD,1,B_cell,54,TNFRSF17
LUAD,1,B_cell,55,UBD
LUAD,1,B_cell,56,CLECL1
LUAD,1,B_cell,57,SAA1
LUAD,1,B_cell,58,GGT6
LUAD,1,B_cell,59,RP11-468E2.6
LUAD,1,B_cell,60,GOLGA6L10
LUAD,1,B_cell,61,CDO1
LUAD,1,B_cell,62,LEFTY2
LUAD,1,B_cell,63,RBPMS2
LUAD,1,B_cell,64,ENTHD1
LUAD,1,B_cell,65,EIF4E1B
LUAD,1,B_cell,66,FOXD4L1
LUAD,1,B_cell,67,TLR9
LUAD,1,B_cell,68,CLEC17A
LUAD,1,B_cell,69,NSF
LUAD,1,B_cell,70,CSNKA2IP
LUAD,1,B_cell,71,NTNG1
LUAD,1,B_cell,72,PIANP
LUAD,1,B_cell,73,ADAM28
LUAD,1,B_cell,74,RGS8
LUAD,1,B_cell,75,CD24
LUAD,1,B_cell,76,COL19A1
LUAD,1,B_cell,77,HRK
LUAD,1,B_cell,78,SLC44A5
LUAD,1,B_cell,79,AGBL4
LUAD,1,B_cell,80,CMTM1
LUAD,1,B_cell,81,ZNF732
LUAD,1,B_cell,82,A4GALT
LUAD,1,B_cell,83,PLEKHG7
LUAD,1,B_cell,84,TCL1A
LUAD,1,B_cell,85,PPP1R14D
LUAD,1,B_cell,86,AC104304.4
LUAD,1,B_cell,87,STMN4
LUAD,1,B_cell,88,KCND3
LUAD,1,B_cell,89,WNT16
LUAD,1,B_cell,90,FAM177B
LUAD,1,B_cell,91,TNFRSF13C
LUAD,1,B_cell,92,PAQR9
LUAD,1,B_cell,93,F10
LUAD,1,B_cell,94,C12orf42
LUAD,1,B_cell,95,PLEKHG1
LUAD,1,B_cell,96,BCLAF3
LUAD,1,B_cell,97,GLDC
LUAD,1,B_cell,98,DCHS2
LUAD,1,B_cell,99,HTR3B
LUAD,1,B_cell,100,PARP15
LUAD,1,B_cell,101,TCAF2
LUAD,1,B_cell,102,SMIM28
LUAD,1,B_cell,103,WNK3
LUAD,1,B_cell,104,TTF1
LUAD,1,B_cell,105,SMIM43
LUAD,1,B_cell,106,XKR5
LUAD,1,B_cell,107,MYBL2
LUAD,1,B_cell,108,VPREB3
LUAD,1,B_cell,109,CLEC4F
LUAD,1,B_cell,110,GOLGA6A
LUAD,1,B_cell,111,SHOX
LUAD,1,B_cell,112,RABEP2
LUAD,1,B_cell,113,KCNA5
LUAD,1,B_cell,114,F9
LUAD,1,B_cell,115,ACTL6B
LUAD,1,B_cell,116,PSMA8
LUAD,1,B_cell,117,ADGRG4
LUAD,1,B_cell,118,ALPL
LUAD,1,B_cell,119,C22orf42
LUAD,1,B_cell,120,POTEH
LUAD,1,B_cell,121,PCDHB8
LUAD,1,B_cell,122,ABHD12B
LUAD,1,B_cell,123,TF
LUAD,1,B_cell,124,COL2A1
LUAD,1,B_cell,125,BARX1
LUAD,1,B_cell,126,NLRP11
LUAD,1,B_cell,127,OR2W3
LUAD,1,B_cell,128,RP11-173A6.4
LUAD,1,B_cell,129,PKHD1L1
LUAD,1,B_cell,130,TCEAL5
LUAD,1,B_cell,131,RPRML
LUAD,1,B_cell,132,ASZ1
LUAD,1,B_cell,133,ARL14EPL
LUAD,1,B_cell,134,DEFA3
LUAD,1,B_cell,135,CTRB2
LUAD,1,B_cell,136,LCN10
LUAD,1,B_cell,137,STK33
LUAD,1,B_cell,138,OR4Q3
LUAD,1,B_cell,139,CLEC20A
LUAD,1,B_cell,140,MAP7D2
LUAD,1,B_cell,141,PRPH2
LUAD,1,B_cell,142,PRICKLE1
LUAD,1,B_cell,143,ZNF532
LUAD,1,B_cell,144,HSPB3
LUAD,1,B_cell,145,PLG
LUAD,1,B_cell,146,KLK7
LUAD,1,B_cell,147,P2RX5
LUAD,1,B_cell,148,SAA4
LUAD,1,B_cell,149,CD37
LUAD,1,B_cell,150,RP13-347D8.7
LUAD,1,B_cell,151,TMEM270
LUAD,1,B_cell,152,STAP1
LUAD,1,B_cell,153,ASMT
LUAD,1,B_cell,154,CCR6
LUAD,1,B_cell,155,OR5AU1
LUAD,1,B_cell,156,LARGE1
LUAD,1,B_cell,157,SYNGR1
LUAD,1,B_cell,158,MYT1
LUAD,1,B_cell,159,OR11A1
LUAD,1,B_cell,160,CD5L
LUAD,1,B_cell,161,EHMT1
LUAD,1,B_cell,162,OR13A1
LUAD,1,B_cell,163,SPACA1
LUAD,1,B_cell,164,OSBPL10
LUAD,1,B_cell,165,FCRL4
LUAD,1,B_cell,166,MYBPHL
LUAD,1,B_cell,167,NR2E1
LUAD,1,B_cell,168,RP11-330H6.5
LUAD,1,B_cell,169,GGTLC1
LUAD,1,B_cell,170,MYBPC1
LUAD,1,B_cell,171,LVRN
LUAD,1,B_cell,172,SPATA48
LUAD,1,B_cell,173,TBXA2R
LUAD,1,B_cell,174,USP17L23
LUAD,1,B_cell,175,MAG
LUAD,1,B_cell,176,NXF3
LUAD,1,B_cell,177,CXCR5
LUAD,1,B_cell,178,TLR7
LUAD,1,B_cell,179,PAEP
LUAD,1,B_cell,180,BFSP2
LUAD,1,B_cell,181,NEFL
LUAD,1,B_cell,182,P2RY14
LUAD,1,B_cell,183,GTF2A1L
LUAD,1,B_cell,184,SPRR3
LUAD,1,B_cell,185,RFX4
LUAD,1,B_cell,186,TTC9
LUAD,1,B_cell,187,SPATA22
LUAD,1,B_cell,188,DMD
LUAD,1,B_cell,189,RHEX
LUAD,1,B_cell,190,MPDZ
LUAD,1,B_cell,191,MICAL3
LUAD,1,B_cell,192,MAGEA4
LUAD,1,B_cell,193,RASA4
LUAD,1,B_cell,194,GPR143
LUAD,1,B_cell,195,SYT13
LUAD,1,B_cell,196,SMIM11B
LUAD,1,B_cell,197,GHRH
LUAD,1,B_cell,198,POU2AF1
LUAD,1,B_cell,199,PLA2G10
LUAD,1,B_cell,200,NEUROD1
LUAD,1,Endothelial,1,CDH5
LUAD,1,Endothelial,2,VWF
LUAD,1,Endothelial,3,PECAM1
LUAD,1,Endothelial,4,SMIM11A
LUAD,1,Endothelial,5,MYOG
LUAD,1,Endothelial,6,RFLNB
LUAD,1,Endothelial,7,SIM2
LUAD,1,Endothelial,8,CCL7
LUAD,1,Endothelial,9,ZFY
LUAD,1,Endothelial,10,DIO2
LUAD,1,Endothelial,11,IFI27
LUAD,1,Endothelial,12,UTS2R
LUAD,1,Endothelial,13,TBL1Y
LUAD,1,Endothelial,14,KDM4F
LUAD,1,Endothelial,15,AOC2
LUAD,1,Endothelial,16,TECTA
LUAD,1,Endothelial,17,DSG4
LUAD,1,Endothelial,18,MC2R
LUAD,1,Endothelial,19,PNMA6A
LUAD,1,Endothelial,20,CT45A3
LUAD,1,Endothelial,21,DCSTAMP
LUAD,1,Endothelial,22,NTF3
LUAD,1,Endothelial,23,LEP
LUAD,1,Endothelial,24,HOGA1
LUAD,1,Endothelial,25,RGN
LUAD,1,Endothelial,26,CATSPERB
LUAD,1,Endothelial,27,STXBP6
LUAD,1,Endothelial,28,DEFA1B
LUAD,1,Endothelial,29,EPX
LUAD,1,Endothelial,30,NLGN3
LUAD,1,Endothelial,31,OR51S1
LUAD,1,Endothelial,32,ARHGAP36
LUAD,1,Endothelial,33,IFNA1
LUAD,1,Endothelial,34,CCN6
LUAD,1,Endothelial,35,GOLGA8R
LUAD,1,Endothelial,36,UTY
LUAD,1,Endothelial,37,DDX3Y
LUAD,1,Endothelial,38,C1QTNF12
LUAD,1,Endothelial,39,DACT2
LUAD,1,Endothelial,40,EXOC1L
LUAD,1,Endothelial,41,RP1-138B7.6
LUAD,1,Endothelial,42,MEIOSIN
LUAD,1,Endothelial,43,C9orf153
LUAD,1,Endothelial,44,CHST8
LUAD,1,Endothelial,45,KCNK4
LUAD,1,Endothelial,46,H2AP
LUAD,1,Endothelial,47,FNDC7
LUAD,1,Endothelial,48,GJA10
LUAD,1,Endothelial,49,AOC3
LUAD,1,Endothelial,50,SLC10A4
LUAD,1,Endothelial,51,HOXA5
LUAD,1,Endothelial,52,CALHM3
LUAD,1,Endothelial,53,PF4
LUAD,1,Endothelial,54,RP11-315A19.1
LUAD,1,Endothelial,55,ADAMTS2
LUAD,1,Endothelial,56,HS3ST2
LUAD,1,Endothelial,57,CYP4F2
LUAD,1,Endothelial,58,RANBP17
LUAD,1,Endothelial,59,ASPN
LUAD,1,Endothelial,60,SLC22A13
LUAD,1,Endothelial,61,BDKRB1
LUAD,1,Endothelial,62,ZNF474
LUAD,1,Endothelial,63,SMIM36
LUAD,1,Endothelial,64,NAALAD2
LUAD,1,Endothelial,65,SPAG11B
LUAD,1,Endothelial,66,DEFB1
LUAD,1,Endothelial,67,OIT3
LUAD,1,Endothelial,68,ACTL8
LUAD,1,Endothelial,69,SLC6A15
LUAD,1,Endothelial,70,ASCL4
LUAD,1,Endothelial,71,DEFB125
LUAD,1,Endothelial,72,LCE1B
LUAD,1,Endothelial,73,SLC35D3
LUAD,1,Endothelial,74,FCN1
LUAD,1,Endothelial,75,SNCG
LUAD,1,Endothelial,76,HNF4A
LUAD,1,Endothelial,77,CYP3A5
LUAD,1,Endothelial,78,KRTAP3-2
LUAD,1,Endothelial,79,TRIM42
LUAD,1,Endothelial,80,APOD
LUAD,1,Endothelial,81,KLF17
LUAD,1,Endothelial,82,OR10Q1
LUAD,1,Endothelial,83,ZNF469
LUAD,1,Endothelial,84,FTMT
LUAD,1,Endothelial,85,GCKR
LUAD,1,Endothelial,86,RNF113B
LUAD,1,Endothelial,87,SMTNL2
LUAD,1,Endothelial,88,KCNE5
LUAD,1,Endothelial,89,PLCD4
LUAD,1,Endothelial,90,APELA
LUAD,1,Endothelial,91,PROCR
LUAD,1,Endothelial,92,C11orf94
LUAD,1,Endothelial,93,CYP4F11
LUAD,1,Endothelial,94,ELOA3
LUAD,1,Endothelial,95,NLRP2
LUAD,1,Endothelial,96,TCL1B
LUAD,1,Endothelial,97,SLC6A13
LUAD,1,Endothelial,98,SGK2
LUAD,1,Endothelial,99,CD177
LUAD,1,Endothelial,100,METTL11B
LUAD,1,Endothelial,101,CFAP44
LUAD,1,Endothelial,102,CYP11B2
LUAD,1,Endothelial,103,MAGEC3
LUAD,1,Endothelial,104,PLET1
LUAD,1,Endothelial,105,SLFN14
LUAD,1,Endothelial,106,NEU4
LUAD,1,Endothelial,107,ELOA3D
LUAD,1,Endothelial,108,HTR1A
LUAD,1,Endothelial,109,HEPACAM
LUAD,1,Endothelial,110,SLC46A1
LUAD,1,Endothelial,111,VSIG2
LUAD,1,Endothelial,112,DUXB
LUAD,1,Endothelial,113,OR51E1
LUAD,1,Endothelial,114,SERP2
LUAD,1,Endothelial,115,SMR3B
LUAD,1,Endothelial,116,DCLK3
LUAD,1,Endothelial,117,FNDC4
LUAD,1,Endothelial,118,IFITM3
LUAD,1,Endothelial,119,METTL21C
LUAD,1,Endothelial,120,HS3ST4
LUAD,1,Endothelial,121,RANBP3L
LUAD,1,Endothelial,122,MUC22
LUAD,1,Endothelial,123,RP1L1
LUAD,1,Endothelial,124,PAX7
LUAD,1,Endothelial,125,RASA4B
LUAD,1,Endothelial,126,ACSM2B
LUAD,1,Endothelial,127,MPV17L
LUAD,1,Endothelial,128,ZNF69
LUAD,1,Endothelial,129,FLG2
LUAD,1,Endothelial,130,CLEC3A
LUAD,1,Endothelial,131,CWH43
LUAD,1,Endothelial,132,UGT3A1
LUAD,1,Endothelial,133,ANGPTL2
LUAD,1,Endothelial,134,NKAP
LUAD,1,Endothelial,135,CX3CL1
LUAD,1,Endothelial,136,FAM13C
LUAD,1,Endothelial,137,ITIH2
LUAD,1,Endothelial,138,FAM205A
LUAD,1,Endothelial,139,NANOG
LUAD,1,Endothelial,140,SYT15
LUAD,1,Endothelial,141,OR8B12
LUAD,1,Endothelial,142,HOXA9
LUAD,1,Endothelial,143,MAP3K19
LUAD,1,Endothelial,144,UCHL1
LUAD,1,Endothelial,145,HOXA10-HOXA9
LUAD,1,Endothelial,146,SEPTIN14
LUAD,1,Endothelial,147,CCDC179
LUAD,1,Endothelial,148,RNASE10
LUAD,1,Endothelial,149,EDC4
LUAD,1,Endothelial,150,HEPACAM2
LUAD,1,Endothelial,151,WDR97
LUAD,1,Endothelial,152,CXCL11
LUAD,1,Endothelial,153,SULT1C4
LUAD,1,Endothelial,154,LRRC53
LUAD,1,Endothelial,155,MMD2
LUAD,1,Endothelial,156,DNAJC12
LUAD,1,Endothelial,157,ACSM5
LUAD,1,Endothelial,158,OTC
LUAD,1,Endothelial,159,ASB16
LUAD,1,Endothelial,160,AK1
LUAD,1,Endothelial,161,OR5M11
LUAD,1,Endothelial,162,S1PR2
LUAD,1,Endothelial,163,CAV3
LUAD,1,Endothelial,164,OR10D3
LUAD,1,Endothelial,165,SERTM1
LUAD,1,Endothelial,166,SMIM42
LUAD,1,Endothelial,167,RFX6
LUAD,1,Endothelial,168,AKAP12
LUAD,1,Endothelial,169,FGF7
LUAD,1,Endothelial,170,SEPTIN8
LUAD,1,Endothelial,171,TCEAL6
LUAD,1,Endothelial,172,ADAM33
LUAD,1,Endothelial,173,GP1BA
LUAD,1,Endothelial,174,HPR
LUAD,1,Endothelial,175,FRRS1L
LUAD,1,Endothelial,176,MRAP2
LUAD,1,Endothelial,177,TGM7
LUAD,1,Endothelial,178,CYP26C1
LUAD,1,Endothelial,179,SPINK14
LUAD,1,Endothelial,180,CABP5
LUAD,1,Endothelial,181,SLC15A1
LUAD,1,Endothelial,182,SLCO1B3
LUAD,1,Endothelial,183,MYF6
LUAD,1,Endothelial,184,TMEM215
LUAD,1,Endothelial,185,RGS4
LUAD,1,Endothelial,186,OR8G5
LUAD,1,Endothelial,187,ZNF623
LUAD,1,Endothelial,188,CLIC6
LUAD,1,Endothelial,189,RP11-385D13.1
LUAD,1,Endothelial,190,TEX43
LUAD,1,Endothelial,191,TMEM100
LUAD,1,Endothelial,192,ADIG
LUAD,1,Endothelial,193,LHX9
LUAD,1,Endothelial,194,NGEF
LUAD,1,Endothelial,195,H1-0
LUAD,1,Endothelial,196,FAM193B
LUAD,1,Endothelial,197,CYP27B1
LUAD,1,Endothelial,198,GNS
LUAD,1,Endothelial,199,CKMT1B
LUAD,1,Endothelial,200,STRC
LUAD,1,Epithelial,1,KRT18
LUAD,1,Epithelial,2,EPCAM
LUAD,1,Epithelial,3,SFTPC
LUAD,1,Epithelial,4,KRT8
LUAD,1,Epithelial,5,CDH1
LUAD,1,Epithelial,6,MSLN
LUAD,1,Epithelial,7,RP11-565P22.6
LUAD,1,Epithelial,8,PRR15L
LUAD,1,Epithelial,9,PLA2G4B
LUAD,1,Epithelial,10,FOXA2
LUAD,1,Epithelial,11,C9orf152
LUAD,1,Epithelial,12,C1orf226
LUAD,1,Epithelial,13,LGI3
LUAD,1,Epithelial,14,RASEF
LUAD,1,Epithelial,15,TMEM125
LUAD,1,Epithelial,16,AGR3
LUAD,1,Epithelial,17,VTCN1
LUAD,1,Epithelial,18,BTC
LUAD,1,Epithelial,19,GCM1
LUAD,1,Epithelial,20,KRT19
LUAD,1,Epithelial,21,ESRP1
LUAD,1,Epithelial,22,HRCT1
LUAD,1,Epithelial,23,S100A16
LUAD,1,Epithelial,24,NKX2-1
LUAD,1,Epithelial,25,SPATA46
LUAD,1,Epithelial,26,CNKSR1
LUAD,1,Epithelial,27,C19orf33
LUAD,1,Epithelial,28,C1orf210
LUAD,1,Epithelial,29,ATP2C2
LUAD,1,Epithelial,30,TMEM265
LUAD,1,Epithelial,31,CLDN9
LUAD,1,Epithelial,32,FOLR1
LUAD,1,Epithelial,33,LDLRAD1
LUAD,1,Epithelial,34,PGLYRP4
LUAD,1,Epithelial,35,MS4A18
LUAD,1,Epithelial,36,FLRT3
LUAD,1,Epithelial,37,MAL2
LUAD,1,Epithelial,38,BMP1
LUAD,1,Epithelial,39,CLDN15
LUAD,1,Epithelial,40,RP5-877J2.1
LUAD,1,Epithelial,41,SOD3
LUAD,1,Epithelial,42,TWIST2
LUAD,1,Epithelial,43,WFIKKN1
LUAD,1,Epithelial,44,SELENBP1
LUAD,1,Epithelial,45,SLURP2
LUAD,1,Epithelial,46,LAD1
LUAD,1,Epithelial,47,CAPN9
LUAD,1,Epithelial,48,CCN1
LUAD,1,Epithelial,49,TFAP2C
LUAD,1,Epithelial,50,SP5
LUAD,1,Epithelial,51,SDR16C5
LUAD,1,Epithelial,52,RNF223
LUAD,1,Epithelial,53,CLDN4
LUAD,1,Epithelial,54,WNT2
LUAD,1,Epithelial,55,KRT15
LUAD,1,Epithelial,56,IL24
LUAD,1,Epithelial,57,SLC10A6
LUAD,1,Epithelial,58,MUCL3
LUAD,1,Epithelial,59,IRX3
LUAD,1,Epithelial,60,DCST2
LUAD,1,Epithelial,61,GLUD2
LUAD,1,Epithelial,62,LCN2
LUAD,1,Epithelial,63,PCDHAC2
LUAD,1,Epithelial,64,SUSD2
LUAD,1,Epithelial,65,AQP1
LUAD,1,Epithelial,66,TMPRSS2
LUAD,1,Epithelial,67,TMEM184A
LUAD,1,Epithelial,68,RGS22
LUAD,1,Epithelial,69,GDPD3
LUAD,1,Epithelial,70,DSG2
LUAD,1,Epithelial,71,PRSS22
LUAD,1,Epithelial,72,SLITRK6
LUAD,1,Epithelial,73,TOX3
LUAD,1,Epithelial,74,HS3ST6
LUAD,1,Epithelial,75,LRATD1
LUAD,1,Epithelial,76,CLDN3
LUAD,1,Epithelial,77,PCDH20
LUAD,1,Epithelial,78,RP11-310K10.1
LUAD,1,Epithelial,79,OLFM1
LUAD,1,Epithelial,80,FOXQ1
LUAD,1,Epithelial,81,KRT32
LUAD,1,Epithelial,82,SLFNL1
LUAD,1,Epithelial,83,GPR87
LUAD,1,Epithelial,84,ELF3
LUAD,1,Epithelial,85,SLC52A3
LUAD,1,Epithelial,86,TRIM71
LUAD,1,Epithelial,87,AMTN
LUAD,1,Epithelial,88,PRRX2
LUAD,1,Epithelial,89,GRHL2
LUAD,1,Epithelial,90,IRX2
LUAD,1,Epithelial,91,SLPI
LUAD,1,Epithelial,92,SLC2A2
LUAD,1,Epithelial,93,CRB3
LUAD,1,Epithelial,94,TMC7
LUAD,1,Epithelial,95,MYH14
LUAD,1,Epithelial,96,DNALI1
LUAD,1,Epithelial,97,LY6D
LUAD,1,Epithelial,98,AADAC
LUAD,1,Epithelial,99,BCO1
LUAD,1,Epithelial,100,CD164L2
LUAD,1,Epithelial,101,AMOTL2
LUAD,1,Epithelial,102,OSMR
LUAD,1,Epithelial,103,SIX2
LUAD,1,Epithelial,104,DDR2
LUAD,1,Epithelial,105,PKP1
LUAD,1,Epithelial,106,SOX2
LUAD,1,Epithelial,107,PCDHAC1
LUAD,1,Epithelial,108,HRC
LUAD,1,Epithelial,109,SSTR5
LUAD,1,Epithelial,110,C7orf61
LUAD,1,Epithelial,111,CYP4B1
LUAD,1,Epithelial,112,PCDHA13
LUAD,1,Epithelial,113,NPSR1
LUAD,1,Epithelial,114,CRYAB
LUAD,1,Epithelial,115,GSDMC
LUAD,1,Epithelial,116,ASS1
LUAD,1,Epithelial,117,KRT4
LUAD,1,Epithelial,118,PLPP2
LUAD,1,Epithelial,119,LRRN4
LUAD,1,Epithelial,120,CA1
LUAD,1,Epithelial,121,VWA2
LUAD,1,Epithelial,122,LCE1A
LUAD,1,Epithelial,123,SMIM31
LUAD,1,Epithelial,124,SOWAHB
LUAD,1,Epithelial,125,PCDHA12
LUAD,1,Epithelial,126,DSP
LUAD,1,Epithelial,127,ID4
LUAD,1,Epithelial,128,SLC34A2
LUAD,1,Epithelial,129,ENTPD3
LUAD,1,Epithelial,130,PCDHA11
LUAD,1,Epithelial,131,FAM83A
LUAD,1,Epithelial,132,KLHDC7A
LUAD,1,Epithelial,133,VSTM2L
LUAD,1,Epithelial,134,ARHGEF38
LUAD,1,Epithelial,135,SERPINB11
LUAD,1,Epithelial,136,PAX9
LUAD,1,Epithelial,137,SDC1
LUAD,1,Epithelial,138,SULT1A2
LUAD,1,Epithelial,139,IGSF5
LUAD,1,Epithelial,140,LRRC8E
LUAD,1,Epithelial,141,NMU
LUAD,1,Epithelial,142,POU2F3
LUAD,1,Epithelial,143,SCNN1B
LUAD,1,Epithelial,144,GABRE
LUAD,1,Epithelial,145,KCNK1
LUAD,1,Epithelial,146,PSAPL1
LUAD,1,Epithelial,147,PPARGC1A
LUAD,1,Epithelial,148,FOXL3
LUAD,1,Epithelial,149,SHROOM3
LUAD,1,Epithelial,150,TCIM
LUAD,1,Epithelial,151,PRRT1B
LUAD,1,Epithelial,152,LAMC2
LUAD,1,Epithelial,153,TM4SF1
LUAD,1,Epithelial,154,DSC3
LUAD,1,Epithelial,155,INHA
LUAD,1,Epithelial,156,FGF19
LUAD,1,Epithelial,157,ST6GALNAC5
LUAD,1,Epithelial,158,MARVELD3
LUAD,1,Epithelial,159,FAM83H
LUAD,1,Epithelial,160,HSPB8
LUAD,1,Epithelial,161,NPNT
LUAD,1,Epithelial,162,KCNS3
LUAD,1,Epithelial,163,TMPRSS11F
LUAD,1,Epithelial,164,STAC2
LUAD,1,Epithelial,165,C1QTNF9
LUAD,1,Epithelial,166,IQANK1
LUAD,1,Epithelial,167,GJB3
LUAD,1,Epithelial,168,TINAGL1
LUAD,1,Epithelial,169,ABO
LUAD,1,Epithelial,170,JPH1
LUAD,1,Epithelial,171,TDRP
LUAD,1,Epithelial,172,SHISA7
LUAD,1,Epithelial,173,RNF186
LUAD,1,Epithelial,174,BBOX1
LUAD,1,Epithelial,175,IL4
LUAD,1,Epithelial,176,COL12A1
LUAD,1,Epithelial,177,PCDHA9
LUAD,1,Epithelial,178,PCDHA10
LUAD,1,Epithelial,179,STMND1
LUAD,1,Epithelial,180,HSD17B13
LUAD,1,Epithelial,181,CTB-102L5.4
LUAD,1,Epithelial,182,LSMEM1
LUAD,1,Epithelial,183,SSTR2
LUAD,1,Epithelial,184,TBX18
LUAD,1,Epithelial,185,CASTOR2
LUAD,1,Epithelial,186,IYD
LUAD,1,Epithelial,187,SHH
LUAD,1,Epithelial,188,GRXCR2
LUAD,1,Epithelial,189,PCDHA8
LUAD,1,Epithelial,190,TMC5
LUAD,1,Epithelial,191,SPARCL1
LUAD,1,Epithelial,192,GRB7
LUAD,1,Epithelial,193,PCDHA6
LUAD,1,Epithelial,194,PCDHA7
LUAD,1,Epithelial,195,SNAI2
LUAD,1,Epithelial,196,RP13-122B23.13
LUAD,1,Epithelial,197,ELMO3
LUAD,1,Epithelial,198,HOXD11
LUAD,1,Epithelial,199,CELF4
LUAD,1,Epithelial,200,RAI14
LUAD,1,Fibroblast,1,COL1A2
LUAD,1,Fibroblast,2,DCN
LUAD,1,Fibroblast,3,LUM
LUAD,1,Fibroblast,4,COL1A1
LUAD,1,Fibroblast,5,ANKK1
LUAD,1,Fibroblast,6,PRR35
LUAD,1,Fibroblast,7,GPIHBP1
LUAD,1,Fibroblast,8,PLPPR3
LUAD,1,Fibroblast,9,MUC5AC
LUAD,1,Fibroblast,10,FRMD1
LUAD,1,Fibroblast,11,TMEM229A
LUAD,1,Fibroblast,12,NHLH1
LUAD,1,Fibroblast,13,CCL15-CCL14
LUAD,1,Fibroblast,14,CCL15
LUAD,1,Fibroblast,15,ECEL1
LUAD,1,Fibroblast,16,KRT75
LUAD,1,Fibroblast,17,PM20D1
LUAD,1,Fibroblast,18,APLN
LUAD,1,Fibroblast,19,FOXF1
LUAD,1,Fibroblast,20,ASPG
LUAD,1,Fibroblast,21,ADRA2C
LUAD,1,Fibroblast,22,ANKRD34B
LUAD,1,Fibroblast,23,RAB6B
LUAD,1,Fibroblast,24,TTC34
LUAD,1,Fibroblast,25,TMEM240
LUAD,1,Fibroblast,26,SLITRK3
LUAD,1,Fibroblast,27,NKX2-5
LUAD,1,Fibroblast,28,KRT16
LUAD,1,Fibroblast,29,GPRIN2
LUAD,1,Fibroblast,30,LCE1C
LUAD,1,Fibroblast,31,RPL10L
LUAD,1,Fibroblast,32,ADRA2A
LUAD,1,Fibroblast,33,MICU3
LUAD,1,Fibroblast,34,OR9A2
LUAD,1,Fibroblast,35,POU3F2
LUAD,1,Fibroblast,36,HOXD1
LUAD,1,Fibroblast,37,MUC3A
LUAD,1,Fibroblast,38,PYGM
LUAD,1,Fibroblast,39,H3C13
LUAD,1,Fibroblast,40,TYMS
LUAD,1,Fibroblast,41,SMIM39
LUAD,1,Fibroblast,42,DUX4
LUAD,1,Fibroblast,43,ART5
LUAD,1,Fibroblast,44,CHRFAM7A
LUAD,1,Fibroblast,45,PRSS56
LUAD,1,Fibroblast,46,LRIT2
LUAD,1,Fibroblast,47,KCNJ4
LUAD,1,Fibroblast,48,LCE1D
LUAD,1,Fibroblast,49,TRIM40
LUAD,1,Fibroblast,50,G6PC2
LUAD,1,Fibroblast,51,DHRS7C
LUAD,1,Fibroblast,52,WSCD1
LUAD,1,Fibroblast,53,DEFB124
LUAD,1,Fibroblast,54,PFN3
LUAD,1,Fibroblast,55,ZNF705G
LUAD,1,Fibroblast,56,GAS1
LUAD,1,Fibroblast,57,ARHGAP11B
LUAD,1,Fibroblast,58,ABLIM3
LUAD,1,Fibroblast,59,SHISA2
LUAD,1,Fibroblast,60,MUC5B
LUAD,1,Fibroblast,61,BPIFB4
LUAD,1,Fibroblast,62,CHGA
LUAD,1,Fibroblast,63,TRIL
LUAD,1,Fibroblast,64,GPR1
LUAD,1,Fibroblast,65,ANKRD18A
LUAD,1,Fibroblast,66,NUTM2A
LUAD,1,Fibroblast,67,MUC6
LUAD,1,Fibroblast,68,BEX5
LUAD,1,Fibroblast,69,PCP4
LUAD,1,Fibroblast,70,HES5
LUAD,1,Fibroblast,71,TEX30
LUAD,1,Fibroblast,72,CDCA7
LUAD,1,Fibroblast,73,ADCYAP1
LUAD,1,Fibroblast,74,ITGB3BP
LUAD,1,Fibroblast,75,UGT1A1
LUAD,1,Fibroblast,76,OR6B2
LUAD,1,Fibroblast,77,SOGA3
LUAD,1,Fibroblast,78,IGFALS
LUAD,1,Fibroblast,79,NUP37
LUAD,1,Fibroblast,80,RP3-403A15.5
LUAD,1,Fibroblast,81,MRPL19
LUAD,1,Fibroblast,82,OR13C3
LUAD,1,Fibroblast,83,OR4D9
LUAD,1,Fibroblast,84,RP11-736I24.5
LUAD,1,Fibroblast,85,MCF2
LUAD,1,Fibroblast,86,NBPF1
LUAD,1,Fibroblast,87,TMEM86B
LUAD,1,Fibroblast,88,CGB8
LUAD,1,Fibroblast,89,IL17B
LUAD,1,Fibroblast,90,JUN
LUAD,1,Fibroblast,91,CHIA
LUAD,1,Fibroblast,92,CEP162
LUAD,1,Fibroblast,93,NDN
LUAD,1,Fibroblast,94,HOXA7
LUAD,1,Fibroblast,95,C2CD4C
LUAD,1,Fibroblast,96,SOHLH1
LUAD,1,Fibroblast,97,GPD1
LUAD,1,Fibroblast,98,NEFM
LUAD,1,Fibroblast,99,OR2T1
LUAD,1,Fibroblast,100,USP21
LUAD,1,Fibroblast,101,ZDHHC11B
LUAD,1,Fibroblast,102,AGAP6
LUAD,1,Fibroblast,103,NDUFB2
LUAD,1,Fibroblast,104,ARHGEF39
LUAD,1,Fibroblast,105,DR1
LUAD,1,Fibroblast,106,TAT
LUAD,1,Fibroblast,107,VAT1L
LUAD,1,Fibroblast,108,PARPBP
LUAD,1,Fibroblast,109,FEZF1
LUAD,1,Fibroblast,110,KCNT1
LUAD,1,Fibroblast,111,SYDE2
LUAD,1,Fibroblast,112,FITM1
LUAD,1,Fibroblast,113,CYP4V2
LUAD,1,Fibroblast,114,CAMSAP3
LUAD,1,Fibroblast,115,COX7A1
LUAD,1,Fibroblast,116,FAM110C
LUAD,1,Fibroblast,117,ANKRD36C
LUAD,1,Fibroblast,118,KCNMB4
LUAD,1,Fibroblast,119,TBC1D21
LUAD,1,Fibroblast,120,PGM1
LUAD,1,Fibroblast,121,KCNJ12
LUAD,1,Fibroblast,122,NUTM2E
LUAD,1,Fibroblast,123,SLC25A31
LUAD,1,Fibroblast,124,ASAH2B
LUAD,1,Fibroblast,125,ZMAT1
LUAD,1,Fibroblast,126,KLHDC1
LUAD,1,Fibroblast,127,C3orf20
LUAD,1,Fibroblast,128,DUT
LUAD,1,Fibroblast,129,PHF11
LUAD,1,Fibroblast,130,SLC12A2
LUAD,1,Fibroblast,131,BRINP1
LUAD,1,Fibroblast,132,CPEB2
LUAD,1,Fibroblast,133,DPH6
LUAD,1,Fibroblast,134,ALPI
LUAD,1,Fibroblast,135,OR13D1
LUAD,1,Fibroblast,136,EPHX2
LUAD,1,Fibroblast,137,BATF3
LUAD,1,Fibroblast,138,ZNF233
LUAD,1,Fibroblast,139,ZNF718
LUAD,1,Fibroblast,140,TIMM21
LUAD,1,Fibroblast,141,GSTA5
LUAD,1,Fibroblast,142,FBXO8
LUAD,1,Fibroblast,143,CEP44
LUAD,1,Fibroblast,144,USP51
LUAD,1,Fibroblast,145,IFIT5
LUAD,1,Fibroblast,146,SMIM40
LUAD,1,Fibroblast,147,HTATIP2
LUAD,1,Fibroblast,148,PSAT1
LUAD,1,Fibroblast,149,AMER1
LUAD,1,Fibroblast,150,MC5R
LUAD,1,Fibroblast,151,MID2
LUAD,1,Fibroblast,152,UGT1A3
LUAD,1,Fibroblast,153,CFAP36
LUAD,1,Fibroblast,154,RLN3
LUAD,1,Fibroblast,155,SERBP1
LUAD,1,Fibroblast,156,MSMB
LUAD,1,Fibroblast,157,CTSO
LUAD,1,Fibroblast,158,OR2C3
LUAD,1,Fibroblast,159,TMSB15B
LUAD,1,Fibroblast,160,OMA1
LUAD,1,Fibroblast,161,UGT1A4
LUAD,1,Fibroblast,162,PGAP1
LUAD,1,Fibroblast,163,MAPK12
LUAD,1,Fibroblast,164,MT1F
LUAD,1,Fibroblast,165,PDE6B
LUAD,1,Fibroblast,166,PAXIP1
LUAD,1,Fibroblast,167,GPLD1
LUAD,1,Fibroblast,168,FOXM1
LUAD,1,Fibroblast,169,LNPK
LUAD,1,Fibroblast,170,FGF2
LUAD,1,Fibroblast,171,POLR3D
LUAD,1,Fibroblast,172,ATP5MC3
LUAD,1,Fibroblast,173,RP11-148K1.15
LUAD,1,Fibroblast,174,FAHD2A
LUAD,1,Fibroblast,175,NRAP
LUAD,1,Fibroblast,176,OR2A14
LUAD,1,Fibroblast,177,PHF10
LUAD,1,Fibroblast,178,ARL13A
LUAD,1,Fibroblast,179,CTD-2252G20.1
LUAD,1,Fibroblast,180,CHST7
LUAD,1,Fibroblast,181,ATXN7L3B
LUAD,1,Fibroblast,182,SMC2
LUAD,1,Fibroblast,183,CBR3
LUAD,1,Fibroblast,184,SDAD1
LUAD,1,Fibroblast,185,TBCK
LUAD,1,Fibroblast,186,HSPA1B
LUAD,1,Fibroblast,187,CDKN2AIP
LUAD,1,Fibroblast,188,NSMCE4A
LUAD,1,Fibroblast,189,MRS2
LUAD,1,Fibroblast,190,PAOX
LUAD,1,Fibroblast,191,H3C1
LUAD,1,Fibroblast,192,SETD5
LUAD,1,Fibroblast,193,GLI2
LUAD,1,Fibroblast,194,SEC23A
LUAD,1,Fibroblast,195,PTBP2
LUAD,1,Fibroblast,196,AIMP1
LUAD,1,Fibroblast,197,LEPROT
LUAD,1,Fibroblast,198,AMD1
LUAD,1,Fibroblast,199,C5orf58
LUAD,1,Fibroblast,200,IRX1
LUAD,1,Macrophage,1,AIF1
LUAD,1,Macrophage,2,MSR1
LUAD,1,Macrophage,3,MRC1
LUAD,1,Macrophage,4,ITGAM
LUAD,1,Macrophage,5,MARCO
LUAD,1,Macrophage,6,CSF1R
LUAD,1,Macrophage,7,CD68
LUAD,1,Macrophage,8,HNRNPA1P48
LUAD,1,Macrophage,9,FSTL5
LUAD,1,Macrophage,10,OR6Q1
LUAD,1,Macrophage,11,IGFL3
LUAD,1,Macrophage,12,PRDM9
LUAD,1,Macrophage,13,CNTN3
LUAD,1,Macrophage,14,TACR3
LUAD,1,Macrophage,15,EN2
LUAD,1,Macrophage,16,LGI1
LUAD,1,Macrophage,17,VSTM1
LUAD,1,Macrophage,18,CDH10
LUAD,1,Macrophage,19,TRDN
LUAD,1,Macrophage,20,GABRG2
LUAD,1,Macrophage,21,MALRD1
LUAD,1,Macrophage,22,CCDC81
LUAD,1,Macrophage,23,CD1E
LUAD,1,Macrophage,24,MAP1LC3C
LUAD,1,Macrophage,25,ADAMTS19
LUAD,1,Macrophage,26,XIRP2
LUAD,1,Macrophage,27,LRCOL1
LUAD,1,Macrophage,28,COL11A1
LUAD,1,Macrophage,29,CCL23
LUAD,1,Macrophage,30,RP11-205M5.4
LUAD,1,Macrophage,31,NRG3
LUAD,1,Macrophage,32,SLC1A7
LUAD,1,Macrophage,33,BRINP3
LUAD,1,Macrophage,34,TMEM207
LUAD,1,Macrophage,35,LRRTM4
LUAD,1,Macrophage,36,SEMA3E
LUAD,1,Macrophage,37,PTPRQ
LUAD,1,Macrophage,38,OR9Q1
LUAD,1,Macrophage,39,GOLGA6D
LUAD,1,Macrophage,40,SLCO1B1
LUAD,1,Macrophage,41,NKX6-3
LUAD,1,Macrophage,42,RIT2
LUAD,1,Macrophage,43,ST8SIA2
LUAD,1,Macrophage,44,AGMO
LUAD,1,Macrophage,45,FSHB
LUAD,1,Macrophage,46,CTD-2501B8.1
LUAD,1,Macrophage,47,CACNG4
LUAD,1,Macrophage,48,VNN1
LUAD,1,Macrophage,49,PADI3
LUAD,1,Macrophage,50,HS6ST3
LUAD,1,Macrophage,51,CSF3R
LUAD,1,Macrophage,52,FGF6
LUAD,1,Macrophage,53,KCNJ16
LUAD,1,Macrophage,54,C1QA
LUAD,1,Macrophage,55,GRXCR1
LUAD,1,Macrophage,56,PPFIA2
LUAD,1,Macrophage,57,ROBO2
LUAD,1,Macrophage,58,NLRP12
LUAD,1,Macrophage,59,EYS
LUAD,1,Macrophage,60,KCND2
LUAD,1,Macrophage,61,C8orf34
LUAD,1,Macrophage,62,NEGR1
LUAD,1,Macrophage,63,GABRG1
LUAD,1,Macrophage,64,CDH19
LUAD,1,Macrophage,65,HAMP
LUAD,1,Macrophage,66,HTR2C
LUAD,1,Macrophage,67,RXFP1
LUAD,1,Macrophage,68,MUSK
LUAD,1,Macrophage,69,MGAT4C
LUAD,1,Macrophage,70,DCC
LUAD,1,Macrophage,71,KRTAP21-2
LUAD,1,Macrophage,72,TMEM89
LUAD,1,Macrophage,73,L1TD1
LUAD,1,Macrophage,74,LHX5
LUAD,1,Macrophage,75,SPAM1
LUAD,1,Macrophage,76,UGT2A2
LUAD,1,Macrophage,77,OLFM3
LUAD,1,Macrophage,78,OR52N4
LUAD,1,Macrophage,79,GRM1
LUAD,1,Macrophage,80,CD300E
LUAD,1,Macrophage,81,NMUR2
LUAD,1,Macrophage,82,STRA8
LUAD,1,Macrophage,83,CHRNG
LUAD,1,Macrophage,84,CARD18
LUAD,1,Macrophage,85,ZNF214
LUAD,1,Macrophage,86,LRP1B
LUAD,1,Macrophage,87,OR2B11
LUAD,1,Macrophage,88,EDIL3
LUAD,1,Macrophage,89,NRG1
LUAD,1,Macrophage,90,HRH4
LUAD,1,Macrophage,91,SORCS1
LUAD,1,Macrophage,92,TLR4
LUAD,1,Macrophage,93,PLCZ1
LUAD,1,Macrophage,94,NKAIN2
LUAD,1,Macrophage,95,NELL1
LUAD,1,Macrophage,96,GTF2H2
LUAD,1,Macrophage,97,ACSS3
LUAD,1,Macrophage,98,TNNI1
LUAD,1,Macrophage,99,CD33
LUAD,1,Macrophage,100,CHSY3
LUAD,1,Macrophage,101,PIK3C2G
LUAD,1,Macrophage,102,C11orf45
LUAD,1,Macrophage,103,LRRIQ1
LUAD,1,Macrophage,104,AVP
LUAD,1,Macrophage,105,TRHDE
LUAD,1,Macrophage,106,CELA2B
LUAD,1,Macrophage,107,CRYGA
LUAD,1,Macrophage,108,SLCO1C1
LUAD,1,Macrophage,109,DEFB110
LUAD,1,Macrophage,110,ZNF804A
LUAD,1,Macrophage,111,SVEP1
LUAD,1,Macrophage,112,UBAP1L
LUAD,1,Macrophage,113,CCL4L2
LUAD,1,Macrophage,114,SGCZ
LUAD,1,Macrophage,115,RGS18
LUAD,1,Macrophage,116,AR
LUAD,1,Macrophage,117,HLA-DRB5
LUAD,1,Macrophage,118,CLEC19A
LUAD,1,Macrophage,119,C1QB
LUAD,1,Macrophage,120,PCDH15
LUAD,1,Macrophage,121,NOX1
LUAD,1,Macrophage,122,FAT2
LUAD,1,Macrophage,123,CNTN5
LUAD,1,Macrophage,124,ZNF804B
LUAD,1,Macrophage,125,GRID2
LUAD,1,Macrophage,126,CXCR2
LUAD,1,Macrophage,127,NDST4
LUAD,1,Macrophage,128,CCDC178
LUAD,1,Macrophage,129,MORC1
LUAD,1,Macrophage,130,CFAP100
LUAD,1,Macrophage,131,SIGLEC7
LUAD,1,Macrophage,132,KRTAP26-1
LUAD,1,Macrophage,133,MSH4
LUAD,1,Macrophage,134,RP1
LUAD,1,Macrophage,135,ABCA6
LUAD,1,Macrophage,136,HCRTR2
LUAD,1,Macrophage,137,DACH1
LUAD,1,Macrophage,138,PRR27
LUAD,1,Macrophage,139,KRTAP5-10
LUAD,1,Macrophage,140,QRFP
LUAD,1,Macrophage,141,FSIP2
LUAD,1,Macrophage,142,ADGB
LUAD,1,Macrophage,143,IGSF21
LUAD,1,Macrophage,144,ADGRB3
LUAD,1,Macrophage,145,THSD7A
LUAD,1,Macrophage,146,MPO
LUAD,1,Macrophage,147,TRIM77
LUAD,1,Macrophage,148,CYSLTR2
LUAD,1,Macrophage,149,HTRA4
LUAD,1,Macrophage,150,KBTBD13
LUAD,1,Macrophage,151,MGAT4D
LUAD,1,Macrophage,152,GRIK2
LUAD,1,Macrophage,153,MBL2
LUAD,1,Macrophage,154,MMP19
LUAD,1,Macrophage,155,CHST1
LUAD,1,Macrophage,156,USH2A
LUAD,1,Macrophage,157,C1orf87
LUAD,1,Macrophage,158,FFAR4
LUAD,1,Macrophage,159,HEPHL1
LUAD,1,Macrophage,160,HYDIN
LUAD,1,Macrophage,161,CYLC2
LUAD,1,Macrophage,162,SIRPD
LUAD,1,Macrophage,163,CD300C
LUAD,1,Macrophage,164,BCHE
LUAD,1,Macrophage,165,CDH9
LUAD,1,Macrophage,166,C3orf85
LUAD,1,Macrophage,167,PDE8B
LUAD,1,Macrophage,168,SSU72P8
LUAD,1,Macrophage,169,SNTG1
LUAD,1,Macrophage,170,MMP13
LUAD,1,Macrophage,171,TAS2R1
LUAD,1,Macrophage,172,ANKRD30A
LUAD,1,Macrophage,173,TM4SF20
LUAD,1,Macrophage,174,FPR3
LUAD,1,Macrophage,175,ETV3L
LUAD,1,Macrophage,176,A2M
LUAD,1,Macrophage,177,GRM7
LUAD,1,Macrophage,178,DSC2
LUAD,1,Macrophage,179,CYP2S1
LUAD,1,Macrophage,180,CFAP47
LUAD,1,Macrophage,181,NCAM2
LUAD,1,Macrophage,182,ADGRE2
LUAD,1,Macrophage,183,SYNPO2L
LUAD,1,Macrophage,184,MAGEB18
LUAD,1,Macrophage,185,RFPL4AL1
LUAD,1,Macrophage,186,LYZ
LUAD,1,Macrophage,187,GALNT13
LUAD,1,Macrophage,188,SAMD5
LUAD,1,Macrophage,189,SPOCK3
LUAD,1,Macrophage,190,LINGO2
LUAD,1,Macrophage,191,GASK1B
LUAD,1,Macrophage,192,SEMA3A
LUAD,1,Macrophage,193,CLDN17
LUAD,1,Macrophage,194,PEG3
LUAD,1,Macrophage,195,TREM2
LUAD,1,Macrophage,196,CDH18
LUAD,1,Macrophage,197,KRT36
LUAD,1,Macrophage,198,ZIM2
LUAD,1,Macrophage,199,IQCM
LUAD,1,Macrophage,200,GPR179
LUAD,1,T_NK,1,GNLY
LUAD,1,T_NK,2,CD3E
LUAD,1,T_NK,3,NKG7
LUAD,1,T_NK,4,CD3G
LUAD,1,T_NK,5,CD3D
LUAD,1,T_NK,6,KLRD1
LUAD,1,T_NK,7,CD8A
LUAD,1,T_NK,8,CD2
LUAD,1,T_NK,9,THEMIS
LUAD,1,T_NK,10,S1PR5
LUAD,1,T_NK,11,GZMH
LUAD,1,T_NK,12,IL7R
LUAD,1,T_NK,13,KRT85
LUAD,1,T_NK,14,CD40LG
LUAD,1,T_NK,15,FAM163B
LUAD,1,T_NK,16,AMH
LUAD,1,T_NK,17,KRTAP10-9
LUAD,1,T_NK,18,GZMA
LUAD,1,T_NK,19,AMT
LUAD,1,T_NK,20,NCCRP1
LUAD,1,T_NK,21,GZMB
LUAD,1,T_NK,22,FAM95C
LUAD,1,T_NK,23,KIR2DL4
LUAD,1,T_NK,24,CCL18
LUAD,1,T_NK,25,IFNG
LUAD,1,T_NK,26,PRR33
LUAD,1,T_NK,27,FAM71B
LUAD,1,T_NK,28,NSG1
LUAD,1,T_NK,29,SIRPG
LUAD,1,T_NK,30,TRARG1
LUAD,1,T_NK,31,H3-5
LUAD,1,T_NK,32,UNC45B
LUAD,1,T_NK,33,IFNL1
LUAD,1,T_NK,34,ITGAD
LUAD,1,T_NK,35,RTP5
LUAD,1,T_NK,36,BCL11B
LUAD,1,T_NK,37,IL36G
LUAD,1,T_NK,38,DBH
LUAD,1,T_NK,39,GPR15
LUAD,1,T_NK,40,FRMPD3
LUAD,1,T_NK,41,BCL2L15
LUAD,1,T_NK,42,APBA2
LUAD,1,T_NK,43,PRR4
LUAD,1,T_NK,44,FNDC9
LUAD,1,T_NK,45,FAM166A
LUAD,1,T_NK,46,KRT74
LUAD,1,T_NK,47,SOX8
LUAD,1,T_NK,48,KRTAP12-3
LUAD,1,T_NK,49,CDHR5
LUAD,1,T_NK,50,KRTAP4-12
LUAD,1,T_NK,51,KNCN
LUAD,1,T_NK,52,HOXB8
LUAD,1,T_NK,53,GRAP2
LUAD,1,T_NK,54,LAG3
LUAD,1,T_NK,55,CXCR6
LUAD,1,T_NK,56,PRF1
LUAD,1,T_NK,57,KRTAP12-4
LUAD,1,T_NK,58,KCNA6
LUAD,1,T_NK,59,CLEC2A
LUAD,1,T_NK,60,CEND1
LUAD,1,T_NK,61,CD8B
LUAD,1,T_NK,62,GML
LUAD,1,T_NK,63,CCL5
LUAD,1,T_NK,64,ICOS
LUAD,1,T_NK,65,CYP2F1
LUAD,1,T_NK,66,TMEM151A
LUAD,1,T_NK,67,TMIGD2
LUAD,1,T_NK,68,ZBED2
LUAD,1,T_NK,69,XCL1
LUAD,1,T_NK,70,JAG2
LUAD,1,T_NK,71,CTSW
LUAD,1,T_NK,72,KRT77
LUAD,1,T_NK,73,VWA5B1
LUAD,1,T_NK,74,SYTL2
LUAD,1,T_NK,75,LRRN3
LUAD,1,T_NK,76,IL3
LUAD,1,T_NK,77,KRT2
LUAD,1,T_NK,78,KLRC4
LUAD,1,T_NK,79,CLDN2
LUAD,1,T_NK,80,KRT79
LUAD,1,T_NK,81,BAIAP2L2
LUAD,1,T_NK,82,MRGPRX2
LUAD,1,T_NK,83,KLRC4-KLRK1
LUAD,1,T_NK,84,TEX13D
LUAD,1,T_NK,85,CD96
LUAD,1,T_NK,86,ZFP57
LUAD,1,T_NK,87,SLC52A1
LUAD,1,T_NK,88,CCL16
LUAD,1,T_NK,89,RORA
LUAD,1,T_NK,90,CRIP1
LUAD,1,T_NK,91,IL2RB
LUAD,1,T_NK,92,KLRF1
LUAD,1,T_NK,93,CD200R1L
LUAD,1,T_NK,94,CHAT
LUAD,1,T_NK,95,IQCA1L
LUAD,1,T_NK,96,KRT84
LUAD,1,T_NK,97,TSPEAR
LUAD,1,T_NK,98,CD226
LUAD,1,T_NK,99,ZNF541
LUAD,1,T_NK,100,FYCO1
LUAD,1,T_NK,101,IL9R
LUAD,1,T_NK,102,AC142391.3
LUAD,1,T_NK,103,SEC31B
LUAD,1,T_NK,104,ZAP70
LUAD,1,T_NK,105,IL2
LUAD,1,T_NK,106,UCP3
LUAD,1,T_NK,107,MMP24
LUAD,1,T_NK,108,JAKMIP3
LUAD,1,T_NK,109,MARCHF4
LUAD,1,T_NK,110,KLRB1
LUAD,1,T_NK,111,IL17C
LUAD,1,T_NK,112,SH2D1A
LUAD,1,T_NK,113,JAKMIP1
LUAD,1,T_NK,114,SCML4
LUAD,1,T_NK,115,GPR171
LUAD,1,T_NK,116,SMIM38
LUAD,1,T_NK,117,CPB2
LUAD,1,T_NK,118,INAVA
LUAD,1,T_NK,119,C4orf50
LUAD,1,T_NK,120,EPB42
LUAD,1,T_NK,121,UBASH3A
LUAD,1,T_NK,122,PRKCQ
LUAD,1,T_NK,123,FSD1
LUAD,1,T_NK,124,LIM2
LUAD,1,T_NK,125,RYR2
LUAD,1,T_NK,126,ZNF683
LUAD,1,T_NK,127,EIF2S3B
LUAD,1,T_NK,128,FAM131B
LUAD,1,T_NK,129,ZNF831
LUAD,1,T_NK,130,GSC2
LUAD,1,T_NK,131,GPR34
LUAD,1,T_NK,132,B3GAT1
LUAD,1,T_NK,133,PARD6G
LUAD,1,T_NK,134,GCNA
LUAD,1,T_NK,135,NELL2
LUAD,1,T_NK,136,IL23R
LUAD,1,T_NK,137,IL12RB2
LUAD,1,T_NK,138,ANKRD61
LUAD,1,T_NK,139,CXorf65
LUAD,1,T_NK,140,TNFRSF4
LUAD,1,T_NK,141,JAKMIP2
LUAD,1,T_NK,142,CST7
LUAD,1,T_NK,143,MROH7
LUAD,1,T_NK,144,LAYN
LUAD,1,T_NK,145,GZMM
LUAD,1,T_NK,146,PVALEF
LUAD,1,T_NK,147,CASKIN1
LUAD,1,T_NK,148,HOXB9
LUAD,1,T_NK,149,TMEM59L
LUAD,1,T_NK,150,CDKL4
LUAD,1,T_NK,151,FYN
LUAD,1,T_NK,152,TRPM8
LUAD,1,T_NK,153,CLIC3
LUAD,1,T_NK,154,SLA2
LUAD,1,T_NK,155,IL18R1
LUAD,1,T_NK,156,ECSCR
LUAD,1,T_NK,157,FYB1
LUAD,1,T_NK,158,FASLG
LUAD,1,T_NK,159,PTGIS
LUAD,1,T_NK,160,CD6
LUAD,1,T_NK,161,SLC38A5
LUAD,1,T_NK,162,SLC17A3
LUAD,1,T_NK,163,APOL6
LUAD,1,T_NK,164,CAMK4
LUAD,1,T_NK,165,XCR1
LUAD,1,T_NK,166,CD200
LUAD,1,T_NK,167,CCR5
LUAD,1,T_NK,168,GTF2IRD2
LUAD,1,T_NK,169,RPS6KB2
LUAD,1,T_NK,170,MFAP5
LUAD,1,T_NK,171,MRPL10
LUAD,1,T_NK,172,LRRC46
LUAD,1,T_NK,173,FGFBP2
LUAD,1,T_NK,174,HTR4
LUAD,1,T_NK,175,VPS16
LUAD,1,T_NK,176,CATSPER4
LUAD,1,T_NK,177,AGBL1
LUAD,1,T_NK,178,CPNE7
LUAD,1,T_NK,179,SPOCK2
LUAD,1,T_NK,180,D2HGDH
LUAD,1,T_NK,181,MACROH2A2
LUAD,1,T_NK,182,KRTAP10-4
LUAD,1,T_NK,183,IL20RA
LUAD,1,T_NK,184,MAL
LUAD,1,T_NK,185,RASAL3
LUAD,1,T_NK,186,DOCK3
LUAD,1,T_NK,187,CPLX3
LUAD,1,T_NK,188,ABHD17A
LUAD,1,T_NK,189,RUNX3
LUAD,1,T_NK,190,MPZL3
LUAD,1,T_NK,191,CSF2
LUAD,1,T_NK,192,SKAP1
LUAD,1,T_NK,193,PNPLA5
LUAD,1,T_NK,194,TMEM200A
LUAD,1,T_NK,195,FCGR3A
LUAD,1,T_NK,196,MATK
LUAD,1,T_NK,197,C7orf33
LUAD,1,T_NK,198,RTP3
LUAD,1,T_NK,199,SARDH
LUAD,1,T_NK,200,PRSS21
LUAD,2,B_cell,1,MS4A1
LUAD,2,B_cell,2,CD79B
LUAD,2,B_cell,3,CD79A
LUAD,2,B_cell,4,PAX5
LUAD,2,B_cell,5,CTC-264K15.5
LUAD,2,B_cell,6,FCRLA
LUAD,2,B_cell,7,CD19
LUAD,2,B_cell,8,TAL2
LUAD,2,B_cell,9,BANK1
LUAD,2,B_cell,10,HTR3A
LUAD,2,B_cell,11,SAMD7
LUAD,2,B_cell,12,SLC16A4
LUAD,2,B_cell,13,LCN6
LUAD,2,B_cell,14,FETUB
LUAD,2,B_cell,15,BEND5
LUAD,2,B_cell,16,KLHL14
LUAD,2,B_cell,17,CNR1
LUAD,2,B_cell,18,CCL17
LUAD,2,B_cell,19,MS4A12
LUAD,2,B_cell,20,KRTAP4-11
LUAD,2,B_cell,21,RBPMS2
LUAD,2,B_cell,22,FSD2
LUAD,2,B_cell,23,RP11-468E2.6
LUAD,2,B_cell,24,TMEM132A
LUAD,2,B_cell,25,LIPI
LUAD,2,B_cell,26,MYL2
LUAD,2,B_cell,27,CCK
LUAD,2,B_cell,28,GRIN2B
LUAD,2,B_cell,29,FCER2
LUAD,2,B_cell,30,FAM177B
LUAD,2,B_cell,31,UGT2B17
LUAD,2,B_cell,32,KCNH8
LUAD,2,B_cell,33,DTX1
LUAD,2,B_cell,34,BLK
LUAD,2,B_cell,35,UGT8
LUAD,2,B_cell,36,ZNF732
LUAD,2,B_cell,37,CABP4
LUAD,2,B_cell,38,TAS2R39
LUAD,2,B_cell,39,BEND4
LUAD,2,B_cell,40,EBF1
LUAD,2,B_cell,41,NLRP11
LUAD,2,B_cell,42,CD24
LUAD,2,B_cell,43,NSF
LUAD,2,B_cell,44,CHST10
LUAD,2,B_cell,45,GNB3
LUAD,2,B_cell,46,TNFRSF13B
LUAD,2,B_cell,47,AGBL4
LUAD,2,B_cell,48,SCN3A
LUAD,2,B_cell,49,WNK3
LUAD,2,B_cell,50,INSC
LUAD,2,B_cell,51,STK33
LUAD,2,B_cell,52,RGS8
LUAD,2,B_cell,53,SLC44A5
LUAD,2,B_cell,54,GOLGA6L10
LUAD,2,B_cell,55,F10
LUAD,2,B_cell,56,CHL1
LUAD,2,B_cell,57,ASCL1
LUAD,2,B_cell,58,LPAR4
LUAD,2,B_cell,59,GGT6
LUAD,2,B_cell,60,TLR9
LUAD,2,B_cell,61,RP11-216L13.16
LUAD,2,B_cell,62,TCAF2
LUAD,2,B_cell,63,CLECL1
LUAD,2,B_cell,64,KCND3
LUAD,2,B_cell,65,FAM71F2
LUAD,2,B_cell,66,C12orf42
LUAD,2,B_cell,67,TNFRSF13C
LUAD,2,B_cell,68,NPBWR2
LUAD,2,B_cell,69,MOXD1
LUAD,2,B_cell,70,TNFRSF17
LUAD,2,B_cell,71,ADAM28
LUAD,2,B_cell,72,CLEC17A
LUAD,2,B_cell,73,PNOC
LUAD,2,B_cell,74,PARP15
LUAD,2,B_cell,75,SLC25A41
LUAD,2,B_cell,76,PIANP
LUAD,2,B_cell,77,LCN8
LUAD,2,B_cell,78,F9
LUAD,2,B_cell,79,CSNKA2IP
LUAD,2,B_cell,80,SPACA1
LUAD,2,B_cell,81,SAA1
LUAD,2,B_cell,82,GLDC
LUAD,2,B_cell,83,PLG
LUAD,2,B_cell,84,CLEC4F
LUAD,2,B_cell,85,KCNJ13
LUAD,2,B_cell,86,ENTHD1
LUAD,2,B_cell,87,ADARB2
LUAD,2,B_cell,88,NTNG1
LUAD,2,B_cell,89,IGLL5
LUAD,2,B_cell,90,DCHS2
LUAD,2,B_cell,91,SMIM9
LUAD,2,B_cell,92,PKHD1L1
LUAD,2,B_cell,93,OR4Q3
LUAD,2,B_cell,94,A4GALT
LUAD,2,B_cell,95,TMPRSS15
LUAD,2,B_cell,96,APCDD1L
LUAD,2,B_cell,97,PLEKHG1
LUAD,2,B_cell,98,LGSN
LUAD,2,B_cell,99,PSMA8
LUAD,2,B_cell,100,TLR10
LUAD,2,B_cell,101,MYBL2
LUAD,2,B_cell,102,EIF4E1B
LUAD,2,B_cell,103,RP11-173A6.4
LUAD,2,B_cell,104,TAF11L3
LUAD,2,B_cell,105,C20orf173
LUAD,2,B_cell,106,FAM170B
LUAD,2,B_cell,107,FCRL1
LUAD,2,B_cell,108,ADRB3
LUAD,2,B_cell,109,UBD
LUAD,2,B_cell,110,SHOX
LUAD,2,B_cell,111,P2RX5
LUAD,2,B_cell,112,CTRB2
LUAD,2,B_cell,113,LRRIQ4
LUAD,2,B_cell,114,VPREB3
LUAD,2,B_cell,115,COL19A1
LUAD,2,B_cell,116,CALD1
LUAD,2,B_cell,117,PNMA2
LUAD,2,B_cell,118,STAP1
LUAD,2,B_cell,119,CD37
LUAD,2,B_cell,120,GYG2
LUAD,2,B_cell,121,CMTM1
LUAD,2,B_cell,122,FCRL4
LUAD,2,B_cell,123,ARHGEF35
LUAD,2,B_cell,124,FSHR
LUAD,2,B_cell,125,CRYBA2
LUAD,2,B_cell,126,TMC3
LUAD,2,B_cell,127,CATSPER2
LUAD,2,B_cell,128,RP13-347D8.7
LUAD,2,B_cell,129,RABEP2
LUAD,2,B_cell,130,PDZRN3
LUAD,2,B_cell,131,TTF1
LUAD,2,B_cell,132,PON1
LUAD,2,B_cell,133,PLEKHG7
LUAD,2,B_cell,134,PPP1R14D
LUAD,2,B_cell,135,IFNA2
LUAD,2,B_cell,136,AC007326.13
LUAD,2,B_cell,137,GYPE
LUAD,2,B_cell,138,LEUTX
LUAD,2,B_cell,139,SLC30A10
LUAD,2,B_cell,140,HRK
LUAD,2,B_cell,141,ALDH8A1
LUAD,2,B_cell,142,GATA4
LUAD,2,B_cell,143,MAGEB4
LUAD,2,B_cell,144,ARL14EPL
LUAD,2,B_cell,145,GPM6B
LUAD,2,B_cell,146,PAH
LUAD,2,B_cell,147,POU1F1
LUAD,2,B_cell,148,MYT1
LUAD,2,B_cell,149,CCR6
LUAD,2,B_cell,150,RP11-330H6.5
LUAD,2,B_cell,151,SAA4
LUAD,2,B_cell,152,ACTL6B
LUAD,2,B_cell,153,OR14I1
LUAD,2,B_cell,154,SPINK8
LUAD,2,B_cell,155,KCNA1
LUAD,2,B_cell,156,GLYATL1B
LUAD,2,B_cell,157,CD5L
LUAD,2,B_cell,158,LCN15
LUAD,2,B_cell,159,FCRL3
LUAD,2,B_cell,160,EHMT1
LUAD,2,B_cell,161,KLK12
LUAD,2,B_cell,162,STMN2
LUAD,2,B_cell,163,TLR7
LUAD,2,B_cell,164,PRSS2
LUAD,2,B_cell,165,XKR5
LUAD,2,B_cell,166,CPEB1
LUAD,2,B_cell,167,TCL1A
LUAD,2,B_cell,168,GPER1
LUAD,2,B_cell,169,GTSF1L
LUAD,2,B_cell,170,CBWD1
LUAD,2,B_cell,171,ZNF578
LUAD,2,B_cell,172,SPPL2B
LUAD,2,B_cell,173,NEB
LUAD,2,B_cell,174,FOXD4L1
LUAD,2,B_cell,175,AGTR1
LUAD,2,B_cell,176,LRRC14B
LUAD,2,B_cell,177,FAM9C
LUAD,2,B_cell,178,MAG
LUAD,2,B_cell,179,FMR1NB
LUAD,2,B_cell,180,MS4A5
LUAD,2,B_cell,181,E2F5
LUAD,2,B_cell,182,POU2AF1
LUAD,2,B_cell,183,GDF7
LUAD,2,B_cell,184,DPEP3
LUAD,2,B_cell,185,NEIL1
LUAD,2,B_cell,186,BFSP2
LUAD,2,B_cell,187,FCRL2
LUAD,2,B_cell,188,GAPT
LUAD,2,B_cell,189,JCHAIN
LUAD,2,B_cell,190,RFX4
LUAD,2,B_cell,191,C2orf72
LUAD,2,B_cell,192,PRICKLE1
LUAD,2,B_cell,193,SPX
LUAD,2,B_cell,194,COL2A1
LUAD,2,B_cell,195,CIB3
LUAD,2,B_cell,196,LARGE1
LUAD,2,B_cell,197,TKTL2
LUAD,2,B_cell,198,SYNGR1
LUAD,2,B_cell,199,SYT16
LUAD,2,B_cell,200,ADGRG4
LUAD,2,Endothelial,1,CDH5
LUAD,2,Endothelial,2,VWF
LUAD,2,Endothelial,3,PECAM1
LUAD,2,Endothelial,4,NOX1
LUAD,2,Endothelial,5,SOX17
LUAD,2,Endothelial,6,C9orf153
LUAD,2,Endothelial,7,SMIM11A
LUAD,2,Endothelial,8,LRRN2
LUAD,2,Endothelial,9,EZHIP
LUAD,2,Endothelial,10,IFI27
LUAD,2,Endothelial,11,PNMA6A
LUAD,2,Endothelial,12,PLIN1
LUAD,2,Endothelial,13,HEPH
LUAD,2,Endothelial,14,SLC22A10
LUAD,2,Endothelial,15,FAM240A
LUAD,2,Endothelial,16,ADCY1
LUAD,2,Endothelial,17,DUXB
LUAD,2,Endothelial,18,SLC6A1
LUAD,2,Endothelial,19,HS3ST4
LUAD,2,Endothelial,20,LEP
LUAD,2,Endothelial,21,APELA
LUAD,2,Endothelial,22,HOXA5
LUAD,2,Endothelial,23,NR0B1
LUAD,2,Endothelial,24,AMPD1
LUAD,2,Endothelial,25,HS3ST3A1
LUAD,2,Endothelial,26,CMTM2
LUAD,2,Endothelial,27,KCNK3
LUAD,2,Endothelial,28,UGT3A1
LUAD,2,Endothelial,29,CLEC1B
LUAD,2,Endothelial,30,MPV17L
LUAD,2,Endothelial,31,MYOG
LUAD,2,Endothelial,32,NAALAD2
LUAD,2,Endothelial,33,SIM2
LUAD,2,Endothelial,34,CLEC12B
LUAD,2,Endothelial,35,LECT2
LUAD,2,Endothelial,36,BTNL3
LUAD,2,Endothelial,37,FRRS1L
LUAD,2,Endothelial,38,KRTAP3-2
LUAD,2,Endothelial,39,CRYGC
LUAD,2,Endothelial,40,RFLNB
LUAD,2,Endothelial,41,PAX7
LUAD,2,Endothelial,42,DSG4
LUAD,2,Endothelial,43,SULT1C4
LUAD,2,Endothelial,44,IFNL3
LUAD,2,Endothelial,45,GAB4
LUAD,2,Endothelial,46,ERG
LUAD,2,Endothelial,47,DCSTAMP
LUAD,2,Endothelial,48,CT45A3
LUAD,2,Endothelial,49,ZNF469
LUAD,2,Endothelial,50,FOXD3
LUAD,2,Endothelial,51,HNF1A
LUAD,2,Endothelial,52,WFDC1
LUAD,2,Endothelial,53,RP1-138B7.6
LUAD,2,Endothelial,54,FGB
LUAD,2,Endothelial,55,PF4V1
LUAD,2,Endothelial,56,ZFY
LUAD,2,Endothelial,57,GOLGA6A
LUAD,2,Endothelial,58,SCN10A
LUAD,2,Endothelial,59,ERICH4
LUAD,2,Endothelial,60,GALNTL5
LUAD,2,Endothelial,61,ZNF175
LUAD,2,Endothelial,62,SERPINA6
LUAD,2,Endothelial,63,TAF11L6
LUAD,2,Endothelial,64,OR51B6
LUAD,2,Endothelial,65,RASL12
LUAD,2,Endothelial,66,OR6V1
LUAD,2,Endothelial,67,METTL21C
LUAD,2,Endothelial,68,SHISA6
LUAD,2,Endothelial,69,OR4D9
LUAD,2,Endothelial,70,MROH2B
LUAD,2,Endothelial,71,SPATA18
LUAD,2,Endothelial,72,TBL1Y
LUAD,2,Endothelial,73,CLEC18A
LUAD,2,Endothelial,74,SLC36A3
LUAD,2,Endothelial,75,ADAM33
LUAD,2,Endothelial,76,ELSPBP1
LUAD,2,Endothelial,77,NKX3-2
LUAD,2,Endothelial,78,SLC10A4
LUAD,2,Endothelial,79,DEFB1
LUAD,2,Endothelial,80,OC90
LUAD,2,Endothelial,81,CA7
LUAD,2,Endothelial,82,PSG7
LUAD,2,Endothelial,83,MRAP
LUAD,2,Endothelial,84,NKX2-4
LUAD,2,Endothelial,85,SCRT2
LUAD,2,Endothelial,86,RANBP17
LUAD,2,Endothelial,87,ELOA3
LUAD,2,Endothelial,88,ZC3H12B
LUAD,2,Endothelial,89,PLCD4
LUAD,2,Endothelial,90,FAM81B
LUAD,2,Endothelial,91,CDRT15
LUAD,2,Endothelial,92,FGF7
LUAD,2,Endothelial,93,FAM107A
LUAD,2,Endothelial,94,LCE1B
LUAD,2,Endothelial,95,CAV3
LUAD,2,Endothelial,96,C5orf46
LUAD,2,Endothelial,97,SLC46A1
LUAD,2,Endothelial,98,NPY2R
LUAD,2,Endothelial,99,CH17-140K24.8
LUAD,2,Endothelial,100,CYP2W1
LUAD,2,Endothelial,101,CEACAM8
LUAD,2,Endothelial,102,PASD1
LUAD,2,Endothelial,103,EIF1AY
LUAD,2,Endothelial,104,INSM2
LUAD,2,Endothelial,105,CPA2
LUAD,2,Endothelial,106,FOXN4
LUAD,2,Endothelial,107,CYP3A5
LUAD,2,Endothelial,108,RPS4Y1
LUAD,2,Endothelial,109,BMP8B
LUAD,2,Endothelial,110,CYP1A1
LUAD,2,Endothelial,111,C1QTNF12
LUAD,2,Endothelial,112,ZNF124
LUAD,2,Endothelial,113,FAM13C
LUAD,2,Endothelial,114,HAP1
LUAD,2,Endothelial,115,CELA3A
LUAD,2,Endothelial,116,OR52N1
LUAD,2,Endothelial,117,LRRC37A2
LUAD,2,Endothelial,118,PLPP4
LUAD,2,Endothelial,119,MINDY4B
LUAD,2,Endothelial,120,OR51S1
LUAD,2,Endothelial,121,ADAM7
LUAD,2,Endothelial,122,FREM1
LUAD,2,Endothelial,123,MAGEC3
LUAD,2,Endothelial,124,OR10Q1
LUAD,2,Endothelial,125,C2orf78
LUAD,2,Endothelial,126,BTG4
LUAD,2,Endothelial,127,HAO2
LUAD,2,Endothelial,128,OR56A5
LUAD,2,Endothelial,129,OXTR
LUAD,2,Endothelial,130,TRIM15
LUAD,2,Endothelial,131,GCKR
LUAD,2,Endothelial,132,C19orf71
LUAD,2,Endothelial,133,NPY1R
LUAD,2,Endothelial,134,CHRM4
LUAD,2,Endothelial,135,SLC22A2
LUAD,2,Endothelial,136,PROCR
LUAD,2,Endothelial,137,AGT
LUAD,2,Endothelial,138,MC2R
LUAD,2,Endothelial,139,LY6L
LUAD,2,Endothelial,140,TIMP4
LUAD,2,Endothelial,141,OR5AS1
LUAD,2,Endothelial,142,SLC24A5
LUAD,2,Endothelial,143,HEPACAM2
LUAD,2,Endothelial,144,ZNF623
LUAD,2,Endothelial,145,OVOL1
LUAD,2,Endothelial,146,B4GALT6
LUAD,2,Endothelial,147,NXPE2
LUAD,2,Endothelial,148,PPM1E
LUAD,2,Endothelial,149,SLC35D3
LUAD,2,Endothelial,150,LAMA1
LUAD,2,Endothelial,151,COL4A1
LUAD,2,Endothelial,152,HPR
LUAD,2,Endothelial,153,OOSP3
LUAD,2,Endothelial,154,TMEM215
LUAD,2,Endothelial,155,SLC22A14
LUAD,2,Endothelial,156,ALOX15
LUAD,2,Endothelial,157,ARL17A
LUAD,2,Endothelial,158,EAF1
LUAD,2,Endothelial,159,C11orf97
LUAD,2,Endothelial,160,OXGR1
LUAD,2,Endothelial,161,TRIM3
LUAD,2,Endothelial,162,CYP3A7
LUAD,2,Endothelial,163,SCRT1
LUAD,2,Endothelial,164,RNF113B
LUAD,2,Endothelial,165,STRA6
LUAD,2,Endothelial,166,OR8B12
LUAD,2,Endothelial,167,OR1J1
LUAD,2,Endothelial,168,NOTO
LUAD,2,Endothelial,169,PRAMEF19
LUAD,2,Endothelial,170,GOLGA6C
LUAD,2,Endothelial,171,FCN1
LUAD,2,Endothelial,172,SLC45A2
LUAD,2,Endothelial,173,LGALS7B
LUAD,2,Endothelial,174,AKAP12
LUAD,2,Endothelial,175,TCEAL7
LUAD,2,Endothelial,176,CEACAM19
LUAD,2,Endothelial,177,METTL7B
LUAD,2,Endothelial,178,PADI4
LUAD,2,Endothelial,179,KDM5D
LUAD,2,Endothelial,180,REXO4
LUAD,2,Endothelial,181,C13orf46
LUAD,2,Endothelial,182,NHLH2
LUAD,2,Endothelial,183,CCDC120
LUAD,2,Endothelial,184,KIRREL1
LUAD,2,Endothelial,185,SPRR2A
LUAD,2,Endothelial,186,TMEM100
LUAD,2,Endothelial,187,LDHAL6A
LUAD,2,Endothelial,188,FBXO39
LUAD,2,Endothelial,189,PROKR2
LUAD,2,Endothelial,190,CARD6
LUAD,2,Endothelial,191,UTY
LUAD,2,Endothelial,192,MUC22
LUAD,2,Endothelial,193,NPY5R
LUAD,2,Endothelial,194,MAP10
LUAD,2,Endothelial,195,CLEC4D
LUAD,2,Endothelial,196,INSL3
LUAD,2,Endothelial,197,LHX9
LUAD,2,Endothelial,198,SPTA1
LUAD,2,Endothelial,199,CEACAM16
LUAD,2,Endothelial,200,NPM2
LUAD,2,Epithelial,1,KRT18
LUAD,2,Epithelial,2,EPCAM
LUAD,2,Epithelial,3,KRT8
LUAD,2,Epithelial,4,SFTPC
LUAD,2,Epithelial,5,MSLN
LUAD,2,Epithelial,6,CDH1
LUAD,2,Epithelial,7,RP11-565P22.6
LUAD,2,Epithelial,8,PRR15L
LUAD,2,Epithelial,9,VTCN1
LUAD,2,Epithelial,10,TMEM125
LUAD,2,Epithelial,11,FOXA2
LUAD,2,Epithelial,12,C9orf152
LUAD,2,Epithelial,13,S100A16
LUAD,2,Epithelial,14,SPATA46
LUAD,2,Epithelial,15,C1orf226
LUAD,2,Epithelial,16,CLDN15
LUAD,2,Epithelial,17,FAM83A
LUAD,2,Epithelial,18,TMEM265
LUAD,2,Epithelial,19,FOLR1
LUAD,2,Epithelial,20,BTC
LUAD,2,Epithelial,21,GCM1
LUAD,2,Epithelial,22,SLC10A6
LUAD,2,Epithelial,23,KRT19
LUAD,2,Epithelial,24,TOX3
LUAD,2,Epithelial,25,CD164L2
LUAD,2,Epithelial,26,RP5-877J2.1
LUAD,2,Epithelial,27,RASEF
LUAD,2,Epithelial,28,LDLRAD1
LUAD,2,Epithelial,29,AGR3
LUAD,2,Epithelial,30,HRCT1
LUAD,2,Epithelial,31,SOD3
LUAD,2,Epithelial,32,FLRT3
LUAD,2,Epithelial,33,IRX2
LUAD,2,Epithelial,34,LGI3
LUAD,2,Epithelial,35,NKX2-1
LUAD,2,Epithelial,36,TMPRSS2
LUAD,2,Epithelial,37,NR0B2
LUAD,2,Epithelial,38,LCN2
LUAD,2,Epithelial,39,SELENBP1
LUAD,2,Epithelial,40,CNKSR1
LUAD,2,Epithelial,41,MS4A18
LUAD,2,Epithelial,42,PLA2G4B
LUAD,2,Epithelial,43,C19orf33
LUAD,2,Epithelial,44,LAD1
LUAD,2,Epithelial,45,SMIM31
LUAD,2,Epithelial,46,C1orf210
LUAD,2,Epithelial,47,TFAP2C
LUAD,2,Epithelial,48,ESRP1
LUAD,2,Epithelial,49,CLDN3
LUAD,2,Epithelial,50,SDR16C5
LUAD,2,Epithelial,51,ATP2C2
LUAD,2,Epithelial,52,IRX3
LUAD,2,Epithelial,53,ELF3
LUAD,2,Epithelial,54,BMP1
LUAD,2,Epithelial,55,SLC52A3
LUAD,2,Epithelial,56,PGLYRP4
LUAD,2,Epithelial,57,TMEM184A
LUAD,2,Epithelial,58,SUSD2
LUAD,2,Epithelial,59,GUCA2A
LUAD,2,Epithelial,60,SLURP2
LUAD,2,Epithelial,61,LRRN4
LUAD,2,Epithelial,62,AQP1
LUAD,2,Epithelial,63,KRT15
LUAD,2,Epithelial,64,CLDN4
LUAD,2,Epithelial,65,IL24
LUAD,2,Epithelial,66,SLC34A2
LUAD,2,Epithelial,67,TRIM71
LUAD,2,Epithelial,68,WNT2
LUAD,2,Epithelial,69,TWIST2
LUAD,2,Epithelial,70,PRSS22
LUAD,2,Epithelial,71,IGSF5
LUAD,2,Epithelial,72,FOXQ1
LUAD,2,Epithelial,73,CYP4B1
LUAD,2,Epithelial,74,RASSF10
LUAD,2,Epithelial,75,SHH
LUAD,2,Epithelial,76,PCDHAC2
LUAD,2,Epithelial,77,MYH14
LUAD,2,Epithelial,78,AQP4
LUAD,2,Epithelial,79,DSG2
LUAD,2,Epithelial,80,SP5
LUAD,2,Epithelial,81,GRHL2
LUAD,2,Epithelial,82,SOWAHB
LUAD,2,Epithelial,83,HSD17B13
LUAD,2,Epithelial,84,C7orf61
LUAD,2,Epithelial,85,MAL2
LUAD,2,Epithelial,86,RGS22
LUAD,2,Epithelial,87,CLDN9
LUAD,2,Epithelial,88,ID4
LUAD,2,Epithelial,89,SLPI
LUAD,2,Epithelial,90,OLFM1
LUAD,2,Epithelial,91,HRC
LUAD,2,Epithelial,92,TEDDM1
LUAD,2,Epithelial,93,POU2F3
LUAD,2,Epithelial,94,PRMT8
LUAD,2,Epithelial,95,HSPB8
LUAD,2,Epithelial,96,TMC7
LUAD,2,Epithelial,97,CAPN9
LUAD,2,Epithelial,98,MUCL3
LUAD,2,Epithelial,99,WFIKKN1
LUAD,2,Epithelial,100,CRB3
LUAD,2,Epithelial,101,LY6D
LUAD,2,Epithelial,102,GDPD3
LUAD,2,Epithelial,103,EDN2
LUAD,2,Epithelial,104,RBM24
LUAD,2,Epithelial,105,PAX9
LUAD,2,Epithelial,106,RNF223
LUAD,2,Epithelial,107,ABO
LUAD,2,Epithelial,108,KRT4
LUAD,2,Epithelial,109,KRT32
LUAD,2,Epithelial,110,NPSR1
LUAD,2,Epithelial,111,CCN1
LUAD,2,Epithelial,112,PRRX2
LUAD,2,Epithelial,113,C1QTNF9
LUAD,2,Epithelial,114,SHROOM3
LUAD,2,Epithelial,115,SLFNL1
LUAD,2,Epithelial,116,DSP
LUAD,2,Epithelial,117,PLPP2
LUAD,2,Epithelial,118,ASS1
LUAD,2,Epithelial,119,SULT1A2
LUAD,2,Epithelial,120,SIX2
LUAD,2,Epithelial,121,DNALI1
LUAD,2,Epithelial,122,IQANK1
LUAD,2,Epithelial,123,FOXL3
LUAD,2,Epithelial,124,ATP1A2
LUAD,2,Epithelial,125,FAM83H
LUAD,2,Epithelial,126,COL12A1
LUAD,2,Epithelial,127,SOX2
LUAD,2,Epithelial,128,OSMR
LUAD,2,Epithelial,129,CYP2B6
LUAD,2,Epithelial,130,TMC5
LUAD,2,Epithelial,131,ACMSD
LUAD,2,Epithelial,132,SFTPA2
LUAD,2,Epithelial,133,TBX18
LUAD,2,Epithelial,134,PCDH20
LUAD,2,Epithelial,135,RP11-310K10.1
LUAD,2,Epithelial,136,RNF186
LUAD,2,Epithelial,137,STK32A
LUAD,2,Epithelial,138,HTN3
LUAD,2,Epithelial,139,SCNN1B
LUAD,2,Epithelial,140,ARHGEF38
LUAD,2,Epithelial,141,GPR37
LUAD,2,Epithelial,142,PLS3
LUAD,2,Epithelial,143,PCDHAC1
LUAD,2,Epithelial,144,FILIP1
LUAD,2,Epithelial,145,STAC2
LUAD,2,Epithelial,146,SRRM4
LUAD,2,Epithelial,147,PCDHA13
LUAD,2,Epithelial,148,CRYAB
LUAD,2,Epithelial,149,BMPER
LUAD,2,Epithelial,150,PCDHA4
LUAD,2,Epithelial,151,PCDHA11
LUAD,2,Epithelial,152,RAI14
LUAD,2,Epithelial,153,LRRC8E
LUAD,2,Epithelial,154,PCDHA12
LUAD,2,Epithelial,155,GRB7
LUAD,2,Epithelial,156,PDGFA
LUAD,2,Epithelial,157,GABRE
LUAD,2,Epithelial,158,PCDHA6
LUAD,2,Epithelial,159,PCDHA7
LUAD,2,Epithelial,160,PCDHA3
LUAD,2,Epithelial,161,PCDHA9
LUAD,2,Epithelial,162,PCDHA10
LUAD,2,Epithelial,163,PCDHA8
LUAD,2,Epithelial,164,AADAC
LUAD,2,Epithelial,165,RP13-122B23.13
LUAD,2,Epithelial,166,KLHDC7A
LUAD,2,Epithelial,167,DDR2
LUAD,2,Epithelial,168,PCDHA5
LUAD,2,Epithelial,169,TSPO2
LUAD,2,Epithelial,170,BAIAP2L1
LUAD,2,Epithelial,171,CDX2
LUAD,2,Epithelial,172,RASSF9
LUAD,2,Epithelial,173,TACSTD2
LUAD,2,Epithelial,174,SDC1
LUAD,2,Epithelial,175,TECTB
LUAD,2,Epithelial,176,PSAPL1
LUAD,2,Epithelial,177,ADGRF1
LUAD,2,Epithelial,178,TDRD5
LUAD,2,Epithelial,179,MAGI1
LUAD,2,Epithelial,180,ITGA10
LUAD,2,Epithelial,181,SLC6A14
LUAD,2,Epithelial,182,LAMC2
LUAD,2,Epithelial,183,LMO3
LUAD,2,Epithelial,184,FMO2
LUAD,2,Epithelial,185,KCNS3
LUAD,2,Epithelial,186,VSTM2L
LUAD,2,Epithelial,187,CTB-102L5.4
LUAD,2,Epithelial,188,KCNK1
LUAD,2,Epithelial,189,SLC19A3
LUAD,2,Epithelial,190,GJB5
LUAD,2,Epithelial,191,AMTN
LUAD,2,Epithelial,192,SLITRK6
LUAD,2,Epithelial,193,DNAH5
LUAD,2,Epithelial,194,SPDEF
LUAD,2,Epithelial,195,LRATD1
LUAD,2,Epithelial,196,TMEM54
LUAD,2,Epithelial,197,FA2H
LUAD,2,Epithelial,198,DDAH1
LUAD,2,Epithelial,199,SCX
LUAD,2,Epithelial,200,TSPAN11
LUAD,2,Fibroblast,1,COL1A2
LUAD,2,Fibroblast,2,DCN
LUAD,2,Fibroblast,3,LUM
LUAD,2,Fibroblast,4,COL1A1
LUAD,2,Fibroblast,5,TMEM229A
LUAD,2,Fibroblast,6,FRMD1
LUAD,2,Fibroblast,7,MUC5AC
LUAD,2,Fibroblast,8,IRX1
LUAD,2,Fibroblast,9,LRIT2
LUAD,2,Fibroblast,10,GPRIN2
LUAD,2,Fibroblast,11,OR6N1
LUAD,2,Fibroblast,12,FOXF1
LUAD,2,Fibroblast,13,GPIHBP1
LUAD,2,Fibroblast,14,PRR35
LUAD,2,Fibroblast,15,NDN
LUAD,2,Fibroblast,16,HOXD1
LUAD,2,Fibroblast,17,GRIK3
LUAD,2,Fibroblast,18,GPR20
LUAD,2,Fibroblast,19,NEFM
LUAD,2,Fibroblast,20,TTC34
LUAD,2,Fibroblast,21,DUX4
LUAD,2,Fibroblast,22,RAB6B
LUAD,2,Fibroblast,23,MUC5B
LUAD,2,Fibroblast,24,TRIL
LUAD,2,Fibroblast,25,H3C13
LUAD,2,Fibroblast,26,CHRFAM7A
LUAD,2,Fibroblast,27,ANKRD34B
LUAD,2,Fibroblast,28,PSG9
LUAD,2,Fibroblast,29,KRT75
LUAD,2,Fibroblast,30,ADCYAP1
LUAD,2,Fibroblast,31,LYZL4
LUAD,2,Fibroblast,32,PTTG1IP2
LUAD,2,Fibroblast,33,WFIKKN2
LUAD,2,Fibroblast,34,OR4K1
LUAD,2,Fibroblast,35,POU3F2
LUAD,2,Fibroblast,36,RAI2
LUAD,2,Fibroblast,37,HOXC5
LUAD,2,Fibroblast,38,MCF2
LUAD,2,Fibroblast,39,KRT16
LUAD,2,Fibroblast,40,CHODL
LUAD,2,Fibroblast,41,PM20D1
LUAD,2,Fibroblast,42,OR9A2
LUAD,2,Fibroblast,43,SLITRK3
LUAD,2,Fibroblast,44,TRIM40
LUAD,2,Fibroblast,45,MUC6
LUAD,2,Fibroblast,46,ARL13A
LUAD,2,Fibroblast,47,MBD3L2B
LUAD,2,Fibroblast,48,GPRC5D
LUAD,2,Fibroblast,49,OR6B2
LUAD,2,Fibroblast,50,ARHGEF39
LUAD,2,Fibroblast,51,TPSD1
LUAD,2,Fibroblast,52,PRSS56
LUAD,2,Fibroblast,53,IGFALS
LUAD,2,Fibroblast,54,ZDHHC11B
LUAD,2,Fibroblast,55,SMIM40
LUAD,2,Fibroblast,56,NUTM2E
LUAD,2,Fibroblast,57,FOXB2
LUAD,2,Fibroblast,58,ZNF492
LUAD,2,Fibroblast,59,TYMS
LUAD,2,Fibroblast,60,OR2AJ1
LUAD,2,Fibroblast,61,ZNF135
LUAD,2,Fibroblast,62,FCSK
LUAD,2,Fibroblast,63,CPO
LUAD,2,Fibroblast,64,ACAN
LUAD,2,Fibroblast,65,UCN3
LUAD,2,Fibroblast,66,SOHLH1
LUAD,2,Fibroblast,67,ASPA
LUAD,2,Fibroblast,68,NAP1L2
LUAD,2,Fibroblast,69,ASPG
LUAD,2,Fibroblast,70,USP17L2
LUAD,2,Fibroblast,71,MUC3A
LUAD,2,Fibroblast,72,CYP4V2
LUAD,2,Fibroblast,73,JUN
LUAD,2,Fibroblast,74,PFN3
LUAD,2,Fibroblast,75,PLET1
LUAD,2,Fibroblast,76,SMC1B
LUAD,2,Fibroblast,77,SOGA3
LUAD,2,Fibroblast,78,PBDC1
LUAD,2,Fibroblast,79,NMI
LUAD,2,Fibroblast,80,MC3R
LUAD,2,Fibroblast,81,PDE6B
LUAD,2,Fibroblast,82,PHC1
LUAD,2,Fibroblast,83,USP26
LUAD,2,Fibroblast,84,HHIPL1
LUAD,2,Fibroblast,85,RP3-403A15.5
LUAD,2,Fibroblast,86,FAHD2B
LUAD,2,Fibroblast,87,TAT
LUAD,2,Fibroblast,88,USP51
LUAD,2,Fibroblast,89,TAGLN2
LUAD,2,Fibroblast,90,PYGM
LUAD,2,Fibroblast,91,TEX30
LUAD,2,Fibroblast,92,GTF2H2C
LUAD,2,Fibroblast,93,CST9L
LUAD,2,Fibroblast,94,BRWD1
LUAD,2,Fibroblast,95,LPAR2
LUAD,2,Fibroblast,96,SLC25A31
LUAD,2,Fibroblast,97,GPD1
LUAD,2,Fibroblast,98,ZADH2
LUAD,2,Fibroblast,99,FAM162B
LUAD,2,Fibroblast,100,RPL10L
LUAD,2,Fibroblast,101,ZNF728
LUAD,2,Fibroblast,102,ASAH2B
LUAD,2,Fibroblast,103,CBWD2
LUAD,2,Fibroblast,104,ANKRD18A
LUAD,2,Fibroblast,105,OIT3
LUAD,2,Fibroblast,106,KCNK17
LUAD,2,Fibroblast,107,ADRA2C
LUAD,2,Fibroblast,108,ADRA2A
LUAD,2,Fibroblast,109,NES
LUAD,2,Fibroblast,110,ZBTB10
LUAD,2,Fibroblast,111,HELLS
LUAD,2,Fibroblast,112,NDUFB2
LUAD,2,Fibroblast,113,ANKRD36C
LUAD,2,Fibroblast,114,MICU3
LUAD,2,Fibroblast,115,LTB
LUAD,2,Fibroblast,116,HSPA8
LUAD,2,Fibroblast,117,CILK1
LUAD,2,Fibroblast,118,H2BC18
LUAD,2,Fibroblast,119,SLC6A17
LUAD,2,Fibroblast,120,GAS1
LUAD,2,Fibroblast,121,OR5AU1
LUAD,2,Fibroblast,122,DPH6
LUAD,2,Fibroblast,123,ZNF544
LUAD,2,Fibroblast,124,CCNP
LUAD,2,Fibroblast,125,DDX21
LUAD,2,Fibroblast,126,TEKT4
LUAD,2,Fibroblast,127,PRMT6
LUAD,2,Fibroblast,128,GALNT16
LUAD,2,Fibroblast,129,BATF3
LUAD,2,Fibroblast,130,LCE3B
LUAD,2,Fibroblast,131,IPO7
LUAD,2,Fibroblast,132,AMER1
LUAD,2,Fibroblast,133,KEL
LUAD,2,Fibroblast,134,ANKS4B
LUAD,2,Fibroblast,135,DUT
LUAD,2,Fibroblast,136,ALPI
LUAD,2,Fibroblast,137,PGGHG
LUAD,2,Fibroblast,138,YAF2
LUAD,2,Fibroblast,139,ZNF705G
LUAD,2,Fibroblast,140,CDCA7
LUAD,2,Fibroblast,141,GYPB
LUAD,2,Fibroblast,142,OR5F1
LUAD,2,Fibroblast,143,LDB3
LUAD,2,Fibroblast,144,SCN2B
LUAD,2,Fibroblast,145,MRPL19
LUAD,2,Fibroblast,146,CHIA
LUAD,2,Fibroblast,147,FITM1
LUAD,2,Fibroblast,148,ARHGAP11B
LUAD,2,Fibroblast,149,PDE12
LUAD,2,Fibroblast,150,COX11
LUAD,2,Fibroblast,151,HTATIP2
LUAD,2,Fibroblast,152,H2AJ
LUAD,2,Fibroblast,153,DSCC1
LUAD,2,Fibroblast,154,RP11-248J23.7
LUAD,2,Fibroblast,155,RBM41
LUAD,2,Fibroblast,156,SLC12A2
LUAD,2,Fibroblast,157,ZDHHC8
LUAD,2,Fibroblast,158,FAM161A
LUAD,2,Fibroblast,159,MAGEH1
LUAD,2,Fibroblast,160,ANKK1
LUAD,2,Fibroblast,161,CHAC1
LUAD,2,Fibroblast,162,SKA3
LUAD,2,Fibroblast,163,KCNT1
LUAD,2,Fibroblast,164,FOXM1
LUAD,2,Fibroblast,165,MRPL57
LUAD,2,Fibroblast,166,MTERF3
LUAD,2,Fibroblast,167,CASP8AP2
LUAD,2,Fibroblast,168,HTRA3
LUAD,2,Fibroblast,169,ZXDA
LUAD,2,Fibroblast,170,TMSB10
LUAD,2,Fibroblast,171,RABAC1
LUAD,2,Fibroblast,172,HOXA4
LUAD,2,Fibroblast,173,KIF26A
LUAD,2,Fibroblast,174,RAB11FIP5
LUAD,2,Fibroblast,175,MC5R
LUAD,2,Fibroblast,176,ZNF705E
LUAD,2,Fibroblast,177,ABLIM3
LUAD,2,Fibroblast,178,ZXDB
LUAD,2,Fibroblast,179,ZDHHC4
LUAD,2,Fibroblast,180,TAP1
LUAD,2,Fibroblast,181,PHF2
LUAD,2,Fibroblast,182,RB1CC1
LUAD,2,Fibroblast,183,EXOC8
LUAD,2,Fibroblast,184,SPRTN
LUAD,2,Fibroblast,185,HSPA1B
LUAD,2,Fibroblast,186,PQBP1
LUAD,2,Fibroblast,187,CENPE
LUAD,2,Fibroblast,188,MTDH
LUAD,2,Fibroblast,189,C8orf37
LUAD,2,Fibroblast,190,AGL
LUAD,2,Fibroblast,191,PGM1
LUAD,2,Fibroblast,192,ARL9
LUAD,2,Fibroblast,193,DIS3L
LUAD,2,Fibroblast,194,KCNMB4
LUAD,2,Fibroblast,195,METTL2B
LUAD,2,Fibroblast,196,SKP1
LUAD,2,Fibroblast,197,ZSCAN2
LUAD,2,Fibroblast,198,CC2D2B
LUAD,2,Fibroblast,199,PGM2
LUAD,2,Fibroblast,200,MAB21L4
LUAD,2,Macrophage,1,AIF1
LUAD,2,Macrophage,2,MSR1
LUAD,2,Macrophage,3,MRC1
LUAD,2,Macrophage,4,ITGAM
LUAD,2,Macrophage,5,CD68
LUAD,2,Macrophage,6,MARCO
LUAD,2,Macrophage,7,CSF1R
LUAD,2,Macrophage,8,EN2
LUAD,2,Macrophage,9,XIRP2
LUAD,2,Macrophage,10,HNRNPA1P48
LUAD,2,Macrophage,11,OR6Q1
LUAD,2,Macrophage,12,KRTAP13-1
LUAD,2,Macrophage,13,RGS21
LUAD,2,Macrophage,14,FSTL5
LUAD,2,Macrophage,15,UBAP1L
LUAD,2,Macrophage,16,GKN2
LUAD,2,Macrophage,17,OR9Q1
LUAD,2,Macrophage,18,OR2A12
LUAD,2,Macrophage,19,FGF6
LUAD,2,Macrophage,20,NKX6-3
LUAD,2,Macrophage,21,FSHB
LUAD,2,Macrophage,22,TRDN
LUAD,2,Macrophage,23,MYCT1
LUAD,2,Macrophage,24,CCDC81
LUAD,2,Macrophage,25,PRDM9
LUAD,2,Macrophage,26,KCND2
LUAD,2,Macrophage,27,OR8U3
LUAD,2,Macrophage,28,NDST4
LUAD,2,Macrophage,29,ZNF385D
LUAD,2,Macrophage,30,RNF148
LUAD,2,Macrophage,31,RPE65
LUAD,2,Macrophage,32,GABRG2
LUAD,2,Macrophage,33,CTD-2501B8.1
LUAD,2,Macrophage,34,RP11-205M5.4
LUAD,2,Macrophage,35,CFHR4
LUAD,2,Macrophage,36,MMP19
LUAD,2,Macrophage,37,CD1E
LUAD,2,Macrophage,38,IL36RN
LUAD,2,Macrophage,39,MALRD1
LUAD,2,Macrophage,40,CYLC2
LUAD,2,Macrophage,41,NEGR1
LUAD,2,Macrophage,42,CLEC6A
LUAD,2,Macrophage,43,GFRAL
LUAD,2,Macrophage,44,CDH10
LUAD,2,Macrophage,45,ADAMTS19
LUAD,2,Macrophage,46,C8orf34
LUAD,2,Macrophage,47,HCRTR2
LUAD,2,Macrophage,48,IQCM
LUAD,2,Macrophage,49,AVP
LUAD,2,Macrophage,50,IGFL3
LUAD,2,Macrophage,51,PPFIA2
LUAD,2,Macrophage,52,CDH6
LUAD,2,Macrophage,53,CCL23
LUAD,2,Macrophage,54,PIK3C2G
LUAD,2,Macrophage,55,RIT2
LUAD,2,Macrophage,56,FSCN3
LUAD,2,Macrophage,57,CDH19
LUAD,2,Macrophage,58,SGCZ
LUAD,2,Macrophage,59,EDIL3
LUAD,2,Macrophage,60,MUSK
LUAD,2,Macrophage,61,COL11A1
LUAD,2,Macrophage,62,NKAIN2
LUAD,2,Macrophage,63,CNTN3
LUAD,2,Macrophage,64,MGAT4C
LUAD,2,Macrophage,65,LRP1B
LUAD,2,Macrophage,66,GPR179
LUAD,2,Macrophage,67,HS6ST3
LUAD,2,Macrophage,68,C4orf17
LUAD,2,Macrophage,69,VSTM1
LUAD,2,Macrophage,70,CACNG4
LUAD,2,Macrophage,71,SAMD5
LUAD,2,Macrophage,72,SLC27A6
LUAD,2,Macrophage,73,ANKRD30A
LUAD,2,Macrophage,74,PADI3
LUAD,2,Macrophage,75,KCNMB1
LUAD,2,Macrophage,76,KCNJ3
LUAD,2,Macrophage,77,OR52N4
LUAD,2,Macrophage,78,EYS
LUAD,2,Macrophage,79,BCHE
LUAD,2,Macrophage,80,TAS2R1
LUAD,2,Macrophage,81,CNTN5
LUAD,2,Macrophage,82,CDH9
LUAD,2,Macrophage,83,ROBO2
LUAD,2,Macrophage,84,CD33
LUAD,2,Macrophage,85,CALML4
LUAD,2,Macrophage,86,RGS18
LUAD,2,Macrophage,87,MAP1LC3C
LUAD,2,Macrophage,88,LRRTM4
LUAD,2,Macrophage,89,HPGDS
LUAD,2,Macrophage,90,SLCO1C1
LUAD,2,Macrophage,91,A4GNT
LUAD,2,Macrophage,92,AADACL2
LUAD,2,Macrophage,93,FAM71A
LUAD,2,Macrophage,94,GRIK2
LUAD,2,Macrophage,95,CD209
LUAD,2,Macrophage,96,QRFP
LUAD,2,Macrophage,97,PCDH15
LUAD,2,Macrophage,98,NELL1
LUAD,2,Macrophage,99,PTPRQ
LUAD,2,Macrophage,100,ZNF311
LUAD,2,Macrophage,101,TNNI1
LUAD,2,Macrophage,102,SEMA3A
LUAD,2,Macrophage,103,L1TD1
LUAD,2,Macrophage,104,MAGEB18
LUAD,2,Macrophage,105,SLCO1B1
LUAD,2,Macrophage,106,OR4C12
LUAD,2,Macrophage,107,SULT1B1
LUAD,2,Macrophage,108,SI
LUAD,2,Macrophage,109,RP11-125O5.2
LUAD,2,Macrophage,110,OLFM3
LUAD,2,Macrophage,111,KCNJ16
LUAD,2,Macrophage,112,FBN2
LUAD,2,Macrophage,113,CDH8
LUAD,2,Macrophage,114,DSC2
LUAD,2,Macrophage,115,CLEC4E
LUAD,2,Macrophage,116,BRINP3
LUAD,2,Macrophage,117,ZNF804A
LUAD,2,Macrophage,118,GRM1
LUAD,2,Macrophage,119,PADI6
LUAD,2,Macrophage,120,CELA2B
LUAD,2,Macrophage,121,GRM7
LUAD,2,Macrophage,122,CCL2
LUAD,2,Macrophage,123,HCAR3
LUAD,2,Macrophage,124,USH2A
LUAD,2,Macrophage,125,MYMX
LUAD,2,Macrophage,126,THSD7A
LUAD,2,Macrophage,127,S100B
LUAD,2,Macrophage,128,CFAP100
LUAD,2,Macrophage,129,SLC1A7
LUAD,2,Macrophage,130,KCNK7
LUAD,2,Macrophage,131,PDE6H
LUAD,2,Macrophage,132,CTNNA2
LUAD,2,Macrophage,133,RXFP1
LUAD,2,Macrophage,134,CCL4L2
LUAD,2,Macrophage,135,C3orf22
LUAD,2,Macrophage,136,SIGLEC7
LUAD,2,Macrophage,137,SEMA3E
LUAD,2,Macrophage,138,CHRNG
LUAD,2,Macrophage,139,TM6SF1
LUAD,2,Macrophage,140,RP1
LUAD,2,Macrophage,141,ACSS3
LUAD,2,Macrophage,142,TAS2R16
LUAD,2,Macrophage,143,FPR3
LUAD,2,Macrophage,144,C1QA
LUAD,2,Macrophage,145,LILRA1
LUAD,2,Macrophage,146,ST8SIA2
LUAD,2,Macrophage,147,MUC13
LUAD,2,Macrophage,148,COL9A1
LUAD,2,Macrophage,149,TH
LUAD,2,Macrophage,150,MPO
LUAD,2,Macrophage,151,TRPV4
LUAD,2,Macrophage,152,TMPRSS9
LUAD,2,Macrophage,153,DACH1
LUAD,2,Macrophage,154,IGSF23
LUAD,2,Macrophage,155,GRID2
LUAD,2,Macrophage,156,AGMO
LUAD,2,Macrophage,157,PLEK2
LUAD,2,Macrophage,158,TREM2
LUAD,2,Macrophage,159,CCDC170
LUAD,2,Macrophage,160,ADAM18
LUAD,2,Macrophage,161,DCC
LUAD,2,Macrophage,162,LGALS12
LUAD,2,Macrophage,163,TMEM26
LUAD,2,Macrophage,164,SVEP1
LUAD,2,Macrophage,165,CDH18
LUAD,2,Macrophage,166,ANO5
LUAD,2,Macrophage,167,CLRN3
LUAD,2,Macrophage,168,SNTG1
LUAD,2,Macrophage,169,OPRK1
LUAD,2,Macrophage,170,ADGB
LUAD,2,Macrophage,171,COL13A1
LUAD,2,Macrophage,172,DAOA
LUAD,2,Macrophage,173,CD36
LUAD,2,Macrophage,174,HTRA4
LUAD,2,Macrophage,175,CELA2A
LUAD,2,Macrophage,176,TLR4
LUAD,2,Macrophage,177,TMEM52B
LUAD,2,Macrophage,178,SLC1A3
LUAD,2,Macrophage,179,CNBD1
LUAD,2,Macrophage,180,FJX1
LUAD,2,Macrophage,181,CES1
LUAD,2,Macrophage,182,ARMCX1
LUAD,2,Macrophage,183,ZNF577
LUAD,2,Macrophage,184,UGT2A2
LUAD,2,Macrophage,185,DSC1
LUAD,2,Macrophage,186,CCDC178
LUAD,2,Macrophage,187,C1QB
LUAD,2,Macrophage,188,TMEM114
LUAD,2,Macrophage,189,MAFB
LUAD,2,Macrophage,190,MBL2
LUAD,2,Macrophage,191,THBD
LUAD,2,Macrophage,192,EYA4
LUAD,2,Macrophage,193,NRG3
LUAD,2,Macrophage,194,KCNJ5
LUAD,2,Macrophage,195,TACR3
LUAD,2,Macrophage,196,GALNT13
LUAD,2,Macrophage,197,ZNF214
LUAD,2,Macrophage,198,CCL19
LUAD,2,Macrophage,199,TNFAIP6
LUAD,2,Macrophage,200,RNASE2
LUAD,2,T_NK,1,GNLY
LUAD,2,T_NK,2,CD3E
LUAD,2,T_NK,3,NKG7
LUAD,2,T_NK,4,KLRD1
LUAD,2,T_NK,5,CD3D
LUAD,2,T_NK,6,CD2
LUAD,2,T_NK,7,CD8A
LUAD,2,T_NK,8,CD3G
LUAD,2,T_NK,9,THEMIS
LUAD,2,T_NK,10,GZMH
LUAD,2,T_NK,11,KRT85
LUAD,2,T_NK,12,IL7R
LUAD,2,T_NK,13,KRTAP10-9
LUAD,2,T_NK,14,GZMB
LUAD,2,T_NK,15,KIR2DL4
LUAD,2,T_NK,16,UNC45B
LUAD,2,T_NK,17,KRT74
LUAD,2,T_NK,18,IFNG
LUAD,2,T_NK,19,LAG3
LUAD,2,T_NK,20,S1PR5
LUAD,2,T_NK,21,IFNL1
LUAD,2,T_NK,22,GAL
LUAD,2,T_NK,23,DBH
LUAD,2,T_NK,24,FRMPD3
LUAD,2,T_NK,25,GPR15
LUAD,2,T_NK,26,AMT
LUAD,2,T_NK,27,H3-5
LUAD,2,T_NK,28,NSG1
LUAD,2,T_NK,29,KRTAP12-3
LUAD,2,T_NK,30,FAM95C
LUAD,2,T_NK,31,GZMA
LUAD,2,T_NK,32,CTSW
LUAD,2,T_NK,33,PRF1
LUAD,2,T_NK,34,FAM71B
LUAD,2,T_NK,35,CD40LG
LUAD,2,T_NK,36,KLRF1
LUAD,2,T_NK,37,KRT2
LUAD,2,T_NK,38,SIRPG
LUAD,2,T_NK,39,RTP5
LUAD,2,T_NK,40,CCL18
LUAD,2,T_NK,41,IQCA1L
LUAD,2,T_NK,42,FAM166A
LUAD,2,T_NK,43,SOX8
LUAD,2,T_NK,44,BCL11B
LUAD,2,T_NK,45,TMEM151A
LUAD,2,T_NK,46,KLRC4
LUAD,2,T_NK,47,GML
LUAD,2,T_NK,48,SH2D1A
LUAD,2,T_NK,49,APBA2
LUAD,2,T_NK,50,GPR34
LUAD,2,T_NK,51,KRTAP12-4
LUAD,2,T_NK,52,PRR33
LUAD,2,T_NK,53,KNCN
LUAD,2,T_NK,54,AMH
LUAD,2,T_NK,55,IL9R
LUAD,2,T_NK,56,GRAP2
LUAD,2,T_NK,57,CEND1
LUAD,2,T_NK,58,CLDN2
LUAD,2,T_NK,59,KRT77
LUAD,2,T_NK,60,TEX13D
LUAD,2,T_NK,61,LRRN3
LUAD,2,T_NK,62,ITGAD
LUAD,2,T_NK,63,TRARG1
LUAD,2,T_NK,64,CHAT
LUAD,2,T_NK,65,CD226
LUAD,2,T_NK,66,BAIAP2L2
LUAD,2,T_NK,67,BRDT
LUAD,2,T_NK,68,GZMM
LUAD,2,T_NK,69,IL36G
LUAD,2,T_NK,70,ZFP57
LUAD,2,T_NK,71,IL17C
LUAD,2,T_NK,72,FAM163B
LUAD,2,T_NK,73,MARCHF4
LUAD,2,T_NK,74,CXCR6
LUAD,2,T_NK,75,CDHR5
LUAD,2,T_NK,76,MRGPRX2
LUAD,2,T_NK,77,SYTL2
LUAD,2,T_NK,78,PLN
LUAD,2,T_NK,79,ONECUT3
LUAD,2,T_NK,80,CYP2F1
LUAD,2,T_NK,81,TSPEAR
LUAD,2,T_NK,82,CLEC2A
LUAD,2,T_NK,83,ZAP70
LUAD,2,T_NK,84,ZNF541
LUAD,2,T_NK,85,JAKMIP3
LUAD,2,T_NK,86,XCL1
LUAD,2,T_NK,87,ICOS
LUAD,2,T_NK,88,CATSPER4
LUAD,2,T_NK,89,LAYN
LUAD,2,T_NK,90,KLRC4-KLRK1
LUAD,2,T_NK,91,RORA
LUAD,2,T_NK,92,EIF2S3B
LUAD,2,T_NK,93,TMIGD2
LUAD,2,T_NK,94,CRIP1
LUAD,2,T_NK,95,IL2RB
LUAD,2,T_NK,96,KLRB1
LUAD,2,T_NK,97,GZMK
LUAD,2,T_NK,98,SLC52A1
LUAD,2,T_NK,99,NELL2
LUAD,2,T_NK,100,CAMK4
LUAD,2,T_NK,101,FSD1
LUAD,2,T_NK,102,IL12RB2
LUAD,2,T_NK,103,BCL2L15
LUAD,2,T_NK,104,CCL5
LUAD,2,T_NK,105,TRAT1
LUAD,2,T_NK,106,FYCO1
LUAD,2,T_NK,107,FAM217A
LUAD,2,T_NK,108,FASLG
LUAD,2,T_NK,109,SLC38A5
LUAD,2,T_NK,110,SLC17A3
LUAD,2,T_NK,111,MATK
LUAD,2,T_NK,112,CST7
LUAD,2,T_NK,113,PDZD4
LUAD,2,T_NK,114,AC142391.3
LUAD,2,T_NK,115,LIM2
LUAD,2,T_NK,116,PPP1R1B
LUAD,2,T_NK,117,IL3
LUAD,2,T_NK,118,FCGR3A
LUAD,2,T_NK,119,PRKCQ
LUAD,2,T_NK,120,CD96
LUAD,2,T_NK,121,SCML4
LUAD,2,T_NK,122,ZNF683
LUAD,2,T_NK,123,DPEP1
LUAD,2,T_NK,124,CD200R1L
LUAD,2,T_NK,125,C7orf33
LUAD,2,T_NK,126,KRTAP4-12
LUAD,2,T_NK,127,FNDC9
LUAD,2,T_NK,128,KRT79
LUAD,2,T_NK,129,ZNF831
LUAD,2,T_NK,130,ARHGDIG
LUAD,2,T_NK,131,VWA5B1
LUAD,2,T_NK,132,CDKL4
LUAD,2,T_NK,133,HOXB8
LUAD,2,T_NK,134,CDRT1
LUAD,2,T_NK,135,B3GAT1
LUAD,2,T_NK,136,PARD6G
LUAD,2,T_NK,137,VPS16
LUAD,2,T_NK,138,JAG2
LUAD,2,T_NK,139,SMIM38
LUAD,2,T_NK,140,LMX1B
LUAD,2,T_NK,141,GIMAP7
LUAD,2,T_NK,142,MPZL3
LUAD,2,T_NK,143,ESM1
LUAD,2,T_NK,144,XCR1
LUAD,2,T_NK,145,ELFN1
LUAD,2,T_NK,146,MAL
LUAD,2,T_NK,147,SLC1A1
LUAD,2,T_NK,148,JAKMIP1
LUAD,2,T_NK,149,COL10A1
LUAD,2,T_NK,150,SLA2
LUAD,2,T_NK,151,C4orf50
LUAD,2,T_NK,152,MT3
LUAD,2,T_NK,153,DOCK3
LUAD,2,T_NK,154,CXorf65
LUAD,2,T_NK,155,FBXL16
LUAD,2,T_NK,156,GTF2IRD2
LUAD,2,T_NK,157,CYP4F22
LUAD,2,T_NK,158,F2R
LUAD,2,T_NK,159,IL32
LUAD,2,T_NK,160,SLC32A1
LUAD,2,T_NK,161,CSF2
LUAD,2,T_NK,162,D2HGDH
LUAD,2,T_NK,163,FYN
LUAD,2,T_NK,164,IL18R1
LUAD,2,T_NK,165,IL23R
LUAD,2,T_NK,166,NMUR1
LUAD,2,T_NK,167,CD6
LUAD,2,T_NK,168,TRIM17
LUAD,2,T_NK,169,CD8B
LUAD,2,T_NK,170,LZTS1
LUAD,2,T_NK,171,NCCRP1
LUAD,2,T_NK,172,GPR171
LUAD,2,T_NK,173,PRR4
LUAD,2,T_NK,174,GSC2
LUAD,2,T_NK,175,JAKMIP2
LUAD,2,T_NK,176,APOL6
LUAD,2,T_NK,177,MFAP5
LUAD,2,T_NK,178,PTGIS
LUAD,2,T_NK,179,CCL16
LUAD,2,T_NK,180,LAT
LUAD,2,T_NK,181,TMEM59L
LUAD,2,T_NK,182,ITGAE
LUAD,2,T_NK,183,KLRK1
LUAD,2,T_NK,184,MMP24
LUAD,2,T_NK,185,PPP2R2B
LUAD,2,T_NK,186,CASKIN1
LUAD,2,T_NK,187,SARDH
LUAD,2,T_NK,188,CPB2
LUAD,2,T_NK,189,ABHD17A
LUAD,2,T_NK,190,BRME1
LUAD,2,T_NK,191,UBASH3A
LUAD,2,T_NK,192,PDZK1
LUAD,2,T_NK,193,ATP8B2
LUAD,2,T_NK,194,RUNX3
LUAD,2,T_NK,195,UCP3
LUAD,2,T_NK,196,TMEM211
LUAD,2,T_NK,197,KCNA6
LUAD,2,T_NK,198,RPS6KB2
LUAD,2,T_NK,199,OR10P1
LUAD,2,T_NK,200,GNAO1
