cohort,seed,mixture_variant,geneset,method,truth,n_genes,rmse,pearson_r,n_degenerate,deepest_type,bias_deepest,max_abs_bias_type,max_abs_bias,bias__B_cell,bias__CD4_T,bias__Endothelial_stromal,bias__Hepatocyte,bias__Macrophage,bias__NK_cytotoxic_T,bias__Endothelial,bias__Epithelial,bias__Fibroblast,bias__Mast,bias__Other_Myeloid,bias__T_NK
HCC,0,rawsum,common,raw_mean,cellfrac,1200,0.04733665888310651,0.9457588773288521,0,Endothelial_stromal,-0.02070281404366108,CD4_T,0.05290032235077152,-0.010376775206693938,0.05290032235077152,-0.02070281404366108,0.004187416057323415,-0.007762746823489561,-0.018245402334250378,,,,,,
HCC,0,rawsum,common,raw_mean,fragfrac,1200,0.08166708439661688,0.8449341772162394,0,Endothelial_stromal,-0.09827765932551313,CD4_T,0.10842640154612684,-0.04453186254527626,0.10842640154612684,-0.09827765932551313,-0.007489766691884722,0.030091992032525768,0.011780894984021507,,,,,,
HCC,0,rawsum,common,zscale_mean,cellfrac,1200,0.1748925851606633,0.2032490413451449,0,Endothelial_stromal,0.013853702939331016,NK_cytotoxic_T,0.2372272823078735,-0.09310104186414984,-0.16352,0.013853702939331016,-0.0041150700091231816,0.009655126626068636,0.2372272823078735,,,,,,
HCC,0,rawsum,common,zscale_mean,fragfrac,1200,0.18229855958807764,0.17994382048016183,0,Endothelial_stromal,-0.063721142342521,NK_cytotoxic_T,0.2672535796261452,-0.12725612920273213,-0.10799392080464465,-0.063721142342521,-0.015792252758331324,0.04750986548208394,0.2672535796261452,,,,,,
HCC,0,rawsum,common,lognorm_mean,cellfrac,1200,0.07440884648155535,0.8695900478448932,0,Endothelial_stromal,0.0655829289834026,Hepatocyte,0.07505779789771261,-0.013906225399572609,-0.042035928463484404,0.0655829289834026,0.07505779789771261,-0.03886366523942282,-0.04583490777863536,,,,,,
HCC,0,rawsum,common,lognorm_mean,fragfrac,1200,0.054842965211136095,0.9333065011887596,0,Endothelial_stromal,-0.011991916298449493,Hepatocyte,0.0633806151485045,-0.048061312738154935,0.013490150731870905,-0.011991916298449493,0.0633806151485045,-0.0010089263834075063,-0.01580861046036346,,,,,,
HCC,0,rawsum,common,lognorm_mean_expm1,cellfrac,1200,0.06539696913603493,0.8935040474004385,0,Endothelial_stromal,0.05962449582372752,Endothelial_stromal,0.05962449582372752,-0.02540170830598425,-0.01583754886397201,0.05962449582372752,0.047457069644273424,-0.03399112003745399,-0.031851188260590704,,,,,,
HCC,0,rawsum,common,lognorm_mean_expm1,fragfrac,1200,0.056453928331144494,0.9302020380542871,0,Endothelial_stromal,-0.017950349458124504,B_cell,0.05955679564456659,-0.05955679564456659,0.03968853033138328,-0.017950349458124504,0.03577988689506528,0.0038636188185613312,-0.0018248909423188092,,,,,,
HCC,0,rawsum,common,pseudobulk_cpm,cellfrac,1200,0.06321449727176454,0.9024306159840151,0,Endothelial_stromal,0.06905482575797608,Endothelial_stromal,0.06905482575797608,-0.007628537023072025,-0.016614921427031772,0.06905482575797608,0.029079305423674998,-0.03676540821481068,-0.03712526451673661,,,,,,
HCC,0,rawsum,common,pseudobulk_cpm,fragfrac,1200,0.04227263256213899,0.9617449216238947,0,Endothelial_stromal,-0.008520019523875955,B_cell,0.041783624361654365,-0.041783624361654365,0.03891115776832355,-0.008520019523875955,0.017402122674466846,0.0010893306412046453,-0.007098967198464723,,,,,,
HCC,0,rawsum,common,depth_matched,cellfrac,1200,0.06424852818418751,0.8970151964730753,0,Endothelial_stromal,0.058919971366250753,Endothelial_stromal,0.058919971366250753,-0.032801065049041254,0.010138636577388027,0.058919971366250753,0.03245395735754879,-0.026917647444953365,-0.04179385280719301,,,,,,
HCC,0,rawsum,common,depth_matched,fragfrac,1200,0.059816759098020644,0.9216345933921528,0,Endothelial_stromal,-0.01865487391560127,B_cell,0.06695615238762359,-0.06695615238762359,0.06566471577274335,-0.01865487391560127,0.02077677460834064,0.010937091411061972,-0.011767555488921116,,,,,,
HCC,0,rawsum,common,cpm_mean,cellfrac,1200,0.07446094108987655,0.8604117793695423,0,Endothelial_stromal,0.06698832442979695,Endothelial_stromal,0.06698832442979695,-0.06181454143177437,0.019645883665103052,0.06698832442979695,0.03735065434074492,-0.02373124666859267,-0.03843907433527787,,,,,,
HCC,0,rawsum,common,cpm_mean,fragfrac,1200,0.0726045273748557,0.8791863521720823,0,Endothelial_stromal,-0.010586520852055116,B_cell,0.09596962877035667,-0.09596962877035667,0.0751719628604584,-0.010586520852055116,0.0256734715915368,0.014123492187422655,-0.008412777017006,,,,,,
HCC,0,rawsum,own,raw_mean,cellfrac,1200,0.03114536169478669,0.9773536298029001,0,Endothelial_stromal,-0.01743140515582202,Endothelial_stromal,0.01743140515582202,0.006396019437157689,0.009492940864940468,-0.01743140515582202,0.016897901376265286,-0.004657490551152133,-0.010697965971389287,,,,,,
HCC,0,rawsum,own,raw_mean,fragfrac,1200,0.06780119029513165,0.8955323798779924,0,Endothelial_stromal,-0.09500625043767409,Endothelial_stromal,0.09500625043767409,-0.02775906790142464,0.06501902006029579,-0.09500625043767409,0.005220718627057145,0.03319724830486319,0.019328331346882596,,,,,,
HCC,0,rawsum,own,zscale_mean,cellfrac,1200,0.21083035031402295,0.09721639896412997,0,Endothelial_stromal,0.0070013213321411675,NK_cytotoxic_T,0.3435543551308792,-0.10368063067218819,-0.16352,0.0070013213321411675,-0.050144960265521,-0.03321008552531107,0.3435543551308792,,,,,,
HCC,0,rawsum,own,zscale_mean,fragfrac,1200,0.21961580751023657,0.059552116295604966,0,Endothelial_stromal,-0.07057352394971085,NK_cytotoxic_T,0.3735806524491509,-0.13783571801077055,-0.10799392080464465,-0.07057352394971085,-0.06182214301472916,0.004644653330704244,0.3735806524491509,,,,,,
HCC,0,rawsum,own,lognorm_mean,cellfrac,1200,0.05817021161235569,0.9166969143351977,0,Endothelial_stromal,0.0614168940287694,Endothelial_stromal,0.0614168940287694,-0.019064928459657893,-0.0027904996666509884,0.0614168940287694,0.03646503377467368,-0.033616702566854714,-0.04240979711027951,,,,,,
HCC,0,rawsum,own,lognorm_mean,fragfrac,1200,0.047070316705559716,0.9527601534673935,0,Endothelial_stromal,-0.01615795125308266,B_cell,0.05322001579824022,-0.05322001579824022,0.05273557952870433,-0.01615795125308266,0.024787851025465536,0.004238036289160619,-0.012383499792007615,,,,,,
HCC,0,rawsum,own,lognorm_mean_expm1,cellfrac,1200,0.05768552269069316,0.9191832648427686,0,Endothelial_stromal,0.05695276258094224,Endothelial_stromal,0.05695276258094224,-0.025149556996217938,0.013921723800480306,0.05695276258094224,0.024366161047445677,-0.03089042467879994,-0.03920066575385037,,,,,,
HCC,0,rawsum,own,lognorm_mean_expm1,fragfrac,1200,0.05475664754913418,0.9396067428209857,0,Endothelial_stromal,-0.02062208270090983,CD4_T,0.06944780299583558,-0.05930464433480025,0.06944780299583558,-0.02062208270090983,0.012688978298237537,0.006964314177215386,-0.009174368435578468,,,,,,
HCC,0,rawsum,own,pseudobulk_cpm,cellfrac,1200,0.06270997697687257,0.9053446586452292,0,Endothelial_stromal,0.07583700620325569,Endothelial_stromal,0.07583700620325569,0.0024110909518915563,-0.04510066422415576,0.07583700620325569,0.029305993485538494,-0.03236297228788664,-0.030090454128643376,,,,,,
HCC,0,rawsum,own,pseudobulk_cpm,fragfrac,1200,0.03239573166800928,0.9780187760911624,0,Endothelial_stromal,-0.0017378390785963123,B_cell,0.03174399638669076,-0.03174399638669076,0.010425414971199524,-0.0017378390785963123,0.01762881073633036,0.005491766568128684,-6.415681037148708e-05,,,,,,
HCC,0,rawsum,own,depth_matched,cellfrac,1200,0.06367088870313273,0.8990217257875455,0,Endothelial_stromal,0.05523891437532256,NK_cytotoxic_T,0.05569054697628799,-0.023141488538434497,0.0256855509687656,0.05523891437532256,0.026886801764729015,-0.028979231594094657,-0.05569054697628799,,,,,,
HCC,0,rawsum,own,depth_matched,fragfrac,1200,0.060503230466663935,0.9208118527363017,0,Endothelial_stromal,-0.022335930906529508,CD4_T,0.08121163016412095,-0.057296575877016795,0.08121163016412095,-0.022335930906529508,0.015209619015520854,0.008875507261920677,-0.025664249658016124,,,,,,
HCC,0,rawsum,own,cpm_mean,cellfrac,1200,0.07446094108987655,0.8604117793695423,0,Endothelial_stromal,0.06698832442979695,Endothelial_stromal,0.06698832442979695,-0.06181454143177437,0.019645883665103052,0.06698832442979695,0.03735065434074492,-0.02373124666859267,-0.03843907433527787,,,,,,
HCC,0,rawsum,own,cpm_mean,fragfrac,1200,0.0726045273748557,0.8791863521720823,0,Endothelial_stromal,-0.010586520852055116,B_cell,0.09596962877035667,-0.09596962877035667,0.0751719628604584,-0.010586520852055116,0.0256734715915368,0.014123492187422655,-0.008412777017006,,,,,,
HCC,0,cellnorm,common,raw_mean,cellfrac,1200,0.0642579461282415,0.9043423902964458,0,Endothelial_stromal,-0.0696712590692347,CD4_T,0.0739724793168295,-0.008808419093410867,0.0739724793168295,-0.0696712590692347,-0.025013900023863216,0.020769953104134525,0.008751145765544732,,,,,,
HCC,0,cellnorm,common,raw_mean,fragfrac,1200,0.11378849831650474,0.7136618877135689,0,Endothelial_stromal,-0.14724610435108676,Endothelial_stromal,0.14724610435108676,-0.0429635064319932,0.12949855851218478,-0.14724610435108676,-0.03669108277307135,0.058624691960149855,0.03877744308381663,,,,,,
HCC,0,cellnorm,common,zscale_mean,cellfrac,1200,0.1762127615885717,0.20831066926941535,0,Endothelial_stromal,0.001547986994085958,NK_cytotoxic_T,0.24579869562333895,-0.0918574410190035,-0.16352,0.001547986994085958,-0.00815545783892251,0.016186216240501046,0.24579869562333895,,,,,,
HCC,0,cellnorm,common,zscale_mean,fragfrac,1200,0.1858418287778159,0.1645725777778628,0,Endothelial_stromal,-0.07602685828776608,NK_cytotoxic_T,0.27582499294161095,-0.12601252835758578,-0.10799392080464465,-0.07602685828776608,-0.019832640588130643,0.05404095509651638,0.27582499294161095,,,,,,
HCC,0,cellnorm,common,lognorm_mean,cellfrac,1200,0.042986178586695394,0.9561760622204863,0,Endothelial_stromal,-0.008299963838924106,Hepatocyte,0.05151876815482996,-0.008069595409609737,-0.013582996603635907,-0.008299963838924106,0.05151876815482996,-0.0068804482769633645,-0.014685764025696846,,,,,,
HCC,0,cellnorm,common,lognorm_mean,fragfrac,1200,0.06944813559828275,0.8920823694352347,0,Endothelial_stromal,-0.08587480912077615,Endothelial_stromal,0.08587480912077615,-0.04222468274819208,0.041943082591719395,-0.08587480912077615,0.03984158540562181,0.030974290579051975,0.015340533292575035,,,,,,
HCC,0,cellnorm,common,lognorm_mean_expm1,cellfrac,1200,0.03839754615199607,0.9652670722832654,0,Endothelial_stromal,-0.009904157486555437,Hepatocyte,0.023142163083713262,-0.01979785281964245,0.01679504355399942,-0.009904157486555437,0.023142163083713262,-0.004922338854743825,-0.005312857476771,,,,,,
HCC,0,cellnorm,common,lognorm_mean_expm1,fragfrac,1200,0.07505354700513148,0.8703422822623441,0,Endothelial_stromal,-0.08747900276840745,Endothelial_stromal,0.08747900276840745,-0.053952940158224785,0.07232112274935472,-0.08747900276840745,0.011464980334505126,0.03293240000127149,0.024713439841500887,,,,,,
HCC,0,cellnorm,common,pseudobulk_cpm,cellfrac,1200,0.03536587405912587,0.9699444911891564,0,Endothelial_stromal,-0.008111731227963333,CD4_T,0.00842092132493278,0.0004932858383484226,0.00842092132493278,-0.008111731227963333,0.00652848132328947,-0.0027337935372728005,-0.004597163721334529,,,,,,
HCC,0,cellnorm,common,pseudobulk_cpm,fragfrac,1200,0.06756066983409113,0.8967347686031881,0,Endothelial_stromal,-0.08568657650981536,Endothelial_stromal,0.08568657650981536,-0.03366180150023389,0.06394700052028808,-0.08568657650981536,-0.005148701425918674,0.03512094531874252,0.02542913359693736,,,,,,
HCC,0,cellnorm,common,depth_matched,cellfrac,1200,0.041416514018820114,0.9594303874151248,0,Endothelial_stromal,-0.011531857914522008,CD4_T,0.037760695086105384,-0.025918874965427694,0.037760695086105384,-0.011531857914522008,0.008895261872932445,0.00408533006326118,-0.013290554142349318,,,,,,
HCC,0,cellnorm,common,depth_matched,fragfrac,1200,0.0797505445649454,0.8523787992285531,0,Endothelial_stromal,-0.08910670319637404,CD4_T,0.0932867742814607,-0.06007396230401002,0.0932867742814607,-0.08910670319637404,-0.002781920876275692,0.041940068919276506,0.01673574317592257,,,,,,
HCC,0,cellnorm,common,cpm_mean,cellfrac,1200,0.053431918555878914,0.930122723323511,0,Endothelial_stromal,-0.0076687866723497925,B_cell,0.05605411556284303,-0.05605411556284303,0.05388286186241241,-0.0076687866723497925,0.014597695162644727,0.007474383032703885,-0.01223203782256822,,,,,,
HCC,0,cellnorm,common,cpm_mean,fragfrac,1200,0.08947665484682119,0.811584391304452,0,Endothelial_stromal,-0.08524363195420186,CD4_T,0.10940894105776774,-0.09020920290142533,0.10940894105776774,-0.08524363195420186,0.002920512413436581,0.0453291218887192,0.017794259495703665,,,,,,
HCC,0,cellnorm,own,raw_mean,cellfrac,1200,0.051267465820638666,0.9414021772782164,0,Endothelial_stromal,-0.06872406155897083,Endothelial_stromal,0.06872406155897083,-0.001852888852772562,0.02502740019297682,-0.06872406155897083,-0.0016273485547855882,0.020356627206285647,0.026820271567266508,,,,,,
HCC,0,cellnorm,own,raw_mean,fragfrac,1200,0.10482412113672344,0.7625018280893269,0,Endothelial_stromal,-0.14629890684082286,Endothelial_stromal,0.14629890684082286,-0.0360079761913549,0.08055347938833211,-0.14629890684082286,-0.01330453130399373,0.05821136606230099,0.056846568885538386,,,,,,
HCC,0,cellnorm,own,zscale_mean,cellfrac,1200,0.21288630730502472,0.09674715324201705,0,Endothelial_stromal,-0.001832708152950583,NK_cytotoxic_T,0.3509213231828372,-0.10328759951567318,-0.16352,-0.001832708152950583,-0.05152366527919913,-0.030757350235014257,0.3509213231828372,,,,,,
HCC,0,cellnorm,own,zscale_mean,fragfrac,1200,0.2228289017599327,0.04902723398387978,0,Endothelial_stromal,-0.0794075534348026,NK_cytotoxic_T,0.3809476205011093,-0.13744268685425548,-0.10799392080464465,-0.0794075534348026,-0.0632008480284073,0.007097388621001059,0.3809476205011093,,,,,,
HCC,0,cellnorm,own,lognorm_mean,cellfrac,1200,0.03411487412046736,0.97208636433274,0,Endothelial_stromal,-0.012156091881069425,Hepatocyte,0.02003880153187989,-0.012564401331136916,0.019381455511902262,-0.012156091881069425,0.02003880153187989,-0.002871772561510608,-0.01182799127006521,,,,,,
HCC,0,cellnorm,own,lognorm_mean,fragfrac,1200,0.07241179803332669,0.8807491506486442,0,Endothelial_stromal,-0.08973093716292146,Endothelial_stromal,0.08973093716292146,-0.04671948866971923,0.07490753470725758,-0.08973093716292146,0.008361618782671743,0.034982966294504717,0.018198306048206672,,,,,,
HCC,0,cellnorm,own,lognorm_mean_expm1,cellfrac,1200,0.035889544301450325,0.9709026869244799,0,Endothelial_stromal,-0.014147925022329469,CD4_T,0.02851833934899064,-0.01947863836722533,0.02851833934899064,-0.014147925022329469,0.0148457969497161,-0.002527670275375476,-0.007209902633776479,,,,,,
HCC,0,cellnorm,own,lognorm_mean_expm1,fragfrac,1200,0.07693366796273297,0.8631595328206774,0,Endothelial_stromal,-0.0917227703041815,Endothelial_stromal,0.0917227703041815,-0.05363372570580762,0.08404441854434594,-0.0917227703041815,0.00316861420050796,0.03532706858063985,0.02281639468449541,,,,,,
HCC,0,cellnorm,own,pseudobulk_cpm,cellfrac,1200,0.02925264210270572,0.9795394500292713,0,Endothelial_stromal,-0.007516280945388093,CD4_T,0.010597754111292414,0.007624017092547433,-0.010597754111292414,-0.007516280945388093,0.008449264914608352,-0.0005823731580226432,0.002623126207547377,,,,,,
HCC,0,cellnorm,own,pseudobulk_cpm,fragfrac,1200,0.06270220947904455,0.911617224674372,0,Endothelial_stromal,-0.08509112622724019,Endothelial_stromal,0.08509112622724019,-0.026531070246034894,0.0449283250840629,-0.08509112622724019,-0.0032279178345997884,0.03727236569799268,0.032649423525819274,,,,,,
HCC,0,cellnorm,own,depth_matched,cellfrac,1200,0.04355379050300176,0.9553898673551787,0,Endothelial_stromal,-0.012924352748349717,CD4_T,0.05447769203814335,-0.01744094721545423,0.05447769203814335,-0.012924352748349717,0.0032499465529194247,-0.0010526062716849907,-0.02630973235557383,,,,,,
HCC,0,cellnorm,own,depth_matched,fragfrac,1200,0.08095810887241306,0.8472825113608671,0,Endothelial_stromal,-0.09049919803020173,CD4_T,0.1100037712334987,-0.05159603455403658,0.1100037712334987,-0.09049919803020173,-0.008427236196288714,0.03680213258433034,0.0037165649626980505,,,,,,
HCC,0,cellnorm,own,cpm_mean,cellfrac,1200,0.053431918555878914,0.930122723323511,0,Endothelial_stromal,-0.0076687866723497925,B_cell,0.05605411556284303,-0.05605411556284303,0.05388286186241241,-0.0076687866723497925,0.014597695162644727,0.007474383032703885,-0.01223203782256822,,,,,,
HCC,0,cellnorm,own,cpm_mean,fragfrac,1200,0.08947665484682119,0.811584391304452,0,Endothelial_stromal,-0.08524363195420186,CD4_T,0.10940894105776774,-0.09020920290142533,0.10940894105776774,-0.08524363195420186,0.002920512413436581,0.0453291218887192,0.017794259495703665,,,,,,
HCC,1,rawsum,common,raw_mean,cellfrac,1200,0.033527709735042974,0.9713127257875149,0,Endothelial_stromal,-0.013357375824226261,NK_cytotoxic_T,0.01547956618362797,-0.0024983032764199823,0.01122343251402476,-0.013357375824226261,0.011190280822475385,0.008921531947774064,-0.01547956618362797,,,,,,
HCC,1,rawsum,common,raw_mean,fragfrac,1200,0.07095924053883787,0.8824248354288156,0,Endothelial_stromal,-0.09766363591263438,Endothelial_stromal,0.09766363591263438,-0.019151195151020577,0.06409106482428173,-0.09766363591263438,-0.0077414715701158345,0.04902333262595164,0.011441905183537398,,,,,,
HCC,1,rawsum,common,zscale_mean,cellfrac,1200,0.17265558972446363,0.1634568658409938,0,Endothelial_stromal,0.007322845033306421,NK_cytotoxic_T,0.24436682939951748,-0.10564094695777156,-0.15524,0.007322845033306421,0.002352874055212945,0.006838398469734703,0.24436682939951748,,,,,,
HCC,1,rawsum,common,zscale_mean,fragfrac,1200,0.18006209454391572,0.15733325299385298,0,Endothelial_stromal,-0.07698341505510166,NK_cytotoxic_T,0.2712883007666828,-0.12229383883237223,-0.10237236768974307,-0.07698341505510166,-0.016578878337378287,0.0469401991479123,0.2712883007666828,,,,,,
HCC,1,rawsum,common,lognorm_mean,cellfrac,1200,0.06882463295054965,0.8865230091407116,0,Endothelial_stromal,0.06784639808411422,Hepatocyte,0.07661039107355165,-0.009945238167944912,-0.05753637842109642,0.06784639808411422,0.07661039107355165,-0.03326159071176564,-0.04371358185685886,,,,,,
HCC,1,rawsum,common,lognorm_mean,fragfrac,1200,0.04249691186154927,0.959382366528525,0,Endothelial_stromal,-0.016459862004293863,Hepatocyte,0.05767863868096044,-0.02659813004254552,-0.004668746110839447,-0.016459862004293863,0.05767863868096044,0.006840209966411928,-0.016792110489693514,,,,,,
HCC,1,rawsum,common,lognorm_mean_expm1,cellfrac,1200,0.05523541100715971,0.9200789352763104,0,Endothelial_stromal,0.058018252986148114,Endothelial_stromal,0.058018252986148114,-0.02087893170953843,-0.028386290306505347,0.058018252986148114,0.05006946952971001,-0.030209113724887517,-0.028613386774926804,,,,,,
HCC,1,rawsum,common,lognorm_mean_expm1,fragfrac,1200,0.04182728592197419,0.9639618404722504,0,Endothelial_stromal,-0.026288007102259963,B_cell,0.037531823584139035,-0.037531823584139035,0.024481342003751613,-0.026288007102259963,0.031137717137118773,0.009892686953290045,-0.0016919154077614357,,,,,,
HCC,1,rawsum,common,pseudobulk_cpm,cellfrac,1200,0.06218302489047731,0.9070665761499798,0,Endothelial_stromal,0.07743484306236756,Endothelial_stromal,0.07743484306236756,0.025516752948923315,-0.04943781536048495,0.07743484306236756,0.020151080115335215,-0.03329373469848904,-0.040371126067652065,,,,,,
HCC,1,rawsum,common,pseudobulk_cpm,fragfrac,1200,0.027063543700537873,0.9836965570070785,0,Endothelial_stromal,-0.0068714170260405225,NK_cytotoxic_T,0.013449654700486716,0.008863861074322703,0.003429816949772017,-0.0068714170260405225,0.0012193277227439728,0.00680806597968854,-0.013449654700486716,,,,,,
HCC,1,rawsum,common,depth_matched,cellfrac,1200,0.05532501529324588,0.9198195125584615,0,Endothelial_stromal,0.069622184396336,Endothelial_stromal,0.069622184396336,-0.016008848374027353,-0.01218147744615657,0.069622184396336,0.029556035056672626,-0.031941400824052835,-0.039046492808771864,,,,,,
HCC,1,rawsum,common,depth_matched,fragfrac,1200,0.03930441227171008,0.9690732202957332,0,Endothelial_stromal,-0.014684075692072071,CD4_T,0.04068615486410041,-0.03266174024862797,0.04068615486410041,-0.014684075692072071,0.0106242826640814,0.008160399854124723,-0.012125021441606503,,,,,,
HCC,1,rawsum,common,cpm_mean,cellfrac,1200,0.0591912157280776,0.907879635360952,0,Endothelial_stromal,0.07533117870446078,Endothelial_stromal,0.07533117870446078,-0.02204697292210235,-0.018482905748397838,0.07533117870446078,0.0341580483097216,-0.030991876261640076,-0.03796747208204207,,,,,,
HCC,1,rawsum,common,cpm_mean,fragfrac,1200,0.03890908164503977,0.9700791456362022,0,Endothelial_stromal,-0.008975081383947333,B_cell,0.03869986479670297,-0.03869986479670297,0.03438472656185912,-0.008975081383947333,0.015226295917130364,0.009109924416537489,-0.011046000714876707,,,,,,
HCC,1,rawsum,own,raw_mean,cellfrac,1200,0.02762674437478488,0.9806536281681375,0,Endothelial_stromal,-0.014394591671820106,CD4_T,0.017019283530224864,-0.011876678075279196,0.017019283530224864,-0.014394591671820106,0.010570887636995978,0.010555254980943191,-0.011874156401064722,,,,,,
HCC,1,rawsum,own,raw_mean,fragfrac,1200,0.07057345750009156,0.8831985391268062,0,Endothelial_stromal,-0.0987008517602282,Endothelial_stromal,0.0987008517602282,-0.028529569949879777,0.06988691584048184,-0.0987008517602282,-0.008360864755595257,0.050657055659120764,0.015047314966100652,,,,,,
HCC,1,rawsum,own,zscale_mean,cellfrac,1200,0.20769023819383325,0.050194838402599466,0,Endothelial_stromal,0.001635376711307633,NK_cytotoxic_T,0.348403424749998,-0.11086242823383984,-0.15524,0.001635376711307633,-0.03673864858570815,-0.047197724641757643,0.348403424749998,,,,,,
HCC,1,rawsum,own,zscale_mean,fragfrac,1200,0.2156367604887687,0.034705270443222094,0,Endothelial_stromal,-0.08267088337710049,NK_cytotoxic_T,0.3753248961171634,-0.12751532010844044,-0.10237236768974307,-0.08267088337710049,-0.055670400978299374,-0.007095923963580068,0.3753248961171634,,,,,,
HCC,1,rawsum,own,lognorm_mean,cellfrac,1200,0.05443326053467314,0.9245976013340343,0,Endothelial_stromal,0.07219733838478377,Endothelial_stromal,0.07219733838478377,-0.014627368654138415,-0.04271044901657925,0.07219733838478377,0.034428966562439337,-0.024676569509940842,-0.024611917766564576,,,,,,
HCC,1,rawsum,own,lognorm_mean,fragfrac,1200,0.029368583252319422,0.9822235125831487,0,Endothelial_stromal,-0.012108921703624305,B_cell,0.03128026052873902,-0.03128026052873902,0.010157183293677713,-0.012108921703624305,0.015497214169848093,0.015425231168236742,0.0023095536006007907,,,,,,
HCC,1,rawsum,own,lognorm_mean_expm1,cellfrac,1200,0.049111028771877806,0.937481386163515,0,Endothelial_stromal,0.06097251607692193,Endothelial_stromal,0.06097251607692193,-0.02164487224440159,-0.006057537205592538,0.06097251607692193,0.024129070662542284,-0.028970583036214963,-0.02842859425325518,,,,,,
HCC,1,rawsum,own,lognorm_mean_expm1,fragfrac,1200,0.04065174647347262,0.9694062394372114,0,Endothelial_stromal,-0.02333374401148613,CD4_T,0.046810095104664426,-0.03829776411900218,0.046810095104664426,-0.02333374401148613,0.005197318269951059,0.011131217641962616,-0.0015071228860897964,,,,,,
HCC,1,rawsum,own,pseudobulk_cpm,cellfrac,1200,0.0583533749437779,0.9155697581143866,0,Endothelial_stromal,0.07115014737622997,Endothelial_stromal,0.07115014737622997,0.01774417397352264,-0.041414303490274376,0.07115014737622997,0.018397597872271236,-0.03328423976107344,-0.03259337597067599,,,,,,
HCC,1,rawsum,own,pseudobulk_cpm,fragfrac,1200,0.02789572864104208,0.9831335625841722,0,Endothelial_stromal,-0.013156112712178132,Endothelial_stromal,0.013156112712178132,0.0010912820989220284,0.011453328819982593,-0.013156112712178132,-0.0005341545203199933,0.0068175609171041264,-0.005671904603510623,,,,,,
HCC,1,rawsum,own,depth_matched,cellfrac,1200,0.05520203464865028,0.9199645565153005,0,Endothelial_stromal,0.0686267281537391,Endothelial_stromal,0.0686267281537391,-0.024009437907484745,-0.0058869304003985375,0.0686267281537391,0.02926903594758617,-0.031042575449515327,-0.03695682034392664,,,,,,
HCC,1,rawsum,own,depth_matched,fragfrac,1200,0.04194375378072463,0.9649241847412607,0,Endothelial_stromal,-0.015679531934669012,CD4_T,0.04698070190985844,-0.04066232978208536,0.04698070190985844,-0.015679531934669012,0.010337283554994931,0.009059225228662263,-0.010035348976761276,,,,,,
HCC,1,rawsum,own,cpm_mean,cellfrac,1200,0.0591912157280776,0.907879635360952,0,Endothelial_stromal,0.07533117870446078,Endothelial_stromal,0.07533117870446078,-0.02204697292210235,-0.018482905748397838,0.07533117870446078,0.0341580483097216,-0.030991876261640076,-0.03796747208204207,,,,,,
HCC,1,rawsum,own,cpm_mean,fragfrac,1200,0.03890908164503977,0.9700791456362022,0,Endothelial_stromal,-0.008975081383947333,B_cell,0.03869986479670297,-0.03869986479670297,0.03438472656185912,-0.008975081383947333,0.015226295917130364,0.009109924416537489,-0.011046000714876707,,,,,,
HCC,1,cellnorm,common,raw_mean,cellfrac,1200,0.056741546034244444,0.9295655269023212,0,Endothelial_stromal,-0.0684195838182217,Endothelial_stromal,0.0684195838182217,0.012029963983210115,0.028836650486385194,-0.0684195838182217,-0.02145230981685012,0.029976319165549912,0.019028959999926636,,,,,,
HCC,1,cellnorm,common,raw_mean,fragfrac,1200,0.10748774336083114,0.7503699077011308,0,Endothelial_stromal,-0.15272584390662983,Endothelial_stromal,0.15272584390662983,-0.004622927891390488,0.08170428279664214,-0.15272584390662983,-0.040384062209441345,0.0700781198437275,0.04595043136709199,,,,,,
HCC,1,cellnorm,common,zscale_mean,cellfrac,1200,0.1741004065201983,0.16772134588726806,0,Endothelial_stromal,-0.005904475776445131,NK_cytotoxic_T,0.2533821247729617,-0.10228358461088441,-0.15524,-0.005904475776445131,-0.0025305287205248765,0.012576464334892647,0.2533821247729617,,,,,,
HCC,1,cellnorm,common,zscale_mean,fragfrac,1200,0.18380525193052247,0.13897357235009206,0,Endothelial_stromal,-0.09021073586485319,NK_cytotoxic_T,0.2803035961401271,-0.11893647648548504,-0.10237236768974307,-0.09021073586485319,-0.02146228111311611,0.05267826501307024,0.2803035961401271,,,,,,
HCC,1,cellnorm,common,lognorm_mean,cellfrac,1200,0.03829402641954119,0.9660331649469347,0,Endothelial_stromal,-0.01050173676309979,Hepatocyte,0.04952892027471737,0.010614887163515798,-0.03801642082219784,-0.01050173676309979,0.04952892027471737,-0.00585425055113421,-0.0057713993018013166,,,,,,
HCC,1,cellnorm,common,lognorm_mean,fragfrac,1200,0.0629979307670412,0.9108920675845456,0,Endothelial_stromal,-0.09480799685150788,Endothelial_stromal,0.09480799685150788,-0.0060380047110848035,0.01485121148805913,-0.09480799685150788,0.03059716788212612,0.034247550127043384,0.02115007206536406,,,,,,
HCC,1,cellnorm,common,lognorm_mean_expm1,cellfrac,1200,0.027027388013097734,0.9815076671609267,0,Endothelial_stromal,-0.0141466480512263,Hepatocyte,0.02342290682774931,-0.0005965688334611734,-0.00992393570514273,-0.0141466480512263,0.02342290682774931,-0.005748864255073828,0.006993110017154728,,,,,,
HCC,1,cellnorm,common,lognorm_mean_expm1,fragfrac,1200,0.06695666162820503,0.8953556926902582,0,Endothelial_stromal,-0.0984529081396344,Endothelial_stromal,0.0984529081396344,-0.01724946070806178,0.042943696605114254,-0.0984529081396344,0.004491154435158088,0.034352936423103754,0.033914581384320096,,,,,,
HCC,1,cellnorm,common,pseudobulk_cpm,cellfrac,1200,0.041514314493053234,0.9613409567098234,0,Endothelial_stromal,-0.005847008859707781,B_cell,0.05013003668224317,0.05013003668224317,-0.029224449407399676,-0.005847008859707781,-0.005066463456250201,-0.005700449788436705,-0.004291665170448803,,,,,,
HCC,1,cellnorm,common,pseudobulk_cpm,fragfrac,1200,0.06370489296813514,0.9101149992332358,0,Endothelial_stromal,-0.09015326894811583,Endothelial_stromal,0.09015326894811583,0.03347714480764258,0.02364318290285727,-0.09015326894811583,-0.023998215848841428,0.03440135088974088,0.022629806196716565,,,,,,
HCC,1,cellnorm,common,depth_matched,cellfrac,1200,0.026096107083374526,0.9828773869870441,0,Endothelial_stromal,-0.00603977465609081,CD4_T,0.013763110427744214,0.003790303404975191,0.013763110427744214,-0.00603977465609081,0.0036414038349132333,-0.006072395372498884,-0.009082647639042946,,,,,,
HCC,1,cellnorm,common,depth_matched,fragfrac,1200,0.06653492763205067,0.8967012385584113,0,Endothelial_stromal,-0.09034603474449886,Endothelial_stromal,0.09034603474449886,-0.01286258846962541,0.0666307427380012,-0.09034603474449886,-0.015290348557678,0.03402940530567872,0.017838823728122427,,,,,,
HCC,1,cellnorm,common,cpm_mean,cellfrac,1200,0.02525795710953171,0.9843511548765359,0,Endothelial_stromal,-0.002272546681305492,Hepatocyte,0.009382043263617884,-0.0008325811714948757,0.0022504110129366,-0.002272546681305492,0.009382043263617884,-0.00442811605505516,-0.004099210368698947,,,,,,
HCC,1,cellnorm,common,cpm_mean,fragfrac,1200,0.06227104437327573,0.91036067080257,0,Endothelial_stromal,-0.08657880676971356,Endothelial_stromal,0.08657880676971356,-0.01748547304609548,0.05511804332319356,-0.08657880676971356,-0.009549709128973344,0.0356736846231224,0.02282226099846642,,,,,,
HCC,1,cellnorm,own,raw_mean,cellfrac,1200,0.05258525361288474,0.9375232067392683,0,Endothelial_stromal,-0.06919371639785168,Endothelial_stromal,0.06919371639785168,-0.010717353503935528,0.027863911391133724,-0.06919371639785168,-0.009732175571318107,0.03485667739711098,0.026922656684860623,,,,,,
HCC,1,cellnorm,own,raw_mean,fragfrac,1200,0.10715536591373843,0.7472568491952293,0,Endothelial_stromal,-0.15349997648625976,Endothelial_stromal,0.15349997648625976,-0.027370245378536127,0.0807315437013907,-0.15349997648625976,-0.028663927963909333,0.07495847807528856,0.05384412805202597,,,,,,
HCC,1,cellnorm,own,zscale_mean,cellfrac,1200,0.20997936575938725,0.04930690294481858,0,Endothelial_stromal,-0.008115334197001348,NK_cytotoxic_T,0.35653886979179106,-0.10962058694701947,-0.15524,-0.008115334197001348,-0.03907438355105836,-0.04448856509671208,0.35653886979179106,,,,,,
HCC,1,cellnorm,own,zscale_mean,fragfrac,1200,0.21921706507582608,0.02182788808505032,0,Endothelial_stromal,-0.09242159428540944,NK_cytotoxic_T,0.3834603411589567,-0.1262734788216201,-0.10237236768974307,-0.09242159428540944,-0.05800613594364961,-0.004386764418534487,0.3834603411589567,,,,,,
HCC,1,cellnorm,own,lognorm_mean,cellfrac,1200,0.024976634027170555,0.9847297659199215,0,Endothelial_stromal,-0.00603637245208404,CD4_T,0.024574665021936636,0.0015596421805218114,-0.024574665021936636,-0.00603637245208404,0.015860479226996172,0.0008756774041041006,0.012315238662398585,,,,,,
HCC,1,cellnorm,own,lognorm_mean,fragfrac,1200,0.06266757823514638,0.9100171205052687,0,Endothelial_stromal,-0.09034263254049214,Endothelial_stromal,0.09034263254049214,-0.015093249694078792,0.028292967288320325,-0.09034263254049214,-0.003071273165595055,0.04097747808228167,0.03923671002956397,,,,,,
HCC,1,cellnorm,own,lognorm_mean_expm1,cellfrac,1200,0.023019969011084898,0.9867644645628115,0,Endothelial_stromal,-0.014170851886309283,Endothelial_stromal,0.014170851886309283,-0.0018680184387652673,0.0032691854910460805,-0.014170851886309283,0.010738066334910196,-0.0030353289500943768,0.005066947449212647,,,,,,
HCC,1,cellnorm,own,lognorm_mean_expm1,fragfrac,1200,0.06888024775352136,0.8889512583727166,0,Endothelial_stromal,-0.09847711197471735,Endothelial_stromal,0.09847711197471735,-0.01852091031336587,0.05613681780130304,-0.09847711197471735,-0.008193686057681029,0.037066471728083195,0.03198841881637802,,,,,,
HCC,1,cellnorm,own,pseudobulk_cpm,cellfrac,1200,0.03667903617475376,0.9696773789745351,0,Endothelial_stromal,-0.00951143713055255,B_cell,0.04629383840105697,0.04629383840105697,-0.013846827363670055,-0.00951143713055255,-0.0019677292317602565,-0.003453241555604679,-0.017514603119469438,,,,,,
HCC,1,cellnorm,own,pseudobulk_cpm,fragfrac,1200,0.06450222589801474,0.9072789155802087,0,Endothelial_stromal,-0.09381769721896063,Endothelial_stromal,0.09381769721896063,0.029640946526456373,0.03902080494658691,-0.09381769721896063,-0.020899481624351485,0.0366485591225729,0.009406868247695934,,,,,,
HCC,1,cellnorm,own,depth_matched,cellfrac,1200,0.023793365741506284,0.9865525043198661,0,Endothelial_stromal,-0.0064292086930408,B_cell,0.010973612550321046,-0.010973612550321046,0.009840272373864834,-0.0064292086930408,0.007115263146109802,-0.0016056236818662555,0.0020529094052534652,,,,,,
HCC,1,cellnorm,own,depth_matched,fragfrac,1200,0.06736553736396281,0.8939967550134462,0,Endothelial_stromal,-0.09073546878144895,Endothelial_stromal,0.09073546878144895,-0.027626504424921646,0.0627079046841218,-0.09073546878144895,-0.01181648924648143,0.038496176996311346,0.02897438077241883,,,,,,
HCC,1,cellnorm,own,cpm_mean,cellfrac,1200,0.02525795710953171,0.9843511548765359,0,Endothelial_stromal,-0.002272546681305492,Hepatocyte,0.009382043263617884,-0.0008325811714948757,0.0022504110129366,-0.002272546681305492,0.009382043263617884,-0.00442811605505516,-0.004099210368698947,,,,,,
HCC,1,cellnorm,own,cpm_mean,fragfrac,1200,0.06227104437327573,0.91036067080257,0,Endothelial_stromal,-0.08657880676971356,Endothelial_stromal,0.08657880676971356,-0.01748547304609548,0.05511804332319356,-0.08657880676971356,-0.009549709128973344,0.0356736846231224,0.02282226099846642,,,,,,
HCC,2,rawsum,common,raw_mean,cellfrac,1200,0.0349941932242073,0.9679565796537197,0,Endothelial_stromal,-0.013518029365975681,CD4_T,0.02037608145254475,-0.012272448622402017,0.02037608145254475,-0.013518029365975681,0.00227978853714823,0.0028387857278264245,0.00029582227085830773,,,,,,
HCC,2,rawsum,common,raw_mean,fragfrac,1200,0.0754628273157182,0.8674222268684887,0,Endothelial_stromal,-0.11119263147148972,Endothelial_stromal,0.11119263147148972,-0.02856243829116965,0.07459703883046291,-0.11119263147148972,-0.0008542868748813189,0.03822121944137965,0.027791098365698118,,,,,,
HCC,2,rawsum,common,zscale_mean,cellfrac,1200,0.17580223595569333,0.15918826407504416,0,Endothelial_stromal,-0.023973166192289987,NK_cytotoxic_T,0.24733497738370583,-0.09182922422677123,-0.1616,-0.023973166192289987,-0.0073257586161962936,0.03739317165155172,0.24733497738370583,,,,,,
HCC,2,rawsum,common,zscale_mean,fragfrac,1200,0.18576781146865784,0.1442580205046946,0,Endothelial_stromal,-0.12164776829780408,NK_cytotoxic_T,0.2748302534785457,-0.10811921389553887,-0.1073790426220818,-0.12164776829780408,-0.010459834028225852,0.07277560536510498,0.2748302534785457,,,,,,
HCC,2,rawsum,common,lognorm_mean,cellfrac,1200,0.06477234977736421,0.8985982077155782,0,Endothelial_stromal,0.07475869914333401,Endothelial_stromal,0.07475869914333401,-0.02281635539250236,-0.04457964792239389,0.07475869914333401,0.05272985630681779,-0.023996544627762417,-0.03609600750749316,,,,,,
HCC,2,rawsum,common,lognorm_mean,fragfrac,1200,0.04453161531474443,0.9558341258326977,0,Endothelial_stromal,-0.02291590296218005,Hepatocyte,0.04959578089478822,-0.03910634506126998,0.009641309455524312,-0.02291590296218005,0.04959578089478822,0.011385889085790833,-0.008600731412653339,,,,,,
HCC,2,rawsum,common,lognorm_mean_expm1,cellfrac,1200,0.05569888979689028,0.9184349992899286,0,Endothelial_stromal,0.06723294049697778,Endothelial_stromal,0.06723294049697778,-0.025573810132543038,-0.0285123173712191,0.06723294049697778,0.02879662231352996,-0.021465909349337554,-0.02047752595740806,,,,,,
HCC,2,rawsum,common,lognorm_mean_expm1,fragfrac,1200,0.04407952034301657,0.9585061093478802,0,Endothelial_stromal,-0.03044166160853628,B_cell,0.041863799801310664,-0.041863799801310664,0.025708640006699087,-0.03044166160853628,0.025662546901500424,0.013916524364215692,0.007017750137431747,,,,,,
HCC,2,rawsum,common,pseudobulk_cpm,cellfrac,1200,0.06311231509808735,0.9041092178829894,0,Endothelial_stromal,0.08737509878294235,Endothelial_stromal,0.08737509878294235,0.010372928162213739,-0.04616720853550781,0.08737509878294235,0.008980210516766687,-0.031531247497564634,-0.029029781428850345,,,,,,
HCC,2,rawsum,common,pseudobulk_cpm,fragfrac,1200,0.02570114276600228,0.985594300502039,0,Endothelial_stromal,-0.010299503322571705,Endothelial_stromal,0.010299503322571705,-0.005917061506553876,0.00805374884241037,-0.010299503322571705,0.005846135104737137,0.0038511862159886262,-0.0015345053340105501,,,,,,
HCC,2,rawsum,common,depth_matched,cellfrac,1200,0.05588264942552844,0.9170645804741467,0,Endothelial_stromal,0.06693787314190505,Endothelial_stromal,0.06693787314190505,-0.03504090564965076,-0.006583244204324225,0.06693787314190505,0.016100314530459472,-0.014746823721794812,-0.026667214096594703,,,,,,
HCC,2,rawsum,common,depth_matched,fragfrac,1200,0.04755426563841998,0.9517253683032557,0,Endothelial_stromal,-0.030736728963609048,B_cell,0.051330895318418356,-0.051330895318418356,0.04763771317359398,-0.030736728963609048,0.012966239118429937,0.020635609991758442,0.0008280619982451105,,,,,,
HCC,2,rawsum,common,cpm_mean,cellfrac,1200,0.06623960318037724,0.8858159880564057,0,Endothelial_stromal,0.0802223995371355,Endothelial_stromal,0.0802223995371355,-0.0615215342677253,-0.0008974759116179212,0.0802223995371355,0.018185538374470324,-0.011291147969926934,-0.024697779762335698,,,,,,
HCC,2,rawsum,common,cpm_mean,fragfrac,1200,0.057540792555808774,0.9250430267762177,0,Endothelial_stromal,-0.017452202568378553,B_cell,0.07781152393649292,-0.07781152393649292,0.053323481466300254,-0.017452202568378553,0.015051462962440785,0.024091285743626338,0.0027974963325041037,,,,,,
HCC,2,rawsum,own,raw_mean,cellfrac,1200,0.026355435404573843,0.9819352748177606,0,Endothelial_stromal,-0.013910070605980998,NK_cytotoxic_T,0.018732677316120536,0.0014758769941503255,-0.0026319466661718677,-0.013910070605980998,-0.00743062923322727,0.0037640921951092505,0.018732677316120536,,,,,,
HCC,2,rawsum,own,raw_mean,fragfrac,1200,0.06972565279907272,0.8877691379122261,0,Endothelial_stromal,-0.11158467271149504,Endothelial_stromal,0.11158467271149504,-0.014814112674617297,0.051589010711746326,-0.11158467271149504,-0.01056470464525682,0.0391465259086625,0.04622795341096036,,,,,,
HCC,2,rawsum,own,zscale_mean,cellfrac,1200,0.20382218957472076,0.08802050053193052,0,Endothelial_stromal,-0.03053662226020242,NK_cytotoxic_T,0.33552296770923107,-0.10024837489053412,-0.1616,-0.03053662226020242,-0.03335669762438012,-0.009781272934114398,0.33552296770923107,,,,,,
HCC,2,rawsum,own,zscale_mean,fragfrac,1200,0.21382219099623181,0.06746706763842307,0,Endothelial_stromal,-0.12821122436571653,NK_cytotoxic_T,0.3630182438040708,-0.11653836455930168,-0.1073790426220818,-0.12821122436571653,-0.03649077303640968,0.02560116077943886,0.3630182438040708,,,,,,
HCC,2,rawsum,own,lognorm_mean,cellfrac,1200,0.05414451775071155,0.9254023282362387,0,Endothelial_stromal,0.07864340811422292,Endothelial_stromal,0.07864340811422292,-0.022167139683560825,-0.012144813423221403,0.07864340811422292,0.005141486400147072,-0.021013190655730464,-0.02845975075185729,,,,,,
HCC,2,rawsum,own,lognorm_mean,fragfrac,1200,0.03678573317257069,0.970835588864242,0,Endothelial_stromal,-0.019031193991291172,CD4_T,0.04207614395469679,-0.03845712935232843,0.04207614395469679,-0.019031193991291172,0.0020074109881175303,0.01436924305782281,-0.0009644746570174785,,,,,,
HCC,2,rawsum,own,lognorm_mean_expm1,cellfrac,1200,0.05221433234940354,0.9272202667754251,0,Endothelial_stromal,0.07130431965153904,Endothelial_stromal,0.07130431965153904,-0.024009635537056036,0.014869730204350373,0.07130431965153904,-0.010065502212447834,-0.020417304086119515,-0.031681608020266004,,,,,,
HCC,2,rawsum,own,lognorm_mean_expm1,fragfrac,1200,0.04598584643750061,0.9568228932217684,0,Endothelial_stromal,-0.026370282453975057,CD4_T,0.06909068758226855,-0.04029962520582365,0.06909068758226855,-0.026370282453975057,-0.013199577624477384,0.01496512962743373,-0.0041863319254261825,,,,,,
HCC,2,rawsum,own,pseudobulk_cpm,cellfrac,1200,0.06537348391623939,0.9001354630119686,0,Endothelial_stromal,0.09400421723542612,Endothelial_stromal,0.09400421723542612,0.020012131760715576,-0.059738469051134425,0.09400421723542612,0.006494534680234967,-0.03268852759941484,-0.028083887025827425,,,,,,
HCC,2,rawsum,own,pseudobulk_cpm,fragfrac,1200,0.02025370780779552,0.9910103221578658,0,Endothelial_stromal,-0.0036703848700879306,CD4_T,0.0055175116732162485,0.0037221420919479557,-0.0055175116732162485,-0.0036703848700879306,0.003360459268205419,0.0026939061141384234,-0.0005886109309876096,,,,,,
HCC,2,rawsum,own,depth_matched,cellfrac,1200,0.05443703844963236,0.9211099077279096,0,Endothelial_stromal,0.06827807830092797,Endothelial_stromal,0.06827807830092797,-0.02336212408334448,-0.008777447801046024,0.06827807830092797,0.009577483804612198,-0.01715120518975828,-0.028564785031391385,,,,,,
HCC,2,rawsum,own,depth_matched,fragfrac,1200,0.04418396953424533,0.9598226913721021,0,Endothelial_stromal,-0.029396523804586117,CD4_T,0.045443509576872154,-0.03965211375211209,0.045443509576872154,-0.029396523804586117,0.00644340839258265,0.018231228523794975,-0.0010695089365515685,,,,,,
HCC,2,rawsum,own,cpm_mean,cellfrac,1200,0.06623960318037724,0.8858159880564057,0,Endothelial_stromal,0.0802223995371355,Endothelial_stromal,0.0802223995371355,-0.0615215342677253,-0.0008974759116179212,0.0802223995371355,0.018185538374470324,-0.011291147969926934,-0.024697779762335698,,,,,,
HCC,2,rawsum,own,cpm_mean,fragfrac,1200,0.057540792555808774,0.9250430267762177,0,Endothelial_stromal,-0.017452202568378553,B_cell,0.07781152393649292,-0.07781152393649292,0.053323481466300254,-0.017452202568378553,0.015051462962440785,0.024091285743626338,0.0027974963325041037,,,,,,
HCC,2,cellnorm,common,raw_mean,cellfrac,1200,0.06755304617661025,0.888267847669519,0,Endothelial_stromal,-0.08665552805401801,Endothelial_stromal,0.08665552805401801,-0.017013050629331738,0.06425951736561065,-0.08665552805401801,-0.025639033211514922,0.0325545854863066,0.0324935090429474,,,,,,
HCC,2,cellnorm,common,raw_mean,fragfrac,1200,0.1225288705854206,0.6597732839070293,0,Endothelial_stromal,-0.18433013015953206,Endothelial_stromal,0.18433013015953206,-0.03330304029809934,0.11848047474352881,-0.18433013015953206,-0.02877310862354446,0.06793701919985984,0.0599887851377872,,,,,,
HCC,2,cellnorm,common,zscale_mean,cellfrac,1200,0.17906615105272702,0.1507712646548912,0,Endothelial_stromal,-0.0389324782179432,NK_cytotoxic_T,0.2576292982098432,-0.09103896859667217,-0.1616,-0.0389324782179432,-0.009436295364462825,0.043378443969234806,0.2576292982098432,,,,,,
HCC,2,cellnorm,common,zscale_mean,fragfrac,1200,0.19136564677348297,0.11334420934149463,0,Endothelial_stromal,-0.13660708032345723,NK_cytotoxic_T,0.2851245743046832,-0.10732895826543971,-0.1073790426220818,-0.13660708032345723,-0.012570370776492373,0.07876087768278803,0.2851245743046832,,,,,,
HCC,2,cellnorm,common,lognorm_mean,cellfrac,1200,0.037785452807424735,0.9636102003134793,0,Endothelial_stromal,-0.020205404460193494,Hepatocyte,0.037631472343042066,-0.020321804872929148,-0.010385564537926172,-0.020205404460193494,0.037631472343042066,0.007978821907293107,0.00530247962071363,,,,,,
HCC,2,cellnorm,common,lognorm_mean,fragfrac,1200,0.07737995580011565,0.862088186834268,0,Endothelial_stromal,-0.1178800065657075,Endothelial_stromal,0.1178800065657075,-0.03661179454169677,0.04383539283999201,-0.1178800065657075,0.03449739693101251,0.043361255620846376,0.03279775571555344,,,,,,
HCC,2,cellnorm,common,lognorm_mean_expm1,cellfrac,1200,0.034505894055124546,0.9690399302339271,0,Endothelial_stromal,-0.02233318987540224,B_cell,0.023320928166826474,-0.023320928166826474,0.010114217629186512,-0.02233318987540224,0.011540205358997191,0.007801402777972124,0.016198292276072872,,,,,,
HCC,2,cellnorm,common,lognorm_mean_expm1,fragfrac,1200,0.08076863828899845,0.8461745108175956,0,Endothelial_stromal,-0.12000779198091632,Endothelial_stromal,0.12000779198091632,-0.039610917835594096,0.0643351750071047,-0.12000779198091632,0.008406129946967641,0.043183836491525386,0.04369356837091268,,,,,,
HCC,2,cellnorm,common,pseudobulk_cpm,cellfrac,1200,0.031287685933883896,0.9746577305337364,0,Endothelial_stromal,-0.013388725053115653,B_cell,0.014779323945562155,0.014779323945562155,-0.007011144869450133,-0.013388725053115653,-0.007345946781609893,0.0032512776030124233,0.009715215155601089,,,,,,
HCC,2,cellnorm,common,pseudobulk_cpm,fragfrac,1200,0.06895337573774463,0.89057919697407,0,Endothelial_stromal,-0.1110633271586297,Endothelial_stromal,0.1110633271586297,-0.0015106657232054623,0.047209812508468035,-0.1110633271586297,-0.01048002219363944,0.03863371131656569,0.037210491250440896,,,,,,
HCC,2,cellnorm,common,depth_matched,cellfrac,1200,0.036229117590895525,0.966115251612584,0,Endothelial_stromal,-0.023280108913042673,B_cell,0.030514023335372488,-0.030514023335372488,0.027289927186929644,-0.023280108913042673,-0.0014528744532316504,0.016380726931828148,0.011576352582888997,,,,,,
HCC,2,cellnorm,common,depth_matched,fragfrac,1200,0.08299889538358272,0.8365846883603163,0,Endothelial_stromal,-0.12095471101855672,Endothelial_stromal,0.12095471101855672,-0.04680401300414012,0.08151088456484784,-0.12095471101855672,-0.004586949865261196,0.05176316064538139,0.0390716286777288,,,,,,
HCC,2,cellnorm,common,cpm_mean,cellfrac,1200,0.04599785001954664,0.943908909752741,0,Endothelial_stromal,-0.0153390472190228,B_cell,0.05719902827594167,-0.05719902827594167,0.0388348269415045,-0.0153390472190228,0.0016536479943115338,0.020283936906873894,0.011765663652274534,,,,,,
HCC,2,cellnorm,common,cpm_mean,fragfrac,1200,0.08802456155640666,0.8156167768020747,0,Endothelial_stromal,-0.11301364932453692,Endothelial_stromal,0.11301364932453692,-0.0734890179447093,0.09305578431942264,-0.11301364932453692,-0.001480427417718013,0.05566637062042716,0.03926093974711434,,,,,,
HCC,2,cellnorm,own,raw_mean,cellfrac,1200,0.06296444513123098,0.9067476860920851,0,Endothelial_stromal,-0.08526861364341559,Endothelial_stromal,0.08526861364341559,0.004117987417740928,-0.0014186405622309112,-0.08526861364341559,-0.022119256727449854,0.038539997581793405,0.06614852593356202,,,,,,
HCC,2,cellnorm,own,raw_mean,fragfrac,1200,0.11543341448446745,0.7047155472726231,0,Endothelial_stromal,-0.1829432157489297,Endothelial_stromal,0.1829432157489297,-0.01217200225102669,0.052802316815687284,-0.1829432157489297,-0.025253332139479404,0.07392243129534667,0.09364380202840185,,,,,,
HCC,2,cellnorm,own,zscale_mean,cellfrac,1200,0.2068362468159516,0.08097956477841728,0,Endothelial_stromal,-0.04184685353295347,NK_cytotoxic_T,0.34395113026185653,-0.09956709256538465,-0.1616,-0.04184685353295347,-0.03429254925830573,-0.00664463490521271,0.34395113026185653,,,,,,
HCC,2,cellnorm,own,zscale_mean,fragfrac,1200,0.2182730346884769,0.04748338212829066,0,Endothelial_stromal,-0.13952145563846757,NK_cytotoxic_T,0.37144640635669623,-0.11585708223415228,-0.1073790426220818,-0.13952145563846757,-0.03742662467033527,0.028737798808340553,0.37144640635669623,,,,,,
HCC,2,cellnorm,own,lognorm_mean,cellfrac,1200,0.030122494390270795,0.9764185751189732,0,Endothelial_stromal,-0.01737010471915504,Endothelial_stromal,0.01737010471915504,-0.015713206422802245,0.009323745820691015,-0.01737010471915504,-0.0014432211618034736,0.011682189161882461,0.013520597321187287,,,,,,
HCC,2,cellnorm,own,lognorm_mean,fragfrac,1200,0.0765448943120882,0.8639709279734464,0,Endothelial_stromal,-0.11504470682466908,Endothelial_stromal,0.11504470682466908,-0.032003196091569854,0.0635447031986092,-0.11504470682466908,-0.00457729657383302,0.047064622875435703,0.0410158734160271,,,,,,
HCC,2,cellnorm,own,lognorm_mean_expm1,cellfrac,1200,0.03112169923553512,0.9753481681157804,0,Endothelial_stromal,-0.01745951865770983,CD4_T,0.02743940195106084,-0.017323263586665093,0.02743940195106084,-0.01745951865770983,-0.012094055241606505,0.01023528232460315,0.00920215321031742,,,,,,
HCC,2,cellnorm,own,lognorm_mean_expm1,fragfrac,1200,0.07960584633348734,0.8506743267656077,0,Endothelial_stromal,-0.11513412076322396,Endothelial_stromal,0.11513412076322396,-0.033613253255432705,0.081660359328979,-0.11513412076322396,-0.015228130653636042,0.04561771603815641,0.036697429305157236,,,,,,
HCC,2,cellnorm,own,pseudobulk_cpm,cellfrac,1200,0.032716368861371,0.9727936633306101,0,Endothelial_stromal,-0.0067673759864781404,CD4_T,0.03558269773217586,0.02476966872823196,-0.03558269773217586,-0.0067673759864781404,-0.0058526081746667295,0.00584547430932668,0.017587538855762083,,,,,,
HCC,2,cellnorm,own,pseudobulk_cpm,fragfrac,1200,0.0637005829299785,0.9074445600085316,0,Endothelial_stromal,-0.10444197809199222,Endothelial_stromal,0.10444197809199222,0.008479679059464331,0.018638259645742318,-0.10444197809199222,-0.00898668358669628,0.04122790802287993,0.0450828149506019,,,,,,
HCC,2,cellnorm,own,depth_matched,cellfrac,1200,0.032982222055929766,0.9723607320776152,0,Endothelial_stromal,-0.019680964358899735,CD4_T,0.024895701605706987,-0.018270621411056093,0.024895701605706987,-0.019680964358899735,-0.0075674225647356565,0.013482201368926345,0.007141105360058159,,,,,,
HCC,2,cellnorm,own,depth_matched,fragfrac,1200,0.07977547836882587,0.8498993993858796,0,Endothelial_stromal,-0.11735556646441386,Endothelial_stromal,0.11735556646441386,-0.03456061107982371,0.07911665898362517,-0.11735556646441386,-0.010701497976765206,0.0488646350824796,0.03463638145489796,,,,,,
HCC,2,cellnorm,own,cpm_mean,cellfrac,1200,0.04599785001954664,0.943908909752741,0,Endothelial_stromal,-0.0153390472190228,B_cell,0.05719902827594167,-0.05719902827594167,0.0388348269415045,-0.0153390472190228,0.0016536479943115338,0.020283936906873894,0.011765663652274534,,,,,,
HCC,2,cellnorm,own,cpm_mean,fragfrac,1200,0.08802456155640666,0.8156167768020747,0,Endothelial_stromal,-0.11301364932453692,Endothelial_stromal,0.11301364932453692,-0.0734890179447093,0.09305578431942264,-0.11301364932453692,-0.001480427417718013,0.05566637062042716,0.03926093974711434,,,,,,
COAD,0,rawsum,common,raw_mean,cellfrac,1600,0.09838248324734644,0.6637409481292816,0,Mast,-0.019289508028980173,Fibroblast,0.12751375358542855,-0.005634449358838303,,,,-0.039337788536421316,,-0.012508526404604243,-0.012726837698732335,0.12751375358542855,-0.019289508028980173,-0.017853341881260466,-0.02016330167659177
COAD,0,rawsum,common,raw_mean,fragfrac,1600,0.17949448842069238,0.3533870063339563,0,Mast,-0.30018799052267203,Mast,0.30018799052267203,-0.06308828140279879,,,,0.07651705835646425,,0.007617097592257502,-0.050472826194181454,0.21274552478839365,-0.30018799052267203,0.02861908359002824,0.08825033379250873
COAD,0,rawsum,common,zscale_mean,cellfrac,1600,0.1647351488107457,0.31333396865043234,0,Mast,0.26865951619180306,Mast,0.26865951619180306,0.15154535834439106,,,,-0.13946000000000003,,0.04825641809640069,0.009083766890594648,-0.11768,0.26865951619180306,-0.09532488898152433,-0.12508017054166487
COAD,0,rawsum,common,zscale_mean,fragfrac,1600,0.10599974432009357,0.8119149959804728,0,Mast,-0.012238966301889056,B_cell,0.09409152630043056,0.09409152630043056,,,,-0.023605153107114432,,0.06838204209326243,-0.02866222160485445,-0.032448228797034843,-0.012238966301889056,-0.04885246351023567,-0.016666535072564492
COAD,0,rawsum,common,lognorm_mean,cellfrac,1600,0.11677385047768778,0.5128110676295556,0,Mast,0.10000233395211282,Fibroblast,0.13869581041694265,0.020793215105785624,,,,-0.10362888635807199,,-0.05299978096578412,0.01958614672392045,0.13869581041694265,0.10000233395211282,-0.024982502213710553,-0.09746633666119496
COAD,0,rawsum,common,lognorm_mean,fragfrac,1600,0.1332383406241384,0.6704911150355095,0,Mast,-0.1808961485415793,Fibroblast,0.22392758161990783,-0.03666061693817487,,,,0.012225960534813634,,-0.032874156968922395,-0.018159841771528653,0.22392758161990783,-0.1808961485415793,0.021489923257578158,0.010947298807905504
COAD,0,rawsum,common,lognorm_mean_expm1,cellfrac,1600,0.14656793343166633,0.33696433248093316,0,Mast,0.052396593897621774,Fibroblast,0.2798661862290779,0.004443368455906783,,,,-0.10997039641979012,,-0.08609709039388899,0.003508713810370278,0.2798661862290779,0.052396593897621774,-0.040419750537361215,-0.10372762504193649
COAD,0,rawsum,common,lognorm_mean_expm1,fragfrac,1600,0.18072141072305853,0.3831256481508785,0,Mast,-0.22850188859607026,Fibroblast,0.3650979574320432,-0.0530104635880537,,,,0.005884450473095478,,-0.06597146639702724,-0.034237274685078825,0.3650979574320432,-0.22850188859607026,0.006052674933927502,0.004686010427163992
COAD,0,rawsum,common,pseudobulk_cpm,cellfrac,1600,0.1482012359189954,0.5220100073582877,0,Mast,0.26030942353288533,Mast,0.26030942353288533,0.055755207005418195,,,,-0.12354719703372381,,-0.032482630851049035,0.030910443288427295,-0.03566813981927293,0.26030942353288533,-0.044558213879976834,-0.11071889224270812
COAD,0,rawsum,common,pseudobulk_cpm,fragfrac,1600,0.04939508735442513,0.9613842435586187,0,Mast,-0.02058905896080667,Fibroblast,0.04956363138369225,-0.0016986250385423042,,,,-0.007692350140838304,,-0.012357006854187287,-0.006835545207021818,0.04956363138369225,-0.02058905896080667,0.0019142115913119019,-0.00230525677360772
COAD,0,rawsum,common,depth_matched,cellfrac,1600,0.14529379087541497,0.2716336761684207,0,Mast,0.12166538421915812,Fibroblast,0.2248085739106948,0.029021897921666227,,,,-0.12882620066158437,,-0.0752681414770613,-0.0027249080969628837,0.2248085739106948,0.12166538421915812,-0.05279817970428333,-0.11587842611162713
COAD,0,rawsum,common,depth_matched,fragfrac,1600,0.1568479883012896,0.5242040833583923,0,Mast,-0.1592330982745339,Fibroblast,0.31004034511365997,-0.02843193412229425,,,,-0.012971353768698816,,-0.055142517480199535,-0.04047089659241198,0.31004034511365997,-0.1592330982745339,-0.006325754232994637,-0.007464790642526736
COAD,0,rawsum,common,cpm_mean,cellfrac,1600,0.14794040732704114,0.2579064194274646,0,Mast,0.1551449843652254,Fibroblast,0.2103852890476523,0.013491749015792325,,,,-0.1296296771036612,,-0.078286382770487,-0.012084371236198137,0.2103852890476523,0.1551449843652254,-0.040102959052960074,-0.11891863226536352
COAD,0,rawsum,common,cpm_mean,fragfrac,1600,0.15185281294555722,0.5598507918223025,0,Mast,-0.1257534981284667,Fibroblast,0.2956170602506174,-0.043962083028168175,,,,-0.013774830210775635,,-0.058160758773625254,-0.04983035973164724,0.2956170602506174,-0.1257534981284667,0.006369466418328627,-0.010504996796263075
COAD,0,rawsum,own,raw_mean,cellfrac,1545,0.0811763076445582,0.7529023305238892,0,Mast,-0.02553658339339441,Fibroblast,0.05921056605744916,-0.00852983964272691,,,,-0.016099298272943187,,-0.010557597241146481,0.018098357362839164,0.05921056605744916,-0.02553658339339441,-0.012013598102052356,-0.004572006768024961
COAD,0,rawsum,own,raw_mean,fragfrac,1545,0.17392687395967768,0.37858964915752447,0,Mast,-0.30643506588708647,Mast,0.30643506588708647,-0.0659836716866874,,,,0.09975554861994236,,0.009568026755715255,-0.019647631132609936,0.14444233726041428,-0.30643506588708647,0.03445882736923636,0.10384162870107551
COAD,0,rawsum,own,zscale_mean,cellfrac,1310,0.22869016817712,0.07591142449804347,0,Mast,0.18350064668278648,Epithelial,0.47700406746648466,-0.046696629057226983,,,,-0.13946000000000003,,-0.12290983600172498,0.47700406746648466,-0.11768,0.18350064668278648,-0.10571824909031909,-0.1280399999999999
COAD,0,rawsum,own,zscale_mean,fragfrac,1310,0.2023518600716217,0.4657241572323561,0,Mast,-0.09739783581090557,Epithelial,0.43925807897103547,-0.10415046110118752,,,,-0.023605153107114432,,-0.10278421200486325,0.43925807897103547,-0.032448228797034843,-0.09739783581090557,-0.059245823619030406,-0.01962636453089954
COAD,0,rawsum,own,lognorm_mean,cellfrac,1600,0.1448056936735497,0.37572324930824186,0,Mast,0.032689504473389246,Fibroblast,0.29900941145931026,0.005793045413683627,,,,-0.11510612212843062,,-0.059312750207717604,-0.017782377816619344,0.29900941145931026,0.032689504473389246,-0.04011665543215945,-0.10517405576145611
COAD,0,rawsum,own,lognorm_mean,fragfrac,1600,0.1824796126957051,0.38046917175129247,0,Mast,-0.24820897802030292,Fibroblast,0.3842411826622753,-0.05166078663027683,,,,0.0007487247644549107,,-0.039187126210855835,-0.05552836631206845,0.3842411826622753,-0.24820897802030292,0.006355770039129271,0.0032395797076443618
COAD,0,rawsum,own,lognorm_mean_expm1,cellfrac,1600,0.1603179733365547,0.2991242085740869,0,Mast,0.030938395614708528,Fibroblast,0.342078380105679,0.006792855712071149,,,,-0.11406652232266205,,-0.08769855521208783,-0.023079515428876096,0.342078380105679,0.030938395614708528,-0.04729485972425648,-0.10767017874457598
COAD,0,rawsum,own,lognorm_mean_expm1,fragfrac,1600,0.19733809727203908,0.307360351429168,0,Mast,-0.24996008687898358,Fibroblast,0.42731015130864386,-0.050660976331889325,,,,0.0017883245702234867,,-0.06757293121522609,-0.06082550392432518,0.42731015130864386,-0.24996008687898358,-0.0008224342529677603,0.0007434567245244197
COAD,0,rawsum,own,pseudobulk_cpm,cellfrac,1600,0.1535406536574196,0.5166053130725996,0,Mast,0.276309658213158,Mast,0.276309658213158,0.06553760360724255,,,,-0.1227475995706839,,-0.031864375875519775,0.048692996824584986,-0.07839665566214825,0.276309658213158,-0.04703965671908913,-0.11049197081754437
COAD,0,rawsum,own,pseudobulk_cpm,fragfrac,1600,0.041724537847741786,0.9727940535588372,0,Mast,-0.004588824280534108,Endothelial,0.011738751878658043,0.008083771563282056,,,,-0.006892752677798343,,-0.011738751878658043,0.010947008329135892,0.006835115540816895,-0.004588824280534108,-0.0005672312478004107,-0.002078335348443937
COAD,0,rawsum,own,depth_matched,cellfrac,1600,0.1316362342733623,0.2992616473799301,0,Mast,0.0769248636153899,Fibroblast,0.19769835999824614,0.039955934363159445,,,,-0.12278557653272176,,-0.04861314255723518,0.0034512355113625616,0.19769835999824614,0.0769248636153899,-0.0390419782827789,-0.10758969611542227
COAD,0,rawsum,own,depth_matched,fragfrac,1600,0.15985067104464618,0.4780044268843879,0,Mast,-0.20397361887830207,Fibroblast,0.2829301312012114,-0.017497897680801018,,,,-0.006930729639836181,,-0.02848751856037344,-0.03429475298408654,0.2829301312012114,-0.20397361887830207,0.007430447188509806,0.000823939353678165
COAD,0,rawsum,own,cpm_mean,cellfrac,1600,0.14794040732704114,0.2579064194274646,0,Mast,0.1551449843652254,Fibroblast,0.2103852890476523,0.013491749015792325,,,,-0.1296296771036612,,-0.078286382770487,-0.012084371236198137,0.2103852890476523,0.1551449843652254,-0.040102959052960074,-0.11891863226536352
COAD,0,rawsum,own,cpm_mean,fragfrac,1600,0.15185281294555722,0.5598507918223025,0,Mast,-0.1257534981284667,Fibroblast,0.2956170602506174,-0.043962083028168175,,,,-0.013774830210775635,,-0.058160758773625254,-0.04983035973164724,0.2956170602506174,-0.1257534981284667,0.006369466418328627,-0.010504996796263075
COAD,0,cellnorm,common,raw_mean,cellfrac,1600,0.1678061235866532,0.475887296074962,0,Mast,-0.1328942302479038,T_NK,0.1701064053032236,-0.09892834702883459,,,,0.14902329415955395,,-0.018071075271867222,-0.09260952609234054,0.08488226892304775,-0.1328942302479038,-0.061508789744878965,0.1701064053032236
COAD,0,cellnorm,common,raw_mean,fragfrac,1600,0.2840136897844329,-0.1847651244263756,0,Mast,-0.41379271274159585,Mast,0.41379271274159585,-0.1563821790727951,,,,0.2648781410524396,,0.0020545487249945173,-0.13035551458778966,0.17011404012601283,-0.41379271274159585,-0.015036364273590253,0.278520040772324
COAD,0,cellnorm,common,zscale_mean,cellfrac,1600,0.15114496990448353,0.4386888828797495,0,Mast,0.17199343594754735,Mast,0.17199343594754735,0.09969108799000337,,,,-0.10404022742582911,,0.15054941382888026,-0.0719937530213689,-0.11768,0.17199343594754735,-0.0963883124449512,-0.03213164487428167
COAD,0,cellnorm,common,zscale_mean,fragfrac,1600,0.16180238515495704,0.5562362907143095,0,Mast,-0.10890504654614475,Endothelial,0.170675037825742,0.042237255946042856,,,,0.011814619467056435,,0.170675037825742,-0.10973974151681803,-0.032448228797034843,-0.10890504654614475,-0.04991588697366254,0.0762819905948188
COAD,0,cellnorm,common,lognorm_mean,cellfrac,1600,0.10579630383800917,0.7189444138893483,0,Mast,-0.097329684820718,Macrophage,0.10850462346537784,-0.04528968814045424,,,,0.10850462346537784,,0.0426477541057443,-0.021575102436196047,-0.049452642992010507,-0.097329684820718,-0.024419541684125988,0.08691428250238278
COAD,0,cellnorm,common,lognorm_mean,fragfrac,1600,0.22459952425733395,0.0902968454713818,0,Mast,-0.37822816731440995,Mast,0.37822816731440995,-0.10274352018441477,,,,0.2243594703582633,,0.06277337810260608,-0.05932109093164516,0.03577912821095462,-0.37822816731440995,0.022052883787162716,0.19532791797148327
COAD,0,cellnorm,common,lognorm_mean_expm1,cellfrac,1600,0.10205096653502456,0.7014864114515122,0,Mast,-0.08578597876041608,Macrophage,0.0997975744569476,-0.04279359095687819,,,,0.0997975744569476,,-0.02224135297673464,-0.008638707062756023,0.03400576052984384,-0.08578597876041608,-0.030840516360709107,0.05649681113070264
COAD,0,cellnorm,common,lognorm_mean_expm1,fragfrac,1600,0.21917537328303416,0.08748856251724837,0,Mast,-0.36668446125410803,Mast,0.36668446125410803,-0.10024742300083872,,,,0.21565242134983315,,-0.002115728979872895,-0.04638469555820513,0.11923753173280897,-0.36668446125410803,0.015631909110579597,0.16491044659980317
COAD,0,cellnorm,common,pseudobulk_cpm,cellfrac,1600,0.11107108249053414,0.7023939225496593,0,Mast,-0.0967779365869519,Endothelial,0.10391124721736755,-0.027369885266367678,,,,0.0009789184702323516,,0.10391124721736755,-0.020850873735615897,0.04192219363017938,-0.0967779365869519,-0.01482262375981635,0.01300896003097255
COAD,0,cellnorm,common,pseudobulk_cpm,fragfrac,1600,0.21591048026266446,0.1775260119272185,0,Mast,-0.37767641908064387,Mast,0.37767641908064387,-0.08482371731032816,,,,0.1168337653631179,,0.1240368712142293,-0.058596862231064986,0.1271539648331445,-0.37767641908064387,0.03164980171147235,0.12142259550007306
COAD,0,cellnorm,common,depth_matched,cellfrac,1600,0.07048253200361307,0.8249041017347352,0,Mast,-0.009385210159690393,Other_Myeloid,0.03067506738061809,-0.006133241583887771,,,,0.007848202096504314,,0.026009176939219704,0.01657445224854613,-0.011783161910655584,-0.009385210159690393,-0.03067506738061809,0.007544849750581675
COAD,0,cellnorm,common,depth_matched,fragfrac,1600,0.1667871465794862,0.44396288494334807,0,Mast,-0.2902836926533824,Mast,0.2902836926533824,-0.06358707362784827,,,,0.12370304898938989,,0.04613480093608146,-0.021171536246902965,0.07344860929230958,-0.2902836926533824,0.015797358090670618,0.11595848521968218
COAD,0,cellnorm,common,cpm_mean,cellfrac,1600,0.06601505648752387,0.8383751869856684,0,Mast,0.007402885020202849,Endothelial,0.021988019522135957,-0.0037773457951373896,,,,-0.004841043706449357,,0.021988019522135957,0.006875252501228475,-0.0004824876861528482,0.007402885020202849,-0.018136221677059406,-0.009029058178768262
COAD,0,cellnorm,common,cpm_mean,fragfrac,1600,0.15746932619991896,0.506180670473023,0,Mast,-0.2734955974734893,Mast,0.2734955974734893,-0.06123117783909787,,,,0.11101380318643621,,0.04211364351899771,-0.030870735994220615,0.08474928351681228,-0.2734955974734893,0.02833620379422931,0.09938457729033218
COAD,0,cellnorm,own,raw_mean,cellfrac,1545,0.18842103284221987,0.4229448254665044,0,Mast,-0.1312589182433877,T_NK,0.2659480872089855,-0.1046983266257122,,,,0.22411660207435016,,-0.0005632627178716283,-0.11219185113300108,-0.07732033685893902,-0.1312589182433877,-0.06403199370442392,0.2659480872089855
COAD,0,cellnorm,own,raw_mean,fragfrac,1545,0.29934358048485965,-0.1996510542693433,0,Mast,-0.4121574007370797,Mast,0.4121574007370797,-0.16215215866967264,,,,0.33997144896723563,,0.019562361278990102,-0.14993783962845023,0.007911434344026119,-0.4121574007370797,-0.017559568233135238,0.37436172267808593
COAD,0,cellnorm,own,zscale_mean,cellfrac,1310,0.19277263134319894,0.1643412714361769,0,Mast,0.18239900802017497,Epithelial,0.3713410152427544,-0.029926584511839573,,,,-0.13435046348887944,,-0.06501230569772427,0.3713410152427544,-0.11768,0.18239900802017497,-0.0873211071193418,-0.11944956244514426
COAD,0,cellnorm,own,zscale_mean,fragfrac,1310,0.1739605712106248,0.5247221235188821,0,Mast,-0.09849947447351708,Epithelial,0.3335950267473054,-0.08738041655580009,,,,-0.018495616595993847,,-0.04488668170086253,0.3335950267473054,-0.032448228797034843,-0.09849947447351708,-0.040848681648053116,-0.011035926976043916
COAD,0,cellnorm,own,lognorm_mean,cellfrac,1600,0.10627539404289385,0.730077448134126,0,Mast,-0.09263550254765289,Macrophage,0.10752117218321297,-0.06916476827043973,,,,0.10752117218321297,,0.021404301972376683,-0.007102056793217019,-0.029858182008440707,-0.09263550254765289,-0.032530591419266196,0.10236562688342682
COAD,0,cellnorm,own,lognorm_mean,fragfrac,1600,0.22812471469652784,0.07763856469718264,0,Mast,-0.37353398504134483,Mast,0.37353398504134483,-0.1266186003144002,,,,0.22337601907609858,,0.04152992596923842,-0.04484804528866612,0.05537358919452445,-0.37353398504134483,0.013941834052022498,0.2107792623525272
COAD,0,cellnorm,own,lognorm_mean_expm1,cellfrac,1600,0.10003158093082744,0.7347726692006066,0,Mast,-0.08532055020491905,Macrophage,0.11707864062795,-0.056047943536849,,,,0.11707864062795,,-0.013374652214802156,0.010077644318880905,-0.02258635622500516,-0.08532055020491905,-0.03141273826395885,0.08158595549870334
COAD,0,cellnorm,own,lognorm_mean_expm1,fragfrac,1600,0.22166907216845907,0.09097669452034528,0,Mast,-0.36621903269861095,Mast,0.36621903269861095,-0.11350177558080952,,,,0.23293348752083565,,0.006750971782059591,-0.027668344176568202,0.06264541497796,-0.36621903269861095,0.015059687207329857,0.18999959096780375
COAD,0,cellnorm,own,pseudobulk_cpm,cellfrac,1600,0.11627991913113964,0.6789922939087212,0,Mast,-0.051362246050058936,Endothelial,0.1596954302493735,-0.03309870811656552,,,,0.03981964348896696,,0.1596954302493735,-0.07452076022713347,-0.08363829796828633,-0.051362246050058936,-0.025040813876474947,0.06814575250017879
COAD,0,cellnorm,own,pseudobulk_cpm,fragfrac,1600,0.21620130525025347,0.18548217561398436,0,Mast,-0.332260728543751,Mast,0.332260728543751,-0.09055254016052604,,,,0.15567449038185255,,0.17982105424623523,-0.11226674872258256,0.001593473234678802,-0.332260728543751,0.021431611594813767,0.1765593879692793
COAD,0,cellnorm,own,depth_matched,cellfrac,1600,0.08041102341070892,0.7858870404658441,0,Mast,0.00644022894856485,Fibroblast,0.07547797065814922,0.0032798612006236117,,,,0.008529602686934708,,0.029218110543153406,0.02345701299668765,-0.07547797065814922,0.00644022894856485,-0.014918120146123521,0.01947127442830851
COAD,0,cellnorm,own,depth_matched,fragfrac,1600,0.16424050579655225,0.47306244617158905,0,Mast,-0.274458253545127,Mast,0.274458253545127,-0.05417397084333687,,,,0.12438444957982026,,0.049343734540015144,-0.014288975498761451,0.009753800544815918,-0.274458253545127,0.03155430532516518,0.12788490989740897
COAD,0,cellnorm,own,cpm_mean,cellfrac,1600,0.06601505648752387,0.8383751869856684,0,Mast,0.007402885020202849,Endothelial,0.021988019522135957,-0.0037773457951373896,,,,-0.004841043706449357,,0.021988019522135957,0.006875252501228475,-0.0004824876861528482,0.007402885020202849,-0.018136221677059406,-0.009029058178768262
COAD,0,cellnorm,own,cpm_mean,fragfrac,1600,0.15746932619991896,0.506180670473023,0,Mast,-0.2734955974734893,Mast,0.2734955974734893,-0.06123117783909787,,,,0.11101380318643621,,0.04211364351899771,-0.030870735994220615,0.08474928351681228,-0.2734955974734893,0.02833620379422931,0.09938457729033218
COAD,1,rawsum,common,raw_mean,cellfrac,1600,0.09022073170511237,0.7125043112245243,0,Mast,-0.012871130290929208,Fibroblast,0.08349686443232494,0.0014283608996428006,,,,-0.019204352584491467,,-0.008377067944900007,-0.024365373600711705,0.08349686443232494,-0.012871130290929208,-0.002517773876888031,-0.017589527034047325
COAD,1,rawsum,common,raw_mean,fragfrac,1600,0.1762093673667838,0.4146413986262969,0,Mast,-0.31244367581484317,Mast,0.31244367581484317,-0.054179137104255155,,,,0.07434928198965184,,0.03163604087712298,-0.04726595157468525,0.1543932807458406,-0.31244367581484317,0.04276598187922389,0.11074417900194417
COAD,1,rawsum,common,zscale_mean,cellfrac,1600,0.1592979591888163,0.4013216249450224,0,Mast,0.3053170248756632,Mast,0.3053170248756632,0.10141269988650733,,,,-0.10843975051119363,,0.02243627377747437,0.0015330783071537462,-0.09723264077014118,0.3053170248756632,-0.09098788245953485,-0.13403880310592897
COAD,1,rawsum,common,zscale_mean,fragfrac,1600,0.09623144616970734,0.8577975445635522,0,Mast,0.0057444793517493695,Endothelial,0.062449382599497366,0.04580520188260941,,,,-0.014886115937050366,,0.062449382599497366,-0.021367499666819806,-0.026336224456625586,0.0057444793517493695,-0.04570412670342295,-0.005705097069937466
COAD,1,rawsum,common,lognorm_mean,cellfrac,1600,0.1738265940960823,0.25244096416059447,0,Mast,0.0376409446325556,Fibroblast,0.362544897176924,-0.013569893363263403,,,,-0.09416609047429995,,-0.07751421314444562,-0.040469899538628784,0.362544897176924,0.0376409446325556,-0.051688560196005914,-0.12277718509283594
COAD,1,rawsum,common,lognorm_mean,fragfrac,1600,0.20936090278017322,0.2928434106938247,0,Mast,-0.2619316008913583,Fibroblast,0.4334413134904397,-0.06917739136716132,,,,-0.0006124559001566674,,-0.03750110432242262,-0.06337047751260232,0.4334413134904397,-0.2619316008913583,-0.006404804439893993,0.005556520943155525
COAD,1,rawsum,common,lognorm_mean_expm1,cellfrac,1600,0.1781061501175621,0.21733141685320115,0,Mast,0.033976762359184946,Fibroblast,0.37358323436794527,-0.0079964272989143,,,,-0.09420492460270007,,-0.0974762483262604,-0.03193751773789954,0.37358323436794527,0.033976762359184946,-0.051610667833207016,-0.12433421092814885
COAD,1,rawsum,common,lognorm_mean_expm1,fragfrac,1600,0.21343120300992982,0.2675605840123489,0,Mast,-0.265595783164729,Fibroblast,0.44447965068146084,-0.06360392530281223,,,,-0.0006512900285567759,,-0.057463139504237405,-0.05483809571187307,0.44447965068146084,-0.265595783164729,-0.006326912077095083,0.003999495107842613
COAD,1,rawsum,common,pseudobulk_cpm,cellfrac,1600,0.1533585745885399,0.5357957381018393,0,Mast,0.29318052456539917,Mast,0.29318052456539917,0.05585137854593112,,,,-0.09652391542193296,,-0.035690312939443074,-0.000982060297463669,-0.04177700271171358,0.29318052456539917,-0.043646006320808305,-0.13041260541996855
COAD,1,rawsum,common,pseudobulk_cpm,fragfrac,1600,0.04795322257385311,0.9664940191532684,0,Mast,-0.006392020958514829,Fibroblast,0.029119413601802046,0.00024388054203319757,,,,-0.00297028084778964,,0.004322795882579925,-0.023882638271437204,0.029119413601802046,-0.006392020958514829,0.0016377494353036549,-0.0020788993839771486
COAD,1,rawsum,common,depth_matched,cellfrac,1600,0.1687258705190164,0.19401570100477952,0,Mast,0.12502978695079286,Fibroblast,0.29882582918476785,0.008862987611305755,,,,-0.10495973921015263,,-0.08718807033646883,-0.034391905070560655,0.29882582918476785,0.12502978695079286,-0.06678924882244026,-0.13938964030724393
COAD,1,rawsum,common,depth_matched,fragfrac,1600,0.18172020325385063,0.43359361648697936,0,Mast,-0.17454275857312118,Fibroblast,0.3697222454982834,-0.046744510392592156,,,,-0.011406104636009353,,-0.04717496151444583,-0.057292483044534215,0.3697222454982834,-0.17454275857312118,-0.021505493066328298,-0.011055934271252526
COAD,1,rawsum,common,cpm_mean,cellfrac,1600,0.1716302722052852,0.18942400811265708,0,Mast,0.16218494583239287,Fibroblast,0.28251540272708087,0.0039125331577077845,,,,-0.1056692050506089,,-0.09244864426507388,-0.047245928157848685,0.28251540272708087,0.16218494583239287,-0.0610717427749597,-0.14217736146869014
COAD,1,rawsum,common,cpm_mean,fragfrac,1600,0.17561880183780337,0.47971546596237324,0,Mast,-0.1373875996915211,Fibroblast,0.35341181904059654,-0.05169496484619014,,,,-0.012115570476465607,,-0.05243553544305089,-0.07014650613182219,0.35341181904059654,-0.1373875996915211,-0.015787987018847795,-0.013843655432698712
COAD,1,rawsum,own,raw_mean,cellfrac,1540,0.07644708213828089,0.7856316009313364,0,Mast,0.0007816008632872725,Fibroblast,0.043148724949361304,-0.0017658152143059957,,,,-0.017789161554375127,,-0.00394045484931644,-0.020113027602397988,0.043148724949361304,0.0007816008632872725,0.0008336592496495291,-0.0011555258419025612
COAD,1,rawsum,own,raw_mean,fragfrac,1540,0.1666537083399605,0.4800959344876241,0,Mast,-0.2987909446606266,Mast,0.2987909446606266,-0.057373313218203915,,,,0.0757644730197682,,0.03607265397270654,-0.04301360557637153,0.11404514126287704,-0.2987909446606266,0.04611741500576147,0.12717818019408889
COAD,1,rawsum,own,zscale_mean,cellfrac,1302,0.22175095711946702,0.10455623512032727,0,Mast,0.20566895980370056,Epithelial,0.4437205810003727,-0.05016538858760538,,,,-0.11083999999999994,,-0.12436132301808187,0.4437205810003727,-0.09777999999999996,0.20566895980370056,-0.11494282919838607,-0.15129999999999996
COAD,1,rawsum,own,zscale_mean,fragfrac,1302,0.19516533585327794,0.5018677861736555,0,Mast,-0.09390358572021333,Epithelial,0.4208200030263993,-0.10577288659150329,,,,-0.017286365425856667,,-0.08434821419605887,0.4208200030263993,-0.026883583686484358,-0.09390358572021333,-0.06965907344227422,-0.02296629396400851
COAD,1,rawsum,own,lognorm_mean,cellfrac,1600,0.15210578544321215,0.3269809268713838,0,Mast,0.05367860799181939,Fibroblast,0.31035596230503537,-0.0019388779286640253,,,,-0.09324687020358052,,-0.06740458436675391,-0.037033153941678415,0.31035596230503537,0.05367860799181939,-0.042476523510840705,-0.12193456034533727
COAD,1,rawsum,own,lognorm_mean,fragfrac,1600,0.18413580710773308,0.4078371203809629,0,Mast,-0.2458939375320945,Fibroblast,0.3812523786185511,-0.05754637593256194,,,,0.00030676437056281064,,-0.0273914755447309,-0.05993373191565193,0.3812523786185511,-0.2458939375320945,0.00280723224527123,0.006399145690654244
COAD,1,rawsum,own,lognorm_mean_expm1,cellfrac,1600,0.17350112781671703,0.22827900073448953,0,Mast,0.036927204214716874,Fibroblast,0.3774683171641944,-0.0035655295814979184,,,,-0.09442921803663187,,-0.09687948868654156,-0.039640555263860275,0.3774683171641944,0.036927204214716874,-0.05305689690861257,-0.1268238329017668
COAD,1,rawsum,own,lognorm_mean_expm1,fragfrac,1600,0.2076943744557455,0.29124743273296577,0,Mast,-0.2626453413091971,Fibroblast,0.4483647334777098,-0.059173027585395846,,,,-0.0008755834624885445,,-0.056866379864518535,-0.06254113323783385,0.4483647334777098,-0.2626453413091971,-0.00777314115250065,0.0015098731342246836
COAD,1,rawsum,own,pseudobulk_cpm,cellfrac,1600,0.1623721793626759,0.5209976471934495,0,Mast,0.33322666020169334,Mast,0.33322666020169334,0.05152088867816138,,,,-0.09984443393017427,,-0.04036161817294576,-0.008900014249991008,-0.058670349699922034,0.33322666020169334,-0.046283387492921726,-0.13068774533389985
COAD,1,rawsum,own,pseudobulk_cpm,fragfrac,1600,0.04211833945826628,0.975056260022497,0,Mast,0.03365411467777939,Mast,0.03365411467777939,-0.004086609325736565,,,,-0.006290799356030991,,-0.0003485093509227638,-0.031800592223964544,0.012226066613593621,0.03365411467777939,-0.000999631736809791,-0.00235403929790835
COAD,1,rawsum,own,depth_matched,cellfrac,1600,0.12730012793859918,0.3221201267655337,0,Mast,0.10107000931607737,Fibroblast,0.16786144137964487,0.05099182463726027,,,,-0.0934210609726668,,-0.061717757129309596,-0.006167818682919715,0.16786144137964487,0.10107000931607737,-0.02665249377160805,-0.13196414477647836
COAD,1,rawsum,own,depth_matched,fragfrac,1600,0.14680412635578538,0.6207621080216633,0,Mast,-0.1985025362078365,Fibroblast,0.23875785769316052,-0.004615673366637677,,,,0.00013257360147655742,,-0.021704648307286568,-0.02906839665689325,0.23875785769316052,-0.1985025362078365,0.018631261984503867,-0.003630438740486864
COAD,1,rawsum,own,cpm_mean,cellfrac,1600,0.1716302722052852,0.18942400811265708,0,Mast,0.16218494583239287,Fibroblast,0.28251540272708087,0.0039125331577077845,,,,-0.1056692050506089,,-0.09244864426507388,-0.047245928157848685,0.28251540272708087,0.16218494583239287,-0.0610717427749597,-0.14217736146869014
COAD,1,rawsum,own,cpm_mean,fragfrac,1600,0.17561880183780337,0.47971546596237324,0,Mast,-0.1373875996915211,Fibroblast,0.35341181904059654,-0.05169496484619014,,,,-0.012115570476465607,,-0.05243553544305089,-0.07014650613182219,0.35341181904059654,-0.1373875996915211,-0.015787987018847795,-0.013843655432698712
COAD,1,cellnorm,common,raw_mean,cellfrac,1600,0.16577237724244556,0.47805806146349983,0,Mast,-0.14809134460126178,T_NK,0.23736164690716272,-0.07370997415929412,,,,0.1482626908748481,,0.015569853655305492,-0.08787385826011823,-0.02643439703884503,-0.14809134460126178,-0.06508461737779712,0.23736164690716272
COAD,1,cellnorm,common,raw_mean,fragfrac,1600,0.2843203308442522,-0.15773346724082904,0,Mast,-0.44766389012517577,Mast,0.44766389012517577,-0.12931747216319206,,,,0.24181632544899145,,0.0555829624773285,-0.11077443623409185,0.04446201927467062,-0.44766389012517577,-0.019800861621685227,0.3656953529431542
COAD,1,cellnorm,common,zscale_mean,cellfrac,1600,0.13447816507466437,0.5645416623082395,0,Mast,0.16654374864587174,Mast,0.16654374864587174,0.09451839765003951,,,,-0.06221233698297639,,0.10779263402035459,-0.08096620934483001,-0.09777999999999996,0.16654374864587174,-0.10463697161979374,-0.023259262368665653
COAD,1,cellnorm,common,zscale_mean,fragfrac,1600,0.16355678128481538,0.5659657706314882,0,Mast,-0.13302879687804214,Endothelial,0.14780574284237757,0.038910899646141583,,,,0.03134129759116695,,0.14780574284237757,-0.10386678731880358,-0.026883583686484358,-0.13302879687804214,-0.05935321586368186,0.10507444366732584
COAD,1,cellnorm,common,lognorm_mean,cellfrac,1600,0.10306158766524547,0.7225923482453644,0,Mast,-0.11450850498544142,T_NK,0.11891006395184169,-0.019696232577475645,,,,0.07835344608887423,,0.04026808956796463,-0.026322416456237892,-0.05621088500487913,-0.11450850498544142,-0.020793560584646365,0.11891006395184169
COAD,1,cellnorm,common,lognorm_mean,fragfrac,1600,0.2294317614837563,0.07975504792863339,0,Mast,-0.41408105050935534,Mast,0.41408105050935534,-0.07530373058137359,,,,0.17190708066301752,,0.08028119838998761,-0.04922299443021143,0.014685531308636512,-0.41408105050935534,0.02449019517146557,0.2472437699878331
COAD,1,cellnorm,common,lognorm_mean_expm1,cellfrac,1600,0.09651131366768298,0.7172611866849414,0,Mast,-0.09607543289499758,T_NK,0.09914957014591129,-0.009249838871348995,,,,0.07753782347518064,,-0.019458191566487194,-0.0010120778452262847,-0.03443719058301126,-0.09607543289499758,-0.016454661860020578,0.09914957014591129
COAD,1,cellnorm,common,lognorm_mean_expm1,fragfrac,1600,0.2182431172330379,0.11789572583383942,0,Mast,-0.3956479784189116,Mast,0.3956479784189116,-0.06485733687524696,,,,0.17109145804932394,,0.0205549172555358,-0.02391265581919983,0.03645922573050438,-0.3956479784189116,0.028829093896091354,0.2274832761819028
COAD,1,cellnorm,common,pseudobulk_cpm,cellfrac,1600,0.11120787229531477,0.7016036630042891,0,Mast,-0.11796267528899101,Endothelial,0.12920706245344304,0.05892017077023476,,,,0.00956978654181899,,0.12920706245344304,-0.03748192853016583,-0.04845500630550651,-0.11796267528899101,-0.024082583348610912,0.03028517370777748
COAD,1,cellnorm,common,pseudobulk_cpm,fragfrac,1600,0.22098902984341426,0.17844834422974928,0,Mast,-0.417535220812905,Mast,0.417535220812905,0.0033126727663368243,,,,0.10312342111596229,,0.16922017127546596,-0.06038250650413935,0.022441410008009133,-0.417535220812905,0.02120117240750102,0.15861887974376898
COAD,1,cellnorm,common,depth_matched,cellfrac,1600,0.06011206423049496,0.8660975823730229,0,Mast,-0.00612088959748268,Other_Myeloid,0.02631653869057281,0.016546808245245938,,,,0.004057959375432266,,0.02001821130187223,0.0014887854665419245,-0.024693814976268838,-0.00612088959748268,-0.02631653869057281,0.015019478875232002
COAD,1,cellnorm,common,depth_matched,fragfrac,1600,0.16473936149333232,0.49263354385011443,0,Mast,-0.30569343512139663,Mast,0.30569343512139663,-0.039060689758651984,,,,0.09761159394957558,,0.06003132012389522,-0.021411792507431634,0.046202601337246775,-0.30569343512139663,0.0189672170655391,0.14335318491122342
COAD,1,cellnorm,common,cpm_mean,cellfrac,1600,0.06038978164519413,0.8631782963880825,0,Mast,0.038244940785351,Mast,0.038244940785351,0.02126897955947752,,,,-0.009288063853422051,,0.0057307495546286905,-0.00329709790461416,-0.03163403826363037,0.038244940785351,-0.01970491414907801,-0.001320555728712625
COAD,1,cellnorm,common,cpm_mean,fragfrac,1600,0.14725417503727173,0.615526855770366,0,Mast,-0.261327604738563,Mast,0.261327604738563,-0.034338518444420416,,,,0.0842655707207213,,0.04574385837665169,-0.0261976758785877,0.03926237804988526,-0.261327604738563,0.025578841607033925,0.12701315030727886
COAD,1,cellnorm,own,raw_mean,cellfrac,1540,0.1846469409038419,0.4052328773720624,0,Mast,-0.14350053399918014,T_NK,0.2983947435600449,-0.1062035432069086,,,,0.19001429955636914,,-0.003242388855774032,-0.11086659363341948,-0.06738434128130233,-0.14350053399918014,-0.057211642139829315,0.2983947435600449
COAD,1,cellnorm,own,raw_mean,fragfrac,1540,0.299011568472384,-0.20090681697312318,0,Mast,-0.4430730795230942,Mast,0.4430730795230942,-0.1618110412108065,,,,0.28356793413051234,,0.03677071996624897,-0.1337671716073931,0.0035120750322133105,-0.4430730795230942,-0.011927886383717423,0.4267284495960362
COAD,1,cellnorm,own,zscale_mean,cellfrac,1302,0.1825462414699889,0.21864696591672567,0,Mast,0.20336694483378362,Epithelial,0.3235266266878103,-0.02449443392567506,,,,-0.11082839190995837,,-0.058120168660879275,0.3235266266878103,-0.09777999999999996,0.20336694483378362,-0.10053842335693747,-0.13513215366814363
COAD,1,cellnorm,own,zscale_mean,fragfrac,1302,0.16609385932867238,0.5709962719350072,0,Mast,-0.0962056006901302,Epithelial,0.30062604871383675,-0.08010193192957303,,,,-0.0172747573358151,,-0.01810705983885631,0.30062604871383675,-0.026883583686484358,-0.0962056006901302,-0.05525466760082558,-0.006798447632152186
COAD,1,cellnorm,own,lognorm_mean,cellfrac,1600,0.10661634577843866,0.7055273164692125,0,Mast,-0.10278350681456536,T_NK,0.13647473158358853,-0.06545856646553862,,,,0.08502881911346381,,0.013693554751107348,-0.0021884173019182203,-0.042405125783351226,-0.10278350681456536,-0.02236148908278619,0.13647473158358853
COAD,1,cellnorm,own,lognorm_mean,fragfrac,1600,0.23209133563299178,0.06381023026935259,0,Mast,-0.40235605233847943,Mast,0.40235605233847943,-0.12106606446943659,,,,0.17858245368760722,,0.05370666357313034,-0.02508899527589176,0.028491290530164404,-0.40235605233847943,0.022922266673325732,0.26480843761958
COAD,1,cellnorm,own,lognorm_mean_expm1,cellfrac,1600,0.09785300334324588,0.714070543433095,0,Mast,-0.07938717154780194,T_NK,0.11309781481306876,-0.044736254067200595,,,,0.08432343573239415,,-0.02413597077669513,0.01508480718527972,-0.04573500944890867,-0.07938717154780194,-0.018511651890136337,0.11309781481306876
COAD,1,cellnorm,own,lognorm_mean_expm1,fragfrac,1600,0.21851299504856808,0.12195164049088879,0,Mast,-0.3789597170717159,Mast,0.3789597170717159,-0.10034375207109854,,,,0.1778770703065375,,0.015877138045327862,-0.007815770788693815,0.02516140686460696,-0.3789597170717159,0.026772103865975606,0.2414315208490602
COAD,1,cellnorm,own,pseudobulk_cpm,cellfrac,1600,0.1102018417960673,0.7123399986236569,0,Mast,-0.03802041107765644,Endothelial,0.13753491844703153,-0.029287338403411592,,,,0.023035267190038806,,0.13753491844703153,-0.10316255050286713,-0.06763566849878586,-0.03802041107765644,-3.9292342886273895e-05,0.077575075188537
COAD,1,cellnorm,own,pseudobulk_cpm,fragfrac,1600,0.21589908938302044,0.22059280532907113,0,Mast,-0.33759295660157046,Mast,0.33759295660157046,-0.08489483640730955,,,,0.11658890176418217,,0.17754802726905453,-0.12606312847684076,0.0032607478147297746,-0.33759295660157046,0.045244463413225654,0.20590878122452852
COAD,1,cellnorm,own,depth_matched,cellfrac,1600,0.06860069506283642,0.8192327194346223,0,Mast,0.0407424478971355,Fibroblast,0.044716390212647006,0.006247545110928261,,,,-0.0033903025052278335,,0.0007216883710147087,-0.005103592603913377,-0.044716390212647006,0.0407424478971355,-0.004760366471557742,0.010258970414267488
COAD,1,cellnorm,own,depth_matched,fragfrac,1600,0.15609567620128076,0.5532075361487779,0,Mast,-0.2588300976267784,Mast,0.2588300976267784,-0.04935995289296967,,,,0.09016333206891555,,0.04073479719303772,-0.028004170577886924,0.026180026100868625,-0.2588300976267784,0.0405233892845542,0.13859267645025902
COAD,1,cellnorm,own,cpm_mean,cellfrac,1600,0.06038978164519413,0.8631782963880825,0,Mast,0.038244940785351,Mast,0.038244940785351,0.02126897955947752,,,,-0.009288063853422051,,0.0057307495546286905,-0.00329709790461416,-0.03163403826363037,0.038244940785351,-0.01970491414907801,-0.001320555728712625
COAD,1,cellnorm,own,cpm_mean,fragfrac,1600,0.14725417503727173,0.615526855770366,0,Mast,-0.261327604738563,Mast,0.261327604738563,-0.034338518444420416,,,,0.0842655707207213,,0.04574385837665169,-0.0261976758785877,0.03926237804988526,-0.261327604738563,0.025578841607033925,0.12701315030727886
COAD,2,rawsum,common,raw_mean,cellfrac,1600,0.07405806523091234,0.7905694301630334,0,Mast,-0.006011032426949294,Macrophage,0.03901140615962239,0.0014293396709108563,,,,-0.03901140615962239,,-0.017014910045632534,0.021453912369858642,0.021670901899415694,-0.006011032426949294,-0.0062178964639762165,0.02370109115599525
COAD,2,rawsum,common,raw_mean,fragfrac,1600,0.15532972555705685,0.4485675653421467,0,Mast,-0.2869596597409827,Mast,0.2869596597409827,-0.06141945425043613,,,,0.0646790402193767,,0.021370862038765107,-0.013055999682799852,0.1125262461992202,-0.2869596597409827,0.03743996306472702,0.1254190021521297
COAD,2,rawsum,common,zscale_mean,cellfrac,1600,0.16990587225726422,0.32171760190195337,0,Mast,0.34057997641733345,Mast,0.34057997641733345,0.10620368767145269,,,,-0.12499862804073088,,0.02356262293935423,-0.021087298119148175,-0.12607532030963278,0.34057997641733345,-0.09382388334096368,-0.1043611572176649
COAD,2,rawsum,common,zscale_mean,fragfrac,1600,0.09111702694281297,0.8531129582776411,0,Mast,0.05963134910330009,Endothelial,0.06194839502375191,0.04335489375010568,,,,-0.02130818166173184,,0.06194839502375191,-0.05559721017180665,-0.03521997600982826,0.05963134910330009,-0.05016602381226046,-0.0026432462215304083
COAD,2,rawsum,common,lognorm_mean,cellfrac,1600,0.13919125247799882,0.4031514796462978,0,Mast,0.10274889088178962,Fibroblast,0.20461475979622257,-0.007071191516476083,,,,-0.09641983536774762,,-0.08493810580009752,-0.004062190936308654,0.20461475979622257,0.10274889088178962,-0.031358980852399056,-0.08351334620498323
COAD,2,rawsum,common,lognorm_mean,fragfrac,1600,0.15758524815484376,0.4848740679928196,0,Mast,-0.17819973643224388,Fibroblast,0.295470104096027,-0.0699199854378231,,,,0.007270611011251442,,-0.04655233371569989,-0.03857210298896715,0.295470104096027,-0.17819973643224388,0.012298878676304185,0.01820456479115121
COAD,2,rawsum,common,lognorm_mean_expm1,cellfrac,1600,0.14665442772478743,0.35626996823908585,0,Mast,0.10421825545231928,Fibroblast,0.21729226333846327,0.0005143782717156045,,,,-0.0968507155164039,,-0.1114651294287181,0.004239537628027179,0.21729226333846327,0.10421825545231928,-0.031144120506887463,-0.08680446923851581
COAD,2,rawsum,common,lognorm_mean_expm1,fragfrac,1600,0.1623037289494874,0.4614814613016629,0,Mast,-0.1767303718617142,Fibroblast,0.30814760763826776,-0.062334415649631374,,,,0.006839730862595138,,-0.07307935734432043,-0.03027037442463133,0.30814760763826776,-0.1767303718617142,0.01251373902181578,0.01491344175761862
COAD,2,rawsum,common,pseudobulk_cpm,cellfrac,1600,0.1487425175774448,0.4821109428349258,0,Mast,0.24451296117707033,Mast,0.24451296117707033,0.06234604730183874,,,,-0.11152601156499826,,-0.03988651182465127,0.06622336660291143,-0.07855370111666804,0.24451296117707033,-0.04539252989958717,-0.09772362067591558
COAD,2,rawsum,common,pseudobulk_cpm,fragfrac,1600,0.05277540520285972,0.9499299341147952,0,Mast,-0.03643566613696314,Mast,0.03643566613696314,-0.0005027466195082686,,,,-0.007835565185999257,,-0.0015007397402536204,0.03171345455025293,0.01230164318313648,-0.03643566613696314,-0.0017346703708839449,0.003994290320218839
COAD,2,rawsum,common,depth_matched,cellfrac,1600,0.16014449953863258,0.20628838898646776,0,Mast,0.2752221101976331,Mast,0.2752221101976331,-0.020565506187231932,,,,-0.11054188809456607,,-0.10524035852111488,-0.008750623044161469,0.11316731603765585,0.2752221101976331,-0.0392671281040429,-0.10402392228417169
COAD,2,rawsum,common,depth_matched,fragfrac,1600,0.1274617671416826,0.6696618678086518,0,Mast,-0.005726517116400371,Fibroblast,0.20402266033746042,-0.08341430010857895,,,,-0.00685144171556697,,-0.06685458643671725,-0.04326053509681995,0.20402266033746042,-0.005726517116400371,0.004390731424660325,-0.0023060112880372314
COAD,2,rawsum,common,cpm_mean,cellfrac,1600,0.17625019547223394,0.16520699525764634,0,Mast,0.35430774450255986,Mast,0.35430774450255986,-0.032942674307626575,,,,-0.11363939595177458,,-0.11399925220152973,-0.02274687287624842,0.07285066964087951,0.35430774450255986,-0.03746466785663593,-0.10636555094962433
COAD,2,rawsum,common,cpm_mean,fragfrac,1600,0.12283467783009894,0.7134788518172898,0,Mast,0.0733591171885266,Fibroblast,0.16370601394068401,-0.09579146822897362,,,,-0.0099489495727755,,-0.07561348011713204,-0.05725678492890693,0.16370601394068401,0.0733591171885266,0.006193191672067322,-0.004647639953489866
COAD,2,rawsum,own,raw_mean,cellfrac,1544,0.06977864730222536,0.8185983440182356,0,Mast,0.005667621376304669,T_NK,0.03161097027747589,0.012173216123184248,,,,-0.01766134301317492,,-0.009566362179455423,-0.0018845294622600068,-0.02380654465732137,0.005667621376304669,0.003466971535246915,0.03161097027747589
COAD,2,rawsum,own,raw_mean,fragfrac,1544,0.15269980134007854,0.47391226494389255,0,Mast,-0.27528100593772875,Mast,0.27528100593772875,-0.05067557779816277,,,,0.08602910336582413,,0.028819409904942223,-0.0363944415149185,0.06704879964248314,-0.27528100593772875,0.047124831063950136,0.1333288812736103
COAD,2,rawsum,own,zscale_mean,cellfrac,1329,0.23218155272188853,0.000571190834644332,0,Mast,0.24968306595401682,Epithelial,0.44869854154602273,-0.05525433516975121,,,,-0.12727999999999995,,-0.15123747194061868,0.44869854154602273,-0.12707999999999997,0.24968306595401682,-0.11608980038966964,-0.12144000000000003
COAD,2,rawsum,own,zscale_mean,fragfrac,1329,0.18925420567814535,0.49262901301374373,0,Mast,-0.03126556136001661,Epithelial,0.414188629493364,-0.1181031290910982,,,,-0.023589553621000948,,-0.11285169985622097,0.414188629493364,-0.03622465570019546,-0.03126556136001661,-0.07243194086096641,-0.019722089003865573
COAD,2,rawsum,own,lognorm_mean,cellfrac,1600,0.15791853637467249,0.3309118988081569,0,Mast,0.03567326695073548,Fibroblast,0.3355475181805634,-0.008613089995694649,,,,-0.10166564021233328,,-0.08919733296417628,-0.03447171728624149,0.3355475181805634,0.03567326695073548,-0.04261355755953728,-0.09465944711331582
COAD,2,rawsum,own,lognorm_mean,fragfrac,1600,0.19391444937516478,0.27591916082781404,0,Mast,-0.245275360363298,Fibroblast,0.426402862480368,-0.07146188391704165,,,,0.0020248061666657668,,-0.05081156087977865,-0.06898162933890001,0.426402862480368,-0.245275360363298,0.001044301969165955,0.0070584638828185935
COAD,2,rawsum,own,lognorm_mean_expm1,cellfrac,1600,0.17624433020475513,0.2657837319216516,0,Mast,0.03493444584363457,Fibroblast,0.389938032105903,-0.007353358836517903,,,,-0.1050436071676968,,-0.1178258079943417,-0.03866657206642993,0.389938032105903,0.03493444584363457,-0.05594142906117608,-0.10004170282337517
COAD,2,rawsum,own,lognorm_mean_expm1,fragfrac,1600,0.2108518063431186,0.21458115334121344,0,Mast,-0.24601418147039883,Fibroblast,0.48079337640570763,-0.07020215275786489,,,,-0.0013531607886977104,,-0.0794400359099441,-0.07317648411908842,0.48079337640570763,-0.24601418147039883,-0.012283569532472846,0.0016762081727592834
COAD,2,rawsum,own,pseudobulk_cpm,cellfrac,1600,0.15492535403911628,0.46301971825613303,0,Mast,0.29571404054895495,Mast,0.29571404054895495,0.06737447759968024,,,,-0.10904037179037829,,-0.04153713600496612,0.022542788423208577,-0.08758982449329285,0.29571404054895495,-0.05009923103392393,-0.09736474324928251
COAD,2,rawsum,own,pseudobulk_cpm,fragfrac,1600,0.03993962124347626,0.9722764357916046,0,Mast,0.014765413234921533,Mast,0.014765413234921533,0.00452568367833321,,,,-0.005349925411379239,,-0.0031513639205684794,-0.011967123629449922,0.0032655198065116562,0.014765413234921533,-0.006441371505220695,0.0043531677468519395
COAD,2,rawsum,own,depth_matched,cellfrac,1600,0.1347042901116223,0.28367697959134136,0,Mast,0.17078509606000186,Mast,0.17078509606000186,0.01841839888357184,,,,-0.10546357759161452,,-0.08509894678122043,-0.016334606376431537,0.13947034755300863,0.17078509606000186,-0.01936926942654148,-0.10240744232077434
COAD,2,rawsum,own,depth_matched,fragfrac,1600,0.13324950700422045,0.6101165756806846,0,Mast,-0.11016353125403155,Fibroblast,0.2303256918528132,-0.04443039503777518,,,,-0.0017731312126154412,,-0.04671317469682279,-0.05084451842909005,0.2303256918528132,-0.11016353125403155,0.024288590102161747,-0.0006895313246399204
COAD,2,rawsum,own,cpm_mean,cellfrac,1600,0.17625019547223394,0.16520699525764634,0,Mast,0.35430774450255986,Mast,0.35430774450255986,-0.032942674307626575,,,,-0.11363939595177458,,-0.11399925220152973,-0.02274687287624842,0.07285066964087951,0.35430774450255986,-0.03746466785663593,-0.10636555094962433
COAD,2,rawsum,own,cpm_mean,fragfrac,1600,0.12283467783009894,0.7134788518172898,0,Mast,0.0733591171885266,Fibroblast,0.16370601394068401,-0.09579146822897362,,,,-0.0099489495727755,,-0.07561348011713204,-0.05725678492890693,0.16370601394068401,0.0733591171885266,0.006193191672067322,-0.004647639953489866
COAD,2,cellnorm,common,raw_mean,cellfrac,1600,0.15737672007426742,0.5512989497661291,0,Mast,-0.10803738904178392,T_NK,0.22282964775842967,-0.07149940066317263,,,,0.1180017363184506,,0.05082046631964708,-0.08424301526068564,-0.06637872046187974,-0.10803738904178392,-0.06149332496900525,0.22282964775842967
COAD,2,cellnorm,common,raw_mean,fragfrac,1600,0.2644543023986281,-0.10046438666250766,0,Mast,-0.3889860163558175,Mast,0.3889860163558175,-0.13434819458451958,,,,0.2216921826974497,,0.08920623840404468,-0.11875292731334415,0.024476623837924788,-0.3889860163558175,-0.01783546544030203,0.3245475587545641
COAD,2,cellnorm,common,zscale_mean,cellfrac,1600,0.14658250911923512,0.4915247680248024,0,Mast,0.2019657275726338,Mast,0.2019657275726338,0.09702879816922375,,,,-0.10248492142257676,,0.1325062433151903,-0.07765414185053246,-0.12707999999999997,0.2019657275726338,-0.09870644621644488,-0.02557525956749362
COAD,2,cellnorm,common,zscale_mean,fragfrac,1600,0.14770042947588133,0.604296887214403,0,Mast,-0.0789828997413997,Endothelial,0.1708920153995879,0.034180004247876754,,,,0.001205524956422271,,0.1708920153995879,-0.11216405390319098,-0.03622465570019546,-0.0789828997413997,-0.05504858668774161,0.0761426514286408
COAD,2,cellnorm,common,lognorm_mean,cellfrac,1600,0.09653305106064024,0.7648733307355629,0,Mast,-0.09116329043612748,Mast,0.09116329043612748,-0.033863042196824206,,,,0.046472567922041484,,0.037139276441345286,-0.028455578994370564,-0.006530995923457591,-0.09116329043612748,-0.01417581338762063,0.09057687657501372
COAD,2,cellnorm,common,lognorm_mean,fragfrac,1600,0.21439426402634512,0.09156225676004087,0,Mast,-0.3721119177501609,Mast,0.3721119177501609,-0.09671183611817125,,,,0.15016301430104056,,0.07552504852574297,-0.06296549104702909,0.08432434837634696,-0.3721119177501609,0.029482046141082616,0.19229478757114815
COAD,2,cellnorm,common,lognorm_mean_expm1,cellfrac,1600,0.09801290687337201,0.7238831302173101,0,Mast,-0.08051909931579213,Mast,0.08051909931579213,-0.0321802898342699,,,,0.03419412861440562,,-0.03404115359349863,-0.0036792369527181394,0.06525499864019078,-0.08051909931579213,-0.011110782641627556,0.062081435083309974
COAD,2,cellnorm,common,lognorm_mean_expm1,fragfrac,1600,0.20984889437032825,0.08527217895330876,0,Mast,-0.36146772662982557,Mast,0.36146772662982557,-0.09502908375561692,,,,0.13788457499340465,,0.0043446184908990295,-0.03818914900537664,0.15611034293999532,-0.36146772662982557,0.03254707688707568,0.16379934607944446
COAD,2,cellnorm,common,pseudobulk_cpm,cellfrac,1600,0.11803150275691209,0.7169573528670418,0,Mast,-0.09464996823222604,Endothelial,0.1649673020746236,0.06783287116706023,,,,-0.01960856330376551,,0.1649673020746236,-0.03609772753381387,-0.08420304927256944,-0.09464996823222604,-0.03382459794134517,0.035583733042036304
COAD,2,cellnorm,common,pseudobulk_cpm,fragfrac,1600,0.20881440451714942,0.23014607142418597,0,Mast,-0.37559859554625946,Mast,0.37559859554625946,0.004984077245713222,,,,0.08408188307523355,,0.20335307415902132,-0.0706076395864724,0.00665229502723508,-0.37559859554625946,0.009833261587358031,0.13730164403817072
COAD,2,cellnorm,common,depth_matched,cellfrac,1600,0.06530819635511886,0.8478959562230646,0,Mast,0.03527174134876544,Fibroblast,0.03850642235909621,-0.008893476940869994,,,,-0.016932177655206212,,0.0008924753942749239,0.005149390382434325,-0.03850642235909621,0.03527174134876544,0.0025861431543135523,0.020432326675384162
COAD,2,cellnorm,common,depth_matched,fragfrac,1600,0.1483578745177788,0.5130065300723617,0,Mast,-0.2456768859652679,Mast,0.2456768859652679,-0.07174227086221702,,,,0.08675826872379283,,0.03927824747867257,-0.029360521670224193,0.05234892194070832,-0.2456768859652679,0.04624400268301677,0.12215023767151859
COAD,2,cellnorm,common,cpm_mean,cellfrac,1600,0.06709191096519578,0.8315555770154809,0,Mast,0.0694515475181181,Mast,0.0694515475181181,-0.0027400646352998383,,,,-0.02625610949444149,,-0.016467597832272914,-0.0005112214839017403,-0.03678700405268161,0.0694515475181181,0.012273780502393201,0.0010366694780862779
COAD,2,cellnorm,common,cpm_mean,fragfrac,1600,0.13501203278397583,0.6017039923666315,0,Mast,-0.21149707979591528,Mast,0.21149707979591528,-0.06558885855664687,,,,0.0774343368845576,,0.021918174252124733,-0.03502113353656023,0.05406834024712292,-0.21149707979591528,0.055931640031096436,0.10275458047422074
COAD,2,cellnorm,own,raw_mean,cellfrac,1544,0.17570213277161748,0.4867873347966444,0,Mast,-0.10582569187633693,T_NK,0.2398883517859161,-0.10685869634439456,,,,0.1820881714898326,,0.028747883806945606,-0.10567240465306973,-0.07474373435867633,-0.10582569187633693,-0.05762387985021675,0.2398883517859161
COAD,2,cellnorm,own,raw_mean,fragfrac,1544,0.2811138064289617,-0.15986132646632797,0,Mast,-0.3867743191903705,Mast,0.3867743191903705,-0.1697074902657415,,,,0.28577861786883163,,0.06713365589134328,-0.14018231670572828,0.016111609941128206,-0.3867743191903705,-0.013966020321513537,0.34160626278205053
COAD,2,cellnorm,own,zscale_mean,cellfrac,1329,0.1969274298370517,0.09610572873966304,0,Mast,0.22445102758493682,Epithelial,0.35927767128202265,-0.03575554714589039,,,,-0.12217877345324306,,-0.07967343419047862,0.35927767128202265,-0.12707999999999997,0.22445102758493682,-0.1047985030779186,-0.11424244099942882
COAD,2,cellnorm,own,zscale_mean,fragfrac,1329,0.16484192355609903,0.5314102331763081,0,Mast,-0.05649759972909657,Epithelial,0.3247677592293642,-0.0986043410672374,,,,-0.01848832707424402,,-0.04128766210608101,0.3247677592293642,-0.03622465570019546,-0.05649759972909657,-0.06114064354921533,-0.012524530003294366
COAD,2,cellnorm,own,lognorm_mean,cellfrac,1600,0.09546241703036885,0.7591613880811049,0,Mast,-0.08182341574652068,T_NK,0.09409850047548973,-0.0680205727712415,,,,0.06872762821965854,,0.021417734612804086,-0.0029893464001121994,-0.023970691988052434,-0.08182341574652068,-0.007439836402025455,0.09409850047548973
COAD,2,cellnorm,own,lognorm_mean,fragfrac,1600,0.21390578425823226,0.07866896810604772,0,Mast,-0.3627720430605542,Mast,0.3627720430605542,-0.13086936669258858,,,,0.1724180745986576,,0.05980350669720174,-0.037499258452770697,0.06688465231175207,-0.3627720430605542,0.03621802312667777,0.19581641147162407
COAD,2,cellnorm,own,lognorm_mean_expm1,cellfrac,1600,0.09232180164352045,0.729686533154316,0,Mast,-0.0739187933442621,Fibroblast,0.07880889090445647,-0.05381130678905571,,,,0.04995372864649156,,-0.04469973378892236,-0.0006994089394479504,0.07880889090445647,-0.0739187933442621,-0.018490836860425505,0.0628574601711657
COAD,2,cellnorm,own,lognorm_mean_expm1,fragfrac,1600,0.20737617686126583,0.06342919581728552,0,Mast,-0.3548674206582957,Mast,0.3548674206582957,-0.11666010071040273,,,,0.15364417502549058,,-0.00631396170452472,-0.035209320992106455,0.16966423520426105,-0.3548674206582957,0.02516702266827773,0.16457537116730012
COAD,2,cellnorm,own,pseudobulk_cpm,cellfrac,1600,0.12175874302701582,0.6938088829609796,0,Mast,-0.048688680179808694,Endothelial,0.18144608117402505,-0.040109689173179454,,,,0.01453076594021726,,0.18144608117402505,-0.0879457572755539,-0.0725213008318648,-0.048688680179808694,-0.021893863500643655,0.07518244384680832
COAD,2,cellnorm,own,pseudobulk_cpm,fragfrac,1600,0.2169434697401662,0.16940349535224575,0,Mast,-0.32963730749384196,Mast,0.32963730749384196,-0.10295848309452647,,,,0.1182212123192163,,0.2198318532584226,-0.12245566932821245,0.018334043467939706,-0.32963730749384196,0.021763996028059607,0.1769003548429427
COAD,2,cellnorm,own,depth_matched,cellfrac,1600,0.07620408135923826,0.8039953206936296,0,Mast,0.05459941051716892,Fibroblast,0.09115484781448444,-0.010612611992891333,,,,0.0003498640520589351,,0.005995516080608202,0.0037402480712689316,-0.09115484781448444,0.05459941051716892,0.01157231172006346,0.025510109366207328
COAD,2,cellnorm,own,depth_matched,fragfrac,1600,0.14594798237492546,0.5386163839780808,0,Mast,-0.22634921679686448,Mast,0.22634921679686448,-0.07346140591423833,,,,0.10404031043105798,,0.04438128816500587,-0.030769663981389563,-0.0002995035146799123,-0.22634921679686448,0.055230171248766675,0.12722802036234182
COAD,2,cellnorm,own,cpm_mean,cellfrac,1600,0.06709191096519578,0.8315555770154809,0,Mast,0.0694515475181181,Mast,0.0694515475181181,-0.0027400646352998383,,,,-0.02625610949444149,,-0.016467597832272914,-0.0005112214839017403,-0.03678700405268161,0.0694515475181181,0.012273780502393201,0.0010366694780862779
COAD,2,cellnorm,own,cpm_mean,fragfrac,1600,0.13501203278397583,0.6017039923666315,0,Mast,-0.21149707979591528,Mast,0.21149707979591528,-0.06558885855664687,,,,0.0774343368845576,,0.021918174252124733,-0.03502113353656023,0.05406834024712292,-0.21149707979591528,0.055931640031096436,0.10275458047422074
LUAD,0,rawsum,common,raw_mean,cellfrac,1200,0.05718113102465427,0.9214141118781347,0,T_NK,-0.012714442498921612,Fibroblast,0.047155715592757136,-0.029789642532466694,,,,-0.009344107027043693,,-0.014234115351413234,0.0189265918170881,0.047155715592757136,,,-0.012714442498921612
LUAD,0,rawsum,common,raw_mean,fragfrac,1200,0.07559921578912981,0.8686694026535248,0,T_NK,-0.04053432148164836,Fibroblast,0.10806118791383987,-0.07307771399834498,,,,0.011471442579703091,,-0.010737703618167442,0.004817108604617816,0.10806118791383987,,,-0.04053432148164836
LUAD,0,rawsum,common,zscale_mean,cellfrac,1200,0.16648338637861612,0.09868501127532875,0,T_NK,0.16384454298525608,Fibroblast,0.16457999999999998,0.0671444487523755,,,,0.00613248692640478,,-0.022826849352025124,-0.049714629312011274,-0.16457999999999998,,,0.16384454298525608
LUAD,0,rawsum,common,zscale_mean,fragfrac,1200,0.15329308150391904,0.2958039797155864,0,T_NK,0.1360246640025294,T_NK,0.1360246640025294,0.02385637728649721,,,,0.02694803653315156,,-0.019330437618779336,-0.0638241125244816,-0.10367452767891729,,,0.1360246640025294
LUAD,0,rawsum,common,lognorm_mean,cellfrac,1200,0.09085204324936605,0.8002469043607363,0,T_NK,0.1165935607903223,T_NK,0.1165935607903223,0.01569476021833402,,,,-0.07707029591190839,,-0.03712855231385626,-0.07101631299997567,0.05292684021708409,,,0.1165935607903223
LUAD,0,rawsum,common,lognorm_mean,fragfrac,1200,0.08696063390884722,0.8251720335833407,0,T_NK,0.08877368180759553,Fibroblast,0.1138323125381668,-0.027593311247544255,,,,-0.056254746305161654,,-0.03363214058061047,-0.08512579621244604,0.1138323125381668,,,0.08877368180759553
LUAD,0,rawsum,common,lognorm_mean_expm1,cellfrac,1200,0.10765153374283891,0.7311791867624312,0,T_NK,0.08160958506236421,Fibroblast,0.15279050704039712,0.07629122645546309,,,,-0.007202051502533525,,-0.0373071289691428,0.039398875994246164,-0.15279050704039712,,,0.08160958506236421
LUAD,0,rawsum,common,lognorm_mean_expm1,fragfrac,1200,0.0740583034090434,0.877545014651216,0,T_NK,0.05378970607963749,Fibroblast,0.09188503471931439,0.03300315498958481,,,,0.013613498104213253,,-0.03381071723589699,0.025289392781775877,-0.09188503471931439,,,0.05378970607963749
LUAD,0,rawsum,common,pseudobulk_cpm,cellfrac,1200,0.060320095832855754,0.9163344247309664,0,T_NK,0.017268098793914704,Fibroblast,0.040228309471192006,0.020812154212935537,,,,-0.021487698840150938,,-0.01553466669571117,0.03917042200020386,-0.040228309471192006,,,0.017268098793914704
LUAD,0,rawsum,common,pseudobulk_cpm,fragfrac,1200,0.04197984298760743,0.9606956483239384,0,T_NK,-0.010551780188812053,Epithelial,0.02506093878773357,-0.022475917252942734,,,,-0.0006721492334041515,,-0.01203825496246537,0.02506093878773357,0.02067716284989074,,,-0.010551780188812053
LUAD,0,rawsum,common,depth_matched,cellfrac,1200,0.11002334420091608,0.7299543613193287,0,T_NK,0.13124218479806887,Fibroblast,0.14300796245779435,0.07170156135612862,,,,-0.05250901137902008,,-0.007592248681834516,0.0001654763644515058,-0.14300796245779435,,,0.13124218479806887
LUAD,0,rawsum,common,depth_matched,fragfrac,1200,0.07533171718624085,0.8778420004664189,0,T_NK,0.10342230581534208,T_NK,0.10342230581534208,0.028413489890250335,,,,-0.03169346177227329,,-0.00409583694858872,-0.013944006848018792,-0.08210249013671163,,,0.10342230581534208
LUAD,0,rawsum,common,cpm_mean,cellfrac,1200,0.12082560598454056,0.6776937031805766,0,T_NK,0.14177522315812954,Fibroblast,0.1555394062342516,0.08448727360807604,,,,-0.0578389894370952,,-0.003917910379296391,-0.0089661907155624,-0.1555394062342516,,,0.14177522315812954
LUAD,0,rawsum,common,cpm_mean,fragfrac,1200,0.0858943522821316,0.8429236118149647,0,T_NK,0.11395534417540273,T_NK,0.11395534417540273,0.04119920214219776,,,,-0.0370234398303484,,-0.0004214986460505933,-0.02307567392803269,-0.09463393391316892,,,0.11395534417540273
LUAD,0,rawsum,own,raw_mean,cellfrac,1184,0.050287315869820264,0.9424985512915166,0,T_NK,-0.0011028177200433753,Epithelial,0.026208408507919122,-0.025011104169962547,,,,-0.001118248603037992,,-0.00553091252297146,0.026208408507919122,0.0065546745080962455,,,-0.0011028177200433753
LUAD,0,rawsum,own,raw_mean,fragfrac,1184,0.06580732319158936,0.9037670168203618,0,T_NK,-0.02892269670277013,B_cell,0.06829917563584083,-0.06829917563584083,,,,0.0196973010037088,,-0.0020345007897256615,0.01209892529544884,0.06746014682917897,,,-0.02892269670277013
LUAD,0,rawsum,own,zscale_mean,cellfrac,1200,0.16669731960944906,0.07808206029682578,0,T_NK,0.14171330549310285,Fibroblast,0.16457999999999998,0.07432330490226251,,,,-0.002893463970966388,,0.02383611869586519,-0.0723992651202642,-0.16457999999999998,,,0.14171330549310285
LUAD,0,rawsum,own,zscale_mean,fragfrac,1200,0.1541683110398895,0.2753981575295884,0,T_NK,0.11389342651037612,T_NK,0.11389342651037612,0.031035233436384247,,,,0.017922085635780394,,0.027332530429110994,-0.08650874833273445,-0.10367452767891729,,,0.11389342651037612
LUAD,0,rawsum,own,lognorm_mean,cellfrac,1199,0.06207258771435005,0.9025872194440202,0,T_NK,0.054789758602928826,T_NK,0.054789758602928826,0.014244720233345649,,,,-0.0507014714471546,,-0.015854891704638628,-0.027522295675306226,0.025044179990825012,,,0.054789758602928826
LUAD,0,rawsum,own,lognorm_mean,fragfrac,1199,0.059523282286949385,0.9175418385299098,0,T_NK,0.026969879620202048,Fibroblast,0.08594965231190774,-0.029043351232532634,,,,-0.02988592184040784,,-0.012358479971392826,-0.04163177888777651,0.08594965231190774,,,0.026969879620202048
LUAD,0,rawsum,own,lognorm_mean_expm1,cellfrac,1200,0.07982647727703791,0.8411782909399098,0,T_NK,0.04023143745341739,Fibroblast,0.10151395803602263,0.05655229626265565,,,,0.003456494652942849,,-0.04324043009009526,0.044514159757102066,-0.10151395803602263,,,0.04023143745341739
LUAD,0,rawsum,own,lognorm_mean_expm1,fragfrac,1200,0.053900989824724785,0.932853977300985,0,T_NK,0.012411558470690613,Fibroblast,0.04060848571493992,0.013264224796777357,,,,0.02427204425968963,,-0.039744018356849466,0.03040467654463178,-0.04060848571493992,,,0.012411558470690613
LUAD,0,rawsum,own,pseudobulk_cpm,cellfrac,1200,0.06210254583533512,0.9138693981097866,0,T_NK,0.023104559910297875,Fibroblast,0.059812607794066795,0.0246478378800808,,,,-0.02064340211874065,,-0.011629970414379132,0.04433358253680788,-0.059812607794066795,,,0.023104559910297875
LUAD,0,rawsum,own,pseudobulk_cpm,fragfrac,1200,0.0391166187220276,0.966697596727602,0,T_NK,-0.004715319072428885,Epithelial,0.03022409932433761,-0.018640233585797458,,,,0.00017214748800612953,,-0.008133558681133336,0.03022409932433761,0.0010928645270159324,,,-0.004715319072428885
LUAD,0,rawsum,own,depth_matched,cellfrac,1200,0.10300539670572023,0.7559265455848415,0,T_NK,0.12381437123665005,Fibroblast,0.1312834834019979,0.06936131255951747,,,,-0.05292123291332225,,-0.00767157572569863,-0.0012993917551487593,-0.1312834834019979,,,0.12381437123665005
LUAD,0,rawsum,own,depth_matched,fragfrac,1200,0.06900081958774133,0.8944408934630854,0,T_NK,0.09599449225392336,T_NK,0.09599449225392336,0.026073241093639225,,,,-0.03210568330657547,,-0.004175163992452827,-0.015408874967619047,-0.07037801108091521,,,0.09599449225392336
LUAD,0,rawsum,own,cpm_mean,cellfrac,1200,0.12082560598454056,0.6776937031805766,0,T_NK,0.14177522315812954,Fibroblast,0.1555394062342516,0.08448727360807604,,,,-0.0578389894370952,,-0.003917910379296391,-0.0089661907155624,-0.1555394062342516,,,0.14177522315812954
LUAD,0,rawsum,own,cpm_mean,fragfrac,1200,0.0858943522821316,0.8429236118149647,0,T_NK,0.11395534417540273,T_NK,0.11395534417540273,0.04119920214219776,,,,-0.0370234398303484,,-0.0004214986460505933,-0.02307567392803269,-0.09463393391316892,,,0.11395534417540273
LUAD,0,cellnorm,common,raw_mean,cellfrac,1200,0.1694581297240935,0.5418957401133702,0,T_NK,-0.12707947845239986,Fibroblast,0.32905956584731233,-0.11389461173080734,,,,0.021609773891158986,,-0.05049695526005172,-0.0591982942952124,0.32905956584731233,,,-0.12707947845239986
LUAD,0,cellnorm,common,raw_mean,fragfrac,1200,0.2045814140472639,0.32704083672580114,0,T_NK,-0.15489935743512662,Fibroblast,0.38996503816839523,-0.15718268319668569,,,,0.04242532349790576,,-0.04700054352680594,-0.07330777750768266,0.38996503816839523,,,-0.15489935743512662
LUAD,0,cellnorm,common,zscale_mean,cellfrac,1200,0.1647032795320461,0.1072237169316143,0,T_NK,0.15638474538396385,Fibroblast,0.16457999999999998,0.064323657918384,,,,0.015814955461043355,,-0.02234808441887886,-0.04959527434451237,-0.16457999999999998,,,0.15638474538396385
LUAD,0,cellnorm,common,zscale_mean,fragfrac,1200,0.15241540183374067,0.29726957833237017,0,T_NK,0.12856486640123707,T_NK,0.12856486640123707,0.021035586452505754,,,,0.036630505067790156,,-0.018851672685633057,-0.06370475755698264,-0.10367452767891729,,,0.12856486640123707
LUAD,0,cellnorm,common,lognorm_mean,cellfrac,1200,0.14445180505010413,0.6416496545953001,0,T_NK,-0.048701737194061526,Fibroblast,0.30845694246602373,-0.07763699589733015,,,,-0.04739917907899944,,-0.04437422576316864,-0.09034480453246398,0.30845694246602373,,,-0.048701737194061526
LUAD,0,cellnorm,common,lognorm_mean,fragfrac,1200,0.17687379303775091,0.46009830100010535,0,T_NK,-0.0765216161767883,Fibroblast,0.3693624147871064,-0.12092506736320845,,,,-0.02658362947225265,,-0.040877814029922854,-0.10445428774493433,0.3693624147871064,,,-0.0765216161767883
LUAD,0,cellnorm,common,lognorm_mean_expm1,cellfrac,1200,0.059455168741013316,0.912721247403489,0,T_NK,-0.054465474122227645,Fibroblast,0.05871216136054028,-0.02674203486748745,,,,0.043449528104784696,,-0.04918408224344947,0.02822990176783964,0.05871216136054028,,,-0.054465474122227645
LUAD,0,cellnorm,common,lognorm_mean_expm1,fragfrac,1200,0.09144750681237104,0.8033348972573776,0,T_NK,-0.0822853531049544,Fibroblast,0.11961763368162293,-0.07003010633336573,,,,0.06426507771153149,,-0.045687670510203685,0.014120418555369356,0.11961763368162293,,,-0.0822853531049544
LUAD,0,cellnorm,common,pseudobulk_cpm,cellfrac,1200,0.1122061724535197,0.7657439327564974,0,T_NK,-0.11111554137033192,Fibroblast,0.18755021200638733,-0.07685984253066845,,,,0.041649862836576644,,-0.026678500821702148,-0.014546190120261355,0.18755021200638733,,,-0.11111554137033192
LUAD,0,cellnorm,common,pseudobulk_cpm,fragfrac,1200,0.1469528964784723,0.5956646180031744,0,T_NK,-0.13893542035305861,Fibroblast,0.24845568432746998,-0.12014791399654673,,,,0.06246541244332345,,-0.023182089088456367,-0.028655673332731637,0.24845568432746998,,,-0.13893542035305861
LUAD,0,cellnorm,common,depth_matched,cellfrac,1200,0.04828562821957633,0.9427856524659616,0,T_NK,-0.022170542822644808,Fibroblast,0.08072051385925656,-0.029389515521108883,,,,-0.007465074391801566,,-0.010489524714356355,-0.01120585640934493,0.08072051385925656,,,-0.022170542822644808
LUAD,0,cellnorm,common,depth_matched,fragfrac,1200,0.08289051607118085,0.8394759231141065,0,T_NK,-0.049990421805371554,Fibroblast,0.14162598618033923,-0.07267758698698717,,,,0.013350475214945217,,-0.006993112981110554,-0.02531533962181523,0.14162598618033923,,,-0.049990421805371554
LUAD,0,cellnorm,common,cpm_mean,cellfrac,1200,0.031765204447185995,0.9757722245121789,0,T_NK,0.0026032735875260488,Fibroblast,0.014233752501135375,-0.00617986374033574,,,,-0.0004460637564805582,,-0.005495026117090859,-0.004716072474754266,0.014233752501135375,,,0.0026032735875260488
LUAD,0,cellnorm,common,cpm_mean,fragfrac,1200,0.05626949331300336,0.9268594193428961,0,T_NK,-0.025216605395200712,Fibroblast,0.07513922482221809,-0.049467935206214016,,,,0.02036948585026623,,-0.00199861438384506,-0.01882555568722456,0.07513922482221809,,,-0.025216605395200712
LUAD,0,cellnorm,own,raw_mean,cellfrac,1184,0.10542339004126089,0.7884196057527912,0,T_NK,-0.08023669716959426,Fibroblast,0.17772592739410287,-0.07291091413746359,,,,0.038127312372726825,,-0.008069722213715816,-0.054635906246055944,0.17772592739410287,,,-0.08023669716959426
LUAD,0,cellnorm,own,raw_mean,fragfrac,1184,0.14381499475662063,0.6040075596653883,0,T_NK,-0.108056576152321,Fibroblast,0.23863139971518563,-0.11619898560334191,,,,0.05894286197947362,,-0.004573310480470017,-0.06874538945852626,0.23863139971518563,,,-0.108056576152321
LUAD,0,cellnorm,own,zscale_mean,cellfrac,1200,0.1663868338183035,0.07351238161302427,0,T_NK,0.13772346877903796,Fibroblast,0.16457999999999998,0.07068876360278047,,,,0.0046535499853315645,,0.025691053230574253,-0.07417683559772419,-0.16457999999999998,,,0.13772346877903796
LUAD,0,cellnorm,own,zscale_mean,fragfrac,1200,0.154794009837427,0.2634468515855276,0,T_NK,0.10990358979631115,T_NK,0.10990358979631115,0.027400692136902216,,,,0.02546909959207836,,0.029187464963820058,-0.08828631881019446,-0.10367452767891729,,,0.10990358979631115
LUAD,0,cellnorm,own,lognorm_mean,cellfrac,1199,0.1166469427989424,0.7438677644830117,0,T_NK,-0.07532901193387984,Fibroblast,0.24356092487302722,-0.0712601529450724,,,,-0.014717268295874598,,-0.02932994966048076,-0.052924542037719506,0.24356092487302722,,,-0.07532901193387984
LUAD,0,cellnorm,own,lognorm_mean,fragfrac,1199,0.152209147772335,0.5634923059969269,0,T_NK,-0.10314889091660664,Fibroblast,0.30446639719410984,-0.11454822441095068,,,,0.006098281310872197,,-0.025833537927234963,-0.06703402525018977,0.30446639719410984,,,-0.10314889091660664
LUAD,0,cellnorm,own,lognorm_mean_expm1,cellfrac,1200,0.055140652326436064,0.9257104850603152,0,T_NK,-0.05259838415145374,Fibroblast,0.0628014447928029,-0.020414653264725503,,,,0.04571423427998583,,-0.04858958856766669,0.013086946911057155,0.0628014447928029,,,-0.05259838415145374
LUAD,0,cellnorm,own,lognorm_mean_expm1,fragfrac,1200,0.08996840187135373,0.811378217192812,0,T_NK,-0.08041826313418049,Fibroblast,0.12370691711388564,-0.06370272473060376,,,,0.06652978388673261,,-0.04509317683442088,-0.0010225363014131272,0.12370691711388564,,,-0.08041826313418049
LUAD,0,cellnorm,own,pseudobulk_cpm,cellfrac,1200,0.05909214817406814,0.9294337026078088,0,T_NK,-0.05794411337952621,Fibroblast,0.059355710258901434,-0.021358676223942698,,,,0.038713167378223945,,0.0020007236625442346,-0.02076681169620071,0.059355710258901434,,,-0.05794411337952621
LUAD,0,cellnorm,own,pseudobulk_cpm,fragfrac,1200,0.09147383123062362,0.826903326372081,0,T_NK,-0.08576399236225297,Fibroblast,0.12026118257998424,-0.064646747689821,,,,0.05952871698497076,,0.005497135395790033,-0.034876294908671,0.12026118257998424,,,-0.08576399236225297
LUAD,0,cellnorm,own,depth_matched,cellfrac,1200,0.041076893092215155,0.9589040643431674,0,T_NK,-0.01827096710899212,Fibroblast,0.06683882319184277,-0.0260993984902632,,,,-0.005996427757715162,,-0.009184489322196282,-0.007287540512676005,0.06683882319184277,,,-0.01827096710899212
LUAD,0,cellnorm,own,depth_matched,fragfrac,1200,0.07743373761419442,0.8608947896504087,0,T_NK,-0.04609084609171887,Fibroblast,0.12774429551292552,-0.06938746995614148,,,,0.01481912184903162,,-0.0056880775889504845,-0.02139702372514629,0.12774429551292552,,,-0.04609084609171887
LUAD,0,cellnorm,own,cpm_mean,cellfrac,1200,0.031765204447185995,0.9757722245121789,0,T_NK,0.0026032735875260488,Fibroblast,0.014233752501135375,-0.00617986374033574,,,,-0.0004460637564805582,,-0.005495026117090859,-0.004716072474754266,0.014233752501135375,,,0.0026032735875260488
LUAD,0,cellnorm,own,cpm_mean,fragfrac,1200,0.05626949331300336,0.9268594193428961,0,T_NK,-0.025216605395200712,Fibroblast,0.07513922482221809,-0.049467935206214016,,,,0.02036948585026623,,-0.00199861438384506,-0.01882555568722456,0.07513922482221809,,,-0.025216605395200712
LUAD,1,rawsum,common,raw_mean,cellfrac,1200,0.041554778274058526,0.9619309078121961,0,T_NK,0.00040795916604659005,Macrophage,0.013105257419996208,0.002961743611427108,,,,-0.013105257419996208,,0.007571684142388139,0.006146965265417046,-0.003983094765282688,,,0.00040795916604659005
LUAD,1,rawsum,common,raw_mean,fragfrac,1200,0.0583729821162386,0.9285226951933753,0,T_NK,-0.02655720195206071,Fibroblast,0.062103728644946274,-0.04929528690039861,,,,0.011924479297211368,,0.011036055854293146,-0.009211774943991466,0.062103728644946274,,,-0.02655720195206071
LUAD,1,rawsum,common,zscale_mean,cellfrac,1200,0.16936897250520025,0.13705166305488586,0,T_NK,0.1551215627238378,Fibroblast,0.16348000000000001,0.08184384667305865,,,,-0.001590301231234165,,-0.03305247928268677,-0.038842628882975516,-0.16348000000000001,,,0.1551215627238378
LUAD,1,rawsum,common,zscale_mean,fragfrac,1200,0.15494685628633387,0.3404870453235794,0,T_NK,0.1281564016057305,T_NK,0.1281564016057305,0.02958681616123295,,,,0.0234394354859734,,-0.029588107570781758,-0.05420136909238404,-0.09739317658977104,,,0.1281564016057305
LUAD,1,rawsum,common,lognorm_mean,cellfrac,1200,0.10240111440635093,0.7919946916876248,0,T_NK,0.15986184975468715,T_NK,0.15986184975468715,0.04907321731847047,,,,-0.08507696025239651,,-0.01860033898583857,-0.06050060430016388,-0.04475716353475871,,,0.15986184975468715
LUAD,1,rawsum,common,lognorm_mean,fragfrac,1200,0.0809424434269205,0.8741353810318446,0,T_NK,0.1328966886365799,T_NK,0.1328966886365799,-0.003183813193355256,,,,-0.06004722353518895,,-0.015135967273933565,-0.07585934450957238,0.021329659875470242,,,0.1328966886365799
LUAD,1,rawsum,common,lognorm_mean_expm1,cellfrac,1200,0.09801809401126305,0.7847592199839382,0,T_NK,0.05745920714132624,Fibroblast,0.13316186271459857,0.08659637522972818,,,,-0.014204368878453555,,-0.04025410840920413,0.04356475763120184,-0.13316186271459857,,,0.05745920714132624
LUAD,1,rawsum,common,lognorm_mean_expm1,fragfrac,1200,0.06335256245536897,0.9150377820530794,0,T_NK,0.030494046023218927,Fibroblast,0.06707503930436964,0.03433934471790247,,,,0.010825367838754011,,-0.03678973669729912,0.028206017421793343,-0.06707503930436964,,,0.030494046023218927
LUAD,1,rawsum,common,pseudobulk_cpm,cellfrac,1200,0.06407522854761026,0.9142035230249675,0,T_NK,0.02866358786225391,Fibroblast,0.07168549603967656,0.047856068670874344,,,,-0.0330286310515968,,0.005864117146814161,0.022330353411330967,-0.07168549603967656,,,0.02866358786225391
LUAD,1,rawsum,common,pseudobulk_cpm,fragfrac,1200,0.0348028580089915,0.9754247025575797,0,T_NK,0.0016984267441466055,Endothelial,0.009328488858719158,-0.004400961840951376,,,,-0.007998894334389238,,0.009328488858719158,0.006971613201922444,-0.005598672629447613,,,0.0016984267441466055
LUAD,1,rawsum,common,depth_matched,cellfrac,1200,0.11485763572091477,0.7330002808083805,0,T_NK,0.12091361781692755,Fibroblast,0.14653496471870706,0.09168765661549143,,,,-0.07393748890934806,,0.009450773673198201,-0.0015795944775620393,-0.14653496471870706,,,0.12091361781692755
LUAD,1,rawsum,common,depth_matched,fragfrac,1200,0.07557022991347981,0.8886257658249319,0,T_NK,0.09394845669882022,T_NK,0.09394845669882022,0.0394306261036657,,,,-0.048907752192140566,,0.012915145385103202,-0.016938334686970556,-0.08044814130847808,,,0.09394845669882022
LUAD,1,rawsum,common,cpm_mean,cellfrac,1200,0.12385979185343633,0.6924410726019975,0,T_NK,0.13259451096077765,Fibroblast,0.15622703980291744,0.10210554728922146,,,,-0.07524915967563796,,0.003644464133975151,-0.006868322905418799,-0.15622703980291744,,,0.13259451096077765
LUAD,1,rawsum,common,cpm_mean,fragfrac,1200,0.08440786666215214,0.862457153158873,0,T_NK,0.10562934984267028,T_NK,0.10562934984267028,0.04984851677739576,,,,-0.05021942295843038,,0.0071088358458801515,-0.022227063114827326,-0.0901402163926885,,,0.10562934984267028
LUAD,1,rawsum,own,raw_mean,cellfrac,1194,0.047424289561335695,0.9507474890524359,0,T_NK,-0.0019355904313730014,Epithelial,0.008815151203169128,-0.001360767729485035,,,,-0.008564164701567888,,0.003941642164631529,0.008815151203169128,-0.000896270505374756,,,-0.0019355904313730014
LUAD,1,rawsum,own,raw_mean,fragfrac,1194,0.06334172470590814,0.9160335775390911,0,T_NK,-0.02890075154948029,Fibroblast,0.06519055290485422,-0.05361779824131075,,,,0.016465572015639682,,0.00740601387653653,-0.00654358900623939,0.06519055290485422,,,-0.02890075154948029
LUAD,1,rawsum,own,zscale_mean,cellfrac,1200,0.16929866534852175,0.10417144975598981,0,T_NK,0.1325720754094591,Fibroblast,0.16348000000000001,0.07684791247385642,,,,0.00416240700003472,,0.0073099705839270715,-0.05741236546727739,-0.16348000000000001,,,0.1325720754094591
LUAD,1,rawsum,own,zscale_mean,fragfrac,1200,0.15654255178821125,0.30508642774064904,0,T_NK,0.10560691429135188,T_NK,0.10560691429135188,0.024590881962030724,,,,0.029192143717242283,,0.010774342295832066,-0.07277110567668593,-0.09739317658977104,,,0.10560691429135188
LUAD,1,rawsum,own,lognorm_mean,cellfrac,1200,0.07774582172329637,0.8744550051750929,0,T_NK,0.09065712767594811,T_NK,0.09065712767594811,0.04878419745769794,,,,-0.060236117258027445,,0.0027078718806834846,-0.006581696174748653,-0.0753313835815534,,,0.09065712767594811
LUAD,1,rawsum,own,lognorm_mean,fragfrac,1200,0.04822124496379622,0.9532262691232903,0,T_NK,0.06369196655784076,T_NK,0.06369196655784076,-0.0034728330541278106,,,,-0.035206380540819884,,0.006172243592588485,-0.02194043638415718,-0.009244560171324419,,,0.06369196655784076
LUAD,1,rawsum,own,lognorm_mean_expm1,cellfrac,1200,0.08824239862865309,0.821189912329323,0,T_NK,0.040135952629949484,Fibroblast,0.11443954280558151,0.07665347120506043,,,,-0.005394372238423241,,-0.040640166753293884,0.04368465796228883,-0.11443954280558151,,,0.040135952629949484
LUAD,1,rawsum,own,lognorm_mean_expm1,fragfrac,1200,0.057727297169493444,0.9293982731427082,0,T_NK,0.013170791511842181,Fibroblast,0.04835271939535263,0.02439644069323466,,,,0.019635364478784324,,-0.03717579504138889,0.028325917752880313,-0.04835271939535263,,,0.013170791511842181
LUAD,1,rawsum,own,pseudobulk_cpm,cellfrac,1200,0.06292102114857823,0.9171653925668583,0,T_NK,0.0271945575639658,Fibroblast,0.06882834104744599,0.04526594499525848,,,,-0.026877668403451405,,-0.0017528105878145872,0.024998317479487754,-0.06882834104744599,,,0.0271945575639658
LUAD,1,rawsum,own,pseudobulk_cpm,fragfrac,1200,0.034187045044801495,0.9762550494262169,0,T_NK,0.00022939644585850385,Epithelial,0.009639577270079233,-0.0069910855165672605,,,,-0.001847931686243835,,0.0017115611240904132,0.009639577270079233,-0.002741517637217047,,,0.00022939644585850385
LUAD,1,rawsum,own,depth_matched,cellfrac,1200,0.10513406102992638,0.7666215531699903,0,T_NK,0.10620501587078386,Fibroblast,0.1342810902656724,0.08134784376329858,,,,-0.0731677837723698,,0.010483065149526913,0.009412949254432826,-0.1342810902656724,,,0.10620501587078386
LUAD,1,rawsum,own,depth_matched,fragfrac,1200,0.06702238808120074,0.9086821702724271,0,T_NK,0.07923985475267659,T_NK,0.07923985475267659,0.02909081325147289,,,,-0.04813804705516223,,0.013947436861431907,-0.005945790954975693,-0.06819426685544344,,,0.07923985475267659
LUAD,1,rawsum,own,cpm_mean,cellfrac,1200,0.12385979185343633,0.6924410726019975,0,T_NK,0.13259451096077765,Fibroblast,0.15622703980291744,0.10210554728922146,,,,-0.07524915967563796,,0.003644464133975151,-0.006868322905418799,-0.15622703980291744,,,0.13259451096077765
LUAD,1,rawsum,own,cpm_mean,fragfrac,1200,0.08440786666215214,0.862457153158873,0,T_NK,0.10562934984267028,T_NK,0.10562934984267028,0.04984851677739576,,,,-0.05021942295843038,,0.0071088358458801515,-0.022227063114827326,-0.0901402163926885,,,0.10562934984267028
LUAD,1,cellnorm,common,raw_mean,cellfrac,1200,0.14249945101217124,0.6842951130592934,0,T_NK,-0.1178148466432108,Fibroblast,0.2554696957463048,-0.0975445045865806,,,,0.03420994135925498,,-0.026877065603171553,-0.04744322027259691,0.2554696957463048,,,-0.1178148466432108
LUAD,1,cellnorm,common,raw_mean,fragfrac,1200,0.18538826544124448,0.45694910085133955,0,T_NK,-0.14478000776131816,Fibroblast,0.3215565191565339,-0.14980153509840627,,,,0.059239678076462556,,-0.023412693891266535,-0.06280196048200545,0.3215565191565339,,,-0.14478000776131816
LUAD,1,cellnorm,common,zscale_mean,cellfrac,1200,0.16700432892319442,0.15117598394922954,0,T_NK,0.14732745062750235,Fibroblast,0.16348000000000001,0.07739771566064019,,,,0.010671026642057041,,-0.03421401895320471,-0.037702173976994824,-0.16348000000000001,,,0.14732745062750235
LUAD,1,cellnorm,common,zscale_mean,fragfrac,1200,0.15380393111442286,0.344706127997568,0,T_NK,0.12036228950939508,T_NK,0.12036228950939508,0.025140685148814446,,,,0.035700763359264615,,-0.03074964724129969,-0.05306091418640335,-0.09739317658977104,,,0.12036228950939508
LUAD,1,cellnorm,common,lognorm_mean,cellfrac,1200,0.09968478865429677,0.8213872788287248,0,T_NK,-0.00924363362363293,Fibroblast,0.2053949380901645,-0.062198003465700855,,,,-0.04024210675806573,,-0.02578430965025537,-0.06792688459250967,0.2053949380901645,,,-0.00924363362363293
LUAD,1,cellnorm,common,lognorm_mean,fragfrac,1200,0.13807161973546483,0.6564432548184208,0,T_NK,-0.036208794741740234,Fibroblast,0.2714817615003934,-0.11445503397752656,,,,-0.015212370040858172,,-0.022319937938350368,-0.08328562480191819,0.2714817615003934,,,-0.036208794741740234
LUAD,1,cellnorm,common,lognorm_mean_expm1,cellfrac,1200,0.07269937726967693,0.8843524873947138,0,T_NK,-0.07416181744095461,Fibroblast,0.10446084113260104,-0.033548110723819476,,,,0.03729258496272056,,-0.05361105664144165,0.019567558710894165,0.10446084113260104,,,-0.07416181744095461
LUAD,1,cellnorm,common,lognorm_mean_expm1,fragfrac,1200,0.1129171452218282,0.7327125415586645,0,T_NK,-0.10112697855906189,Fibroblast,0.17054766454283005,-0.08580514123564521,,,,0.06232232167992811,,-0.050146684929536646,0.004208818501485655,0.17054766454283005,,,-0.10112697855906189
LUAD,1,cellnorm,common,pseudobulk_cpm,cellfrac,1200,0.08969013148464001,0.8630332580058503,0,T_NK,-0.09531017270625183,Fibroblast,0.1284565840096915,-0.06226309377996509,,,,0.03846664859473516,,-0.0003597943584025498,-0.008990171759807148,0.1284565840096915,,,-0.09531017270625183
LUAD,1,cellnorm,common,pseudobulk_cpm,fragfrac,1200,0.13132473900454703,0.6972420005316685,0,T_NK,-0.12227533382435914,Fibroblast,0.1945434074199206,-0.1145201242917908,,,,0.06349638531194272,,0.0031045773535024507,-0.024348911969215653,0.1945434074199206,,,-0.12227533382435914
LUAD,1,cellnorm,common,depth_matched,cellfrac,1200,0.03711925409547544,0.9699178133731784,0,T_NK,-0.02016734672250596,Fibroblast,0.049432369373011265,-0.021043010489697124,,,,-0.010836170517600479,,0.0035743722491741545,-0.0009602138923818672,0.049432369373011265,,,-0.02016734672250596
LUAD,1,cellnorm,common,depth_matched,fragfrac,1200,0.07818666378640785,0.8719692388770014,0,T_NK,-0.047132507840613264,Fibroblast,0.1155191927832402,-0.07330004100152285,,,,0.01419356619960709,,0.007038743961079154,-0.016318954101790385,0.1155191927832402,,,-0.047132507840613264
LUAD,1,cellnorm,common,cpm_mean,cellfrac,1200,0.026561419274115698,0.9841713101714928,0,T_NK,0.0030952692586431723,Fibroblast,0.008110258870317459,-0.0008418213730012746,,,,-0.0031116107578922554,,0.003466442793400597,0.00550197894916722,-0.008110258870317459,,,0.0030952692586431723
LUAD,1,cellnorm,common,cpm_mean,fragfrac,1200,0.05441964749611901,0.9375218415438277,0,T_NK,-0.02386989185946412,Fibroblast,0.057976564539911485,-0.053098851884827,,,,0.021918125959315318,,0.006930814505305599,-0.009856761260241296,0.057976564539911485,,,-0.02386989185946412
LUAD,1,cellnorm,own,raw_mean,cellfrac,1194,0.10809428726060916,0.8001696721255942,0,T_NK,-0.08647447363171475,Fibroblast,0.16974429139390732,-0.060890692020869615,,,,0.0484969513150064,,-0.01785697630386449,-0.05301910075246483,0.16974429139390732,,,-0.08647447363171475
LUAD,1,cellnorm,own,raw_mean,fragfrac,1194,0.15086047353190016,0.6055568432761567,0,T_NK,-0.11343963474982204,Fibroblast,0.23583111480413624,-0.11314772253269531,,,,0.07352668803221399,,-0.014392604591959483,-0.06837784096187335,0.23583111480413624,,,-0.11343963474982204
LUAD,1,cellnorm,own,zscale_mean,cellfrac,1200,0.16875369930829262,0.10265445233350201,0,T_NK,0.12855930095777188,Fibroblast,0.16348000000000001,0.07314457885128067,,,,0.012335886972598426,,0.007256183507796474,-0.05781595028944749,-0.16348000000000001,,,0.12855930095777188
LUAD,1,cellnorm,own,zscale_mean,fragfrac,1200,0.15700674146357246,0.2955745772003094,0,T_NK,0.10159413983966464,T_NK,0.10159413983966464,0.02088754833945493,,,,0.037365623689806,,0.010720555219701482,-0.07317469049885603,-0.09739317658977104,,,0.10159413983966464
LUAD,1,cellnorm,own,lognorm_mean,cellfrac,1200,0.050019632806830805,0.9592884317609309,0,T_NK,-0.012940745117154755,Fibroblast,0.07696048431769992,-0.03536898844958586,,,,-0.0064093468160822675,,-0.004279163714538199,-0.017962240220338814,0.07696048431769992,,,-0.012940745117154755
LUAD,1,cellnorm,own,lognorm_mean,fragfrac,1200,0.09283797661965826,0.8420069855842129,0,T_NK,-0.039905906235262044,Fibroblast,0.1430473077279288,-0.08762601896141163,,,,0.018620389901125294,,-0.0008147920026331996,-0.033320980429747335,0.1430473077279288,,,-0.039905906235262044
LUAD,1,cellnorm,own,lognorm_mean_expm1,cellfrac,1200,0.05488591105281425,0.9330873710730133,0,T_NK,-0.05155881755799041,Fibroblast,0.05731424475564939,-0.01825509203768391,,,,0.04001282349167364,,-0.049106824032934704,0.021593665381286,0.05731424475564939,,,-0.05155881755799041
LUAD,1,cellnorm,own,lognorm_mean_expm1,fragfrac,1200,0.09388553138658409,0.8132033475949837,0,T_NK,-0.07852397867609769,Fibroblast,0.12340106816587831,-0.07051212254950963,,,,0.06504256020888119,,-0.04564245232102971,0.0062349251718774815,0.12340106816587831,,,-0.07852397867609769
LUAD,1,cellnorm,own,pseudobulk_cpm,cellfrac,1200,0.06008815745655806,0.9392761122014361,0,T_NK,-0.05343615922814096,T_NK,0.05343615922814096,-0.016194066405504026,,,,0.029526483325949135,,0.010602126389915905,-0.02351614649256635,0.053017762410346336,,,-0.05343615922814096
LUAD,1,cellnorm,own,pseudobulk_cpm,fragfrac,1200,0.09762266150080108,0.8271404276781006,0,T_NK,-0.08040132034624829,Fibroblast,0.11910458582057522,-0.06845109691732977,,,,0.05455622004315673,,0.014066498101820916,-0.03887488670197488,0.11910458582057522,,,-0.08040132034624829
LUAD,1,cellnorm,own,depth_matched,cellfrac,1200,0.03620740818588882,0.9716273204511636,0,T_NK,-0.015455149338734882,Fibroblast,0.04469014008205786,-0.020656652107143642,,,,-0.012944420605742173,,0.003550312957028544,0.0008157690125342515,0.04469014008205786,,,-0.015455149338734882
LUAD,1,cellnorm,own,depth_matched,fragfrac,1200,0.07683437391482781,0.8768896246075839,0,T_NK,-0.0424203104568422,Fibroblast,0.11077696349228688,-0.07291368261896936,,,,0.012085316111465398,,0.007014684668933548,-0.014542971196874262,0.11077696349228688,,,-0.0424203104568422
LUAD,1,cellnorm,own,cpm_mean,cellfrac,1200,0.026561419274115698,0.9841713101714928,0,T_NK,0.0030952692586431723,Fibroblast,0.008110258870317459,-0.0008418213730012746,,,,-0.0031116107578922554,,0.003466442793400597,0.00550197894916722,-0.008110258870317459,,,0.0030952692586431723
LUAD,1,cellnorm,own,cpm_mean,fragfrac,1200,0.05441964749611901,0.9375218415438277,0,T_NK,-0.02386989185946412,Fibroblast,0.057976564539911485,-0.053098851884827,,,,0.021918125959315318,,0.006930814505305599,-0.009856761260241296,0.057976564539911485,,,-0.02386989185946412
LUAD,2,rawsum,common,raw_mean,cellfrac,1200,0.0395430903063721,0.9593348127660619,0,T_NK,-0.0024781505395910326,Macrophage,0.00775529807515944,-0.007132505318421312,,,,-0.00775529807515944,,0.004377678327053736,0.007365300399160667,0.005622975206957371,,,-0.0024781505395910326
LUAD,2,rawsum,common,raw_mean,fragfrac,1200,0.0638773878260031,0.8956658701339242,0,T_NK,-0.03287174692378467,Fibroblast,0.0848152680182583,-0.05639434302806924,,,,0.013594555660975356,,0.0006253778502390107,-0.009769111577618738,0.0848152680182583,,,-0.03287174692378467
LUAD,2,rawsum,common,zscale_mean,cellfrac,1200,0.16791679755591019,0.060874635648632644,0,T_NK,0.16405540264152485,Fibroblast,0.19453999999999994,0.07965760242446325,,,,-0.0021912204770670233,,-0.04142074001039744,-0.005561044578523712,-0.19453999999999994,,,0.16405540264152485
LUAD,2,rawsum,common,zscale_mean,fragfrac,1200,0.14677518913791857,0.3091189290965464,0,T_NK,0.1336618062573313,T_NK,0.1336618062573313,0.03039576471481534,,,,0.01915863325906777,,-0.04517304048721213,-0.02269545655530312,-0.11534770718869906,,,0.1336618062573313
LUAD,2,rawsum,common,lognorm_mean,cellfrac,1200,0.09826333492042899,0.7681886138803258,0,T_NK,0.160933829231713,T_NK,0.160933829231713,0.037243366373068645,,,,-0.08640297259371588,,-0.01702715679697819,-0.04317053317941119,-0.05157653303467641,,,0.160933829231713
LUAD,2,rawsum,common,lognorm_mean,fragfrac,1200,0.07738114363716943,0.858451134820544,0,T_NK,0.1305402328475195,T_NK,0.1305402328475195,-0.012018471336579305,,,,-0.06505311885758111,,-0.020779457273792917,-0.06030494515619062,0.027615759776624497,,,0.1305402328475195
LUAD,2,rawsum,common,lognorm_mean_expm1,cellfrac,1200,0.10345279151075369,0.7120406329944041,0,T_NK,0.06983695290339574,Fibroblast,0.15340161124012053,0.08168781603539138,,,,-0.012228054648862475,,-0.038713750901099006,0.052818647851294864,-0.15340161124012053,,,0.06983695290339574
LUAD,2,rawsum,common,lognorm_mean_expm1,fragfrac,1200,0.06486266421552558,0.8896800924137479,0,T_NK,0.03944335651920214,Fibroblast,0.07420931842881957,0.03242597832574342,,,,0.00912179908727232,,-0.042466051377913726,0.035684235874515434,-0.07420931842881957,,,0.03944335651920214
LUAD,2,rawsum,common,pseudobulk_cpm,cellfrac,1200,0.06334351112392242,0.8967784631757293,0,T_NK,0.028608556829907657,Fibroblast,0.0760313212425852,0.04701150221952072,,,,-0.023546425182165143,,0.0016695854647500522,0.022288101910571893,-0.0760313212425852,,,0.028608556829907657
LUAD,2,rawsum,common,pseudobulk_cpm,fragfrac,1200,0.03300078072844196,0.9724228566920924,0,T_NK,-0.0017850395542859552,Epithelial,0.0051536899337924855,-0.00225033549012723,,,,-0.002196571446030342,,-0.002082715012064671,0.0051536899337924855,0.0031609715687157115,,,-0.0017850395542859552
LUAD,2,rawsum,common,depth_matched,cellfrac,1200,0.11797991810785079,0.658332324103076,0,T_NK,0.13011332956970034,Fibroblast,0.16366645121725168,0.08301395913323953,,,,-0.07346140084283485,,0.006422285691532494,0.017578277665614244,-0.16366645121725168,,,0.13011332956970034
LUAD,2,rawsum,common,depth_matched,fragfrac,1200,0.07552860751170633,0.8622830514552148,0,T_NK,0.09971973318550661,T_NK,0.09971973318550661,0.033752121423591575,,,,-0.0521115471067001,,0.002669985214717773,0.00044386568883483953,-0.08447415840595075,,,0.09971973318550661
LUAD,2,rawsum,common,cpm_mean,cellfrac,1200,0.1318049554990864,0.5877649658502273,0,T_NK,0.14787937291203088,Fibroblast,0.18286242211350456,0.09727542639431475,,,,-0.07496435666620564,,0.0029835436169448827,0.009688435856419628,-0.18286242211350456,,,0.14787937291203088
LUAD,2,rawsum,common,cpm_mean,fragfrac,1200,0.08879424091879055,0.8165417548528325,0,T_NK,0.11748577652783732,T_NK,0.11748577652783732,0.04801358868466681,,,,-0.05361450293007087,,-0.0007687568598698428,-0.007445976120359772,-0.10367012930220357,,,0.11748577652783732
LUAD,2,rawsum,own,raw_mean,cellfrac,1188,0.045384190206703486,0.9467820009253602,0,T_NK,-0.005280435120569265,Epithelial,0.010906247837642912,-0.006767906705425235,,,,-0.0048494616702370996,,0.0025523082517429725,0.010906247837642912,0.0034392474068457215,,,-0.005280435120569265
LUAD,2,rawsum,own,raw_mean,fragfrac,1188,0.06569151358861997,0.8902515843044804,0,T_NK,-0.03567403150476287,Fibroblast,0.08263154021814666,-0.05602974441507321,,,,0.016500392065897686,,-0.001199992225071752,-0.006228164139136492,0.08263154021814666,,,-0.03567403150476287
LUAD,2,rawsum,own,zscale_mean,cellfrac,1200,0.16591584788267538,0.03662925583988449,0,T_NK,0.13537660792937836,Fibroblast,0.19453999999999994,0.08470017459007456,,,,-0.00941997724020189,,0.009416913169795128,-0.025533718449046183,-0.19453999999999994,,,0.13537660792937836
LUAD,2,rawsum,own,zscale_mean,fragfrac,1200,0.14526020267012163,0.29555414300608995,0,T_NK,0.10498301154518472,Fibroblast,0.11534770718869906,0.03543833688042665,,,,0.011929876495932901,,0.005664612692980402,-0.04266813042582559,-0.11534770718869906,,,0.10498301154518472
LUAD,2,rawsum,own,lognorm_mean,cellfrac,1199,0.06507470854332115,0.8862794477968681,0,T_NK,0.07353848836013567,T_NK,0.07353848836013567,0.026192221358917543,,,,-0.06178928559105807,,-0.005698148661389929,-0.005898647430072822,-0.02634462803653241,,,0.07353848836013567
LUAD,2,rawsum,own,lognorm_mean,fragfrac,1199,0.05047214391613539,0.9337107425698006,0,T_NK,0.04314489197594204,Fibroblast,0.0528476647747685,-0.023069616350730397,,,,-0.0404394318549233,,-0.009450449138204649,-0.023033059406852234,0.0528476647747685,,,0.04314489197594204
LUAD,2,rawsum,own,lognorm_mean_expm1,cellfrac,1200,0.09010698712364801,0.7758066466040675,0,T_NK,0.05093631757906502,Fibroblast,0.12638720008603627,0.07343856583643099,,,,-0.007105415202073296,,-0.04095341310437844,0.05007114497699201,-0.12638720008603627,,,0.05093631757906502
LUAD,2,rawsum,own,lognorm_mean_expm1,fragfrac,1200,0.056686293515765394,0.9154807009367842,0,T_NK,0.020542721194871407,Fibroblast,0.04719490727473538,0.024176728126783044,,,,0.014244438534061493,,-0.044705713581193185,0.03293673300021262,-0.04719490727473538,,,0.020542721194871407
LUAD,2,rawsum,own,pseudobulk_cpm,cellfrac,1200,0.06623206074414006,0.8875594968857046,0,T_NK,0.02996401584879387,Fibroblast,0.07905386322137382,0.04904361283518414,,,,-0.025360044973536472,,0.0034472941479360203,0.02195898536299623,-0.07905386322137382,,,0.02996401584879387
LUAD,2,rawsum,own,pseudobulk_cpm,fragfrac,1200,0.035272752545779655,0.9685837780959615,0,T_NK,-0.0004295805353997444,Epithelial,0.004824573386216811,-0.00021822487446379482,,,,-0.004010191237401668,,-0.00030500632887870446,0.004824573386216811,0.00013842958992710272,,,-0.0004295805353997444
LUAD,2,rawsum,own,depth_matched,cellfrac,1200,0.11164378501062672,0.6854397827868033,0,T_NK,0.12162851952574155,Fibroblast,0.1560581408997223,0.0780824315692936,,,,-0.06689433908833174,,0.00839647925045918,0.014845049642559673,-0.1560581408997223,,,0.12162851952574155
LUAD,2,rawsum,own,depth_matched,fragfrac,1200,0.06995589979848267,0.878340659404793,0,T_NK,0.09123492314154796,T_NK,0.09123492314154796,0.028820593859645686,,,,-0.045544485352196976,,0.0046441787736444555,-0.00228936233421973,-0.0768658480884214,,,0.09123492314154796
LUAD,2,rawsum,own,cpm_mean,cellfrac,1200,0.1318049554990864,0.5877649658502273,0,T_NK,0.14787937291203088,Fibroblast,0.18286242211350456,0.09727542639431475,,,,-0.07496435666620564,,0.0029835436169448827,0.009688435856419628,-0.18286242211350456,,,0.14787937291203088
LUAD,2,rawsum,own,cpm_mean,fragfrac,1200,0.08879424091879055,0.8165417548528325,0,T_NK,0.11748577652783732,T_NK,0.11748577652783732,0.04801358868466681,,,,-0.05361450293007087,,-0.0007687568598698428,-0.007445976120359772,-0.10367012930220357,,,0.11748577652783732
LUAD,2,cellnorm,common,raw_mean,cellfrac,1200,0.14736429800551012,0.6772287418650107,0,T_NK,-0.12747245711763264,Fibroblast,0.27173933668425465,-0.10195202457680402,,,,0.03374455137802401,,-0.025956556908012164,-0.05010284945982981,0.27173933668425465,,,-0.12747245711763264
LUAD,2,cellnorm,common,raw_mean,fragfrac,1200,0.19301921576978218,0.40212286867411295,0,T_NK,-0.1578660535018262,Fibroblast,0.3509316294955555,-0.15121386228645195,,,,0.055094405114158806,,-0.029708857384826898,-0.06723726143660921,0.3509316294955555,,,-0.1578660535018262
LUAD,2,cellnorm,common,zscale_mean,cellfrac,1200,0.1654116402656118,0.07703954366148848,0,T_NK,0.15619014780136842,Fibroblast,0.19453999999999994,0.07553356821644196,,,,0.009692537628195086,,-0.04132061246924265,-0.0055556411767628665,-0.19453999999999994,,,0.15619014780136842
LUAD,2,cellnorm,common,zscale_mean,fragfrac,1200,0.1453485098384742,0.3153657361993529,0,T_NK,0.12579655141717475,T_NK,0.12579655141717475,0.026271730506794048,,,,0.031042391364329867,,-0.04507291294605738,-0.022690053153542264,-0.11534770718869906,,,0.12579655141717475
LUAD,2,cellnorm,common,lognorm_mean,cellfrac,1200,0.10203393936409717,0.8132908484769117,0,T_NK,-0.015330030904476391,Fibroblast,0.21229129986097994,-0.06848072633301376,,,,-0.039435487697915585,,-0.02339550242181196,-0.06564955250376218,0.21229129986097994,,,-0.015330030904476391
LUAD,2,cellnorm,common,lognorm_mean,fragfrac,1200,0.14605677433396533,0.5918537610495415,0,T_NK,-0.04572362728867001,Fibroblast,0.29148359267228074,-0.11774256404266169,,,,-0.018085633961780798,,-0.027147802898626675,-0.0827839644805416,0.29148359267228074,,,-0.04572362728867001
LUAD,2,cellnorm,common,lognorm_mean_expm1,cellfrac,1200,0.07144676338143816,0.8789168605526442,0,T_NK,-0.07287483721532993,Fibroblast,0.1098818544963205,-0.038344654719294644,,,,0.038713601276047074,,-0.05015130081279774,0.012775336975054792,0.1098818544963205,,,-0.07287483721532993
LUAD,2,cellnorm,common,lognorm_mean_expm1,fragfrac,1200,0.11688138707008563,0.6758869147818807,0,T_NK,-0.10326843359952356,Fibroblast,0.18907414730762132,-0.0876064924289426,,,,0.06006345501218187,,-0.05390360128961252,-0.004359075001724615,0.18907414730762132,,,-0.10326843359952356
LUAD,2,cellnorm,common,pseudobulk_cpm,cellfrac,1200,0.09806617471989151,0.8360651839352814,0,T_NK,-0.10863642295961505,Fibroblast,0.14254981404114586,-0.06457452160444525,,,,0.052068880139762956,,-0.0015075095097458733,-0.019900240107102715,0.14254981404114586,,,-0.10863642295961505
LUAD,2,cellnorm,common,pseudobulk_cpm,fragfrac,1200,0.14156414227918504,0.6272521451506013,0,T_NK,-0.13903001934380854,Fibroblast,0.22174210685244677,-0.11383635931409321,,,,0.07341873387589777,,-0.005259809986560599,-0.03703465208388211,0.22174210685244677,,,-0.13903001934380854
LUAD,2,cellnorm,common,depth_matched,cellfrac,1200,0.04220486954105172,0.9571223872587786,0,T_NK,-0.02356104637576964,Fibroblast,0.06689147896303713,-0.031282395475768825,,,,-0.008580317020452276,,0.0037444790264490346,-0.007212199117495435,0.06689147896303713,,,-0.02356104637576964
LUAD,2,cellnorm,common,depth_matched,fragfrac,1200,0.08841672338631092,0.8100977093961265,0,T_NK,-0.05395464275996327,Fibroblast,0.14608377177433807,-0.08054423318541676,,,,0.012769536715682515,,-7.821450365689403e-06,-0.02434661109427483,0.14608377177433807,,,-0.05395464275996327
LUAD,2,cellnorm,common,cpm_mean,cellfrac,1200,0.02624500400758905,0.9819345945269978,0,T_NK,0.007553821020561001,T_NK,0.007553821020561001,-0.006473820056222886,,,,7.266575108290461e-05,,0.0049127319110549485,-0.0003290997946956427,-0.005736298831780332,,,0.007553821020561001
LUAD,2,cellnorm,common,cpm_mean,fragfrac,1200,0.05893914117605412,0.9101629536479513,0,T_NK,-0.022839775363632617,Fibroblast,0.07345599397952059,-0.05573565776587082,,,,0.021422519487217694,,0.0011604314342402234,-0.017463511771475045,0.07345599397952059,,,-0.022839775363632617
LUAD,2,cellnorm,own,raw_mean,cellfrac,1188,0.11141927449638511,0.8014999144490097,0,T_NK,-0.09219056360254432,Fibroblast,0.18374296071412868,-0.06406332894865137,,,,0.03932050068392586,,-0.005191930520183106,-0.06161763832667564,0.18374296071412868,,,-0.09219056360254432
LUAD,2,cellnorm,own,raw_mean,fragfrac,1188,0.1580856811626373,0.5602109463874153,0,T_NK,-0.12258415998673797,Fibroblast,0.2629352535254295,-0.11332516665829932,,,,0.06067035442006064,,-0.008944230996997832,-0.07875205030345507,0.2629352535254295,,,-0.12258415998673797
LUAD,2,cellnorm,own,zscale_mean,cellfrac,1200,0.16491672874612623,0.04047079301229625,0,T_NK,0.13183380282230067,Fibroblast,0.19453999999999994,0.08074754189158878,,,,-0.0019299676038798186,,0.010145473727324505,-0.02625685083733421,-0.19453999999999994,,,0.13183380282230067
LUAD,2,cellnorm,own,zscale_mean,fragfrac,1200,0.1452366787230721,0.29070205796574855,0,T_NK,0.10144020643810713,Fibroblast,0.11534770718869906,0.03148570418194081,,,,0.019419886132254968,,0.0063931732505097694,-0.04339126281411361,-0.11534770718869906,,,0.10144020643810713
LUAD,2,cellnorm,own,lognorm_mean,cellfrac,1199,0.08901479388435503,0.8557679103743497,0,T_NK,-0.05450531985146917,Fibroblast,0.1808138826407939,-0.0628114740564161,,,,-0.003160597328775558,,-0.016497836179094453,-0.04383865522503853,0.1808138826407939,,,-0.05450531985146917
LUAD,2,cellnorm,own,lognorm_mean,fragfrac,1199,0.13617245533803107,0.6352183928629589,0,T_NK,-0.08489891623566276,Fibroblast,0.26000617545209476,-0.11207331176606398,,,,0.018189256407359234,,-0.02025013665590918,-0.060973067201817936,0.26000617545209476,,,-0.08489891623566276
LUAD,2,cellnorm,own,lognorm_mean_expm1,cellfrac,1200,0.054581213212775224,0.9269151348489107,0,T_NK,-0.04731336179113508,Fibroblast,0.0651620906921311,-0.020756352890690097,,,,0.03834915580013314,,-0.04618727343073117,0.010745741620292116,0.0651620906921311,,,-0.04731336179113508
LUAD,2,cellnorm,own,lognorm_mean_expm1,fragfrac,1200,0.0988631042827536,0.76117591135226,0,T_NK,-0.07770695817532867,Fibroblast,0.1443543835034319,-0.07001819060033806,,,,0.05969900953626792,,-0.04993957390754593,-0.006388670356487296,0.1443543835034319,,,-0.07770695817532867
LUAD,2,cellnorm,own,pseudobulk_cpm,cellfrac,1200,0.06592672238817494,0.9244545423676099,0,T_NK,-0.062377170912142746,T_NK,0.062377170912142746,-0.01946885282580185,,,,0.04083633541594669,,0.021452579843791085,-0.03728556533542396,0.05684267381363076,,,-0.062377170912142746
LUAD,2,cellnorm,own,pseudobulk_cpm,fragfrac,1200,0.10520979773715627,0.7806768280014355,0,T_NK,-0.0927707672963364,Fibroblast,0.1360349666249317,-0.0687306905354498,,,,0.06218618915208151,,0.01770027936697637,-0.05441997731220336,0.1360349666249317,,,-0.0927707672963364
LUAD,2,cellnorm,own,depth_matched,cellfrac,1200,0.040412859939520124,0.960636948695376,0,T_NK,-0.02080384801893593,Fibroblast,0.06376533706963014,-0.031529261375709446,,,,-0.005561659379941595,,0.002836579315150305,-0.008707147610193516,0.06376533706963014,,,-0.02080384801893593
LUAD,2,cellnorm,own,depth_matched,fragfrac,1200,0.08714537764183183,0.8151687890499492,0,T_NK,-0.05119744440312956,Fibroblast,0.14295762988093105,-0.08079109908535737,,,,0.0157881943561932,,-0.0009157211616644187,-0.025841559586972925,0.14295762988093105,,,-0.05119744440312956
LUAD,2,cellnorm,own,cpm_mean,cellfrac,1200,0.02624500400758905,0.9819345945269978,0,T_NK,0.007553821020561001,T_NK,0.007553821020561001,-0.006473820056222886,,,,7.266575108290461e-05,,0.0049127319110549485,-0.0003290997946956427,-0.005736298831780332,,,0.007553821020561001
LUAD,2,cellnorm,own,cpm_mean,fragfrac,1200,0.05893914117605412,0.9101629536479513,0,T_NK,-0.022839775363632617,Fibroblast,0.07345599397952059,-0.05573565776587082,,,,0.021422519487217694,,0.0011604314342402234,-0.017463511771475045,0.07345599397952059,,,-0.022839775363632617
